2026-09-26 14:21:20.065 -04:00 [INF] [] OpenFreq Client 1.1.4 starting
2026-09-26 14:21:20.426 -04:00 [INF] [OpenFreq.Client.NativeMethods.Win32TimerResolution] Timer resolution set to 1 ms
2026-09-26 14:21:21.884 -04:00 [INF] [OpenFreq.Client.Services.FalconRadioSharedMemoryService] Mutex acquired - RCS owner
2026-09-26 14:21:21.885 -04:00 [INF] [OpenFreq.Client.Services.FalconRadioSharedMemoryService] RCS shared memory created, flags cleared
2026-09-26 14:21:21.885 -04:00 [INF] [OpenFreq.Client.Services.FalconRadioSharedMemoryService] RCS status: "AllClear" → "ClientActive"
2026-09-26 14:21:21.886 -04:00 [INF] [OpenFreq.Client.Services.FalconRadioSharedMemoryService] State: "Stopped" → "RcsCreated"
2026-09-26 14:21:21.888 -04:00 [INF] [OpenFreq.Client.Services.FalconRadioSharedMemoryService] Started
2026-09-26 14:21:21.889 -04:00 [INF] [OpenFreq.Client.Services.FalconSharedMemoryService] State: "Stopped" -> "Disconnected"
2026-09-26 14:21:21.889 -04:00 [INF] [OpenFreq.Client.Services.FalconSharedMemoryService] Started
2026-09-26 14:21:21.890 -04:00 [INF] [OpenFreqClient.Services.HotkeyService] HotkeyService started (keyboard support enabled)
2026-09-26 14:21:22.015 -04:00 [INF] [OpenFreqClient.Services.HotkeyService] Acquired joystick: Throttle - HOTAS Warthog (GUID: "b5a2bf50-4685-11ed-8002-444553540000")
2026-09-26 14:21:22.016 -04:00 [INF] [OpenFreqClient.Services.HotkeyService] Acquired joystick: CH PRO PEDALS USB (GUID: "582f57c0-7a0b-11ed-8001-444553540000")
2026-09-26 14:21:22.017 -04:00 [INF] [OpenFreqClient.Services.HotkeyService] Acquired joystick: F16 MFD 2 (GUID: "e98bf5f0-4682-11ed-8002-444553540000")
2026-09-26 14:21:22.019 -04:00 [INF] [OpenFreqClient.Services.HotkeyService] Acquired joystick: F16 MFD 1 (GUID: "e98bf5f0-4682-11ed-8001-444553540000")
2026-09-26 14:21:22.020 -04:00 [INF] [OpenFreqClient.Services.HotkeyService] Acquired joystick: Joystick - HOTAS Warthog (GUID: "b5a04e50-4685-11ed-8001-444553540000")
2026-09-26 14:21:22.020 -04:00 [INF] [OpenFreqClient.Services.HotkeyService] Started joystick polling thread for 5 device(s)
2026-09-26 14:21:22.020 -04:00 [INF] [OpenFreqClient.Services.HotkeyService] DirectInput initialized - joystick support enabled
2026-09-26 14:21:22.317 -04:00 [INF] [OpenFreqClient.AudioService] Device monitoring started
2026-09-26 14:21:22.460 -04:00 [INF] [OpenFreqClient.Services.IvcMonitorService] Monitoring started
2026-09-26 14:21:49.585 -04:00 [INF] [OpenFreqClient.ViewModels.SettingsViewModel] Connection mode changed to "GCI"
2026-09-26 14:21:49.669 -04:00 [INF] [OpenFreq.Client.Services.FalconSharedMemoryService] State: "Disconnected" -> "Stopped"
2026-09-26 14:21:49.669 -04:00 [INF] [OpenFreq.Client.Services.FalconSharedMemoryService] Stopped
2026-09-26 14:21:49.670 -04:00 [INF] [OpenFreq.Client.Services.FalconRadioSharedMemoryService] RCS status: "ClientActive" → "AllClear"
2026-09-26 14:21:49.670 -04:00 [INF] [OpenFreq.Client.Services.FalconRadioSharedMemoryService] State: "RcsCreated" → "Stopped"
2026-09-26 14:21:49.670 -04:00 [INF] [OpenFreq.Client.Services.FalconRadioSharedMemoryService] Stopped
2026-09-26 14:21:49.670 -04:00 [INF] [OpenFreqClient.Services.HotkeyService] Unregistered all 0 "SquelchToggle" hotkeys
2026-09-26 14:22:09.996 -04:00 [INF] [OpenFreqClient.Services.OpenFreqService] Playback Service initialized
2026-09-26 14:22:10.978 -04:00 [INF] [OpenFreq.Common.RtpAudioSender] Initialized
2026-09-26 14:22:10.979 -04:00 [INF] [OpenFreq.Common.RtpAudioSender]   Server: 13.217.207.139:9988
2026-09-26 14:22:10.979 -04:00 [INF] [OpenFreq.Common.RtpAudioSender]   SSRC: 0x662ABEBC
2026-09-26 14:22:11.037 -04:00 [INF] [OpenFreq.Common.RtpAudioReceiver] Started on port 58096
2026-09-26 14:22:11.037 -04:00 [INF] [OpenFreq.Common.RtpAudioReceiver]   Initial buffer: 150ms (adaptive, per-SSRC)
2026-09-26 14:22:11.038 -04:00 [INF] [OpenFreq.Common.RtpAudioReceiver] Receive loop started
2026-09-26 14:22:11.058 -04:00 [INF] [OpenFreqClient.Services.OpenFreqService] Capturing from recording device (BASS index 1): Microphone (Arctis 7+)
2026-09-26 14:22:26.089 -04:00 [INF] [OpenFreqAudio.RadioPlayback] TuneFrequency 225.000 MHz
2026-09-26 14:22:39.793 -04:00 [INF] [OpenFreqAudio.RadioPlayback] TuneFrequency 339.750 MHz
2026-09-26 14:22:39.825 -04:00 [INF] [OpenFreqAudio.RadioPlayback] Stream 'a9a18cf4-7cd0-4302-a887-5a9511c9fdcc:339750' on 339.750 MHz
2026-09-26 14:22:39.825 -04:00 [INF] [OpenFreqAudio.RadioPlayback] Stream '48c829fa-694d-48c8-987a-a559eb15e8f5:339750' on 339.750 MHz
2026-09-26 14:22:39.825 -04:00 [INF] [OpenFreqAudio.RadioPlayback] Stream '48abd6ed-f57c-43d5-af5e-3fe33e06395b:339750' on 339.750 MHz
2026-09-26 14:22:39.825 -04:00 [INF] [OpenFreqAudio.RadioPlayback] Stream 'e0977389-35b0-4d0f-997f-3c6be3e6f5f5:339750' on 339.750 MHz
2026-09-26 14:22:39.825 -04:00 [INF] [OpenFreqAudio.RadioPlayback] Stream '9ee0b811-d7a3-4388-b330-5035e9bc334e:339750' on 339.750 MHz
2026-09-26 14:22:39.825 -04:00 [INF] [OpenFreqAudio.RadioPlayback] Stream '32672fdf-be5f-4fe3-b8ad-00410fd1b909:339750' on 339.750 MHz
2026-09-26 14:22:39.825 -04:00 [INF] [OpenFreqAudio.RadioPlayback] Stream 'c231414f-6549-4b18-9f0e-ef37b3ff8b2a:339750' on 339.750 MHz
2026-09-26 14:22:39.825 -04:00 [INF] [OpenFreqAudio.RadioPlayback] Stream 'c72e4e1b-eda3-4974-8638-dcc7706355e7:339750' on 339.750 MHz
2026-09-26 14:22:39.825 -04:00 [INF] [OpenFreqAudio.RadioPlayback] Stream 'd2bb94ce-e83a-452c-a9af-5c14c9690242:339750' on 339.750 MHz
2026-09-26 14:22:39.825 -04:00 [INF] [OpenFreqAudio.RadioPlayback] Stream '86d6d8aa-64e3-4106-890a-252d3f93f28e:339750' on 339.750 MHz
2026-09-26 14:22:39.825 -04:00 [INF] [OpenFreqAudio.RadioPlayback] Stream 'efe0f587-f81f-4522-b158-2db2990e67b3:339750' on 339.750 MHz
2026-09-26 14:22:39.825 -04:00 [INF] [OpenFreqAudio.RadioPlayback] Stream '4f4671de-f769-4dd1-a389-fe7beb123829:339750' on 339.750 MHz
2026-09-26 14:22:39.825 -04:00 [INF] [OpenFreqAudio.RadioPlayback] Stream '4d102c94-5b1d-430f-ac47-2af9e76711c3:339750' on 339.750 MHz
2026-09-26 14:22:39.825 -04:00 [INF] [OpenFreqAudio.RadioPlayback] Stream '58f02e35-0d8e-4c46-aa74-dce098883fa8:339750' on 339.750 MHz
2026-09-26 14:22:39.825 -04:00 [INF] [OpenFreqAudio.RadioPlayback] Stream '5f86a288-c8ed-4cc8-8177-6d108444bacf:339750' on 339.750 MHz
2026-09-26 14:22:39.825 -04:00 [INF] [OpenFreqAudio.RadioPlayback] Stream 'f39dd749-39ff-4df4-bec7-f23cc154d1a8:339750' on 339.750 MHz
2026-09-26 14:22:39.825 -04:00 [INF] [OpenFreqAudio.RadioPlayback] Stream '1c406e7f-2bcc-4a8e-827b-8b4f22c5e0d6:339750' on 339.750 MHz
2026-09-26 14:22:39.825 -04:00 [INF] [OpenFreqAudio.RadioPlayback] Stream '77f4187c-e0a3-4dfc-a6ac-bb4a10769ddb:339750' on 339.750 MHz
2026-09-26 14:22:39.825 -04:00 [INF] [OpenFreqAudio.RadioPlayback] Stream '82f4c276-d732-442e-816e-9c2cc3cab039:339750' on 339.750 MHz
2026-09-26 14:22:39.825 -04:00 [INF] [OpenFreqAudio.RadioPlayback] Stream 'c220f187-a6fa-4848-ac66-ff0dd03f1bde:339750' on 339.750 MHz
2026-09-26 14:22:39.825 -04:00 [INF] [OpenFreqAudio.RadioPlayback] Stream 'f8c742ac-257a-4450-aadc-59aa8b2f44b5:339750' on 339.750 MHz
2026-09-26 14:22:39.825 -04:00 [INF] [OpenFreqAudio.RadioPlayback] Stream '4f196d30-7656-4fd9-88c3-ba678f56106e:339750' on 339.750 MHz
2026-09-26 14:22:39.825 -04:00 [INF] [OpenFreqAudio.RadioPlayback] Stream '2c7de423-e66c-4a70-a299-d21d207cd0ed:339750' on 339.750 MHz
2026-09-26 14:22:39.825 -04:00 [INF] [OpenFreqAudio.RadioPlayback] Stream '7c54ae18-74fa-45f3-b6a9-377a5574b95b:339750' on 339.750 MHz
2026-09-26 14:22:39.825 -04:00 [INF] [OpenFreqAudio.RadioPlayback] Stream '982e2bb0-182d-4217-bce2-d56d6e7b2782:339750' on 339.750 MHz
2026-09-26 14:22:39.825 -04:00 [INF] [OpenFreqAudio.RadioPlayback] Stream 'f23a2329-cca9-4d8f-bdda-384ea4044d35:339750' on 339.750 MHz
2026-09-26 14:22:39.825 -04:00 [INF] [OpenFreqAudio.RadioPlayback] Stream '58355e30-5857-4e01-882f-86b5f2200072:339750' on 339.750 MHz
2026-09-26 14:22:48.875 -04:00 [INF] [OpenFreqClient.Services.OpenFreqService] PTT start: Useless (2c7de423-e66c-4a70-a299-d21d207cd0ed) on 339.750 MHz, 2D
2026-09-26 14:22:48.897 -04:00 [INF] [OpenFreq.Common.RtpJitterBufferPool] New RTP source: SSRC=5FC1A72A
2026-09-26 14:22:48.898 -04:00 [INF] [OpenFreq.Common.RtpJitterBuffer] Manual buffer size: 150ms
2026-09-26 14:22:48.898 -04:00 [INF] [OpenFreq.Common.RtpAudioReceiver] Source joined:  SSRC=5FC1A72A
2026-09-26 14:22:48.898 -04:00 [INF] [OpenFreq.Common.RtpJitterBuffer] Initialized: buffer=150ms
2026-09-26 14:22:50.335 -04:00 [INF] [OpenFreqClient.Services.OpenFreqService] PTT start: Komier (4d102c94-5b1d-430f-ac47-2af9e76711c3) on 339.750 MHz, 2D
2026-09-26 14:22:50.352 -04:00 [INF] [OpenFreq.Common.RtpJitterBufferPool] New RTP source: SSRC=6046721D
2026-09-26 14:22:50.352 -04:00 [INF] [OpenFreq.Common.RtpJitterBuffer] Manual buffer size: 150ms
2026-09-26 14:22:50.352 -04:00 [INF] [OpenFreq.Common.RtpAudioReceiver] Source joined:  SSRC=6046721D
2026-09-26 14:22:50.353 -04:00 [INF] [OpenFreq.Common.RtpJitterBuffer] Initialized: buffer=150ms
2026-09-26 14:22:50.470 -04:00 [INF] [OpenFreqClient.Services.OpenFreqService] PTT end: Useless (2c7de423-e66c-4a70-a299-d21d207cd0ed) on 339.750 MHz, released
2026-09-26 14:22:51.704 -04:00 [INF] [OpenFreqClient.Services.OpenFreqService] PTT end: Komier (4d102c94-5b1d-430f-ac47-2af9e76711c3) on 339.750 MHz, released
2026-09-26 14:22:52.308 -04:00 [INF] [OpenFreqClient.Services.OpenFreqService] PTT start: LeHarold (efe0f587-f81f-4522-b158-2db2990e67b3) on 339.750 MHz, 2D
2026-09-26 14:22:52.326 -04:00 [INF] [OpenFreq.Common.RtpJitterBufferPool] New RTP source: SSRC=3ACE95B3
2026-09-26 14:22:52.326 -04:00 [INF] [OpenFreq.Common.RtpJitterBuffer] Manual buffer size: 150ms
2026-09-26 14:22:52.326 -04:00 [INF] [OpenFreq.Common.RtpAudioReceiver] Source joined:  SSRC=3ACE95B3
2026-09-26 14:22:52.326 -04:00 [INF] [OpenFreq.Common.RtpJitterBuffer] Initialized: buffer=150ms
2026-09-26 14:22:52.476 -04:00 [WRN] [OpenFreqClient.Services.OpenFreqService] Lazy-creating stream efe0f587-f81f-4522-b158-2db2990e67b3:1234 on 1.234 MHz — PeerJoined arrived after audio
2026-09-26 14:22:52.476 -04:00 [INF] [OpenFreqAudio.RadioPlayback] Stream 'efe0f587-f81f-4522-b158-2db2990e67b3:1234' on 1.234 MHz
2026-09-26 14:22:52.476 -04:00 [WRN] [OpenFreqClient.Services.OpenFreqService] Lazy stream efe0f587-f81f-4522-b158-2db2990e67b3:1234: frequency 1.234 MHz not tuned on any slot — audio will be silenced by DSP
2026-09-26 14:22:53.145 -04:00 [INF] [OpenFreqClient.Services.OpenFreqService] PTT end: LeHarold (efe0f587-f81f-4522-b158-2db2990e67b3) on 339.750 MHz, released
2026-09-26 14:22:53.249 -04:00 [WRN] [OpenFreqAudio.RadioPlayback] Stream efe0f587-f81f-4522-b158-2db2990e67b3:339750 on 339.750 MHz had no samples for 9.7 ms
2026-09-26 14:22:53.249 -04:00 [WRN] [OpenFreqAudio.RadioPlayback] Stream efe0f587-f81f-4522-b158-2db2990e67b3:1234 on 1.234 MHz had no samples for 9.7 ms
2026-09-26 14:22:53.481 -04:00 [INF] [OpenFreqClient.Services.OpenFreqService] PTT start: Paintcheck (4f4671de-f769-4dd1-a389-fe7beb123829) on 339.750 MHz, 2D
2026-09-26 14:22:53.494 -04:00 [INF] [OpenFreq.Common.RtpJitterBufferPool] New RTP source: SSRC=1FA21C25
2026-09-26 14:22:53.494 -04:00 [INF] [OpenFreq.Common.RtpJitterBuffer] Manual buffer size: 150ms
2026-09-26 14:22:53.494 -04:00 [INF] [OpenFreq.Common.RtpAudioReceiver] Source joined:  SSRC=1FA21C25
2026-09-26 14:22:53.494 -04:00 [INF] [OpenFreq.Common.RtpJitterBuffer] Initialized: buffer=150ms
2026-09-26 14:22:54.250 -04:00 [INF] [OpenFreqClient.Services.OpenFreqService] PTT end: Paintcheck (4f4671de-f769-4dd1-a389-fe7beb123829) on 339.750 MHz, released
2026-09-26 14:22:57.094 -04:00 [INF] [OpenFreqClient.Services.OpenFreqService] PTT start: Woody (e0977389-35b0-4d0f-997f-3c6be3e6f5f5) on 339.750 MHz, 2D
2026-09-26 14:22:57.106 -04:00 [INF] [OpenFreq.Common.RtpJitterBufferPool] New RTP source: SSRC=365CD622
2026-09-26 14:22:57.106 -04:00 [INF] [OpenFreq.Common.RtpJitterBuffer] Manual buffer size: 150ms
2026-09-26 14:22:57.106 -04:00 [INF] [OpenFreq.Common.RtpAudioReceiver] Source joined:  SSRC=365CD622
2026-09-26 14:22:57.106 -04:00 [INF] [OpenFreq.Common.RtpJitterBuffer] Initialized: buffer=150ms
2026-09-26 14:22:57.738 -04:00 [INF] [OpenFreqClient.Services.OpenFreqService] PTT end: Woody (e0977389-35b0-4d0f-997f-3c6be3e6f5f5) on 339.750 MHz, released
2026-09-26 14:22:58.845 -04:00 [INF] [OpenFreqClient.Services.OpenFreqService] PTT start: Sk8r (d2bb94ce-e83a-452c-a9af-5c14c9690242) on 339.750 MHz, 2D
2026-09-26 14:22:58.936 -04:00 [INF] [OpenFreq.Common.RtpJitterBufferPool] New RTP source: SSRC=017FD48D
2026-09-26 14:22:58.936 -04:00 [INF] [OpenFreq.Common.RtpJitterBuffer] Manual buffer size: 150ms
2026-09-26 14:22:58.936 -04:00 [INF] [OpenFreq.Common.RtpAudioReceiver] Source joined:  SSRC=017FD48D
2026-09-26 14:22:58.936 -04:00 [INF] [OpenFreq.Common.RtpJitterBuffer] Initialized: buffer=150ms
2026-09-26 14:22:59.507 -04:00 [INF] [OpenFreqClient.Services.OpenFreqService] PTT end: Sk8r (d2bb94ce-e83a-452c-a9af-5c14c9690242) on 339.750 MHz, released
2026-09-26 14:23:00.391 -04:00 [INF] [OpenFreqClient.Services.OpenFreqService] PTT start: armapirx (4f196d30-7656-4fd9-88c3-ba678f56106e) on 339.750 MHz, 2D
2026-09-26 14:23:00.418 -04:00 [INF] [OpenFreq.Common.RtpJitterBufferPool] New RTP source: SSRC=0540A395
2026-09-26 14:23:00.419 -04:00 [INF] [OpenFreq.Common.RtpJitterBuffer] Manual buffer size: 150ms
2026-09-26 14:23:00.419 -04:00 [INF] [OpenFreq.Common.RtpAudioReceiver] Source joined:  SSRC=0540A395
2026-09-26 14:23:00.419 -04:00 [INF] [OpenFreq.Common.RtpJitterBuffer] Initialized: buffer=150ms
2026-09-26 14:23:00.700 -04:00 [WRN] [OpenFreqAudio.RadioPlayback] Stream 4f196d30-7656-4fd9-88c3-ba678f56106e:339750 on 339.750 MHz had no samples for 10.0 ms
2026-09-26 14:23:01.405 -04:00 [INF] [OpenFreqClient.Services.OpenFreqService] PTT end: armapirx (4f196d30-7656-4fd9-88c3-ba678f56106e) on 339.750 MHz, released
2026-09-26 14:23:05.077 -04:00 [INF] [OpenFreqAudio.RadioPlayback] TuneFrequency 225.000 MHz
2026-09-26 14:23:05.856 -04:00 [INF] [OpenFreqClient.Services.OpenFreqService] PTT start: Stevie (32672fdf-be5f-4fe3-b8ad-00410fd1b909) on 339.750 MHz, 2D
2026-09-26 14:23:05.867 -04:00 [INF] [OpenFreq.Common.RtpJitterBufferPool] New RTP source: SSRC=6597AECC
2026-09-26 14:23:05.867 -04:00 [INF] [OpenFreq.Common.RtpJitterBuffer] Manual buffer size: 150ms
2026-09-26 14:23:05.867 -04:00 [INF] [OpenFreq.Common.RtpAudioReceiver] Source joined:  SSRC=6597AECC
2026-09-26 14:23:05.867 -04:00 [INF] [OpenFreq.Common.RtpJitterBuffer] Initialized: buffer=150ms
2026-09-26 14:23:06.211 -04:00 [INF] [OpenFreqClient.Services.OpenFreqService] PTT start: Woody (e0977389-35b0-4d0f-997f-3c6be3e6f5f5) on 339.750 MHz, 2D
2026-09-26 14:23:06.228 -04:00 [INF] [OpenFreq.Common.RtpJitterBuffer] Transmission gap detected (8499ms RTP delta), resetting jitter measurement
2026-09-26 14:23:06.257 -04:00 [WRN] [OpenFreqAudio.RadioPlayback] Stream 32672fdf-be5f-4fe3-b8ad-00410fd1b909:339750 on 339.750 MHz had no samples for 9.2 ms
2026-09-26 14:23:06.459 -04:00 [INF] [OpenFreqClient.Services.OpenFreqService] PTT end: Woody (e0977389-35b0-4d0f-997f-3c6be3e6f5f5) on 339.750 MHz, released
2026-09-26 14:23:07.253 -04:00 [INF] [OpenFreqClient.Services.OpenFreqService] PTT end: Stevie (32672fdf-be5f-4fe3-b8ad-00410fd1b909) on 339.750 MHz, released
2026-09-26 14:23:08.128 -04:00 [INF] [OpenFreqClient.Services.OpenFreqService] PTT start: Alligator (f39dd749-39ff-4df4-bec7-f23cc154d1a8) on 339.750 MHz, 2D
2026-09-26 14:23:08.144 -04:00 [INF] [OpenFreq.Common.RtpJitterBufferPool] New RTP source: SSRC=407FFF3F
2026-09-26 14:23:08.145 -04:00 [INF] [OpenFreq.Common.RtpJitterBuffer] Manual buffer size: 150ms
2026-09-26 14:23:08.145 -04:00 [INF] [OpenFreq.Common.RtpAudioReceiver] Source joined:  SSRC=407FFF3F
2026-09-26 14:23:08.145 -04:00 [INF] [OpenFreq.Common.RtpJitterBuffer] Initialized: buffer=150ms
2026-09-26 14:23:08.302 -04:00 [INF] [OpenFreqClient.Services.OpenFreqService] PTT end: Alligator (f39dd749-39ff-4df4-bec7-f23cc154d1a8) on 339.750 MHz, released
2026-09-26 14:23:08.667 -04:00 [INF] [OpenFreqClient.Services.OpenFreqService] PTT start: Alligator (f39dd749-39ff-4df4-bec7-f23cc154d1a8) on 339.750 MHz, 2D
2026-09-26 14:23:09.773 -04:00 [INF] [OpenFreqClient.Services.OpenFreqService] PTT end: Alligator (f39dd749-39ff-4df4-bec7-f23cc154d1a8) on 339.750 MHz, released
2026-09-26 14:23:10.486 -04:00 [INF] [OpenFreqClient.Services.OpenFreqService] PTT start: Turcu (82f4c276-d732-442e-816e-9c2cc3cab039) on 339.750 MHz, 2D
2026-09-26 14:23:10.549 -04:00 [INF] [OpenFreq.Common.RtpJitterBufferPool] New RTP source: SSRC=09A2575B
2026-09-26 14:23:10.549 -04:00 [INF] [OpenFreq.Common.RtpJitterBuffer] Manual buffer size: 150ms
2026-09-26 14:23:10.549 -04:00 [INF] [OpenFreq.Common.RtpAudioReceiver] Source joined:  SSRC=09A2575B
2026-09-26 14:23:10.549 -04:00 [INF] [OpenFreq.Common.RtpJitterBuffer] Initialized: buffer=150ms
2026-09-26 14:23:10.965 -04:00 [INF] [OpenFreqClient.Services.OpenFreqService] PTT end: Turcu (82f4c276-d732-442e-816e-9c2cc3cab039) on 339.750 MHz, released
2026-09-26 14:23:13.813 -04:00 [INF] [OpenFreqAudio.RadioPlayback] TuneFrequency 243.000 MHz
2026-09-26 14:23:15.538 -04:00 [INF] [OpenFreqClient.Services.OpenFreqService] PTT start: Krieger (c231414f-6549-4b18-9f0e-ef37b3ff8b2a) on 339.750 MHz, 2D
2026-09-26 14:23:15.553 -04:00 [INF] [OpenFreq.Common.RtpJitterBufferPool] New RTP source: SSRC=15B167C8
2026-09-26 14:23:15.553 -04:00 [INF] [OpenFreq.Common.RtpJitterBuffer] Manual buffer size: 150ms
2026-09-26 14:23:15.553 -04:00 [INF] [OpenFreq.Common.RtpAudioReceiver] Source joined:  SSRC=15B167C8
2026-09-26 14:23:15.553 -04:00 [INF] [OpenFreq.Common.RtpJitterBuffer] Initialized: buffer=150ms
2026-09-26 14:23:15.558 -04:00 [INF] [OpenFreqClient.Services.OpenFreqService] PTT start: own radio on 339.750 MHz
2026-09-26 14:23:15.613 -04:00 [INF] [OpenFreqClient.Services.OpenFreqService] PTT end: own radio on 339.750 MHz
2026-09-26 14:23:15.621 -04:00 [INF] [OpenFreqClient.Services.OpenFreqService] TX level over 60ms: mic peak -90.3 dBFS rms -96.9 dBFS | sent peak -90.3 dBFS rms -96.9 dBFS | normalizer on, gain 1.037, gate -95.2 dBFS
2026-09-26 14:23:16.354 -04:00 [INF] [OpenFreqClient.Services.OpenFreqService] PTT end: Krieger (c231414f-6549-4b18-9f0e-ef37b3ff8b2a) on 339.750 MHz, released
2026-09-26 14:23:20.388 -04:00 [INF] [OpenFreqClient.Services.OpenFreqService] PTT start: Zag (48abd6ed-f57c-43d5-af5e-3fe33e06395b) on 339.750 MHz, 2D
2026-09-26 14:23:20.406 -04:00 [INF] [OpenFreq.Common.RtpJitterBufferPool] New RTP source: SSRC=09331CEC
2026-09-26 14:23:20.407 -04:00 [INF] [OpenFreq.Common.RtpJitterBuffer] Manual buffer size: 150ms
2026-09-26 14:23:20.407 -04:00 [INF] [OpenFreq.Common.RtpAudioReceiver] Source joined:  SSRC=09331CEC
2026-09-26 14:23:20.407 -04:00 [INF] [OpenFreq.Common.RtpJitterBuffer] Initialized: buffer=150ms
2026-09-26 14:23:21.334 -04:00 [INF] [OpenFreqClient.Services.OpenFreqService] PTT start: Krieger (c231414f-6549-4b18-9f0e-ef37b3ff8b2a) on 339.750 MHz, 2D
2026-09-26 14:23:21.353 -04:00 [INF] [OpenFreq.Common.RtpJitterBuffer] Transmission gap detected (5017ms RTP delta), resetting jitter measurement
2026-09-26 14:23:21.699 -04:00 [INF] [OpenFreqClient.Services.OpenFreqService] PTT end: Krieger (c231414f-6549-4b18-9f0e-ef37b3ff8b2a) on 339.750 MHz, released
2026-09-26 14:23:21.731 -04:00 [INF] [OpenFreqClient.Services.OpenFreqService] PTT end: Zag (48abd6ed-f57c-43d5-af5e-3fe33e06395b) on 339.750 MHz, released
2026-09-26 14:23:23.530 -04:00 [INF] [OpenFreqClient.Services.OpenFreqService] PTT start: Razgriz (9ee0b811-d7a3-4388-b330-5035e9bc334e) on 339.750 MHz, 2D
2026-09-26 14:23:23.545 -04:00 [INF] [OpenFreq.Common.RtpJitterBufferPool] New RTP source: SSRC=32C7C971
2026-09-26 14:23:23.546 -04:00 [INF] [OpenFreq.Common.RtpJitterBuffer] Manual buffer size: 150ms
2026-09-26 14:23:23.546 -04:00 [INF] [OpenFreq.Common.RtpAudioReceiver] Source joined:  SSRC=32C7C971
2026-09-26 14:23:23.546 -04:00 [INF] [OpenFreq.Common.RtpJitterBuffer] Initialized: buffer=150ms
2026-09-26 14:23:24.643 -04:00 [INF] [OpenFreqClient.Services.OpenFreqService] PTT end: Razgriz (9ee0b811-d7a3-4388-b330-5035e9bc334e) on 339.750 MHz, released
2026-09-26 14:23:25.406 -04:00 [INF] [OpenFreqClient.Services.OpenFreqService] PTT start: Miner 1-1 (7c54ae18-74fa-45f3-b6a9-377a5574b95b) on 339.750 MHz, 2D
2026-09-26 14:23:25.434 -04:00 [INF] [OpenFreq.Common.RtpJitterBufferPool] New RTP source: SSRC=3EB49D5B
2026-09-26 14:23:25.434 -04:00 [INF] [OpenFreq.Common.RtpJitterBuffer] Manual buffer size: 150ms
2026-09-26 14:23:25.434 -04:00 [INF] [OpenFreq.Common.RtpAudioReceiver] Source joined:  SSRC=3EB49D5B
2026-09-26 14:23:25.434 -04:00 [INF] [OpenFreq.Common.RtpJitterBuffer] Initialized: buffer=150ms
2026-09-26 14:23:25.804 -04:00 [INF] [OpenFreqClient.Services.OpenFreqService] PTT start: SkyFox (f8c742ac-257a-4450-aadc-59aa8b2f44b5) on 339.750 MHz, 2D
2026-09-26 14:23:25.831 -04:00 [INF] [OpenFreq.Common.RtpJitterBufferPool] New RTP source: SSRC=2B251449
2026-09-26 14:23:25.831 -04:00 [INF] [OpenFreq.Common.RtpJitterBuffer] Manual buffer size: 150ms
2026-09-26 14:23:25.831 -04:00 [INF] [OpenFreq.Common.RtpAudioReceiver] Source joined:  SSRC=2B251449
2026-09-26 14:23:25.831 -04:00 [INF] [OpenFreq.Common.RtpJitterBuffer] Initialized: buffer=150ms
2026-09-26 14:23:25.927 -04:00 [INF] [OpenFreqClient.Services.OpenFreqService] PTT end: Miner 1-1 (7c54ae18-74fa-45f3-b6a9-377a5574b95b) on 339.750 MHz, released
2026-09-26 14:23:26.140 -04:00 [WRN] [OpenFreqAudio.RadioPlayback] Stream 7c54ae18-74fa-45f3-b6a9-377a5574b95b:339750 on 339.750 MHz had no samples for 5.1 ms
2026-09-26 14:23:26.493 -04:00 [INF] [OpenFreqClient.Services.OpenFreqService] PTT end: SkyFox (f8c742ac-257a-4450-aadc-59aa8b2f44b5) on 339.750 MHz, released
2026-09-26 14:23:26.500 -04:00 [WRN] [OpenFreqAudio.RadioPlayback] Stream f8c742ac-257a-4450-aadc-59aa8b2f44b5:339750 on 339.750 MHz had no samples for 8.7 ms
2026-09-26 14:23:27.369 -04:00 [INF] [OpenFreqClient.Services.OpenFreqService] PTT start: SkyFox (f8c742ac-257a-4450-aadc-59aa8b2f44b5) on 339.750 MHz, 2D
2026-09-26 14:23:27.383 -04:00 [INF] [OpenFreq.Common.RtpJitterBuffer] Transmission gap detected (906ms RTP delta), resetting jitter measurement
2026-09-26 14:23:28.291 -04:00 [INF] [OpenFreqClient.Services.OpenFreqService] PTT end: SkyFox (f8c742ac-257a-4450-aadc-59aa8b2f44b5) on 339.750 MHz, released
2026-09-26 14:23:28.519 -04:00 [INF] [OpenFreqClient.Services.OpenFreqService] PTT start: Stevie (32672fdf-be5f-4fe3-b8ad-00410fd1b909) on 339.750 MHz, 2D
2026-09-26 14:23:28.532 -04:00 [INF] [OpenFreq.Common.RtpJitterBuffer] Transmission gap detected (21292ms RTP delta), resetting jitter measurement
2026-09-26 14:23:29.811 -04:00 [INF] [OpenFreqClient.Services.OpenFreqService] PTT end: Stevie (32672fdf-be5f-4fe3-b8ad-00410fd1b909) on 339.750 MHz, released
2026-09-26 14:23:30.691 -04:00 [INF] [OpenFreqClient.Services.OpenFreqService] PTT start: Falcon (58355e30-5857-4e01-882f-86b5f2200072) on 339.750 MHz, 2D
2026-09-26 14:23:30.704 -04:00 [INF] [OpenFreq.Common.RtpJitterBufferPool] New RTP source: SSRC=3519F4B2
2026-09-26 14:23:30.704 -04:00 [INF] [OpenFreq.Common.RtpJitterBuffer] Manual buffer size: 150ms
2026-09-26 14:23:30.704 -04:00 [INF] [OpenFreq.Common.RtpAudioReceiver] Source joined:  SSRC=3519F4B2
2026-09-26 14:23:30.704 -04:00 [INF] [OpenFreq.Common.RtpJitterBuffer] Initialized: buffer=150ms
2026-09-26 14:23:31.708 -04:00 [INF] [OpenFreqClient.Services.OpenFreqService] PTT end: Falcon (58355e30-5857-4e01-882f-86b5f2200072) on 339.750 MHz, released
2026-09-26 14:23:35.649 -04:00 [INF] [OpenFreqClient.Services.OpenFreqService] PTT start: Kug (77f4187c-e0a3-4dfc-a6ac-bb4a10769ddb) on 339.750 MHz, 2D
2026-09-26 14:23:35.707 -04:00 [INF] [OpenFreq.Common.RtpJitterBufferPool] New RTP source: SSRC=6FCB22C3
2026-09-26 14:23:35.707 -04:00 [INF] [OpenFreq.Common.RtpJitterBuffer] Manual buffer size: 150ms
2026-09-26 14:23:35.707 -04:00 [INF] [OpenFreq.Common.RtpAudioReceiver] Source joined:  SSRC=6FCB22C3
2026-09-26 14:23:35.707 -04:00 [INF] [OpenFreq.Common.RtpJitterBuffer] Initialized: buffer=150ms
2026-09-26 14:23:36.032 -04:00 [WRN] [OpenFreqAudio.RadioPlayback] Stream 77f4187c-e0a3-4dfc-a6ac-bb4a10769ddb:339750 on 339.750 MHz had no samples for 14.5 ms
2026-09-26 14:23:36.760 -04:00 [INF] [OpenFreqClient.Services.OpenFreqService] PTT end: Kug (77f4187c-e0a3-4dfc-a6ac-bb4a10769ddb) on 339.750 MHz, released
2026-09-26 14:23:38.416 -04:00 [INF] [OpenFreqClient.Services.OpenFreqService] PTT start: Woody (e0977389-35b0-4d0f-997f-3c6be3e6f5f5) on 339.750 MHz, 2D
2026-09-26 14:23:38.434 -04:00 [INF] [OpenFreq.Common.RtpJitterBuffer] Transmission gap detected (31982ms RTP delta), resetting jitter measurement
2026-09-26 14:23:39.465 -04:00 [INF] [OpenFreqClient.Services.OpenFreqService] PTT end: Woody (e0977389-35b0-4d0f-997f-3c6be3e6f5f5) on 339.750 MHz, released
2026-09-26 14:23:40.339 -04:00 [INF] [OpenFreqClient.Services.OpenFreqService] PTT start: Starlight (a9a18cf4-7cd0-4302-a887-5a9511c9fdcc) on 339.750 MHz, 2D
2026-09-26 14:23:40.366 -04:00 [INF] [OpenFreq.Common.RtpJitterBufferPool] New RTP source: SSRC=055FDC08
2026-09-26 14:23:40.366 -04:00 [INF] [OpenFreq.Common.RtpJitterBuffer] Manual buffer size: 150ms
2026-09-26 14:23:40.366 -04:00 [INF] [OpenFreq.Common.RtpAudioReceiver] Source joined:  SSRC=055FDC08
2026-09-26 14:23:40.366 -04:00 [INF] [OpenFreq.Common.RtpJitterBuffer] Initialized: buffer=150ms
2026-09-26 14:23:40.770 -04:00 [INF] [OpenFreqClient.Services.OpenFreqService] PTT end: Starlight (a9a18cf4-7cd0-4302-a887-5a9511c9fdcc) on 339.750 MHz, released
2026-09-26 14:23:41.401 -04:00 [INF] [OpenFreqClient.Services.OpenFreqService] PTT start: Rain (48c829fa-694d-48c8-987a-a559eb15e8f5) on 339.750 MHz, 2D
2026-09-26 14:23:41.427 -04:00 [INF] [OpenFreq.Common.RtpJitterBufferPool] New RTP source: SSRC=056D8B17
2026-09-26 14:23:41.427 -04:00 [INF] [OpenFreq.Common.RtpJitterBuffer] Manual buffer size: 150ms
2026-09-26 14:23:41.427 -04:00 [INF] [OpenFreq.Common.RtpAudioReceiver] Source joined:  SSRC=056D8B17
2026-09-26 14:23:41.427 -04:00 [INF] [OpenFreq.Common.RtpJitterBuffer] Initialized: buffer=150ms
2026-09-26 14:23:41.810 -04:00 [INF] [OpenFreqClient.Services.OpenFreqService] PTT end: Rain (48c829fa-694d-48c8-987a-a559eb15e8f5) on 339.750 MHz, released
2026-09-26 14:23:42.458 -04:00 [INF] [OpenFreqClient.Services.OpenFreqService] PTT start: Gkenny (58f02e35-0d8e-4c46-aa74-dce098883fa8) on 339.750 MHz, 2D
2026-09-26 14:23:42.468 -04:00 [INF] [OpenFreq.Common.RtpJitterBufferPool] New RTP source: SSRC=10B73873
2026-09-26 14:23:42.468 -04:00 [INF] [OpenFreq.Common.RtpJitterBuffer] Manual buffer size: 150ms
2026-09-26 14:23:42.468 -04:00 [INF] [OpenFreq.Common.RtpAudioReceiver] Source joined:  SSRC=10B73873
2026-09-26 14:23:42.468 -04:00 [INF] [OpenFreq.Common.RtpJitterBuffer] Initialized: buffer=150ms
2026-09-26 14:23:43.151 -04:00 [INF] [OpenFreqClient.Services.OpenFreqService] PTT end: Gkenny (58f02e35-0d8e-4c46-aa74-dce098883fa8) on 339.750 MHz, released
2026-09-26 14:23:44.009 -04:00 [INF] [OpenFreqClient.Services.OpenFreqService] PTT start: Blue (f23a2329-cca9-4d8f-bdda-384ea4044d35) on 339.750 MHz, 2D
2026-09-26 14:23:44.020 -04:00 [INF] [OpenFreq.Common.RtpJitterBufferPool] New RTP source: SSRC=0B8FB835
2026-09-26 14:23:44.020 -04:00 [INF] [OpenFreq.Common.RtpJitterBuffer] Manual buffer size: 150ms
2026-09-26 14:23:44.020 -04:00 [INF] [OpenFreq.Common.RtpAudioReceiver] Source joined:  SSRC=0B8FB835
2026-09-26 14:23:44.020 -04:00 [INF] [OpenFreq.Common.RtpJitterBuffer] Initialized: buffer=150ms
2026-09-26 14:23:44.878 -04:00 [INF] [OpenFreqClient.Services.OpenFreqService] PTT end: Blue (f23a2329-cca9-4d8f-bdda-384ea4044d35) on 339.750 MHz, released
2026-09-26 14:23:45.378 -04:00 [INF] [OpenFreqClient.Services.OpenFreqService] PTT start: Wild (982e2bb0-182d-4217-bce2-d56d6e7b2782) on 339.750 MHz, 2D
2026-09-26 14:23:45.390 -04:00 [INF] [OpenFreq.Common.RtpJitterBufferPool] New RTP source: SSRC=63865412
2026-09-26 14:23:45.390 -04:00 [INF] [OpenFreq.Common.RtpJitterBuffer] Manual buffer size: 150ms
2026-09-26 14:23:45.390 -04:00 [INF] [OpenFreq.Common.RtpAudioReceiver] Source joined:  SSRC=63865412
2026-09-26 14:23:45.390 -04:00 [INF] [OpenFreq.Common.RtpJitterBuffer] Initialized: buffer=150ms
2026-09-26 14:23:46.221 -04:00 [INF] [OpenFreqClient.Services.OpenFreqService] PTT end: Wild (982e2bb0-182d-4217-bce2-d56d6e7b2782) on 339.750 MHz, released
2026-09-26 14:23:47.017 -04:00 [INF] [OpenFreqClient.Services.OpenFreqService] PTT start: Tipple (5f86a288-c8ed-4cc8-8177-6d108444bacf) on 339.750 MHz, 2D
2026-09-26 14:23:47.088 -04:00 [INF] [OpenFreq.Common.RtpJitterBufferPool] New RTP source: SSRC=2DFC2263
2026-09-26 14:23:47.088 -04:00 [INF] [OpenFreq.Common.RtpJitterBuffer] Manual buffer size: 150ms
2026-09-26 14:23:47.088 -04:00 [INF] [OpenFreq.Common.RtpAudioReceiver] Source joined:  SSRC=2DFC2263
2026-09-26 14:23:47.088 -04:00 [INF] [OpenFreq.Common.RtpJitterBuffer] Initialized: buffer=150ms
2026-09-26 14:23:47.657 -04:00 [INF] [OpenFreqClient.Services.OpenFreqService] PTT end: Tipple (5f86a288-c8ed-4cc8-8177-6d108444bacf) on 339.750 MHz, released
2026-09-26 14:23:52.094 -04:00 [INF] [OpenFreqClient.Services.OpenFreqService] PTT start: Blue (f23a2329-cca9-4d8f-bdda-384ea4044d35) on 339.750 MHz, 2D
2026-09-26 14:23:52.113 -04:00 [INF] [OpenFreq.Common.RtpJitterBuffer] Transmission gap detected (7247ms RTP delta), resetting jitter measurement
2026-09-26 14:23:53.065 -04:00 [INF] [OpenFreqClient.Services.OpenFreqService] PTT end: Blue (f23a2329-cca9-4d8f-bdda-384ea4044d35) on 339.750 MHz, released
2026-09-26 14:23:53.879 -04:00 [INF] [OpenFreqClient.Services.HotkeyService] Registered "Ptt" hotkey: Throttle - HOTAS Warthog - Button 3 for channel "6ac96728-b3c4-473e-977f-e6080c947fd1"
2026-09-26 14:23:55.522 -04:00 [INF] [OpenFreqClient.Services.OpenFreqService] PTT start: Turcu (82f4c276-d732-442e-816e-9c2cc3cab039) on 339.750 MHz, 2D
2026-09-26 14:23:55.543 -04:00 [INF] [OpenFreq.Common.RtpJitterBuffer] Transmission gap detected (44586ms RTP delta), resetting jitter measurement
2026-09-26 14:23:55.647 -04:00 [INF] [OpenFreqClient.Services.OpenFreqService] PTT end: Turcu (82f4c276-d732-442e-816e-9c2cc3cab039) on 339.750 MHz, released
2026-09-26 14:23:55.780 -04:00 [WRN] [OpenFreqClient.Services.OpenFreqService] Lazy-creating stream 82f4c276-d732-442e-816e-9c2cc3cab039:1234 on 1.234 MHz — PeerJoined arrived after audio
2026-09-26 14:23:55.780 -04:00 [INF] [OpenFreqAudio.RadioPlayback] Stream '82f4c276-d732-442e-816e-9c2cc3cab039:1234' on 1.234 MHz
2026-09-26 14:23:55.780 -04:00 [WRN] [OpenFreqClient.Services.OpenFreqService] Lazy stream 82f4c276-d732-442e-816e-9c2cc3cab039:1234: frequency 1.234 MHz not tuned on any slot — audio will be silenced by DSP
2026-09-26 14:24:07.025 -04:00 [INF] [OpenFreqClient.Services.OpenFreqService] PTT start: Polaris (86d6d8aa-64e3-4106-890a-252d3f93f28e) on 339.750 MHz, 2D
2026-09-26 14:24:07.050 -04:00 [INF] [OpenFreq.Common.RtpJitterBufferPool] New RTP source: SSRC=6685BCEA
2026-09-26 14:24:07.050 -04:00 [INF] [OpenFreq.Common.RtpJitterBuffer] Manual buffer size: 150ms
2026-09-26 14:24:07.050 -04:00 [INF] [OpenFreq.Common.RtpAudioReceiver] Source joined:  SSRC=6685BCEA
2026-09-26 14:24:07.050 -04:00 [INF] [OpenFreq.Common.RtpJitterBuffer] Initialized: buffer=150ms
2026-09-26 14:24:07.323 -04:00 [INF] [OpenFreqClient.Services.OpenFreqService] PTT end: Polaris (86d6d8aa-64e3-4106-890a-252d3f93f28e) on 339.750 MHz, released
2026-09-26 14:24:10.117 -04:00 [INF] [OpenFreqClient.Services.HotkeyService] Registered "Ptt" hotkey: Throttle - HOTAS Warthog - Button 5 for channel "a3bcde7a-d478-4b0d-9a97-750c1d38062d"
2026-09-26 14:24:12.551 -04:00 [INF] [OpenFreqClient.Services.OpenFreqService] PTT start: own radio on 339.750 MHz
2026-09-26 14:24:13.350 -04:00 [INF] [OpenFreqClient.Services.OpenFreqService] PTT end: own radio on 339.750 MHz
2026-09-26 14:24:13.353 -04:00 [INF] [OpenFreqClient.Services.OpenFreqService] TX level over 800ms: mic peak -2.5 dBFS rms -20.5 dBFS | sent peak 0.0 dBFS rms -16.8 dBFS | normalizer on, gain 0.620, gate -59.8 dBFS
2026-09-26 14:24:15.362 -04:00 [INF] [OpenFreqAudio.RadioPlayback] Stream '974e1818-726d-46c2-a454-05ba12f6d736:339750' on 339.750 MHz
2026-09-26 14:24:16.042 -04:00 [INF] [OpenFreqClient.Services.HotkeyService] Registered "Ptt" hotkey: Keyboard: F3 for channel "98ea61c3-1037-4a80-98f2-5900c7d9f32e"
2026-09-26 14:24:21.067 -04:00 [INF] [OpenFreqClient.Services.OpenFreqService] PTT start: Polaris (86d6d8aa-64e3-4106-890a-252d3f93f28e) on 339.750 MHz, 2D
2026-09-26 14:24:21.086 -04:00 [INF] [OpenFreq.Common.RtpJitterBuffer] Transmission gap detected (13760ms RTP delta), resetting jitter measurement
2026-09-26 14:24:21.440 -04:00 [WRN] [OpenFreqAudio.RadioPlayback] Stream 86d6d8aa-64e3-4106-890a-252d3f93f28e:339750 on 339.750 MHz had no samples for 3.6 ms
2026-09-26 14:24:21.478 -04:00 [INF] [OpenFreqClient.Services.OpenFreqService] PTT end: Polaris (86d6d8aa-64e3-4106-890a-252d3f93f28e) on 339.750 MHz, released
2026-09-26 14:24:29.233 -04:00 [INF] [OpenFreqClient.Services.OpenFreqService] PTT start: Polaris (86d6d8aa-64e3-4106-890a-252d3f93f28e) on 339.750 MHz, 2D
2026-09-26 14:24:29.247 -04:00 [INF] [OpenFreq.Common.RtpJitterBuffer] Transmission gap detected (7768ms RTP delta), resetting jitter measurement
2026-09-26 14:24:29.371 -04:00 [WRN] [OpenFreqAudio.RadioPlayback] Stream 86d6d8aa-64e3-4106-890a-252d3f93f28e:339750 on 339.750 MHz had no samples for 10.0 ms
2026-09-26 14:24:29.687 -04:00 [INF] [OpenFreqClient.Services.OpenFreqService] PTT end: Polaris (86d6d8aa-64e3-4106-890a-252d3f93f28e) on 339.750 MHz, released
2026-09-26 14:24:32.365 -04:00 [INF] [OpenFreqClient.Services.OpenFreqService] PTT start: Polaris (86d6d8aa-64e3-4106-890a-252d3f93f28e) on 339.750 MHz, 2D
2026-09-26 14:24:32.387 -04:00 [INF] [OpenFreq.Common.RtpJitterBuffer] Transmission gap detected (2692ms RTP delta), resetting jitter measurement
2026-09-26 14:24:32.636 -04:00 [INF] [OpenFreqClient.Services.OpenFreqService] PTT end: Polaris (86d6d8aa-64e3-4106-890a-252d3f93f28e) on 339.750 MHz, released
2026-09-26 14:25:33.650 -04:00 [INF] [OpenFreqClient.Services.OpenFreqService] PTT start: MBee (c220f187-a6fa-4848-ac66-ff0dd03f1bde) on 339.750 MHz, 2D
2026-09-26 14:25:33.662 -04:00 [INF] [OpenFreq.Common.RtpJitterBufferPool] New RTP source: SSRC=0DDE0F4B
2026-09-26 14:25:33.662 -04:00 [INF] [OpenFreq.Common.RtpJitterBuffer] Manual buffer size: 150ms
2026-09-26 14:25:33.662 -04:00 [INF] [OpenFreq.Common.RtpAudioReceiver] Source joined:  SSRC=0DDE0F4B
2026-09-26 14:25:33.662 -04:00 [INF] [OpenFreq.Common.RtpJitterBuffer] Initialized: buffer=150ms
2026-09-26 14:25:35.101 -04:00 [INF] [OpenFreqClient.Services.OpenFreqService] PTT end: MBee (c220f187-a6fa-4848-ac66-ff0dd03f1bde) on 339.750 MHz, released
2026-09-26 14:25:41.768 -04:00 [INF] [OpenFreqClient.Services.OpenFreqService] PTT start: MBee (c220f187-a6fa-4848-ac66-ff0dd03f1bde) on 339.750 MHz, 2D
2026-09-26 14:25:41.780 -04:00 [INF] [OpenFreq.Common.RtpJitterBuffer] Transmission gap detected (6682ms RTP delta), resetting jitter measurement
2026-09-26 14:25:41.871 -04:00 [WRN] [OpenFreqAudio.RadioPlayback] Stream c220f187-a6fa-4848-ac66-ff0dd03f1bde:339750 on 339.750 MHz had no samples for 9.9 ms
2026-09-26 14:25:43.445 -04:00 [INF] [OpenFreqClient.Services.OpenFreqService] PTT end: MBee (c220f187-a6fa-4848-ac66-ff0dd03f1bde) on 339.750 MHz, released
2026-09-26 14:25:44.962 -04:00 [INF] [OpenFreqClient.Services.OpenFreqService] PTT start: Tipple (5f86a288-c8ed-4cc8-8177-6d108444bacf) on 339.750 MHz, 2D
2026-09-26 14:25:44.987 -04:00 [INF] [OpenFreq.Common.RtpJitterBuffer] Transmission gap detected (117326ms RTP delta), resetting jitter measurement
2026-09-26 14:25:46.094 -04:00 [INF] [OpenFreqClient.Services.OpenFreqService] PTT end: Tipple (5f86a288-c8ed-4cc8-8177-6d108444bacf) on 339.750 MHz, released
2026-09-26 14:25:47.220 -04:00 [INF] [OpenFreqClient.Services.OpenFreqService] PTT start: Polaris (86d6d8aa-64e3-4106-890a-252d3f93f28e) on 339.750 MHz, 2D
2026-09-26 14:25:47.238 -04:00 [INF] [OpenFreq.Common.RtpJitterBuffer] Transmission gap detected (74613ms RTP delta), resetting jitter measurement
2026-09-26 14:25:47.848 -04:00 [INF] [OpenFreqClient.Services.OpenFreqService] PTT start: MBee (c220f187-a6fa-4848-ac66-ff0dd03f1bde) on 339.750 MHz, 2D
2026-09-26 14:25:47.863 -04:00 [INF] [OpenFreq.Common.RtpJitterBuffer] Transmission gap detected (4419ms RTP delta), resetting jitter measurement
2026-09-26 14:25:48.039 -04:00 [INF] [OpenFreqClient.Services.OpenFreqService] PTT end: MBee (c220f187-a6fa-4848-ac66-ff0dd03f1bde) on 339.750 MHz, released
2026-09-26 14:25:48.973 -04:00 [INF] [OpenFreqClient.Services.OpenFreqService] PTT start: Alligator (f39dd749-39ff-4df4-bec7-f23cc154d1a8) on 339.750 MHz, 2D
2026-09-26 14:25:48.988 -04:00 [INF] [OpenFreq.Common.RtpJitterBuffer] Transmission gap detected (159223ms RTP delta), resetting jitter measurement
2026-09-26 14:25:49.160 -04:00 [INF] [OpenFreqClient.Services.OpenFreqService] PTT end: Polaris (86d6d8aa-64e3-4106-890a-252d3f93f28e) on 339.750 MHz, released
2026-09-26 14:25:50.044 -04:00 [INF] [OpenFreqClient.Services.OpenFreqService] PTT end: Alligator (f39dd749-39ff-4df4-bec7-f23cc154d1a8) on 339.750 MHz, released
2026-09-26 14:26:22.080 -04:00 [INF] [OpenFreqClient.Services.OpenFreqService] PTT start: Knight (974e1818-726d-46c2-a454-05ba12f6d736) on 339.750 MHz, 2D
2026-09-26 14:26:22.097 -04:00 [INF] [OpenFreq.Common.RtpJitterBufferPool] New RTP source: SSRC=2BA1D578
2026-09-26 14:26:22.097 -04:00 [INF] [OpenFreq.Common.RtpJitterBuffer] Manual buffer size: 150ms
2026-09-26 14:26:22.097 -04:00 [INF] [OpenFreq.Common.RtpAudioReceiver] Source joined:  SSRC=2BA1D578
2026-09-26 14:26:22.097 -04:00 [INF] [OpenFreq.Common.RtpJitterBuffer] Initialized: buffer=150ms
2026-09-26 14:26:23.430 -04:00 [INF] [OpenFreqClient.Services.OpenFreqService] PTT end: Knight (974e1818-726d-46c2-a454-05ba12f6d736) on 339.750 MHz, released
2026-09-26 14:26:24.007 -04:00 [INF] [OpenFreqClient.Services.OpenFreqService] PTT start: Knight (974e1818-726d-46c2-a454-05ba12f6d736) on 339.750 MHz, 2D
2026-09-26 14:26:24.021 -04:00 [INF] [OpenFreq.Common.RtpJitterBuffer] Transmission gap detected (606ms RTP delta), resetting jitter measurement
2026-09-26 14:26:24.784 -04:00 [INF] [OpenFreqClient.Services.OpenFreqService] PTT end: Knight (974e1818-726d-46c2-a454-05ba12f6d736) on 339.750 MHz, released
2026-09-26 14:26:27.984 -04:00 [INF] [OpenFreqClient.Services.OpenFreqService] PTT start: Tipple (5f86a288-c8ed-4cc8-8177-6d108444bacf) on 339.750 MHz, 2D
2026-09-26 14:26:27.997 -04:00 [INF] [OpenFreq.Common.RtpJitterBuffer] Transmission gap detected (41922ms RTP delta), resetting jitter measurement
2026-09-26 14:26:28.816 -04:00 [INF] [OpenFreqClient.Services.OpenFreqService] PTT end: Tipple (5f86a288-c8ed-4cc8-8177-6d108444bacf) on 339.750 MHz, released
2026-09-26 14:26:50.732 -04:00 [INF] [OpenFreqClient.Services.OpenFreqService] PTT start: Knight (974e1818-726d-46c2-a454-05ba12f6d736) on 339.750 MHz, 2D
2026-09-26 14:26:50.744 -04:00 [INF] [OpenFreq.Common.RtpJitterBuffer] Transmission gap detected (25963ms RTP delta), resetting jitter measurement
2026-09-26 14:26:51.808 -04:00 [INF] [OpenFreqClient.Services.OpenFreqService] PTT end: Knight (974e1818-726d-46c2-a454-05ba12f6d736) on 339.750 MHz, released
2026-09-26 14:26:52.500 -04:00 [INF] [OpenFreqClient.Services.OpenFreqService] PTT start: Razgriz (9ee0b811-d7a3-4388-b330-5035e9bc334e) on 339.750 MHz, 2D
2026-09-26 14:26:52.517 -04:00 [INF] [OpenFreq.Common.RtpJitterBuffer] Transmission gap detected (207890ms RTP delta), resetting jitter measurement
2026-09-26 14:26:53.263 -04:00 [INF] [OpenFreqClient.Services.OpenFreqService] PTT end: Razgriz (9ee0b811-d7a3-4388-b330-5035e9bc334e) on 339.750 MHz, released
2026-09-26 14:26:54.054 -04:00 [INF] [OpenFreqClient.Services.OpenFreqService] PTT start: Knight (974e1818-726d-46c2-a454-05ba12f6d736) on 339.750 MHz, 2D
2026-09-26 14:26:54.071 -04:00 [INF] [OpenFreq.Common.RtpJitterBuffer] Transmission gap detected (2266ms RTP delta), resetting jitter measurement
2026-09-26 14:26:54.396 -04:00 [INF] [OpenFreqClient.Services.OpenFreqService] PTT end: Knight (974e1818-726d-46c2-a454-05ba12f6d736) on 339.750 MHz, released
2026-09-26 14:31:37.677 -04:00 [INF] [OpenFreqAudio.RadioPlayback] Stream 'c56f5c33-10e6-473d-96e0-90de94b49519:339750' on 339.750 MHz
2026-09-26 14:32:04.998 -04:00 [INF] [OpenFreqClient.Services.OpenFreqService] PTT start: Joe (c56f5c33-10e6-473d-96e0-90de94b49519) on 339.750 MHz, 2D
2026-09-26 14:32:05.014 -04:00 [INF] [OpenFreq.Common.RtpJitterBufferPool] New RTP source: SSRC=2C22CB47
2026-09-26 14:32:05.014 -04:00 [INF] [OpenFreq.Common.RtpJitterBuffer] Manual buffer size: 150ms
2026-09-26 14:32:05.014 -04:00 [INF] [OpenFreq.Common.RtpAudioReceiver] Source joined:  SSRC=2C22CB47
2026-09-26 14:32:05.014 -04:00 [INF] [OpenFreq.Common.RtpJitterBuffer] Initialized: buffer=150ms
2026-09-26 14:32:05.014 -04:00 [INF] [OpenFreq.Common.RtpJitterBufferPool] Pruned stale source SSRC=5FC1A72A
2026-09-26 14:32:05.014 -04:00 [INF] [OpenFreq.Common.RtpAudioReceiver] Source expired: SSRC=5FC1A72A
2026-09-26 14:32:05.015 -04:00 [INF] [OpenFreq.Common.RtpJitterBufferPool] Pruned stale source SSRC=6046721D
2026-09-26 14:32:05.015 -04:00 [INF] [OpenFreq.Common.RtpAudioReceiver] Source expired: SSRC=6046721D
2026-09-26 14:32:05.015 -04:00 [INF] [OpenFreq.Common.RtpJitterBufferPool] Pruned stale source SSRC=3ACE95B3
2026-09-26 14:32:05.015 -04:00 [INF] [OpenFreq.Common.RtpAudioReceiver] Source expired: SSRC=3ACE95B3
2026-09-26 14:32:05.015 -04:00 [INF] [OpenFreq.Common.RtpJitterBufferPool] Pruned stale source SSRC=1FA21C25
2026-09-26 14:32:05.015 -04:00 [INF] [OpenFreq.Common.RtpAudioReceiver] Source expired: SSRC=1FA21C25
2026-09-26 14:32:05.015 -04:00 [INF] [OpenFreq.Common.RtpJitterBufferPool] Pruned stale source SSRC=365CD622
2026-09-26 14:32:05.015 -04:00 [INF] [OpenFreq.Common.RtpAudioReceiver] Source expired: SSRC=365CD622
2026-09-26 14:32:05.015 -04:00 [INF] [OpenFreq.Common.RtpJitterBufferPool] Pruned stale source SSRC=017FD48D
2026-09-26 14:32:05.015 -04:00 [INF] [OpenFreq.Common.RtpAudioReceiver] Source expired: SSRC=017FD48D
2026-09-26 14:32:05.015 -04:00 [INF] [OpenFreq.Common.RtpJitterBufferPool] Pruned stale source SSRC=0540A395
2026-09-26 14:32:05.015 -04:00 [INF] [OpenFreq.Common.RtpAudioReceiver] Source expired: SSRC=0540A395
2026-09-26 14:32:05.015 -04:00 [INF] [OpenFreq.Common.RtpJitterBufferPool] Pruned stale source SSRC=6597AECC
2026-09-26 14:32:05.015 -04:00 [INF] [OpenFreq.Common.RtpAudioReceiver] Source expired: SSRC=6597AECC
2026-09-26 14:32:05.015 -04:00 [INF] [OpenFreq.Common.RtpJitterBufferPool] Pruned stale source SSRC=407FFF3F
2026-09-26 14:32:05.015 -04:00 [INF] [OpenFreq.Common.RtpAudioReceiver] Source expired: SSRC=407FFF3F
2026-09-26 14:32:05.015 -04:00 [INF] [OpenFreq.Common.RtpJitterBufferPool] Pruned stale source SSRC=09A2575B
2026-09-26 14:32:05.015 -04:00 [INF] [OpenFreq.Common.RtpAudioReceiver] Source expired: SSRC=09A2575B
2026-09-26 14:32:05.015 -04:00 [INF] [OpenFreq.Common.RtpJitterBufferPool] Pruned stale source SSRC=15B167C8
2026-09-26 14:32:05.015 -04:00 [INF] [OpenFreq.Common.RtpAudioReceiver] Source expired: SSRC=15B167C8
2026-09-26 14:32:05.015 -04:00 [INF] [OpenFreq.Common.RtpJitterBufferPool] Pruned stale source SSRC=09331CEC
2026-09-26 14:32:05.015 -04:00 [INF] [OpenFreq.Common.RtpAudioReceiver] Source expired: SSRC=09331CEC
2026-09-26 14:32:05.015 -04:00 [INF] [OpenFreq.Common.RtpJitterBufferPool] Pruned stale source SSRC=32C7C971
2026-09-26 14:32:05.015 -04:00 [INF] [OpenFreq.Common.RtpAudioReceiver] Source expired: SSRC=32C7C971
2026-09-26 14:32:05.015 -04:00 [INF] [OpenFreq.Common.RtpJitterBufferPool] Pruned stale source SSRC=3EB49D5B
2026-09-26 14:32:05.015 -04:00 [INF] [OpenFreq.Common.RtpAudioReceiver] Source expired: SSRC=3EB49D5B
2026-09-26 14:32:05.015 -04:00 [INF] [OpenFreq.Common.RtpJitterBufferPool] Pruned stale source SSRC=2B251449
2026-09-26 14:32:05.015 -04:00 [INF] [OpenFreq.Common.RtpAudioReceiver] Source expired: SSRC=2B251449
2026-09-26 14:32:05.015 -04:00 [INF] [OpenFreq.Common.RtpJitterBufferPool] Pruned stale source SSRC=3519F4B2
2026-09-26 14:32:05.015 -04:00 [INF] [OpenFreq.Common.RtpAudioReceiver] Source expired: SSRC=3519F4B2
2026-09-26 14:32:05.015 -04:00 [INF] [OpenFreq.Common.RtpJitterBufferPool] Pruned stale source SSRC=6FCB22C3
2026-09-26 14:32:05.015 -04:00 [INF] [OpenFreq.Common.RtpAudioReceiver] Source expired: SSRC=6FCB22C3
2026-09-26 14:32:05.015 -04:00 [INF] [OpenFreq.Common.RtpJitterBufferPool] Pruned stale source SSRC=055FDC08
2026-09-26 14:32:05.015 -04:00 [INF] [OpenFreq.Common.RtpAudioReceiver] Source expired: SSRC=055FDC08
2026-09-26 14:32:05.015 -04:00 [INF] [OpenFreq.Common.RtpJitterBufferPool] Pruned stale source SSRC=056D8B17
2026-09-26 14:32:05.015 -04:00 [INF] [OpenFreq.Common.RtpAudioReceiver] Source expired: SSRC=056D8B17
2026-09-26 14:32:05.015 -04:00 [INF] [OpenFreq.Common.RtpJitterBufferPool] Pruned stale source SSRC=10B73873
2026-09-26 14:32:05.015 -04:00 [INF] [OpenFreq.Common.RtpAudioReceiver] Source expired: SSRC=10B73873
2026-09-26 14:32:05.015 -04:00 [INF] [OpenFreq.Common.RtpJitterBufferPool] Pruned stale source SSRC=0B8FB835
2026-09-26 14:32:05.015 -04:00 [INF] [OpenFreq.Common.RtpAudioReceiver] Source expired: SSRC=0B8FB835
2026-09-26 14:32:05.015 -04:00 [INF] [OpenFreq.Common.RtpJitterBufferPool] Pruned stale source SSRC=63865412
2026-09-26 14:32:05.015 -04:00 [INF] [OpenFreq.Common.RtpAudioReceiver] Source expired: SSRC=63865412
2026-09-26 14:32:05.015 -04:00 [INF] [OpenFreq.Common.RtpJitterBufferPool] Pruned stale source SSRC=2DFC2263
2026-09-26 14:32:05.015 -04:00 [INF] [OpenFreq.Common.RtpAudioReceiver] Source expired: SSRC=2DFC2263
2026-09-26 14:32:05.015 -04:00 [INF] [OpenFreq.Common.RtpJitterBufferPool] Pruned stale source SSRC=6685BCEA
2026-09-26 14:32:05.015 -04:00 [INF] [OpenFreq.Common.RtpAudioReceiver] Source expired: SSRC=6685BCEA
2026-09-26 14:32:05.015 -04:00 [INF] [OpenFreq.Common.RtpJitterBufferPool] Pruned stale source SSRC=0DDE0F4B
2026-09-26 14:32:05.015 -04:00 [INF] [OpenFreq.Common.RtpAudioReceiver] Source expired: SSRC=0DDE0F4B
2026-09-26 14:32:05.015 -04:00 [INF] [OpenFreq.Common.RtpJitterBufferPool] Pruned stale source SSRC=2BA1D578
2026-09-26 14:32:05.015 -04:00 [INF] [OpenFreq.Common.RtpAudioReceiver] Source expired: SSRC=2BA1D578
2026-09-26 14:32:06.164 -04:00 [INF] [OpenFreqClient.Services.OpenFreqService] PTT end: Joe (c56f5c33-10e6-473d-96e0-90de94b49519) on 339.750 MHz, released
2026-09-26 14:32:42.070 -04:00 [INF] [OpenFreqClient.Services.OpenFreqService] PTT start: Joe (c56f5c33-10e6-473d-96e0-90de94b49519) on 339.750 MHz, 2D
2026-09-26 14:32:42.080 -04:00 [INF] [OpenFreq.Common.RtpJitterBuffer] Transmission gap detected (35932ms RTP delta), resetting jitter measurement
2026-09-26 14:32:43.378 -04:00 [INF] [OpenFreqClient.Services.OpenFreqService] PTT end: Joe (c56f5c33-10e6-473d-96e0-90de94b49519) on 339.750 MHz, released
2026-09-26 14:32:43.826 -04:00 [INF] [OpenFreqClient.Services.OpenFreqService] PTT start: Alligator (f39dd749-39ff-4df4-bec7-f23cc154d1a8) on 339.750 MHz, 2D
2026-09-26 14:32:43.843 -04:00 [INF] [OpenFreq.Common.RtpJitterBufferPool] New RTP source: SSRC=407FFF3F
2026-09-26 14:32:43.843 -04:00 [INF] [OpenFreq.Common.RtpJitterBuffer] Manual buffer size: 150ms
2026-09-26 14:32:43.843 -04:00 [INF] [OpenFreq.Common.RtpAudioReceiver] Source joined:  SSRC=407FFF3F
2026-09-26 14:32:43.843 -04:00 [INF] [OpenFreq.Common.RtpJitterBuffer] Initialized: buffer=150ms
2026-09-26 14:32:45.556 -04:00 [INF] [OpenFreqClient.Services.OpenFreqService] PTT end: Alligator (f39dd749-39ff-4df4-bec7-f23cc154d1a8) on 339.750 MHz, released
2026-09-26 14:42:56.689 -04:00 [INF] [OpenFreqAudio.RadioPlayback] Stream '6a65a020-d19f-4b05-8e21-2cad44b2c9a6:339750' on 339.750 MHz
2026-09-26 14:43:31.465 -04:00 [INF] [OpenFreqClient.Services.OpenFreqService] PTT start: Woody (e0977389-35b0-4d0f-997f-3c6be3e6f5f5) on 339.750 MHz, 2D
2026-09-26 14:43:31.491 -04:00 [INF] [OpenFreq.Common.RtpJitterBufferPool] New RTP source: SSRC=365CD622
2026-09-26 14:43:31.491 -04:00 [INF] [OpenFreq.Common.RtpJitterBuffer] Manual buffer size: 150ms
2026-09-26 14:43:31.491 -04:00 [INF] [OpenFreq.Common.RtpAudioReceiver] Source joined:  SSRC=365CD622
2026-09-26 14:43:31.491 -04:00 [INF] [OpenFreq.Common.RtpJitterBuffer] Initialized: buffer=150ms
2026-09-26 14:43:31.491 -04:00 [INF] [OpenFreq.Common.RtpJitterBufferPool] Pruned stale source SSRC=407FFF3F
2026-09-26 14:43:31.491 -04:00 [INF] [OpenFreq.Common.RtpAudioReceiver] Source expired: SSRC=407FFF3F
2026-09-26 14:43:31.491 -04:00 [INF] [OpenFreq.Common.RtpJitterBufferPool] Pruned stale source SSRC=2C22CB47
2026-09-26 14:43:31.491 -04:00 [INF] [OpenFreq.Common.RtpAudioReceiver] Source expired: SSRC=2C22CB47
2026-09-26 14:43:32.017 -04:00 [INF] [OpenFreqClient.Services.OpenFreqService] PTT end: Woody (e0977389-35b0-4d0f-997f-3c6be3e6f5f5) on 339.750 MHz, released
2026-09-26 14:43:52.600 -04:00 [INF] [OpenFreqClient.Services.OpenFreqService] PTT start: Gkenny (58f02e35-0d8e-4c46-aa74-dce098883fa8) on 339.750 MHz, 2D
2026-09-26 14:43:52.625 -04:00 [INF] [OpenFreq.Common.RtpJitterBufferPool] New RTP source: SSRC=10B73873
2026-09-26 14:43:52.625 -04:00 [INF] [OpenFreq.Common.RtpJitterBuffer] Manual buffer size: 150ms
2026-09-26 14:43:52.625 -04:00 [INF] [OpenFreq.Common.RtpAudioReceiver] Source joined:  SSRC=10B73873
2026-09-26 14:43:52.625 -04:00 [INF] [OpenFreq.Common.RtpJitterBuffer] Initialized: buffer=150ms
2026-09-26 14:43:53.357 -04:00 [INF] [OpenFreqClient.Services.OpenFreqService] PTT end: Gkenny (58f02e35-0d8e-4c46-aa74-dce098883fa8) on 339.750 MHz, released
2026-09-26 14:47:09.699 -04:00 [INF] [OpenFreqAudio.RadioPlayback] TuneFrequency 280.500 MHz
2026-09-26 14:52:35.781 -04:00 [INF] [OpenFreqClient.Services.OpenFreqService] PTT start: Blue (f23a2329-cca9-4d8f-bdda-384ea4044d35) on 339.750 MHz, 2D
2026-09-26 14:52:35.797 -04:00 [INF] [OpenFreq.Common.RtpJitterBufferPool] New RTP source: SSRC=0B8FB835
2026-09-26 14:52:35.797 -04:00 [INF] [OpenFreq.Common.RtpJitterBuffer] Manual buffer size: 150ms
2026-09-26 14:52:35.797 -04:00 [INF] [OpenFreq.Common.RtpAudioReceiver] Source joined:  SSRC=0B8FB835
2026-09-26 14:52:35.797 -04:00 [INF] [OpenFreq.Common.RtpJitterBuffer] Initialized: buffer=150ms
2026-09-26 14:52:35.797 -04:00 [INF] [OpenFreq.Common.RtpJitterBufferPool] Pruned stale source SSRC=365CD622
2026-09-26 14:52:35.797 -04:00 [INF] [OpenFreq.Common.RtpAudioReceiver] Source expired: SSRC=365CD622
2026-09-26 14:52:35.797 -04:00 [INF] [OpenFreq.Common.RtpJitterBufferPool] Pruned stale source SSRC=10B73873
2026-09-26 14:52:35.797 -04:00 [INF] [OpenFreq.Common.RtpAudioReceiver] Source expired: SSRC=10B73873
2026-09-26 14:52:37.042 -04:00 [INF] [OpenFreqClient.Services.OpenFreqService] PTT end: Blue (f23a2329-cca9-4d8f-bdda-384ea4044d35) on 339.750 MHz, released
2026-09-26 14:53:04.994 -04:00 [INF] [OpenFreqClient.Services.OpenFreqService] PTT start: Polaris (86d6d8aa-64e3-4106-890a-252d3f93f28e) on 339.750 MHz, 2D
2026-09-26 14:53:05.010 -04:00 [INF] [OpenFreq.Common.RtpJitterBufferPool] New RTP source: SSRC=6685BCEA
2026-09-26 14:53:05.010 -04:00 [INF] [OpenFreq.Common.RtpJitterBuffer] Manual buffer size: 150ms
2026-09-26 14:53:05.010 -04:00 [INF] [OpenFreq.Common.RtpAudioReceiver] Source joined:  SSRC=6685BCEA
2026-09-26 14:53:05.010 -04:00 [INF] [OpenFreq.Common.RtpJitterBuffer] Initialized: buffer=150ms
2026-09-26 14:53:06.552 -04:00 [INF] [OpenFreqClient.Services.OpenFreqService] PTT end: Polaris (86d6d8aa-64e3-4106-890a-252d3f93f28e) on 339.750 MHz, released
2026-09-26 14:53:36.546 -04:00 [INF] [OpenFreqClient.Services.OpenFreqService] PTT start: armapirx (4f196d30-7656-4fd9-88c3-ba678f56106e) on 339.750 MHz, 2D
2026-09-26 14:53:36.563 -04:00 [INF] [OpenFreq.Common.RtpJitterBufferPool] New RTP source: SSRC=0540A395
2026-09-26 14:53:36.563 -04:00 [INF] [OpenFreq.Common.RtpJitterBuffer] Manual buffer size: 150ms
2026-09-26 14:53:36.563 -04:00 [INF] [OpenFreq.Common.RtpAudioReceiver] Source joined:  SSRC=0540A395
2026-09-26 14:53:36.563 -04:00 [INF] [OpenFreq.Common.RtpJitterBuffer] Initialized: buffer=150ms
2026-09-26 14:53:36.834 -04:00 [INF] [OpenFreqClient.Services.OpenFreqService] PTT end: armapirx (4f196d30-7656-4fd9-88c3-ba678f56106e) on 339.750 MHz, released
2026-09-26 14:53:42.977 -04:00 [INF] [OpenFreqClient.Services.OpenFreqService] PTT start: Polaris (86d6d8aa-64e3-4106-890a-252d3f93f28e) on 339.750 MHz, 2D
2026-09-26 14:53:42.989 -04:00 [INF] [OpenFreq.Common.RtpJitterBuffer] Transmission gap detected (36440ms RTP delta), resetting jitter measurement
2026-09-26 14:53:44.465 -04:00 [INF] [OpenFreqClient.Services.OpenFreqService] PTT end: Polaris (86d6d8aa-64e3-4106-890a-252d3f93f28e) on 339.750 MHz, released
2026-09-26 14:53:47.479 -04:00 [INF] [OpenFreqAudio.RadioPlayback] Stream '608fe623-c662-45ef-8063-f281eaee6531:339750' on 339.750 MHz
2026-09-26 14:53:53.894 -04:00 [INF] [OpenFreqClient.Services.OpenFreqService] PTT start: Stevie (32672fdf-be5f-4fe3-b8ad-00410fd1b909) on 339.750 MHz, 2D
2026-09-26 14:53:53.909 -04:00 [INF] [OpenFreq.Common.RtpJitterBufferPool] New RTP source: SSRC=6597AECC
2026-09-26 14:53:53.909 -04:00 [INF] [OpenFreq.Common.RtpJitterBuffer] Manual buffer size: 150ms
2026-09-26 14:53:53.910 -04:00 [INF] [OpenFreq.Common.RtpAudioReceiver] Source joined:  SSRC=6597AECC
2026-09-26 14:53:53.910 -04:00 [INF] [OpenFreq.Common.RtpJitterBuffer] Initialized: buffer=150ms
2026-09-26 14:53:54.296 -04:00 [WRN] [OpenFreqAudio.RadioPlayback] Stream 32672fdf-be5f-4fe3-b8ad-00410fd1b909:339750 on 339.750 MHz had no samples for 4.8 ms
2026-09-26 14:53:55.705 -04:00 [INF] [OpenFreqClient.Services.OpenFreqService] PTT end: Stevie (32672fdf-be5f-4fe3-b8ad-00410fd1b909) on 339.750 MHz, released
2026-09-26 15:06:09.249 -04:00 [INF] [OpenFreqAudio.RadioPlayback] Stream '989f8d1f-44d2-4246-acc8-1677a1c53143:339750' on 339.750 MHz
2026-09-26 15:07:12.563 -04:00 [INF] [OpenFreqClient.Services.OpenFreqService] PTT start: Alligator (f39dd749-39ff-4df4-bec7-f23cc154d1a8) on 339.750 MHz, 2D
2026-09-26 15:07:12.570 -04:00 [INF] [OpenFreq.Common.RtpJitterBufferPool] New RTP source: SSRC=407FFF3F
2026-09-26 15:07:12.570 -04:00 [INF] [OpenFreq.Common.RtpJitterBuffer] Manual buffer size: 150ms
2026-09-26 15:07:12.570 -04:00 [INF] [OpenFreq.Common.RtpAudioReceiver] Source joined:  SSRC=407FFF3F
2026-09-26 15:07:12.570 -04:00 [INF] [OpenFreq.Common.RtpJitterBuffer] Initialized: buffer=150ms
2026-09-26 15:07:12.571 -04:00 [INF] [OpenFreq.Common.RtpJitterBufferPool] Pruned stale source SSRC=6597AECC
2026-09-26 15:07:12.571 -04:00 [INF] [OpenFreq.Common.RtpAudioReceiver] Source expired: SSRC=6597AECC
2026-09-26 15:07:12.571 -04:00 [INF] [OpenFreq.Common.RtpJitterBufferPool] Pruned stale source SSRC=0540A395
2026-09-26 15:07:12.571 -04:00 [INF] [OpenFreq.Common.RtpAudioReceiver] Source expired: SSRC=0540A395
2026-09-26 15:07:12.571 -04:00 [INF] [OpenFreq.Common.RtpJitterBufferPool] Pruned stale source SSRC=0B8FB835
2026-09-26 15:07:12.571 -04:00 [INF] [OpenFreq.Common.RtpAudioReceiver] Source expired: SSRC=0B8FB835
2026-09-26 15:07:12.571 -04:00 [INF] [OpenFreq.Common.RtpJitterBufferPool] Pruned stale source SSRC=6685BCEA
2026-09-26 15:07:12.571 -04:00 [INF] [OpenFreq.Common.RtpAudioReceiver] Source expired: SSRC=6685BCEA
2026-09-26 15:07:14.434 -04:00 [INF] [OpenFreqClient.Services.OpenFreqService] PTT end: Alligator (f39dd749-39ff-4df4-bec7-f23cc154d1a8) on 339.750 MHz, released
2026-09-26 15:07:17.500 -04:00 [INF] [OpenFreq.Common.RtpJitterBufferPool] New RTP source: SSRC=056D8B17
2026-09-26 15:07:17.500 -04:00 [INF] [OpenFreqClient.Services.OpenFreqService] PTT start: Rain (48c829fa-694d-48c8-987a-a559eb15e8f5) on 339.750 MHz, 2D
2026-09-26 15:07:17.500 -04:00 [INF] [OpenFreq.Common.RtpJitterBuffer] Manual buffer size: 150ms
2026-09-26 15:07:17.500 -04:00 [INF] [OpenFreq.Common.RtpAudioReceiver] Source joined:  SSRC=056D8B17
2026-09-26 15:07:17.500 -04:00 [INF] [OpenFreq.Common.RtpJitterBuffer] Initialized: buffer=150ms
2026-09-26 15:07:17.822 -04:00 [INF] [OpenFreqClient.Services.OpenFreqService] PTT start: Knight (974e1818-726d-46c2-a454-05ba12f6d736) on 339.750 MHz, 2D
2026-09-26 15:07:17.847 -04:00 [INF] [OpenFreq.Common.RtpJitterBufferPool] New RTP source: SSRC=2BA1D578
2026-09-26 15:07:17.847 -04:00 [INF] [OpenFreq.Common.RtpJitterBuffer] Manual buffer size: 150ms
2026-09-26 15:07:17.847 -04:00 [INF] [OpenFreq.Common.RtpAudioReceiver] Source joined:  SSRC=2BA1D578
2026-09-26 15:07:17.847 -04:00 [INF] [OpenFreq.Common.RtpJitterBuffer] Initialized: buffer=150ms
2026-09-26 15:07:18.997 -04:00 [INF] [OpenFreqClient.Services.OpenFreqService] PTT end: Rain (48c829fa-694d-48c8-987a-a559eb15e8f5) on 339.750 MHz, released
2026-09-26 15:07:19.063 -04:00 [WRN] [OpenFreqAudio.RadioPlayback] Stream 48c829fa-694d-48c8-987a-a559eb15e8f5:339750 on 339.750 MHz had no samples for 9.0 ms
2026-09-26 15:07:20.874 -04:00 [INF] [OpenFreqClient.Services.OpenFreqService] PTT start: Polaris (86d6d8aa-64e3-4106-890a-252d3f93f28e) on 339.750 MHz, 2D
2026-09-26 15:07:20.888 -04:00 [INF] [OpenFreq.Common.RtpJitterBufferPool] New RTP source: SSRC=6685BCEA
2026-09-26 15:07:20.888 -04:00 [INF] [OpenFreq.Common.RtpJitterBuffer] Manual buffer size: 150ms
2026-09-26 15:07:20.888 -04:00 [INF] [OpenFreq.Common.RtpAudioReceiver] Source joined:  SSRC=6685BCEA
2026-09-26 15:07:20.888 -04:00 [INF] [OpenFreq.Common.RtpJitterBuffer] Initialized: buffer=150ms
2026-09-26 15:07:21.260 -04:00 [INF] [OpenFreqClient.Services.OpenFreqService] PTT end: Polaris (86d6d8aa-64e3-4106-890a-252d3f93f28e) on 339.750 MHz, released
2026-09-26 15:07:21.831 -04:00 [INF] [OpenFreqClient.Services.OpenFreqService] PTT start: Polaris (86d6d8aa-64e3-4106-890a-252d3f93f28e) on 339.750 MHz, 2D
2026-09-26 15:07:21.851 -04:00 [INF] [OpenFreq.Common.RtpJitterBuffer] Transmission gap detected (589ms RTP delta), resetting jitter measurement
2026-09-26 15:07:22.090 -04:00 [INF] [OpenFreqClient.Services.OpenFreqService] PTT end: Knight (974e1818-726d-46c2-a454-05ba12f6d736) on 339.750 MHz, released
2026-09-26 15:07:22.513 -04:00 [INF] [OpenFreqClient.Services.OpenFreqService] PTT start: Alligator (f39dd749-39ff-4df4-bec7-f23cc154d1a8) on 339.750 MHz, 2D
2026-09-26 15:07:22.530 -04:00 [INF] [OpenFreq.Common.RtpJitterBuffer] Transmission gap detected (8113ms RTP delta), resetting jitter measurement
2026-09-26 15:07:23.248 -04:00 [INF] [OpenFreqClient.Services.OpenFreqService] PTT end: Alligator (f39dd749-39ff-4df4-bec7-f23cc154d1a8) on 339.750 MHz, released
2026-09-26 15:07:24.359 -04:00 [INF] [OpenFreqClient.Services.OpenFreqService] PTT end: Polaris (86d6d8aa-64e3-4106-890a-252d3f93f28e) on 339.750 MHz, released
2026-09-26 15:07:25.969 -04:00 [INF] [OpenFreqClient.Services.OpenFreqService] PTT start: Rain (48c829fa-694d-48c8-987a-a559eb15e8f5) on 339.750 MHz, 2D
2026-09-26 15:07:25.992 -04:00 [INF] [OpenFreq.Common.RtpJitterBuffer] Transmission gap detected (7002ms RTP delta), resetting jitter measurement
2026-09-26 15:07:29.839 -04:00 [INF] [OpenFreqClient.Services.OpenFreqService] PTT start: Knight (974e1818-726d-46c2-a454-05ba12f6d736) on 339.750 MHz, 2D
2026-09-26 15:07:29.853 -04:00 [INF] [OpenFreq.Common.RtpJitterBuffer] Transmission gap detected (7775ms RTP delta), resetting jitter measurement
2026-09-26 15:07:30.101 -04:00 [INF] [OpenFreqClient.Services.OpenFreqService] PTT end: Knight (974e1818-726d-46c2-a454-05ba12f6d736) on 339.750 MHz, released
2026-09-26 15:07:31.131 -04:00 [INF] [OpenFreqClient.Services.OpenFreqService] PTT start: Knight (974e1818-726d-46c2-a454-05ba12f6d736) on 339.750 MHz, 2D
2026-09-26 15:07:31.148 -04:00 [INF] [OpenFreq.Common.RtpJitterBuffer] Transmission gap detected (1052ms RTP delta), resetting jitter measurement
2026-09-26 15:07:31.224 -04:00 [WRN] [OpenFreqAudio.RadioPlayback] Stream 974e1818-726d-46c2-a454-05ba12f6d736:339750 on 339.750 MHz had no samples for 10.0 ms
2026-09-26 15:07:31.388 -04:00 [INF] [OpenFreqClient.Services.OpenFreqService] PTT end: Rain (48c829fa-694d-48c8-987a-a559eb15e8f5) on 339.750 MHz, released
2026-09-26 15:07:32.276 -04:00 [INF] [OpenFreq.Common.RtpJitterBufferPool] New RTP source: SSRC=6597AECC
2026-09-26 15:07:32.276 -04:00 [INF] [OpenFreqClient.Services.OpenFreqService] PTT start: Stevie (32672fdf-be5f-4fe3-b8ad-00410fd1b909) on 339.750 MHz, 2D
2026-09-26 15:07:32.276 -04:00 [INF] [OpenFreq.Common.RtpJitterBuffer] Manual buffer size: 150ms
2026-09-26 15:07:32.276 -04:00 [INF] [OpenFreq.Common.RtpAudioReceiver] Source joined:  SSRC=6597AECC
2026-09-26 15:07:32.276 -04:00 [INF] [OpenFreq.Common.RtpJitterBuffer] Initialized: buffer=150ms
2026-09-26 15:07:32.453 -04:00 [WRN] [OpenFreqAudio.RadioPlayback] Stream 32672fdf-be5f-4fe3-b8ad-00410fd1b909:339750 on 339.750 MHz had no samples for 9.5 ms
2026-09-26 15:07:32.873 -04:00 [INF] [OpenFreqClient.Services.OpenFreqService] PTT end: Stevie (32672fdf-be5f-4fe3-b8ad-00410fd1b909) on 339.750 MHz, released
2026-09-26 15:07:33.328 -04:00 [INF] [OpenFreqClient.Services.OpenFreqService] PTT end: Knight (974e1818-726d-46c2-a454-05ba12f6d736) on 339.750 MHz, released
2026-09-26 15:07:34.747 -04:00 [INF] [OpenFreqClient.Services.OpenFreqService] PTT start: Joe (c56f5c33-10e6-473d-96e0-90de94b49519) on 339.750 MHz, 2D
2026-09-26 15:07:34.764 -04:00 [INF] [OpenFreq.Common.RtpJitterBufferPool] New RTP source: SSRC=2C22CB47
2026-09-26 15:07:34.764 -04:00 [INF] [OpenFreq.Common.RtpJitterBuffer] Manual buffer size: 150ms
2026-09-26 15:07:34.764 -04:00 [INF] [OpenFreq.Common.RtpAudioReceiver] Source joined:  SSRC=2C22CB47
2026-09-26 15:07:34.764 -04:00 [INF] [OpenFreq.Common.RtpJitterBuffer] Initialized: buffer=150ms
2026-09-26 15:07:35.740 -04:00 [INF] [OpenFreqClient.Services.OpenFreqService] PTT end: Joe (c56f5c33-10e6-473d-96e0-90de94b49519) on 339.750 MHz, released
2026-09-26 15:07:38.635 -04:00 [INF] [OpenFreqClient.Services.OpenFreqService] PTT start: Alligator (f39dd749-39ff-4df4-bec7-f23cc154d1a8) on 339.750 MHz, 2D
2026-09-26 15:07:38.651 -04:00 [INF] [OpenFreq.Common.RtpJitterBuffer] Transmission gap detected (15423ms RTP delta), resetting jitter measurement
2026-09-26 15:07:39.012 -04:00 [INF] [OpenFreqClient.Services.OpenFreqService] PTT start: Rain (48c829fa-694d-48c8-987a-a559eb15e8f5) on 339.750 MHz, 2D
2026-09-26 15:07:39.027 -04:00 [INF] [OpenFreq.Common.RtpJitterBuffer] Transmission gap detected (7646ms RTP delta), resetting jitter measurement
2026-09-26 15:07:39.279 -04:00 [INF] [OpenFreqClient.Services.OpenFreqService] PTT end: Rain (48c829fa-694d-48c8-987a-a559eb15e8f5) on 339.750 MHz, released
2026-09-26 15:07:39.319 -04:00 [INF] [OpenFreqClient.Services.OpenFreqService] PTT end: Alligator (f39dd749-39ff-4df4-bec7-f23cc154d1a8) on 339.750 MHz, released
2026-09-26 15:07:39.700 -04:00 [INF] [OpenFreqClient.Services.OpenFreqService] PTT start: Rain (48c829fa-694d-48c8-987a-a559eb15e8f5) on 339.750 MHz, 2D
2026-09-26 15:07:40.804 -04:00 [INF] [OpenFreqClient.Services.OpenFreqService] PTT end: Rain (48c829fa-694d-48c8-987a-a559eb15e8f5) on 339.750 MHz, released
2026-09-26 15:07:43.068 -04:00 [INF] [OpenFreqClient.Services.OpenFreqService] PTT start: Joe (c56f5c33-10e6-473d-96e0-90de94b49519) on 339.750 MHz, 2D
2026-09-26 15:07:43.081 -04:00 [INF] [OpenFreq.Common.RtpJitterBuffer] Transmission gap detected (7364ms RTP delta), resetting jitter measurement
2026-09-26 15:07:43.256 -04:00 [INF] [OpenFreqClient.Services.OpenFreqService] PTT start: Alligator (f39dd749-39ff-4df4-bec7-f23cc154d1a8) on 339.750 MHz, 2D
2026-09-26 15:07:43.293 -04:00 [INF] [OpenFreq.Common.RtpJitterBuffer] Transmission gap detected (3959ms RTP delta), resetting jitter measurement
2026-09-26 15:07:43.921 -04:00 [INF] [OpenFreqClient.Services.OpenFreqService] PTT end: Joe (c56f5c33-10e6-473d-96e0-90de94b49519) on 339.750 MHz, released
2026-09-26 15:07:43.940 -04:00 [INF] [OpenFreqClient.Services.OpenFreqService] PTT end: Alligator (f39dd749-39ff-4df4-bec7-f23cc154d1a8) on 339.750 MHz, released
2026-09-26 15:07:44.337 -04:00 [INF] [OpenFreqClient.Services.OpenFreqService] PTT start: Stevie (32672fdf-be5f-4fe3-b8ad-00410fd1b909) on 339.750 MHz, 2D
2026-09-26 15:07:44.348 -04:00 [INF] [OpenFreq.Common.RtpJitterBuffer] Transmission gap detected (11480ms RTP delta), resetting jitter measurement
2026-09-26 15:07:45.723 -04:00 [INF] [OpenFreqClient.Services.OpenFreqService] PTT end: Stevie (32672fdf-be5f-4fe3-b8ad-00410fd1b909) on 339.750 MHz, released
2026-09-26 15:07:46.251 -04:00 [INF] [OpenFreqClient.Services.OpenFreqService] PTT start: Alligator (f39dd749-39ff-4df4-bec7-f23cc154d1a8) on 339.750 MHz, 2D
2026-09-26 15:07:46.263 -04:00 [INF] [OpenFreqClient.Services.OpenFreqService] PTT start: Knight (974e1818-726d-46c2-a454-05ba12f6d736) on 339.750 MHz, 2D
2026-09-26 15:07:46.269 -04:00 [INF] [OpenFreq.Common.RtpJitterBuffer] Transmission gap detected (12943ms RTP delta), resetting jitter measurement
2026-09-26 15:07:46.281 -04:00 [INF] [OpenFreq.Common.RtpJitterBuffer] Transmission gap detected (2337ms RTP delta), resetting jitter measurement
2026-09-26 15:07:46.334 -04:00 [WRN] [OpenFreqAudio.RadioPlayback] Stream f39dd749-39ff-4df4-bec7-f23cc154d1a8:339750 on 339.750 MHz had no samples for 10.0 ms
2026-09-26 15:07:46.334 -04:00 [WRN] [OpenFreqAudio.RadioPlayback] Stream 974e1818-726d-46c2-a454-05ba12f6d736:339750 on 339.750 MHz had no samples for 10.0 ms
2026-09-26 15:07:47.984 -04:00 [INF] [OpenFreqClient.Services.OpenFreqService] PTT end: Knight (974e1818-726d-46c2-a454-05ba12f6d736) on 339.750 MHz, released
2026-09-26 15:07:48.137 -04:00 [INF] [OpenFreqClient.Services.OpenFreqService] PTT start: Knight (974e1818-726d-46c2-a454-05ba12f6d736) on 339.750 MHz, 2D
2026-09-26 15:07:49.093 -04:00 [INF] [OpenFreqClient.Services.OpenFreqService] PTT end: Knight (974e1818-726d-46c2-a454-05ba12f6d736) on 339.750 MHz, released
2026-09-26 15:07:49.501 -04:00 [INF] [OpenFreqClient.Services.OpenFreqService] PTT start: Rain (48c829fa-694d-48c8-987a-a559eb15e8f5) on 339.750 MHz, 2D
2026-09-26 15:07:49.509 -04:00 [INF] [OpenFreq.Common.RtpJitterBuffer] Transmission gap detected (8715ms RTP delta), resetting jitter measurement
2026-09-26 15:07:49.584 -04:00 [WRN] [OpenFreqAudio.RadioPlayback] Stream 48c829fa-694d-48c8-987a-a559eb15e8f5:339750 on 339.750 MHz had no samples for 10.0 ms
2026-09-26 15:07:49.735 -04:00 [INF] [OpenFreqClient.Services.OpenFreqService] PTT end: Rain (48c829fa-694d-48c8-987a-a559eb15e8f5) on 339.750 MHz, released
2026-09-26 15:07:50.092 -04:00 [INF] [OpenFreqClient.Services.OpenFreqService] PTT end: Alligator (f39dd749-39ff-4df4-bec7-f23cc154d1a8) on 339.750 MHz, released
2026-09-26 15:07:50.391 -04:00 [INF] [OpenFreqClient.Services.OpenFreqService] PTT start: Rain (48c829fa-694d-48c8-987a-a559eb15e8f5) on 339.750 MHz, 2D
2026-09-26 15:07:50.418 -04:00 [INF] [OpenFreq.Common.RtpJitterBuffer] Transmission gap detected (681ms RTP delta), resetting jitter measurement
2026-09-26 15:07:52.880 -04:00 [INF] [OpenFreqClient.Services.OpenFreqService] PTT end: Rain (48c829fa-694d-48c8-987a-a559eb15e8f5) on 339.750 MHz, released
2026-09-26 15:07:55.973 -04:00 [INF] [OpenFreqClient.Services.OpenFreqService] PTT start: Stevie (32672fdf-be5f-4fe3-b8ad-00410fd1b909) on 339.750 MHz, 2D
2026-09-26 15:07:55.984 -04:00 [INF] [OpenFreq.Common.RtpJitterBuffer] Transmission gap detected (10280ms RTP delta), resetting jitter measurement
2026-09-26 15:07:56.248 -04:00 [INF] [OpenFreqClient.Services.OpenFreqService] PTT start: Alligator (f39dd749-39ff-4df4-bec7-f23cc154d1a8) on 339.750 MHz, 2D
2026-09-26 15:07:56.264 -04:00 [INF] [OpenFreq.Common.RtpJitterBuffer] Transmission gap detected (6175ms RTP delta), resetting jitter measurement
2026-09-26 15:07:56.334 -04:00 [WRN] [OpenFreqAudio.RadioPlayback] Stream f39dd749-39ff-4df4-bec7-f23cc154d1a8:339750 on 339.750 MHz had no samples for 10.0 ms
2026-09-26 15:07:57.602 -04:00 [INF] [OpenFreqClient.Services.OpenFreqService] PTT end: Alligator (f39dd749-39ff-4df4-bec7-f23cc154d1a8) on 339.750 MHz, released
2026-09-26 15:08:01.123 -04:00 [INF] [OpenFreqClient.Services.OpenFreqService] PTT end: Stevie (32672fdf-be5f-4fe3-b8ad-00410fd1b909) on 339.750 MHz, released
2026-09-26 15:08:05.807 -04:00 [INF] [OpenFreqClient.Services.OpenFreqService] PTT start: Knight (974e1818-726d-46c2-a454-05ba12f6d736) on 339.750 MHz, 2D
2026-09-26 15:08:05.824 -04:00 [INF] [OpenFreq.Common.RtpJitterBuffer] Transmission gap detected (16754ms RTP delta), resetting jitter measurement
2026-09-26 15:08:06.018 -04:00 [WRN] [OpenFreqAudio.RadioPlayback] Stream 974e1818-726d-46c2-a454-05ba12f6d736:339750 on 339.750 MHz had no samples for 13.5 ms
2026-09-26 15:08:06.547 -04:00 [INF] [OpenFreqClient.Services.OpenFreqService] PTT end: Knight (974e1818-726d-46c2-a454-05ba12f6d736) on 339.750 MHz, released
2026-09-26 15:08:10.952 -04:00 [INF] [OpenFreqClient.Services.OpenFreqService] PTT start: Woody (e0977389-35b0-4d0f-997f-3c6be3e6f5f5) on 339.750 MHz, 2D
2026-09-26 15:08:10.958 -04:00 [INF] [OpenFreq.Common.RtpJitterBufferPool] New RTP source: SSRC=365CD622
2026-09-26 15:08:10.959 -04:00 [INF] [OpenFreq.Common.RtpJitterBuffer] Manual buffer size: 150ms
2026-09-26 15:08:10.959 -04:00 [INF] [OpenFreq.Common.RtpAudioReceiver] Source joined:  SSRC=365CD622
2026-09-26 15:08:10.959 -04:00 [INF] [OpenFreq.Common.RtpJitterBuffer] Initialized: buffer=150ms
2026-09-26 15:08:10.983 -04:00 [INF] [OpenFreqClient.Services.OpenFreqService] PTT start: Stevie (32672fdf-be5f-4fe3-b8ad-00410fd1b909) on 339.750 MHz, 2D
2026-09-26 15:08:10.994 -04:00 [INF] [OpenFreq.Common.RtpJitterBuffer] Transmission gap detected (9888ms RTP delta), resetting jitter measurement
2026-09-26 15:08:11.129 -04:00 [WRN] [OpenFreqAudio.RadioPlayback] Stream 32672fdf-be5f-4fe3-b8ad-00410fd1b909:339750 on 339.750 MHz had no samples for 10.0 ms
2026-09-26 15:08:11.632 -04:00 [INF] [OpenFreqClient.Services.OpenFreqService] PTT start: Miner 1-1 (7c54ae18-74fa-45f3-b6a9-377a5574b95b) on 339.750 MHz, 2D
2026-09-26 15:08:11.647 -04:00 [INF] [OpenFreq.Common.RtpJitterBufferPool] New RTP source: SSRC=3EB49D5B
2026-09-26 15:08:11.648 -04:00 [INF] [OpenFreq.Common.RtpJitterBuffer] Manual buffer size: 150ms
2026-09-26 15:08:11.648 -04:00 [INF] [OpenFreq.Common.RtpAudioReceiver] Source joined:  SSRC=3EB49D5B
2026-09-26 15:08:11.648 -04:00 [INF] [OpenFreq.Common.RtpJitterBuffer] Initialized: buffer=150ms
2026-09-26 15:08:11.658 -04:00 [INF] [OpenFreqClient.Services.OpenFreqService] PTT end: Stevie (32672fdf-be5f-4fe3-b8ad-00410fd1b909) on 339.750 MHz, released
2026-09-26 15:08:11.909 -04:00 [WRN] [OpenFreqAudio.RadioPlayback] Stream 7c54ae18-74fa-45f3-b6a9-377a5574b95b:339750 on 339.750 MHz had no samples for 10.0 ms
2026-09-26 15:08:12.202 -04:00 [INF] [OpenFreqClient.Services.OpenFreqService] PTT end: Miner 1-1 (7c54ae18-74fa-45f3-b6a9-377a5574b95b) on 339.750 MHz, released
2026-09-26 15:08:12.479 -04:00 [INF] [OpenFreqClient.Services.OpenFreqService] PTT start: Knight (974e1818-726d-46c2-a454-05ba12f6d736) on 339.750 MHz, 2D
2026-09-26 15:08:12.497 -04:00 [INF] [OpenFreq.Common.RtpJitterBuffer] Transmission gap detected (5951ms RTP delta), resetting jitter measurement
2026-09-26 15:08:12.560 -04:00 [INF] [OpenFreqClient.Services.OpenFreqService] PTT end: Woody (e0977389-35b0-4d0f-997f-3c6be3e6f5f5) on 339.750 MHz, released
2026-09-26 15:08:13.492 -04:00 [INF] [OpenFreqClient.Services.OpenFreqService] PTT end: Knight (974e1818-726d-46c2-a454-05ba12f6d736) on 339.750 MHz, released
2026-09-26 15:08:14.158 -04:00 [INF] [OpenFreq.Common.RtpJitterBuffer] Transmission gap detected (1955ms RTP delta), resetting jitter measurement
2026-09-26 15:08:14.158 -04:00 [INF] [OpenFreqClient.Services.OpenFreqService] PTT start: Miner 1-1 (7c54ae18-74fa-45f3-b6a9-377a5574b95b) on 339.750 MHz, 2D
2026-09-26 15:08:14.517 -04:00 [INF] [OpenFreqClient.Services.OpenFreqService] PTT end: Miner 1-1 (7c54ae18-74fa-45f3-b6a9-377a5574b95b) on 339.750 MHz, released
2026-09-26 15:08:16.181 -04:00 [INF] [OpenFreqClient.Services.OpenFreqService] PTT start: Knight (974e1818-726d-46c2-a454-05ba12f6d736) on 339.750 MHz, 2D
2026-09-26 15:08:16.196 -04:00 [INF] [OpenFreq.Common.RtpJitterBuffer] Transmission gap detected (2723ms RTP delta), resetting jitter measurement
2026-09-26 15:08:18.584 -04:00 [INF] [OpenFreqClient.Services.OpenFreqService] PTT end: Knight (974e1818-726d-46c2-a454-05ba12f6d736) on 339.750 MHz, released
2026-09-26 15:08:20.645 -04:00 [INF] [OpenFreqClient.Services.OpenFreqService] PTT start: Miner 1-1 (7c54ae18-74fa-45f3-b6a9-377a5574b95b) on 339.750 MHz, 2D
2026-09-26 15:08:20.645 -04:00 [INF] [OpenFreq.Common.RtpJitterBuffer] Transmission gap detected (6143ms RTP delta), resetting jitter measurement
2026-09-26 15:08:21.887 -04:00 [INF] [OpenFreq.Common.RtpJitterBuffer] Late arrival (114ms past slot) — buffer 48→192ms
2026-09-26 15:08:21.902 -04:00 [INF] [OpenFreqClient.Services.OpenFreqService] PTT end: Miner 1-1 (7c54ae18-74fa-45f3-b6a9-377a5574b95b) on 339.750 MHz, released
2026-09-26 15:08:22.104 -04:00 [INF] [OpenFreqClient.Services.OpenFreqService] PTT start: Miner 1-1 (7c54ae18-74fa-45f3-b6a9-377a5574b95b) on 339.750 MHz, 2D
2026-09-26 15:08:22.515 -04:00 [INF] [OpenFreq.Common.RtpJitterBuffer] Late arrival (121ms past slot) — buffer 177→328ms
2026-09-26 15:08:23.265 -04:00 [INF] [OpenFreq.Common.RtpJitterBuffer] Late arrival (78ms past slot) — buffer 310→418ms
2026-09-26 15:08:23.908 -04:00 [INF] [OpenFreq.Common.RtpJitterBuffer] Late arrival (13ms past slot) — buffer 418→461ms
2026-09-26 15:08:23.909 -04:00 [INF] [OpenFreqClient.Services.OpenFreqService] PTT end: Miner 1-1 (7c54ae18-74fa-45f3-b6a9-377a5574b95b) on 339.750 MHz, released
2026-09-26 15:08:24.010 -04:00 [WRN] [OpenFreqAudio.RadioPlayback] Stream 7c54ae18-74fa-45f3-b6a9-377a5574b95b:339750 on 339.750 MHz had no samples for 11.0 ms
2026-09-26 15:08:24.450 -04:00 [INF] [OpenFreqClient.Services.OpenFreqService] PTT start: Woody (e0977389-35b0-4d0f-997f-3c6be3e6f5f5) on 339.750 MHz, 2D
2026-09-26 15:08:24.470 -04:00 [INF] [OpenFreq.Common.RtpJitterBuffer] Transmission gap detected (11930ms RTP delta), resetting jitter measurement
2026-09-26 15:08:24.699 -04:00 [WRN] [OpenFreqAudio.RadioPlayback] Stream e0977389-35b0-4d0f-997f-3c6be3e6f5f5:339750 on 339.750 MHz had no samples for 10.0 ms
2026-09-26 15:08:25.758 -04:00 [INF] [OpenFreqClient.Services.OpenFreqService] PTT end: Woody (e0977389-35b0-4d0f-997f-3c6be3e6f5f5) on 339.750 MHz, released
2026-09-26 15:08:27.702 -04:00 [INF] [OpenFreq.Common.RtpJitterBuffer] Transmission gap detected (4016ms RTP delta), resetting jitter measurement
2026-09-26 15:08:27.811 -04:00 [INF] [OpenFreq.Common.RtpJitterBuffer] Late arrival (137ms past slot) — buffer 27→193ms
2026-09-26 15:08:27.811 -04:00 [INF] [OpenFreq.Common.RtpJitterBuffer] Transmission gap detected (9063ms RTP delta), resetting jitter measurement
2026-09-26 15:08:28.031 -04:00 [INF] [OpenFreq.Common.RtpJitterBuffer] Late arrival (135ms past slot) — buffer 188→353ms
2026-09-26 15:08:28.031 -04:00 [INF] [OpenFreqClient.Services.OpenFreqService] PTT start: Miner 1-1 (7c54ae18-74fa-45f3-b6a9-377a5574b95b) on 339.750 MHz, 2D
2026-09-26 15:08:28.031 -04:00 [INF] [OpenFreqClient.Services.OpenFreqService] PTT start: Knight (974e1818-726d-46c2-a454-05ba12f6d736) on 339.750 MHz, 2D
2026-09-26 15:08:28.279 -04:00 [INF] [OpenFreqClient.Services.OpenFreqService] PTT end: Miner 1-1 (7c54ae18-74fa-45f3-b6a9-377a5574b95b) on 339.750 MHz, released
2026-09-26 15:08:29.400 -04:00 [INF] [OpenFreqClient.Services.OpenFreqService] PTT end: Knight (974e1818-726d-46c2-a454-05ba12f6d736) on 339.750 MHz, released
2026-09-26 15:08:29.559 -04:00 [INF] [OpenFreqClient.Services.OpenFreqService] PTT start: Woody (e0977389-35b0-4d0f-997f-3c6be3e6f5f5) on 339.750 MHz, 2D
2026-09-26 15:08:29.585 -04:00 [INF] [OpenFreq.Common.RtpJitterBuffer] Transmission gap detected (3825ms RTP delta), resetting jitter measurement
2026-09-26 15:08:30.323 -04:00 [INF] [OpenFreqClient.Services.OpenFreqService] PTT start: Miner 1-1 (7c54ae18-74fa-45f3-b6a9-377a5574b95b) on 339.750 MHz, 2D
2026-09-26 15:08:30.344 -04:00 [INF] [OpenFreq.Common.RtpJitterBuffer] Transmission gap detected (2431ms RTP delta), resetting jitter measurement
2026-09-26 15:08:31.297 -04:00 [INF] [OpenFreqClient.Services.OpenFreqService] PTT end: Miner 1-1 (7c54ae18-74fa-45f3-b6a9-377a5574b95b) on 339.750 MHz, released
2026-09-26 15:08:31.798 -04:00 [INF] [OpenFreqClient.Services.OpenFreqService] PTT end: Woody (e0977389-35b0-4d0f-997f-3c6be3e6f5f5) on 339.750 MHz, released
2026-09-26 15:08:32.934 -04:00 [INF] [OpenFreqClient.Services.OpenFreqService] PTT start: Knight (974e1818-726d-46c2-a454-05ba12f6d736) on 339.750 MHz, 2D
2026-09-26 15:08:32.946 -04:00 [INF] [OpenFreq.Common.RtpJitterBuffer] Transmission gap detected (3569ms RTP delta), resetting jitter measurement
2026-09-26 15:08:36.759 -04:00 [INF] [OpenFreqClient.Services.OpenFreqService] PTT end: Knight (974e1818-726d-46c2-a454-05ba12f6d736) on 339.750 MHz, released
2026-09-26 15:08:37.355 -04:00 [INF] [OpenFreqClient.Services.OpenFreqService] PTT start: Useless (2c7de423-e66c-4a70-a299-d21d207cd0ed) on 339.750 MHz, 2D
2026-09-26 15:08:37.402 -04:00 [INF] [OpenFreq.Common.RtpJitterBufferPool] New RTP source: SSRC=5FC1A72A
2026-09-26 15:08:37.402 -04:00 [INF] [OpenFreq.Common.RtpJitterBuffer] Manual buffer size: 150ms
2026-09-26 15:08:37.402 -04:00 [INF] [OpenFreq.Common.RtpAudioReceiver] Source joined:  SSRC=5FC1A72A
2026-09-26 15:08:37.402 -04:00 [INF] [OpenFreq.Common.RtpJitterBuffer] Initialized: buffer=150ms
2026-09-26 15:08:38.572 -04:00 [INF] [OpenFreqClient.Services.OpenFreqService] PTT end: Useless (2c7de423-e66c-4a70-a299-d21d207cd0ed) on 339.750 MHz, released
2026-09-26 15:08:40.514 -04:00 [INF] [OpenFreqClient.Services.OpenFreqService] PTT start: Blue (f23a2329-cca9-4d8f-bdda-384ea4044d35) on 339.750 MHz, 2D
2026-09-26 15:08:40.530 -04:00 [INF] [OpenFreq.Common.RtpJitterBufferPool] New RTP source: SSRC=0B8FB835
2026-09-26 15:08:40.530 -04:00 [INF] [OpenFreq.Common.RtpJitterBuffer] Manual buffer size: 150ms
2026-09-26 15:08:40.530 -04:00 [INF] [OpenFreq.Common.RtpAudioReceiver] Source joined:  SSRC=0B8FB835
2026-09-26 15:08:40.530 -04:00 [INF] [OpenFreq.Common.RtpJitterBuffer] Initialized: buffer=150ms
2026-09-26 15:08:40.832 -04:00 [INF] [OpenFreqClient.Services.OpenFreqService] PTT start: Alligator (f39dd749-39ff-4df4-bec7-f23cc154d1a8) on 339.750 MHz, 2D
2026-09-26 15:08:40.844 -04:00 [INF] [OpenFreq.Common.RtpJitterBuffer] Transmission gap detected (43244ms RTP delta), resetting jitter measurement
2026-09-26 15:08:41.889 -04:00 [INF] [OpenFreqClient.Services.OpenFreqService] PTT end: Alligator (f39dd749-39ff-4df4-bec7-f23cc154d1a8) on 339.750 MHz, released
2026-09-26 15:08:42.042 -04:00 [INF] [OpenFreqClient.Services.OpenFreqService] PTT end: Blue (f23a2329-cca9-4d8f-bdda-384ea4044d35) on 339.750 MHz, released
2026-09-26 15:08:43.907 -04:00 [INF] [OpenFreqClient.Services.OpenFreqService] PTT start: Knight (974e1818-726d-46c2-a454-05ba12f6d736) on 339.750 MHz, 2D
2026-09-26 15:08:43.925 -04:00 [INF] [OpenFreq.Common.RtpJitterBuffer] Transmission gap detected (7172ms RTP delta), resetting jitter measurement
2026-09-26 15:08:44.568 -04:00 [WRN] [OpenFreqAudio.RadioPlayback] Stream 974e1818-726d-46c2-a454-05ba12f6d736:339750 on 339.750 MHz had no samples for 10.5 ms
2026-09-26 15:08:45.102 -04:00 [INF] [OpenFreqClient.Services.OpenFreqService] PTT end: Knight (974e1818-726d-46c2-a454-05ba12f6d736) on 339.750 MHz, released
2026-09-26 15:08:45.969 -04:00 [INF] [OpenFreqClient.Services.OpenFreqService] PTT start: Alligator (f39dd749-39ff-4df4-bec7-f23cc154d1a8) on 339.750 MHz, 2D
2026-09-26 15:08:45.984 -04:00 [INF] [OpenFreq.Common.RtpJitterBuffer] Transmission gap detected (4096ms RTP delta), resetting jitter measurement
2026-09-26 15:08:46.195 -04:00 [INF] [OpenFreqClient.Services.OpenFreqService] PTT start: Miner 1-1 (7c54ae18-74fa-45f3-b6a9-377a5574b95b) on 339.750 MHz, 2D
2026-09-26 15:08:46.226 -04:00 [INF] [OpenFreq.Common.RtpJitterBuffer] Transmission gap detected (14913ms RTP delta), resetting jitter measurement
2026-09-26 15:08:46.608 -04:00 [WRN] [OpenFreqAudio.RadioPlayback] Stream 7c54ae18-74fa-45f3-b6a9-377a5574b95b:339750 on 339.750 MHz had no samples for 10.0 ms
2026-09-26 15:08:47.008 -04:00 [INF] [OpenFreqClient.Services.OpenFreqService] PTT end: Alligator (f39dd749-39ff-4df4-bec7-f23cc154d1a8) on 339.750 MHz, released
2026-09-26 15:08:47.055 -04:00 [INF] [OpenFreqClient.Services.OpenFreqService] PTT start: Stevie (32672fdf-be5f-4fe3-b8ad-00410fd1b909) on 339.750 MHz, 2D
2026-09-26 15:08:47.069 -04:00 [INF] [OpenFreq.Common.RtpJitterBuffer] Transmission gap detected (35432ms RTP delta), resetting jitter measurement
2026-09-26 15:08:47.276 -04:00 [INF] [OpenFreq.Common.RtpJitterBuffer] Late arrival (43ms past slot) — buffer 355→429ms
2026-09-26 15:08:47.281 -04:00 [INF] [OpenFreqClient.Services.OpenFreqService] PTT end: Miner 1-1 (7c54ae18-74fa-45f3-b6a9-377a5574b95b) on 339.750 MHz, released
2026-09-26 15:08:48.428 -04:00 [INF] [OpenFreqClient.Services.OpenFreqService] PTT end: Stevie (32672fdf-be5f-4fe3-b8ad-00410fd1b909) on 339.750 MHz, released
2026-09-26 15:08:49.850 -04:00 [INF] [OpenFreqClient.Services.OpenFreqService] PTT start: Alligator (f39dd749-39ff-4df4-bec7-f23cc154d1a8) on 339.750 MHz, 2D
2026-09-26 15:08:49.867 -04:00 [INF] [OpenFreq.Common.RtpJitterBuffer] Transmission gap detected (2858ms RTP delta), resetting jitter measurement
2026-09-26 15:08:49.929 -04:00 [WRN] [OpenFreqAudio.RadioPlayback] Stream f39dd749-39ff-4df4-bec7-f23cc154d1a8:339750 on 339.750 MHz had no samples for 10.0 ms
2026-09-26 15:08:50.209 -04:00 [INF] [OpenFreqClient.Services.OpenFreqService] PTT start: Useless (2c7de423-e66c-4a70-a299-d21d207cd0ed) on 339.750 MHz, 2D
2026-09-26 15:08:50.225 -04:00 [INF] [OpenFreq.Common.RtpJitterBuffer] Transmission gap detected (11661ms RTP delta), resetting jitter measurement
2026-09-26 15:08:50.691 -04:00 [INF] [OpenFreqClient.Services.OpenFreqService] PTT end: Alligator (f39dd749-39ff-4df4-bec7-f23cc154d1a8) on 339.750 MHz, released
2026-09-26 15:08:52.029 -04:00 [INF] [OpenFreqClient.Services.OpenFreqService] PTT end: Useless (2c7de423-e66c-4a70-a299-d21d207cd0ed) on 339.750 MHz, released
2026-09-26 15:08:54.153 -04:00 [INF] [OpenFreqClient.Services.OpenFreqService] PTT start: Kug (77f4187c-e0a3-4dfc-a6ac-bb4a10769ddb) on 339.750 MHz, 2D
2026-09-26 15:08:54.161 -04:00 [INF] [OpenFreq.Common.RtpJitterBufferPool] New RTP source: SSRC=6FCB22C3
2026-09-26 15:08:54.161 -04:00 [INF] [OpenFreq.Common.RtpJitterBuffer] Manual buffer size: 150ms
2026-09-26 15:08:54.161 -04:00 [INF] [OpenFreq.Common.RtpAudioReceiver] Source joined:  SSRC=6FCB22C3
2026-09-26 15:08:54.161 -04:00 [INF] [OpenFreq.Common.RtpJitterBuffer] Initialized: buffer=150ms
2026-09-26 15:08:55.336 -04:00 [INF] [OpenFreqClient.Services.OpenFreqService] PTT end: Kug (77f4187c-e0a3-4dfc-a6ac-bb4a10769ddb) on 339.750 MHz, released
2026-09-26 15:08:57.968 -04:00 [INF] [OpenFreqClient.Services.OpenFreqService] PTT start: Wild (982e2bb0-182d-4217-bce2-d56d6e7b2782) on 339.750 MHz, 2D
2026-09-26 15:08:58.000 -04:00 [INF] [OpenFreq.Common.RtpJitterBufferPool] New RTP source: SSRC=63865412
2026-09-26 15:08:58.001 -04:00 [INF] [OpenFreq.Common.RtpJitterBuffer] Manual buffer size: 150ms
2026-09-26 15:08:58.001 -04:00 [INF] [OpenFreq.Common.RtpAudioReceiver] Source joined:  SSRC=63865412
2026-09-26 15:08:58.001 -04:00 [INF] [OpenFreq.Common.RtpJitterBuffer] Initialized: buffer=150ms
2026-09-26 15:08:58.194 -04:00 [INF] [OpenFreqClient.Services.OpenFreqService] PTT start: Blue (f23a2329-cca9-4d8f-bdda-384ea4044d35) on 339.750 MHz, 2D
2026-09-26 15:08:58.202 -04:00 [INF] [OpenFreqClient.Services.OpenFreqService] PTT start: Knight (974e1818-726d-46c2-a454-05ba12f6d736) on 339.750 MHz, 2D
2026-09-26 15:08:58.213 -04:00 [INF] [OpenFreq.Common.RtpJitterBuffer] Transmission gap detected (16181ms RTP delta), resetting jitter measurement
2026-09-26 15:08:58.214 -04:00 [INF] [OpenFreq.Common.RtpJitterBuffer] Transmission gap detected (13137ms RTP delta), resetting jitter measurement
2026-09-26 15:08:58.549 -04:00 [WRN] [OpenFreqAudio.RadioPlayback] Stream f23a2329-cca9-4d8f-bdda-384ea4044d35:339750 on 339.750 MHz had no samples for 10.5 ms
2026-09-26 15:08:58.892 -04:00 [INF] [OpenFreqClient.Services.OpenFreqService] PTT end: Wild (982e2bb0-182d-4217-bce2-d56d6e7b2782) on 339.750 MHz, released
2026-09-26 15:08:59.029 -04:00 [INF] [OpenFreqClient.Services.OpenFreqService] PTT start: Useless (2c7de423-e66c-4a70-a299-d21d207cd0ed) on 339.750 MHz, 2D
2026-09-26 15:08:59.046 -04:00 [INF] [OpenFreq.Common.RtpJitterBuffer] Transmission gap detected (7021ms RTP delta), resetting jitter measurement
2026-09-26 15:08:59.352 -04:00 [INF] [OpenFreqClient.Services.OpenFreqService] PTT end: Blue (f23a2329-cca9-4d8f-bdda-384ea4044d35) on 339.750 MHz, released
2026-09-26 15:08:59.639 -04:00 [INF] [OpenFreqClient.Services.OpenFreqService] PTT start: Miner 1-1 (7c54ae18-74fa-45f3-b6a9-377a5574b95b) on 339.750 MHz, 2D
2026-09-26 15:08:59.651 -04:00 [INF] [OpenFreq.Common.RtpJitterBuffer] Transmission gap detected (12577ms RTP delta), resetting jitter measurement
2026-09-26 15:09:00.017 -04:00 [INF] [OpenFreqClient.Services.OpenFreqService] PTT end: Miner 1-1 (7c54ae18-74fa-45f3-b6a9-377a5574b95b) on 339.750 MHz, released
2026-09-26 15:09:00.338 -04:00 [WRN] [OpenFreqAudio.RadioPlayback] Stream 7c54ae18-74fa-45f3-b6a9-377a5574b95b:339750 on 339.750 MHz had no samples for 9.5 ms
2026-09-26 15:09:00.400 -04:00 [INF] [OpenFreqClient.Services.OpenFreqService] PTT end: Useless (2c7de423-e66c-4a70-a299-d21d207cd0ed) on 339.750 MHz, released
2026-09-26 15:09:01.556 -04:00 [INF] [OpenFreqClient.Services.OpenFreqService] PTT end: Knight (974e1818-726d-46c2-a454-05ba12f6d736) on 339.750 MHz, released
2026-09-26 15:09:02.939 -04:00 [INF] [OpenFreqClient.Services.OpenFreqService] PTT start: Blue (f23a2329-cca9-4d8f-bdda-384ea4044d35) on 339.750 MHz, 2D
2026-09-26 15:09:02.954 -04:00 [INF] [OpenFreq.Common.RtpJitterBuffer] Transmission gap detected (3624ms RTP delta), resetting jitter measurement
2026-09-26 15:09:03.060 -04:00 [INF] [OpenFreqClient.Services.OpenFreqService] PTT start: Miner 1-1 (7c54ae18-74fa-45f3-b6a9-377a5574b95b) on 339.750 MHz, 2D
2026-09-26 15:09:03.063 -04:00 [INF] [OpenFreq.Common.RtpJitterBuffer] Transmission gap detected (2797ms RTP delta), resetting jitter measurement
2026-09-26 15:09:03.843 -04:00 [INF] [OpenFreq.Common.RtpJitterBuffer] Late arrival (74ms past slot) — buffer 377→482ms
2026-09-26 15:09:03.992 -04:00 [INF] [OpenFreqClient.Services.OpenFreqService] PTT end: Blue (f23a2329-cca9-4d8f-bdda-384ea4044d35) on 339.750 MHz, released
2026-09-26 15:09:05.599 -04:00 [INF] [OpenFreqClient.Services.OpenFreqService] PTT end: Miner 1-1 (7c54ae18-74fa-45f3-b6a9-377a5574b95b) on 339.750 MHz, released
2026-09-26 15:09:06.189 -04:00 [INF] [OpenFreqClient.Services.OpenFreqService] PTT start: Miner 1-1 (7c54ae18-74fa-45f3-b6a9-377a5574b95b) on 339.750 MHz, 2D
2026-09-26 15:09:06.189 -04:00 [INF] [OpenFreqClient.Services.OpenFreqService] PTT end: Miner 1-1 (7c54ae18-74fa-45f3-b6a9-377a5574b95b) on 339.750 MHz, released
2026-09-26 15:09:06.804 -04:00 [INF] [OpenFreq.Common.RtpJitterBuffer] Transmission gap detected (716ms RTP delta), resetting jitter measurement
2026-09-26 15:09:06.804 -04:00 [INF] [OpenFreqClient.Services.OpenFreqService] PTT start: Miner 1-1 (7c54ae18-74fa-45f3-b6a9-377a5574b95b) on 339.750 MHz, 2D
2026-09-26 15:09:07.090 -04:00 [INF] [OpenFreqClient.Services.OpenFreqService] PTT end: Miner 1-1 (7c54ae18-74fa-45f3-b6a9-377a5574b95b) on 339.750 MHz, released
2026-09-26 15:09:08.899 -04:00 [INF] [OpenFreqClient.Services.OpenFreqService] PTT start: Alligator (f39dd749-39ff-4df4-bec7-f23cc154d1a8) on 339.750 MHz, 2D
2026-09-26 15:09:08.913 -04:00 [INF] [OpenFreq.Common.RtpJitterBuffer] Transmission gap detected (18230ms RTP delta), resetting jitter measurement
2026-09-26 15:09:09.003 -04:00 [INF] [OpenFreq.Common.RtpJitterBuffer] Late arrival (13ms past slot) — buffer 45→88ms
2026-09-26 15:09:12.498 -04:00 [INF] [OpenFreqClient.Services.OpenFreqService] PTT end: Alligator (f39dd749-39ff-4df4-bec7-f23cc154d1a8) on 339.750 MHz, released
2026-09-26 15:09:12.726 -04:00 [INF] [OpenFreqClient.Services.OpenFreqService] PTT start: Stevie (32672fdf-be5f-4fe3-b8ad-00410fd1b909) on 339.750 MHz, 2D
2026-09-26 15:09:12.758 -04:00 [INF] [OpenFreq.Common.RtpJitterBuffer] Transmission gap detected (24324ms RTP delta), resetting jitter measurement
2026-09-26 15:09:13.531 -04:00 [INF] [OpenFreq.Common.RtpJitterBuffer] Late arrival (20ms past slot) — buffer 31→81ms
2026-09-26 15:09:15.160 -04:00 [INF] [OpenFreqClient.Services.OpenFreqService] PTT end: Stevie (32672fdf-be5f-4fe3-b8ad-00410fd1b909) on 339.750 MHz, released
2026-09-26 15:09:15.441 -04:00 [INF] [OpenFreq.Common.RtpJitterBuffer] Transmission gap detected (13877ms RTP delta), resetting jitter measurement
2026-09-26 15:09:15.451 -04:00 [INF] [OpenFreqClient.Services.OpenFreqService] PTT start: Knight (974e1818-726d-46c2-a454-05ba12f6d736) on 339.750 MHz, 2D
2026-09-26 15:09:15.693 -04:00 [INF] [OpenFreq.Common.RtpJitterBuffer] Late arrival (58ms past slot) — buffer 33→120ms
2026-09-26 15:09:16.346 -04:00 [INF] [OpenFreqClient.Services.OpenFreqService] PTT start: Miner 1-1 (7c54ae18-74fa-45f3-b6a9-377a5574b95b) on 339.750 MHz, 2D
2026-09-26 15:09:16.372 -04:00 [INF] [OpenFreq.Common.RtpJitterBuffer] Transmission gap detected (9271ms RTP delta), resetting jitter measurement
2026-09-26 15:09:16.683 -04:00 [INF] [OpenFreqClient.Services.OpenFreqService] PTT end: Knight (974e1818-726d-46c2-a454-05ba12f6d736) on 339.750 MHz, released
2026-09-26 15:09:16.848 -04:00 [INF] [OpenFreqClient.Services.OpenFreqService] PTT end: Miner 1-1 (7c54ae18-74fa-45f3-b6a9-377a5574b95b) on 339.750 MHz, released
2026-09-26 15:09:17.733 -04:00 [INF] [OpenFreqClient.Services.OpenFreqService] PTT start: Razgriz (9ee0b811-d7a3-4388-b330-5035e9bc334e) on 339.750 MHz, 2D
2026-09-26 15:09:17.773 -04:00 [INF] [OpenFreq.Common.RtpJitterBufferPool] New RTP source: SSRC=32C7C971
2026-09-26 15:09:17.773 -04:00 [INF] [OpenFreq.Common.RtpJitterBuffer] Manual buffer size: 150ms
2026-09-26 15:09:17.773 -04:00 [INF] [OpenFreq.Common.RtpAudioReceiver] Source joined:  SSRC=32C7C971
2026-09-26 15:09:17.773 -04:00 [INF] [OpenFreq.Common.RtpJitterBuffer] Initialized: buffer=150ms
2026-09-26 15:09:17.867 -04:00 [INF] [OpenFreqClient.Services.OpenFreqService] PTT start: Rain (48c829fa-694d-48c8-987a-a559eb15e8f5) on 339.750 MHz, 2D
2026-09-26 15:09:17.884 -04:00 [INF] [OpenFreq.Common.RtpJitterBuffer] Transmission gap detected (85006ms RTP delta), resetting jitter measurement
2026-09-26 15:09:18.978 -04:00 [WRN] [OpenFreqAudio.RadioPlayback] Stream 48c829fa-694d-48c8-987a-a559eb15e8f5:339750 on 339.750 MHz had no samples for 10.0 ms
2026-09-26 15:09:19.029 -04:00 [INF] [OpenFreqClient.Services.OpenFreqService] PTT end: Rain (48c829fa-694d-48c8-987a-a559eb15e8f5) on 339.750 MHz, released
2026-09-26 15:09:19.713 -04:00 [INF] [OpenFreqClient.Services.OpenFreqService] PTT start: Useless (2c7de423-e66c-4a70-a299-d21d207cd0ed) on 339.750 MHz, 2D
2026-09-26 15:09:19.722 -04:00 [INF] [OpenFreq.Common.RtpJitterBuffer] Transmission gap detected (19334ms RTP delta), resetting jitter measurement
2026-09-26 15:09:19.968 -04:00 [WRN] [OpenFreqAudio.RadioPlayback] Stream 2c7de423-e66c-4a70-a299-d21d207cd0ed:339750 on 339.750 MHz had no samples for 10.0 ms
2026-09-26 15:09:20.315 -04:00 [INF] [OpenFreqClient.Services.OpenFreqService] PTT start: Miner 1-1 (7c54ae18-74fa-45f3-b6a9-377a5574b95b) on 339.750 MHz, 2D
2026-09-26 15:09:20.320 -04:00 [INF] [OpenFreq.Common.RtpJitterBuffer] Transmission gap detected (3487ms RTP delta), resetting jitter measurement
2026-09-26 15:09:20.720 -04:00 [INF] [OpenFreq.Common.RtpJitterBuffer] Late arrival (42ms past slot) — buffer 20→92ms
2026-09-26 15:09:20.815 -04:00 [INF] [OpenFreqClient.Services.OpenFreqService] PTT end: Razgriz (9ee0b811-d7a3-4388-b330-5035e9bc334e) on 339.750 MHz, released
2026-09-26 15:09:21.010 -04:00 [INF] [OpenFreqClient.Services.OpenFreqService] PTT end: Miner 1-1 (7c54ae18-74fa-45f3-b6a9-377a5574b95b) on 339.750 MHz, released
2026-09-26 15:09:21.738 -04:00 [INF] [OpenFreqClient.Services.OpenFreqService] PTT end: Useless (2c7de423-e66c-4a70-a299-d21d207cd0ed) on 339.750 MHz, released
2026-09-26 15:09:22.005 -04:00 [INF] [OpenFreqClient.Services.OpenFreqService] PTT start: Knight (974e1818-726d-46c2-a454-05ba12f6d736) on 339.750 MHz, 2D
2026-09-26 15:09:22.026 -04:00 [INF] [OpenFreq.Common.RtpJitterBuffer] Transmission gap detected (5364ms RTP delta), resetting jitter measurement
2026-09-26 15:09:25.093 -04:00 [INF] [OpenFreqClient.ViewModels.SettingsViewModel] Game mode changed to In-game
2026-09-26 15:09:26.181 -04:00 [INF] [OpenFreqClient.Services.OpenFreqService] PTT end: Knight (974e1818-726d-46c2-a454-05ba12f6d736) on 339.750 MHz, released
2026-09-26 15:09:26.635 -04:00 [INF] [OpenFreqClient.Services.OpenFreqService] PTT start: Rain (48c829fa-694d-48c8-987a-a559eb15e8f5) on 339.750 MHz, 2D
2026-09-26 15:09:26.681 -04:00 [INF] [OpenFreq.Common.RtpJitterBuffer] Transmission gap detected (7627ms RTP delta), resetting jitter measurement
2026-09-26 15:09:27.418 -04:00 [INF] [OpenFreqClient.Services.OpenFreqService] PTT start: Razgriz (9ee0b811-d7a3-4388-b330-5035e9bc334e) on 339.750 MHz, 2D
2026-09-26 15:09:27.434 -04:00 [INF] [OpenFreq.Common.RtpJitterBuffer] Transmission gap detected (6628ms RTP delta), resetting jitter measurement
2026-09-26 15:09:28.074 -04:00 [INF] [OpenFreqClient.Services.OpenFreqService] PTT end: Rain (48c829fa-694d-48c8-987a-a559eb15e8f5) on 339.750 MHz, released
2026-09-26 15:09:28.569 -04:00 [INF] [OpenFreqClient.Services.OpenFreqService] PTT start: Useless (2c7de423-e66c-4a70-a299-d21d207cd0ed) on 339.750 MHz, 2D
2026-09-26 15:09:28.588 -04:00 [INF] [OpenFreq.Common.RtpJitterBuffer] Transmission gap detected (6866ms RTP delta), resetting jitter measurement
2026-09-26 15:09:28.597 -04:00 [INF] [OpenFreqClient.Services.OpenFreqService] PTT start: Knight (974e1818-726d-46c2-a454-05ba12f6d736) on 339.750 MHz, 2D
2026-09-26 15:09:28.605 -04:00 [INF] [OpenFreq.Common.RtpJitterBuffer] Transmission gap detected (2445ms RTP delta), resetting jitter measurement
2026-09-26 15:09:28.930 -04:00 [INF] [OpenFreqClient.Services.OpenFreqService] PTT end: Razgriz (9ee0b811-d7a3-4388-b330-5035e9bc334e) on 339.750 MHz, released
2026-09-26 15:09:29.672 -04:00 [INF] [OpenFreqClient.Services.OpenFreqService] PTT start: Razgriz (9ee0b811-d7a3-4388-b330-5035e9bc334e) on 339.750 MHz, 2D
2026-09-26 15:09:29.679 -04:00 [INF] [OpenFreq.Common.RtpJitterBuffer] Transmission gap detected (763ms RTP delta), resetting jitter measurement
2026-09-26 15:09:29.801 -04:00 [INF] [OpenFreqClient.Services.OpenFreqService] PTT end: Knight (974e1818-726d-46c2-a454-05ba12f6d736) on 339.750 MHz, released
2026-09-26 15:09:30.032 -04:00 [INF] [OpenFreqClient.Services.OpenFreqService] PTT start: Knight (974e1818-726d-46c2-a454-05ba12f6d736) on 339.750 MHz, 2D
2026-09-26 15:09:30.298 -04:00 [INF] [OpenFreqClient.Services.OpenFreqService] PTT end: Knight (974e1818-726d-46c2-a454-05ba12f6d736) on 339.750 MHz, released
2026-09-26 15:09:31.055 -04:00 [INF] [OpenFreqClient.Services.OpenFreqService] PTT end: Useless (2c7de423-e66c-4a70-a299-d21d207cd0ed) on 339.750 MHz, released
2026-09-26 15:09:31.171 -04:00 [INF] [OpenFreqClient.Services.OpenFreqService] PTT end: Razgriz (9ee0b811-d7a3-4388-b330-5035e9bc334e) on 339.750 MHz, released
2026-09-26 15:09:31.641 -04:00 [INF] [OpenFreqClient.Services.OpenFreqService] PTT start: Knight (974e1818-726d-46c2-a454-05ba12f6d736) on 339.750 MHz, 2D
2026-09-26 15:09:31.662 -04:00 [INF] [OpenFreq.Common.RtpJitterBuffer] Transmission gap detected (1375ms RTP delta), resetting jitter measurement
2026-09-26 15:09:31.881 -04:00 [INF] [OpenFreq.Common.RtpJitterBuffer] Transmission gap detected (10880ms RTP delta), resetting jitter measurement
2026-09-26 15:09:31.900 -04:00 [INF] [OpenFreqClient.Services.OpenFreqService] PTT start: Miner 1-1 (7c54ae18-74fa-45f3-b6a9-377a5574b95b) on 339.750 MHz, 2D
2026-09-26 15:09:32.669 -04:00 [INF] [OpenFreqClient.Services.OpenFreqService] PTT start: Rain (48c829fa-694d-48c8-987a-a559eb15e8f5) on 339.750 MHz, 2D
2026-09-26 15:09:32.687 -04:00 [INF] [OpenFreq.Common.RtpJitterBuffer] Transmission gap detected (4611ms RTP delta), resetting jitter measurement
2026-09-26 15:09:32.690 -04:00 [INF] [OpenFreqClient.Services.OpenFreqService] PTT end: Knight (974e1818-726d-46c2-a454-05ba12f6d736) on 339.750 MHz, released
2026-09-26 15:09:33.006 -04:00 [INF] [OpenFreqClient.Services.OpenFreqService] PTT end: Miner 1-1 (7c54ae18-74fa-45f3-b6a9-377a5574b95b) on 339.750 MHz, released
2026-09-26 15:09:33.246 -04:00 [INF] [OpenFreqClient.Services.OpenFreqService] PTT end: Rain (48c829fa-694d-48c8-987a-a559eb15e8f5) on 339.750 MHz, released
2026-09-26 15:09:34.723 -04:00 [INF] [OpenFreq.Common.RtpJitterBuffer] Late arrival (176ms past slot) — buffer 144→350ms
2026-09-26 15:09:34.723 -04:00 [INF] [OpenFreq.Common.RtpJitterBuffer] Transmission gap detected (1904ms RTP delta), resetting jitter measurement
2026-09-26 15:09:34.726 -04:00 [INF] [OpenFreqClient.Services.OpenFreqService] PTT start: Miner 1-1 (7c54ae18-74fa-45f3-b6a9-377a5574b95b) on 339.750 MHz, 2D
2026-09-26 15:09:35.293 -04:00 [INF] [OpenFreq.Common.RtpJitterBuffer] Late arrival (108ms past slot) — buffer 323→461ms
2026-09-26 15:09:35.304 -04:00 [INF] [OpenFreqClient.Services.OpenFreqService] PTT end: Miner 1-1 (7c54ae18-74fa-45f3-b6a9-377a5574b95b) on 339.750 MHz, released
2026-09-26 15:09:35.305 -04:00 [INF] [OpenFreqClient.Services.OpenFreqService] PTT start: Miner 1-1 (7c54ae18-74fa-45f3-b6a9-377a5574b95b) on 339.750 MHz, 2D
2026-09-26 15:09:35.668 -04:00 [INF] [OpenFreqClient.Services.OpenFreqService] PTT end: Miner 1-1 (7c54ae18-74fa-45f3-b6a9-377a5574b95b) on 339.750 MHz, released
2026-09-26 15:09:40.719 -04:00 [INF] [OpenFreq.Common.RtpJitterBuffer] Transmission gap detected (8048ms RTP delta), resetting jitter measurement
2026-09-26 15:09:40.719 -04:00 [INF] [OpenFreqClient.Services.OpenFreqService] PTT start: Knight (974e1818-726d-46c2-a454-05ba12f6d736) on 339.750 MHz, 2D
2026-09-26 15:09:41.010 -04:00 [INF] [OpenFreqClient.Services.OpenFreqService] PTT start: Rain (48c829fa-694d-48c8-987a-a559eb15e8f5) on 339.750 MHz, 2D
2026-09-26 15:09:41.038 -04:00 [INF] [OpenFreq.Common.RtpJitterBuffer] Transmission gap detected (7800ms RTP delta), resetting jitter measurement
2026-09-26 15:09:41.214 -04:00 [INF] [OpenFreqClient.Services.OpenFreqService] PTT end: Rain (48c829fa-694d-48c8-987a-a559eb15e8f5) on 339.750 MHz, released
2026-09-26 15:09:42.366 -04:00 [INF] [OpenFreqClient.Services.OpenFreqService] PTT end: Knight (974e1818-726d-46c2-a454-05ba12f6d736) on 339.750 MHz, released
2026-09-26 15:09:42.751 -04:00 [INF] [OpenFreqClient.Services.OpenFreqService] PTT start: Rain (48c829fa-694d-48c8-987a-a559eb15e8f5) on 339.750 MHz, 2D
2026-09-26 15:09:42.770 -04:00 [INF] [OpenFreq.Common.RtpJitterBuffer] Transmission gap detected (1561ms RTP delta), resetting jitter measurement
2026-09-26 15:09:44.144 -04:00 [INF] [OpenFreqClient.Services.OpenFreqService] PTT start: Alligator (f39dd749-39ff-4df4-bec7-f23cc154d1a8) on 339.750 MHz, 2D
2026-09-26 15:09:44.168 -04:00 [INF] [OpenFreq.Common.RtpJitterBuffer] Transmission gap detected (31686ms RTP delta), resetting jitter measurement
2026-09-26 15:09:44.358 -04:00 [INF] [OpenFreqClient.Services.OpenFreqService] PTT start: Miner 1-1 (7c54ae18-74fa-45f3-b6a9-377a5574b95b) on 339.750 MHz, 2D
2026-09-26 15:09:44.386 -04:00 [INF] [OpenFreq.Common.RtpJitterBuffer] Transmission gap detected (8717ms RTP delta), resetting jitter measurement
2026-09-26 15:09:44.431 -04:00 [INF] [OpenFreqClient.Services.OpenFreqService] PTT start: Woody (e0977389-35b0-4d0f-997f-3c6be3e6f5f5) on 339.750 MHz, 2D
2026-09-26 15:09:44.453 -04:00 [INF] [OpenFreq.Common.RtpJitterBuffer] Transmission gap detected (72640ms RTP delta), resetting jitter measurement
2026-09-26 15:09:44.658 -04:00 [INF] [OpenFreqClient.Services.OpenFreqService] PTT end: Alligator (f39dd749-39ff-4df4-bec7-f23cc154d1a8) on 339.750 MHz, released
2026-09-26 15:09:44.761 -04:00 [INF] [OpenFreq.Common.RtpJitterBuffer] Late arrival (20ms past slot) — buffer 48→98ms
2026-09-26 15:09:45.000 -04:00 [INF] [OpenFreqClient.Services.OpenFreqService] PTT end: Miner 1-1 (7c54ae18-74fa-45f3-b6a9-377a5574b95b) on 339.750 MHz, released
2026-09-26 15:09:45.096 -04:00 [INF] [OpenFreqClient.Services.OpenFreqService] PTT end: Rain (48c829fa-694d-48c8-987a-a559eb15e8f5) on 339.750 MHz, released
2026-09-26 15:09:45.946 -04:00 [INF] [OpenFreqClient.Services.OpenFreqService] PTT start: Miner 1-1 (7c54ae18-74fa-45f3-b6a9-377a5574b95b) on 339.750 MHz, 2D
2026-09-26 15:09:45.956 -04:00 [INF] [OpenFreq.Common.RtpJitterBuffer] Transmission gap detected (972ms RTP delta), resetting jitter measurement
2026-09-26 15:09:46.773 -04:00 [INF] [OpenFreqClient.Services.OpenFreqService] PTT end: Woody (e0977389-35b0-4d0f-997f-3c6be3e6f5f5) on 339.750 MHz, released
2026-09-26 15:09:46.778 -04:00 [INF] [OpenFreq.Common.RtpJitterBuffer] Late arrival (26ms past slot) — buffer 98→154ms
2026-09-26 15:09:46.949 -04:00 [INF] [OpenFreqClient.Services.OpenFreqService] PTT end: Miner 1-1 (7c54ae18-74fa-45f3-b6a9-377a5574b95b) on 339.750 MHz, released
2026-09-26 15:09:46.994 -04:00 [INF] [OpenFreqClient.Services.OpenFreqService] PTT start: Woody (e0977389-35b0-4d0f-997f-3c6be3e6f5f5) on 339.750 MHz, 2D
2026-09-26 15:09:47.764 -04:00 [INF] [OpenFreqClient.Services.OpenFreqService] PTT start: Razgriz (9ee0b811-d7a3-4388-b330-5035e9bc334e) on 339.750 MHz, 2D
2026-09-26 15:09:47.778 -04:00 [INF] [OpenFreq.Common.RtpJitterBuffer] Transmission gap detected (16621ms RTP delta), resetting jitter measurement
2026-09-26 15:09:48.916 -04:00 [INF] [OpenFreqClient.Services.OpenFreqService] PTT end: Woody (e0977389-35b0-4d0f-997f-3c6be3e6f5f5) on 339.750 MHz, released
2026-09-26 15:09:49.627 -04:00 [INF] [OpenFreqClient.Services.OpenFreqService] PTT end: Razgriz (9ee0b811-d7a3-4388-b330-5035e9bc334e) on 339.750 MHz, released
2026-09-26 15:09:50.107 -04:00 [INF] [OpenFreqClient.Services.OpenFreqService] PTT start: Miner 1-1 (7c54ae18-74fa-45f3-b6a9-377a5574b95b) on 339.750 MHz, 2D
2026-09-26 15:09:50.127 -04:00 [INF] [OpenFreq.Common.RtpJitterBuffer] Transmission gap detected (3178ms RTP delta), resetting jitter measurement
2026-09-26 15:09:51.225 -04:00 [INF] [OpenFreqClient.Services.OpenFreqService] PTT end: Miner 1-1 (7c54ae18-74fa-45f3-b6a9-377a5574b95b) on 339.750 MHz, released
2026-09-26 15:09:51.915 -04:00 [INF] [OpenFreqClient.Services.OpenFreqService] PTT start: Miner 1-1 (7c54ae18-74fa-45f3-b6a9-377a5574b95b) on 339.750 MHz, 2D
2026-09-26 15:09:51.919 -04:00 [INF] [OpenFreq.Common.RtpJitterBuffer] Transmission gap detected (725ms RTP delta), resetting jitter measurement
2026-09-26 15:09:52.413 -04:00 [INF] [OpenFreqClient.Services.OpenFreqService] PTT end: Miner 1-1 (7c54ae18-74fa-45f3-b6a9-377a5574b95b) on 339.750 MHz, released
2026-09-26 15:09:53.258 -04:00 [INF] [OpenFreqClient.Services.OpenFreqService] PTT start: Alligator (f39dd749-39ff-4df4-bec7-f23cc154d1a8) on 339.750 MHz, 2D
2026-09-26 15:09:53.282 -04:00 [INF] [OpenFreq.Common.RtpJitterBuffer] Transmission gap detected (8612ms RTP delta), resetting jitter measurement
2026-09-26 15:09:53.520 -04:00 [INF] [OpenFreqClient.Services.OpenFreqService] PTT start: Razgriz (9ee0b811-d7a3-4388-b330-5035e9bc334e) on 339.750 MHz, 2D
2026-09-26 15:09:53.537 -04:00 [INF] [OpenFreq.Common.RtpJitterBuffer] Transmission gap detected (3918ms RTP delta), resetting jitter measurement
2026-09-26 15:09:54.125 -04:00 [INF] [OpenFreqClient.Services.OpenFreqService] PTT end: Alligator (f39dd749-39ff-4df4-bec7-f23cc154d1a8) on 339.750 MHz, released
2026-09-26 15:09:55.813 -04:00 [INF] [OpenFreqClient.Services.OpenFreqService] PTT start: Knight (974e1818-726d-46c2-a454-05ba12f6d736) on 339.750 MHz, 2D
2026-09-26 15:09:55.814 -04:00 [INF] [OpenFreq.Common.RtpJitterBuffer] Transmission gap detected (13461ms RTP delta), resetting jitter measurement
2026-09-26 15:09:55.906 -04:00 [INF] [OpenFreqClient.Services.OpenFreqService] PTT end: Razgriz (9ee0b811-d7a3-4388-b330-5035e9bc334e) on 339.750 MHz, released
2026-09-26 15:09:56.506 -04:00 [INF] [OpenFreqClient.Services.OpenFreqService] PTT end: Knight (974e1818-726d-46c2-a454-05ba12f6d736) on 339.750 MHz, released
2026-09-26 15:09:57.097 -04:00 [INF] [OpenFreqClient.Services.OpenFreqService] PTT start: Razgriz (9ee0b811-d7a3-4388-b330-5035e9bc334e) on 339.750 MHz, 2D
2026-09-26 15:09:57.119 -04:00 [INF] [OpenFreq.Common.RtpJitterBuffer] Transmission gap detected (1239ms RTP delta), resetting jitter measurement
2026-09-26 15:09:57.920 -04:00 [INF] [OpenFreq.Common.RtpJitterBuffer] Late arrival (17ms past slot) — buffer 20→68ms
2026-09-26 15:09:58.291 -04:00 [INF] [OpenFreqClient.Services.OpenFreqService] PTT end: Razgriz (9ee0b811-d7a3-4388-b330-5035e9bc334e) on 339.750 MHz, released
2026-09-26 15:09:58.472 -04:00 [INF] [OpenFreq.Common.RtpJitterBuffer] Transmission gap detected (9573ms RTP delta), resetting jitter measurement
2026-09-26 15:09:58.475 -04:00 [INF] [OpenFreqClient.Services.OpenFreqService] PTT start: Woody (e0977389-35b0-4d0f-997f-3c6be3e6f5f5) on 339.750 MHz, 2D
2026-09-26 15:09:59.234 -04:00 [INF] [OpenFreqClient.Services.OpenFreqService] PTT start: Miner 1-1 (7c54ae18-74fa-45f3-b6a9-377a5574b95b) on 339.750 MHz, 2D
2026-09-26 15:09:59.237 -04:00 [INF] [OpenFreq.Common.RtpJitterBuffer] Transmission gap detected (6841ms RTP delta), resetting jitter measurement
2026-09-26 15:09:59.516 -04:00 [INF] [OpenFreqClient.Services.OpenFreqService] PTT start: Knight (974e1818-726d-46c2-a454-05ba12f6d736) on 339.750 MHz, 2D
2026-09-26 15:09:59.541 -04:00 [INF] [OpenFreq.Common.RtpJitterBuffer] Transmission gap detected (3026ms RTP delta), resetting jitter measurement
2026-09-26 15:09:59.674 -04:00 [INF] [OpenFreqClient.Services.OpenFreqService] PTT end: Miner 1-1 (7c54ae18-74fa-45f3-b6a9-377a5574b95b) on 339.750 MHz, released
2026-09-26 15:09:59.920 -04:00 [INF] [OpenFreqClient.Services.OpenFreqService] PTT end: Woody (e0977389-35b0-4d0f-997f-3c6be3e6f5f5) on 339.750 MHz, released
2026-09-26 15:10:03.248 -04:00 [INF] [OpenFreqClient.Services.OpenFreqService] PTT end: Knight (974e1818-726d-46c2-a454-05ba12f6d736) on 339.750 MHz, released
2026-09-26 15:10:03.506 -04:00 [INF] [OpenFreqClient.Services.OpenFreqService] PTT start: Razgriz (9ee0b811-d7a3-4388-b330-5035e9bc334e) on 339.750 MHz, 2D
2026-09-26 15:10:03.524 -04:00 [INF] [OpenFreq.Common.RtpJitterBuffer] Transmission gap detected (5250ms RTP delta), resetting jitter measurement
2026-09-26 15:10:04.004 -04:00 [INF] [OpenFreqClient.Services.OpenFreqService] PTT start: Stevie (32672fdf-be5f-4fe3-b8ad-00410fd1b909) on 339.750 MHz, 2D
2026-09-26 15:10:04.020 -04:00 [INF] [OpenFreq.Common.RtpJitterBuffer] Transmission gap detected (48860ms RTP delta), resetting jitter measurement
2026-09-26 15:10:04.853 -04:00 [INF] [OpenFreqClient.Services.OpenFreqService] PTT end: Stevie (32672fdf-be5f-4fe3-b8ad-00410fd1b909) on 339.750 MHz, released
2026-09-26 15:10:05.160 -04:00 [INF] [OpenFreqClient.Services.OpenFreqService] PTT start: Miner 1-1 (7c54ae18-74fa-45f3-b6a9-377a5574b95b) on 339.750 MHz, 2D
2026-09-26 15:10:05.160 -04:00 [INF] [OpenFreqClient.Services.OpenFreqService] PTT start: Blue (f23a2329-cca9-4d8f-bdda-384ea4044d35) on 339.750 MHz, 2D
2026-09-26 15:10:05.173 -04:00 [INF] [OpenFreq.Common.RtpJitterBuffer] Transmission gap detected (5509ms RTP delta), resetting jitter measurement
2026-09-26 15:10:05.174 -04:00 [INF] [OpenFreq.Common.RtpJitterBuffer] Transmission gap detected (61202ms RTP delta), resetting jitter measurement
2026-09-26 15:10:05.769 -04:00 [INF] [OpenFreqClient.Services.OpenFreqService] PTT end: Blue (f23a2329-cca9-4d8f-bdda-384ea4044d35) on 339.750 MHz, released
2026-09-26 15:10:06.612 -04:00 [INF] [OpenFreq.Common.RtpJitterBuffer] Late arrival (10ms past slot) — buffer 50→90ms
2026-09-26 15:10:06.612 -04:00 [INF] [OpenFreq.Common.RtpJitterBuffer] Late arrival (108ms past slot) — buffer 52→190ms
2026-09-26 15:10:06.722 -04:00 [INF] [OpenFreq.Common.RtpJitterBuffer] Late arrival (20ms past slot) — buffer 190→240ms
2026-09-26 15:10:06.722 -04:00 [INF] [OpenFreqClient.Services.OpenFreqService] PTT end: Miner 1-1 (7c54ae18-74fa-45f3-b6a9-377a5574b95b) on 339.750 MHz, released
2026-09-26 15:10:07.221 -04:00 [INF] [OpenFreq.Common.RtpJitterBuffer] Late arrival (267ms past slot) — buffer 82→332ms
2026-09-26 15:10:08.639 -04:00 [INF] [OpenFreq.Common.RtpJitterBuffer] Late arrival (272ms past slot) — buffer 315→500ms
2026-09-26 15:10:08.646 -04:00 [INF] [OpenFreq.Common.RtpJitterBuffer] Late arrival (84ms past slot) — buffer 490→500ms
2026-09-26 15:10:08.656 -04:00 [INF] [OpenFreq.Common.RtpJitterBuffer] Late arrival (31ms past slot) — buffer 493→500ms
2026-09-26 15:10:08.661 -04:00 [INF] [OpenFreqAudio.RadioPlayback] Stream '58f02e35-0d8e-4c46-aa74-dce098883fa8:243000' on 243.000 MHz
2026-09-26 15:10:10.219 -04:00 [INF] [OpenFreqClient.Services.OpenFreqService] PTT start: Knight (974e1818-726d-46c2-a454-05ba12f6d736) on 339.750 MHz, 2D
2026-09-26 15:10:10.226 -04:00 [INF] [OpenFreq.Common.RtpJitterBuffer] Transmission gap detected (6977ms RTP delta), resetting jitter measurement
2026-09-26 15:10:10.964 -04:00 [INF] [OpenFreqAudio.RadioPlayback] Stream '48c829fa-694d-48c8-987a-a559eb15e8f5:243000' on 243.000 MHz
2026-09-26 15:10:12.658 -04:00 [INF] [OpenFreqAudio.RadioPlayback] Stream '989f8d1f-44d2-4246-acc8-1677a1c53143:243000' on 243.000 MHz
2026-09-26 15:10:12.853 -04:00 [INF] [OpenFreqAudio.RadioPlayback] Stream 'e0977389-35b0-4d0f-997f-3c6be3e6f5f5:243000' on 243.000 MHz
2026-09-26 15:10:13.312 -04:00 [INF] [OpenFreqClient.Services.OpenFreqService] PTT end: Razgriz (9ee0b811-d7a3-4388-b330-5035e9bc334e) on 339.750 MHz, released
2026-09-26 15:10:13.549 -04:00 [INF] [OpenFreqClient.Services.OpenFreqService] PTT end: Knight (974e1818-726d-46c2-a454-05ba12f6d736) on 339.750 MHz, released
2026-09-26 15:10:14.293 -04:00 [INF] [OpenFreqClient.Services.OpenFreqService] PTT start: Knight (974e1818-726d-46c2-a454-05ba12f6d736) on 339.750 MHz, 2D
2026-09-26 15:10:14.315 -04:00 [INF] [OpenFreq.Common.RtpJitterBuffer] Transmission gap detected (786ms RTP delta), resetting jitter measurement
2026-09-26 15:10:14.448 -04:00 [INF] [OpenFreqAudio.RadioPlayback] Stream '58f02e35-0d8e-4c46-aa74-dce098883fa8:339750' on 339.750 MHz
2026-09-26 15:10:15.052 -04:00 [INF] [OpenFreqClient.Services.OpenFreqService] PTT end: Knight (974e1818-726d-46c2-a454-05ba12f6d736) on 339.750 MHz, released
2026-09-26 15:10:26.812 -04:00 [INF] [OpenFreqClient.Services.OpenFreqService] PTT start: Miner 1-1 (7c54ae18-74fa-45f3-b6a9-377a5574b95b) on 339.750 MHz, 2D
2026-09-26 15:10:26.818 -04:00 [INF] [OpenFreq.Common.RtpJitterBuffer] Transmission gap detected (20309ms RTP delta), resetting jitter measurement
2026-09-26 15:10:27.421 -04:00 [INF] [OpenFreqClient.Services.OpenFreqService] PTT end: Miner 1-1 (7c54ae18-74fa-45f3-b6a9-377a5574b95b) on 339.750 MHz, released
2026-09-26 15:10:33.508 -04:00 [INF] [OpenFreqClient.Services.OpenFreqService] PTT start: Miner 1-1 (7c54ae18-74fa-45f3-b6a9-377a5574b95b) on 339.750 MHz, 2D
2026-09-26 15:10:33.530 -04:00 [INF] [OpenFreq.Common.RtpJitterBuffer] Transmission gap detected (6106ms RTP delta), resetting jitter measurement
2026-09-26 15:10:34.222 -04:00 [INF] [OpenFreqClient.Services.OpenFreqService] PTT end: Miner 1-1 (7c54ae18-74fa-45f3-b6a9-377a5574b95b) on 339.750 MHz, released
2026-09-26 15:10:36.905 -04:00 [INF] [OpenFreqClient.Services.OpenFreqService] PTT start: Alligator (f39dd749-39ff-4df4-bec7-f23cc154d1a8) on 339.750 MHz, 2D
2026-09-26 15:10:36.926 -04:00 [INF] [OpenFreq.Common.RtpJitterBuffer] Transmission gap detected (42804ms RTP delta), resetting jitter measurement
2026-09-26 15:10:38.760 -04:00 [INF] [OpenFreqClient.Services.OpenFreqService] PTT end: Alligator (f39dd749-39ff-4df4-bec7-f23cc154d1a8) on 339.750 MHz, released
2026-09-26 15:10:39.534 -04:00 [INF] [OpenFreqClient.Services.OpenFreqService] PTT start: Miner 1-1 (7c54ae18-74fa-45f3-b6a9-377a5574b95b) on 339.750 MHz, 2D
2026-09-26 15:10:39.549 -04:00 [INF] [OpenFreq.Common.RtpJitterBuffer] Transmission gap detected (5344ms RTP delta), resetting jitter measurement
2026-09-26 15:10:40.105 -04:00 [INF] [OpenFreqClient.Services.OpenFreqService] PTT end: Miner 1-1 (7c54ae18-74fa-45f3-b6a9-377a5574b95b) on 339.750 MHz, released
2026-09-26 15:10:41.616 -04:00 [INF] [OpenFreqClient.Services.OpenFreqService] PTT start: Alligator (f39dd749-39ff-4df4-bec7-f23cc154d1a8) on 339.750 MHz, 2D
2026-09-26 15:10:41.640 -04:00 [INF] [OpenFreq.Common.RtpJitterBuffer] Transmission gap detected (2886ms RTP delta), resetting jitter measurement
2026-09-26 15:10:42.270 -04:00 [INF] [OpenFreqAudio.RadioPlayback] Stream '608fe623-c662-45ef-8063-f281eaee6531:243000' on 243.000 MHz
2026-09-26 15:10:44.122 -04:00 [INF] [OpenFreqClient.Services.OpenFreqService] PTT end: Alligator (f39dd749-39ff-4df4-bec7-f23cc154d1a8) on 339.750 MHz, released
2026-09-26 15:10:44.346 -04:00 [INF] [OpenFreqClient.Services.OpenFreqService] PTT start: Alligator (f39dd749-39ff-4df4-bec7-f23cc154d1a8) on 339.750 MHz, 2D
2026-09-26 15:10:44.499 -04:00 [INF] [OpenFreqClient.Services.OpenFreqService] PTT start: Miner 1-1 (7c54ae18-74fa-45f3-b6a9-377a5574b95b) on 339.750 MHz, 2D
2026-09-26 15:10:44.510 -04:00 [INF] [OpenFreq.Common.RtpJitterBuffer] Transmission gap detected (4413ms RTP delta), resetting jitter measurement
2026-09-26 15:10:45.249 -04:00 [INF] [OpenFreqClient.Services.OpenFreqService] PTT end: Miner 1-1 (7c54ae18-74fa-45f3-b6a9-377a5574b95b) on 339.750 MHz, released
2026-09-26 15:10:45.797 -04:00 [INF] [OpenFreqClient.Services.OpenFreqService] PTT end: Alligator (f39dd749-39ff-4df4-bec7-f23cc154d1a8) on 339.750 MHz, released
2026-09-26 15:10:46.239 -04:00 [INF] [OpenFreqAudio.RadioPlayback] Stream '982e2bb0-182d-4217-bce2-d56d6e7b2782:243000' on 243.000 MHz
2026-09-26 15:10:46.451 -04:00 [INF] [OpenFreqClient.Services.OpenFreqService] PTT start: Miner 1-1 (7c54ae18-74fa-45f3-b6a9-377a5574b95b) on 339.750 MHz, 2D
2026-09-26 15:10:46.469 -04:00 [INF] [OpenFreq.Common.RtpJitterBuffer] Transmission gap detected (1235ms RTP delta), resetting jitter measurement
2026-09-26 15:10:47.496 -04:00 [INF] [OpenFreq.Common.RtpJitterBuffer] Late arrival (33ms past slot) — buffer 64→127ms
2026-09-26 15:10:47.496 -04:00 [INF] [OpenFreqClient.Services.OpenFreqService] PTT end: Miner 1-1 (7c54ae18-74fa-45f3-b6a9-377a5574b95b) on 339.750 MHz, released
2026-09-26 15:10:47.529 -04:00 [INF] [OpenFreqClient.Services.OpenFreqService] PTT start: Miner 1-1 (7c54ae18-74fa-45f3-b6a9-377a5574b95b) on 339.750 MHz, 2D
2026-09-26 15:10:48.094 -04:00 [INF] [OpenFreqClient.Services.OpenFreqService] PTT end: Miner 1-1 (7c54ae18-74fa-45f3-b6a9-377a5574b95b) on 339.750 MHz, released
2026-09-26 15:10:48.862 -04:00 [INF] [OpenFreqClient.Services.OpenFreqService] PTT start: Miner 1-1 (7c54ae18-74fa-45f3-b6a9-377a5574b95b) on 339.750 MHz, 2D
2026-09-26 15:10:48.874 -04:00 [INF] [OpenFreq.Common.RtpJitterBuffer] Transmission gap detected (794ms RTP delta), resetting jitter measurement
2026-09-26 15:10:49.481 -04:00 [INF] [OpenFreqClient.Services.OpenFreqService] PTT end: Miner 1-1 (7c54ae18-74fa-45f3-b6a9-377a5574b95b) on 339.750 MHz, released
2026-09-26 15:10:50.525 -04:00 [INF] [OpenFreqAudio.RadioPlayback] Stream 'f23a2329-cca9-4d8f-bdda-384ea4044d35:243000' on 243.000 MHz
2026-09-26 15:10:50.714 -04:00 [INF] [OpenFreqClient.Services.OpenFreqService] PTT start: Useless (2c7de423-e66c-4a70-a299-d21d207cd0ed) on 339.750 MHz, 2D
2026-09-26 15:10:50.728 -04:00 [INF] [OpenFreq.Common.RtpJitterBuffer] Transmission gap detected (79676ms RTP delta), resetting jitter measurement
2026-09-26 15:10:52.668 -04:00 [INF] [OpenFreqClient.Services.OpenFreqService] PTT end: Useless (2c7de423-e66c-4a70-a299-d21d207cd0ed) on 339.750 MHz, released
2026-09-26 15:10:53.622 -04:00 [INF] [OpenFreq.Common.RtpJitterBuffer] Transmission gap detected (4133ms RTP delta), resetting jitter measurement
2026-09-26 15:10:53.622 -04:00 [INF] [OpenFreqClient.Services.OpenFreqService] PTT start: Miner 1-1 (7c54ae18-74fa-45f3-b6a9-377a5574b95b) on 339.750 MHz, 2D
2026-09-26 15:10:54.148 -04:00 [INF] [OpenFreqClient.Services.OpenFreqService] PTT end: Miner 1-1 (7c54ae18-74fa-45f3-b6a9-377a5574b95b) on 339.750 MHz, released
2026-09-26 15:10:54.882 -04:00 [INF] [OpenFreqAudio.RadioPlayback] Stream '77f4187c-e0a3-4dfc-a6ac-bb4a10769ddb:243000' on 243.000 MHz
2026-09-26 15:10:54.945 -04:00 [INF] [OpenFreqAudio.RadioPlayback] Stream '58355e30-5857-4e01-882f-86b5f2200072:243000' on 243.000 MHz
2026-09-26 15:10:55.465 -04:00 [INF] [OpenFreqClient.Services.OpenFreqService] PTT start: Alligator (f39dd749-39ff-4df4-bec7-f23cc154d1a8) on 339.750 MHz, 2D
2026-09-26 15:10:55.479 -04:00 [INF] [OpenFreq.Common.RtpJitterBuffer] Transmission gap detected (9721ms RTP delta), resetting jitter measurement
2026-09-26 15:10:56.469 -04:00 [INF] [OpenFreqClient.Services.OpenFreqService] PTT end: Alligator (f39dd749-39ff-4df4-bec7-f23cc154d1a8) on 339.750 MHz, released
2026-09-26 15:10:56.880 -04:00 [INF] [OpenFreqClient.Services.OpenFreqService] PTT start: Miner 1-1 (7c54ae18-74fa-45f3-b6a9-377a5574b95b) on 339.750 MHz, 2D
2026-09-26 15:10:56.886 -04:00 [INF] [OpenFreq.Common.RtpJitterBuffer] Transmission gap detected (2757ms RTP delta), resetting jitter measurement
2026-09-26 15:10:57.390 -04:00 [INF] [OpenFreqClient.Services.OpenFreqService] PTT end: Miner 1-1 (7c54ae18-74fa-45f3-b6a9-377a5574b95b) on 339.750 MHz, released
2026-09-26 15:10:57.563 -04:00 [INF] [OpenFreqClient.Services.OpenFreqService] PTT start: Miner 1-1 (7c54ae18-74fa-45f3-b6a9-377a5574b95b) on 339.750 MHz, 2D
2026-09-26 15:10:57.726 -04:00 [INF] [OpenFreqAudio.RadioPlayback] Stream '1c406e7f-2bcc-4a8e-827b-8b4f22c5e0d6:243000' on 243.000 MHz
2026-09-26 15:10:58.258 -04:00 [INF] [OpenFreqClient.Services.OpenFreqService] PTT end: Miner 1-1 (7c54ae18-74fa-45f3-b6a9-377a5574b95b) on 339.750 MHz, released
2026-09-26 15:10:58.662 -04:00 [INF] [OpenFreqClient.Services.OpenFreqService] PTT start: Miner 1-1 (7c54ae18-74fa-45f3-b6a9-377a5574b95b) on 339.750 MHz, 2D
2026-09-26 15:10:59.643 -04:00 [INF] [OpenFreqClient.Services.OpenFreqService] PTT end: Miner 1-1 (7c54ae18-74fa-45f3-b6a9-377a5574b95b) on 339.750 MHz, released
2026-09-26 15:10:59.930 -04:00 [INF] [OpenFreqClient.Services.OpenFreqService] PTT start: own radio on 339.750 MHz
2026-09-26 15:11:00.065 -04:00 [INF] [OpenFreqClient.Services.OpenFreqService] PTT start: Joe (c56f5c33-10e6-473d-96e0-90de94b49519) on 339.750 MHz, 2D
2026-09-26 15:11:00.093 -04:00 [INF] [OpenFreq.Common.RtpJitterBuffer] Transmission gap detected (196145ms RTP delta), resetting jitter measurement
2026-09-26 15:11:00.189 -04:00 [INF] [OpenFreqClient.Services.OpenFreqService] PTT end: own radio on 339.750 MHz
2026-09-26 15:11:00.196 -04:00 [INF] [OpenFreqClient.Services.OpenFreqService] TX level over 260ms: mic peak -84.3 dBFS rms -96.5 dBFS | sent peak -78.3 dBFS rms -92.7 dBFS | normalizer on, gain 4.953, gate -59.1 dBFS
2026-09-26 15:11:00.266 -04:00 [INF] [OpenFreqAudio.RadioPlayback] Stream 'f23a2329-cca9-4d8f-bdda-384ea4044d35:339750' on 339.750 MHz
2026-09-26 15:11:00.520 -04:00 [INF] [OpenFreqClient.Services.OpenFreqService] PTT start: own radio on 280.500 MHz
2026-09-26 15:11:00.743 -04:00 [INF] [OpenFreqClient.Services.OpenFreqService] PTT start: Useless (2c7de423-e66c-4a70-a299-d21d207cd0ed) on 339.750 MHz, 2D
2026-09-26 15:11:00.757 -04:00 [INF] [OpenFreq.Common.RtpJitterBuffer] Transmission gap detected (8090ms RTP delta), resetting jitter measurement
2026-09-26 15:11:00.827 -04:00 [INF] [OpenFreqClient.Services.OpenFreqService] PTT end: own radio on 280.500 MHz
2026-09-26 15:11:00.834 -04:00 [INF] [OpenFreqClient.Services.OpenFreqService] TX level over 310ms: mic peak -76.3 dBFS rms -94.9 dBFS | sent peak -56.3 dBFS rms -75.2 dBFS | normalizer on, gain 10.164, gate -63.9 dBFS
2026-09-26 15:11:00.929 -04:00 [INF] [OpenFreqClient.Services.OpenFreqService] PTT start: Miner 1-1 (7c54ae18-74fa-45f3-b6a9-377a5574b95b) on 339.750 MHz, 2D
2026-09-26 15:11:00.939 -04:00 [INF] [OpenFreq.Common.RtpJitterBuffer] Transmission gap detected (1282ms RTP delta), resetting jitter measurement
2026-09-26 15:11:01.449 -04:00 [INF] [OpenFreqClient.Services.OpenFreqService] PTT end: Joe (c56f5c33-10e6-473d-96e0-90de94b49519) on 339.750 MHz, released
2026-09-26 15:11:01.599 -04:00 [INF] [OpenFreqClient.Services.OpenFreqService] PTT end: Miner 1-1 (7c54ae18-74fa-45f3-b6a9-377a5574b95b) on 339.750 MHz, released
2026-09-26 15:11:03.550 -04:00 [INF] [OpenFreqAudio.RadioPlayback] Stream '982e2bb0-182d-4217-bce2-d56d6e7b2782:339750' on 339.750 MHz
2026-09-26 15:11:05.351 -04:00 [INF] [OpenFreqClient.Services.OpenFreqService] PTT end: Useless (2c7de423-e66c-4a70-a299-d21d207cd0ed) on 339.750 MHz, released
2026-09-26 15:11:05.580 -04:00 [INF] [OpenFreqClient.Services.OpenFreqService] PTT start: Useless (2c7de423-e66c-4a70-a299-d21d207cd0ed) on 339.750 MHz, 2D
2026-09-26 15:11:06.068 -04:00 [INF] [OpenFreq.Common.RtpJitterBuffer] Transmission gap detected (4492ms RTP delta), resetting jitter measurement
2026-09-26 15:11:06.068 -04:00 [INF] [OpenFreqClient.Services.OpenFreqService] PTT start: Miner 1-1 (7c54ae18-74fa-45f3-b6a9-377a5574b95b) on 339.750 MHz, 2D
2026-09-26 15:11:06.729 -04:00 [INF] [OpenFreqClient.Services.OpenFreqService] PTT end: Miner 1-1 (7c54ae18-74fa-45f3-b6a9-377a5574b95b) on 339.750 MHz, released
2026-09-26 15:11:06.909 -04:00 [INF] [OpenFreqClient.Services.OpenFreqService] PTT end: Useless (2c7de423-e66c-4a70-a299-d21d207cd0ed) on 339.750 MHz, released
2026-09-26 15:11:08.343 -04:00 [INF] [OpenFreqClient.Services.OpenFreqService] PTT start: Miner 1-1 (7c54ae18-74fa-45f3-b6a9-377a5574b95b) on 339.750 MHz, 2D
2026-09-26 15:11:08.371 -04:00 [INF] [OpenFreq.Common.RtpJitterBuffer] Transmission gap detected (1640ms RTP delta), resetting jitter measurement
2026-09-26 15:11:08.847 -04:00 [INF] [OpenFreqAudio.RadioPlayback] Stream 'c231414f-6549-4b18-9f0e-ef37b3ff8b2a:243000' on 243.000 MHz
2026-09-26 15:11:08.918 -04:00 [INF] [OpenFreqClient.Services.OpenFreqService] PTT end: Miner 1-1 (7c54ae18-74fa-45f3-b6a9-377a5574b95b) on 339.750 MHz, released
2026-09-26 15:11:09.399 -04:00 [INF] [OpenFreqAudio.RadioPlayback] Stream '48abd6ed-f57c-43d5-af5e-3fe33e06395b:243000' on 243.000 MHz
2026-09-26 15:11:12.092 -04:00 [INF] [OpenFreqClient.Services.OpenFreqService] PTT start: Alligator (f39dd749-39ff-4df4-bec7-f23cc154d1a8) on 339.750 MHz, 2D
2026-09-26 15:11:12.107 -04:00 [INF] [OpenFreq.Common.RtpJitterBuffer] Transmission gap detected (15652ms RTP delta), resetting jitter measurement
2026-09-26 15:11:12.157 -04:00 [INF] [OpenFreqAudio.RadioPlayback] Stream 'c220f187-a6fa-4848-ac66-ff0dd03f1bde:243000' on 243.000 MHz
2026-09-26 15:11:13.606 -04:00 [INF] [OpenFreqClient.Services.OpenFreqService] PTT end: Alligator (f39dd749-39ff-4df4-bec7-f23cc154d1a8) on 339.750 MHz, released
2026-09-26 15:11:15.845 -04:00 [INF] [OpenFreqAudio.RadioPlayback] Stream '974e1818-726d-46c2-a454-05ba12f6d736:243000' on 243.000 MHz
2026-09-26 15:11:23.060 -04:00 [INF] [OpenFreqAudio.RadioPlayback] Stream '9ee0b811-d7a3-4388-b330-5035e9bc334e:243000' on 243.000 MHz
2026-09-26 15:11:25.290 -04:00 [INF] [OpenFreqAudio.RadioPlayback] Stream '7c54ae18-74fa-45f3-b6a9-377a5574b95b:243000' on 243.000 MHz
2026-09-26 15:11:27.622 -04:00 [INF] [OpenFreqAudio.RadioPlayback] Stream '1c406e7f-2bcc-4a8e-827b-8b4f22c5e0d6:280500' on 280.500 MHz
2026-09-26 15:11:28.407 -04:00 [INF] [OpenFreqAudio.RadioPlayback] Stream '32672fdf-be5f-4fe3-b8ad-00410fd1b909:243000' on 243.000 MHz
2026-09-26 15:11:30.327 -04:00 [INF] [OpenFreqAudio.RadioPlayback] Stream 'f8c742ac-257a-4450-aadc-59aa8b2f44b5:243000' on 243.000 MHz
2026-09-26 15:11:41.521 -04:00 [INF] [OpenFreqAudio.RadioPlayback] Stream 'f23a2329-cca9-4d8f-bdda-384ea4044d35:280500' on 280.500 MHz
2026-09-26 15:11:42.540 -04:00 [INF] [OpenFreqAudio.RadioPlayback] Stream '82f4c276-d732-442e-816e-9c2cc3cab039:243000' on 243.000 MHz
2026-09-26 15:11:47.166 -04:00 [INF] [OpenFreqAudio.RadioPlayback] Stream 'c56f5c33-10e6-473d-96e0-90de94b49519:243000' on 243.000 MHz
2026-09-26 15:11:52.498 -04:00 [INF] [OpenFreqAudio.RadioPlayback] Stream 'f39dd749-39ff-4df4-bec7-f23cc154d1a8:243000' on 243.000 MHz
2026-09-26 15:12:10.051 -04:00 [INF] [OpenFreqAudio.RadioPlayback] Stream '4f4671de-f769-4dd1-a389-fe7beb123829:243000' on 243.000 MHz
2026-09-26 15:12:12.324 -04:00 [INF] [OpenFreqAudio.RadioPlayback] Stream 'efe0f587-f81f-4522-b158-2db2990e67b3:243000' on 243.000 MHz
2026-09-26 15:12:12.750 -04:00 [INF] [OpenFreqAudio.RadioPlayback] Stream '4e89dcee-8608-4fc5-ba4b-b9d5c9f32258:339750' on 339.750 MHz
2026-09-26 15:12:16.435 -04:00 [INF] [OpenFreqAudio.RadioPlayback] Stream '2c7de423-e66c-4a70-a299-d21d207cd0ed:243000' on 243.000 MHz
2026-09-26 15:12:18.830 -04:00 [INF] [OpenFreqAudio.RadioPlayback] Stream '4d102c94-5b1d-430f-ac47-2af9e76711c3:243000' on 243.000 MHz
2026-09-26 15:12:31.109 -04:00 [INF] [OpenFreqAudio.RadioPlayback] Stream '77f4187c-e0a3-4dfc-a6ac-bb4a10769ddb:339750' on 339.750 MHz
2026-09-26 15:12:43.784 -04:00 [INF] [OpenFreqAudio.RadioPlayback] Stream '86d6d8aa-64e3-4106-890a-252d3f93f28e:243000' on 243.000 MHz
2026-09-26 15:12:49.520 -04:00 [INF] [OpenFreqAudio.RadioPlayback] Stream 'd2bb94ce-e83a-452c-a9af-5c14c9690242:243000' on 243.000 MHz
2026-09-26 15:12:51.841 -04:00 [INF] [OpenFreqAudio.RadioPlayback] Stream '4f196d30-7656-4fd9-88c3-ba678f56106e:243000' on 243.000 MHz
2026-09-26 15:12:57.847 -04:00 [INF] [OpenFreqAudio.RadioPlayback] Stream '4e89dcee-8608-4fc5-ba4b-b9d5c9f32258:243000' on 243.000 MHz
2026-09-26 15:13:06.573 -04:00 [INF] [OpenFreqAudio.RadioPlayback] Stream '0359b875-89b6-499f-82ad-a1ef43c5b232:339750' on 339.750 MHz
2026-09-26 15:13:15.434 -04:00 [INF] [OpenFreqAudio.RadioPlayback] Stream '4f196d30-7656-4fd9-88c3-ba678f56106e:280500' on 280.500 MHz
2026-09-26 15:13:49.470 -04:00 [INF] [OpenFreqAudio.RadioPlayback] Stream '0359b875-89b6-499f-82ad-a1ef43c5b232:243000' on 243.000 MHz
2026-09-26 15:18:32.786 -04:00 [INF] [OpenFreqAudio.RadioPlayback] Stream '48c829fa-694d-48c8-987a-a559eb15e8f5:339750' on 339.750 MHz
2026-09-26 15:18:33.392 -04:00 [INF] [OpenFreqAudio.RadioPlayback] Stream 'e0977389-35b0-4d0f-997f-3c6be3e6f5f5:339750' on 339.750 MHz
2026-09-26 15:18:33.569 -04:00 [INF] [OpenFreqAudio.RadioPlayback] Stream '989f8d1f-44d2-4246-acc8-1677a1c53143:339750' on 339.750 MHz
2026-09-26 15:18:36.512 -04:00 [INF] [OpenFreqAudio.RadioPlayback] Stream '58f02e35-0d8e-4c46-aa74-dce098883fa8:339750' on 339.750 MHz
2026-09-26 15:18:38.053 -04:00 [INF] [OpenFreqAudio.RadioPlayback] Stream '58f02e35-0d8e-4c46-aa74-dce098883fa8:339750' on 339.750 MHz
2026-09-26 15:18:39.551 -04:00 [INF] [OpenFreqClient.Services.OpenFreqService] PTT start: Woody (e0977389-35b0-4d0f-997f-3c6be3e6f5f5) on 339.750 MHz, 3D
2026-09-26 15:18:39.574 -04:00 [INF] [OpenFreq.Common.RtpJitterBuffer] Transmission gap detected (519633ms RTP delta), resetting jitter measurement
2026-09-26 15:18:39.574 -04:00 [INF] [OpenFreq.Common.RtpJitterBufferPool] Pruned stale source SSRC=32C7C971
2026-09-26 15:18:39.574 -04:00 [INF] [OpenFreq.Common.RtpAudioReceiver] Source expired: SSRC=32C7C971
2026-09-26 15:18:39.574 -04:00 [INF] [OpenFreq.Common.RtpJitterBufferPool] Pruned stale source SSRC=63865412
2026-09-26 15:18:39.574 -04:00 [INF] [OpenFreq.Common.RtpAudioReceiver] Source expired: SSRC=63865412
2026-09-26 15:18:39.574 -04:00 [INF] [OpenFreq.Common.RtpJitterBufferPool] Pruned stale source SSRC=6FCB22C3
2026-09-26 15:18:39.574 -04:00 [INF] [OpenFreq.Common.RtpAudioReceiver] Source expired: SSRC=6FCB22C3
2026-09-26 15:18:39.574 -04:00 [INF] [OpenFreq.Common.RtpJitterBufferPool] Pruned stale source SSRC=0B8FB835
2026-09-26 15:18:39.574 -04:00 [INF] [OpenFreq.Common.RtpAudioReceiver] Source expired: SSRC=0B8FB835
2026-09-26 15:18:39.574 -04:00 [INF] [OpenFreq.Common.RtpJitterBufferPool] Pruned stale source SSRC=5FC1A72A
2026-09-26 15:18:39.574 -04:00 [INF] [OpenFreq.Common.RtpAudioReceiver] Source expired: SSRC=5FC1A72A
2026-09-26 15:18:39.574 -04:00 [INF] [OpenFreq.Common.RtpJitterBufferPool] Pruned stale source SSRC=3EB49D5B
2026-09-26 15:18:39.574 -04:00 [INF] [OpenFreq.Common.RtpAudioReceiver] Source expired: SSRC=3EB49D5B
2026-09-26 15:18:39.574 -04:00 [INF] [OpenFreq.Common.RtpJitterBufferPool] Pruned stale source SSRC=2C22CB47
2026-09-26 15:18:39.574 -04:00 [INF] [OpenFreq.Common.RtpAudioReceiver] Source expired: SSRC=2C22CB47
2026-09-26 15:18:39.574 -04:00 [INF] [OpenFreq.Common.RtpJitterBufferPool] Pruned stale source SSRC=407FFF3F
2026-09-26 15:18:39.574 -04:00 [INF] [OpenFreq.Common.RtpAudioReceiver] Source expired: SSRC=407FFF3F
2026-09-26 15:18:39.574 -04:00 [INF] [OpenFreq.Common.RtpJitterBufferPool] Pruned stale source SSRC=6597AECC
2026-09-26 15:18:39.574 -04:00 [INF] [OpenFreq.Common.RtpAudioReceiver] Source expired: SSRC=6597AECC
2026-09-26 15:18:39.574 -04:00 [INF] [OpenFreq.Common.RtpJitterBufferPool] Pruned stale source SSRC=6685BCEA
2026-09-26 15:18:39.575 -04:00 [INF] [OpenFreq.Common.RtpAudioReceiver] Source expired: SSRC=6685BCEA
2026-09-26 15:18:39.575 -04:00 [INF] [OpenFreq.Common.RtpJitterBufferPool] Pruned stale source SSRC=2BA1D578
2026-09-26 15:18:39.575 -04:00 [INF] [OpenFreq.Common.RtpAudioReceiver] Source expired: SSRC=2BA1D578
2026-09-26 15:18:39.575 -04:00 [INF] [OpenFreq.Common.RtpJitterBufferPool] Pruned stale source SSRC=056D8B17
2026-09-26 15:18:39.575 -04:00 [INF] [OpenFreq.Common.RtpAudioReceiver] Source expired: SSRC=056D8B17
2026-09-26 15:18:39.616 -04:00 [INF] [OpenFreqClient.Services.OpenFreqService] RX 339.750 MHz from Woody (e0977389-35b0-4d0f-997f-3c6be3e6f5f5): -92.5 dBm, SNR 14.5 dB, FSPL 132.5 dB, terrain 0.0 dB, 296.6 km, tx 2466 m / rx 9147 m MSL
2026-09-26 15:18:40.286 -04:00 [INF] [OpenFreq.Common.RtpJitterBuffer] Late arrival (12ms past slot) — buffer 79→121ms
2026-09-26 15:18:40.573 -04:00 [INF] [OpenFreqClient.Services.OpenFreqService] PTT end: Woody (e0977389-35b0-4d0f-997f-3c6be3e6f5f5) on 339.750 MHz, released
2026-09-26 15:18:41.612 -04:00 [INF] [OpenFreq.Common.RtpJitterBufferPool] New RTP source: SSRC=64D87B90
2026-09-26 15:18:41.612 -04:00 [INF] [OpenFreqClient.Services.OpenFreqService] PTT start: Starlight (989f8d1f-44d2-4246-acc8-1677a1c53143) on 339.750 MHz, 3D
2026-09-26 15:18:41.612 -04:00 [INF] [OpenFreq.Common.RtpJitterBuffer] Manual buffer size: 150ms
2026-09-26 15:18:41.612 -04:00 [INF] [OpenFreq.Common.RtpAudioReceiver] Source joined:  SSRC=64D87B90
2026-09-26 15:18:41.612 -04:00 [INF] [OpenFreq.Common.RtpJitterBuffer] Initialized: buffer=150ms
2026-09-26 15:18:41.762 -04:00 [INF] [OpenFreqClient.Services.OpenFreqService] RX 339.750 MHz from Starlight (989f8d1f-44d2-4246-acc8-1677a1c53143): -92.5 dBm, SNR 14.5 dB, FSPL 132.5 dB, terrain 0.0 dB, 296.2 km, tx 2491 m / rx 9147 m MSL
2026-09-26 15:18:41.845 -04:00 [INF] [OpenFreqClient.Services.OpenFreqService] PTT end: Starlight (989f8d1f-44d2-4246-acc8-1677a1c53143) on 339.750 MHz, released
2026-09-26 15:18:42.342 -04:00 [INF] [OpenFreqClient.Services.OpenFreqService] PTT start: Rain (48c829fa-694d-48c8-987a-a559eb15e8f5) on 339.750 MHz, 3D
2026-09-26 15:18:42.370 -04:00 [INF] [OpenFreq.Common.RtpJitterBufferPool] New RTP source: SSRC=056D8B17
2026-09-26 15:18:42.371 -04:00 [INF] [OpenFreq.Common.RtpJitterBuffer] Manual buffer size: 150ms
2026-09-26 15:18:42.371 -04:00 [INF] [OpenFreq.Common.RtpAudioReceiver] Source joined:  SSRC=056D8B17
2026-09-26 15:18:42.371 -04:00 [INF] [OpenFreq.Common.RtpJitterBuffer] Initialized: buffer=150ms
2026-09-26 15:18:42.524 -04:00 [INF] [OpenFreqClient.Services.OpenFreqService] RX 339.750 MHz from Rain (48c829fa-694d-48c8-987a-a559eb15e8f5): -92.6 dBm, SNR 14.4 dB, FSPL 132.6 dB, terrain 0.0 dB, 299.8 km, tx 2192 m / rx 9147 m MSL
2026-09-26 15:18:42.597 -04:00 [INF] [OpenFreqClient.Services.OpenFreqService] PTT end: Rain (48c829fa-694d-48c8-987a-a559eb15e8f5) on 339.750 MHz, released
2026-09-26 15:18:43.005 -04:00 [INF] [OpenFreqClient.Services.OpenFreqService] PTT start: Gkenny (58f02e35-0d8e-4c46-aa74-dce098883fa8) on 339.750 MHz, 3D
2026-09-26 15:18:43.036 -04:00 [INF] [OpenFreq.Common.RtpJitterBufferPool] New RTP source: SSRC=10B73873
2026-09-26 15:18:43.036 -04:00 [INF] [OpenFreq.Common.RtpJitterBuffer] Manual buffer size: 150ms
2026-09-26 15:18:43.036 -04:00 [INF] [OpenFreq.Common.RtpAudioReceiver] Source joined:  SSRC=10B73873
2026-09-26 15:18:43.036 -04:00 [INF] [OpenFreq.Common.RtpJitterBuffer] Initialized: buffer=150ms
2026-09-26 15:18:43.203 -04:00 [INF] [OpenFreqClient.Services.OpenFreqService] RX 339.750 MHz from Gkenny (58f02e35-0d8e-4c46-aa74-dce098883fa8): -92.7 dBm, SNR 14.3 dB, FSPL 132.7 dB, terrain 0.0 dB, 301.6 km, tx 2039 m / rx 9147 m MSL
2026-09-26 15:18:43.564 -04:00 [INF] [OpenFreqClient.Services.OpenFreqService] PTT end: Gkenny (58f02e35-0d8e-4c46-aa74-dce098883fa8) on 339.750 MHz, released
2026-09-26 15:18:44.210 -04:00 [INF] [OpenFreqClient.Services.OpenFreqService] PTT start: own radio on 339.750 MHz
2026-09-26 15:18:44.303 -04:00 [INF] [OpenFreqClient.Services.OpenFreqService] PTT start: Woody (e0977389-35b0-4d0f-997f-3c6be3e6f5f5) on 339.750 MHz, 3D
2026-09-26 15:18:44.317 -04:00 [INF] [OpenFreq.Common.RtpJitterBuffer] Transmission gap detected (3772ms RTP delta), resetting jitter measurement
2026-09-26 15:18:44.589 -04:00 [INF] [OpenFreqClient.Services.OpenFreqService] PTT end: own radio on 339.750 MHz
2026-09-26 15:18:44.595 -04:00 [INF] [OpenFreqClient.Services.OpenFreqService] TX level over 380ms: mic peak -0.3 dBFS rms -18.6 dBFS | sent peak 0.0 dBFS rms -10.0 dBFS | normalizer on, gain 1.484, gate -49.9 dBFS
2026-09-26 15:18:44.599 -04:00 [INF] [OpenFreqClient.Services.OpenFreqService] RX 339.750 MHz from Woody (e0977389-35b0-4d0f-997f-3c6be3e6f5f5): -92.5 dBm, SNR 14.5 dB, FSPL 132.5 dB, terrain 0.0 dB, 295.7 km, tx 2648 m / rx 9147 m MSL
2026-09-26 15:18:52.571 -04:00 [INF] [OpenFreqClient.Services.OpenFreqService] PTT end: Woody (e0977389-35b0-4d0f-997f-3c6be3e6f5f5) on 339.750 MHz, released
2026-09-26 15:18:54.395 -04:00 [INF] [OpenFreqClient.Services.OpenFreqService] PTT start: own radio on 339.750 MHz
2026-09-26 15:18:57.014 -04:00 [INF] [OpenFreqClient.Services.OpenFreqService] PTT end: own radio on 339.750 MHz
2026-09-26 15:18:57.015 -04:00 [INF] [OpenFreqClient.Services.OpenFreqService] TX level over 2620ms: mic peak -0.2 dBFS rms -14.5 dBFS | sent peak 0.0 dBFS rms -15.9 dBFS | normalizer on, gain 0.736, gate -57.5 dBFS
2026-09-26 15:19:32.795 -04:00 [INF] [OpenFreqAudio.RadioPlayback] Stream '982e2bb0-182d-4217-bce2-d56d6e7b2782:339750' on 339.750 MHz
2026-09-26 15:19:35.066 -04:00 [INF] [OpenFreqAudio.RadioPlayback] Stream '4e89dcee-8608-4fc5-ba4b-b9d5c9f32258:339750' on 339.750 MHz
2026-09-26 15:19:43.162 -04:00 [INF] [OpenFreqAudio.RadioPlayback] Stream 'f23a2329-cca9-4d8f-bdda-384ea4044d35:339750' on 339.750 MHz
2026-09-26 15:19:49.078 -04:00 [INF] [OpenFreqAudio.RadioPlayback] Stream '0359b875-89b6-499f-82ad-a1ef43c5b232:339750' on 339.750 MHz
2026-09-26 15:19:50.246 -04:00 [INF] [OpenFreqAudio.RadioPlayback] Stream '0359b875-89b6-499f-82ad-a1ef43c5b232:280500' on 280.500 MHz
2026-09-26 15:20:07.544 -04:00 [INF] [OpenFreqClient.Services.OpenFreqService] PTT start: own radio on 339.750 MHz
2026-09-26 15:20:09.156 -04:00 [INF] [OpenFreqClient.Services.OpenFreqService] PTT end: own radio on 339.750 MHz
2026-09-26 15:20:09.157 -04:00 [INF] [OpenFreqClient.Services.OpenFreqService] TX level over 1610ms: mic peak -0.4 dBFS rms -19.3 dBFS | sent peak 0.0 dBFS rms -12.1 dBFS | normalizer on, gain 1.179, gate -81.5 dBFS
2026-09-26 15:20:10.640 -04:00 [INF] [OpenFreqAudio.RadioPlayback] Stream '58355e30-5857-4e01-882f-86b5f2200072:339750' on 339.750 MHz
2026-09-26 15:20:10.933 -04:00 [INF] [OpenFreqAudio.RadioPlayback] Stream '1c406e7f-2bcc-4a8e-827b-8b4f22c5e0d6:280500' on 280.500 MHz
2026-09-26 15:20:12.002 -04:00 [INF] [OpenFreqAudio.RadioPlayback] Stream '58355e30-5857-4e01-882f-86b5f2200072:280500' on 280.500 MHz
2026-09-26 15:20:13.011 -04:00 [INF] [OpenFreqClient.Services.OpenFreqService] PTT start: Woody (e0977389-35b0-4d0f-997f-3c6be3e6f5f5) on 339.750 MHz, 3D
2026-09-26 15:20:13.023 -04:00 [INF] [OpenFreq.Common.RtpJitterBuffer] Transmission gap detected (80487ms RTP delta), resetting jitter measurement
2026-09-26 15:20:13.113 -04:00 [INF] [OpenFreqClient.Services.OpenFreqService] RX 339.750 MHz from Woody (e0977389-35b0-4d0f-997f-3c6be3e6f5f5): -92.5 dBm, SNR 14.5 dB, FSPL 132.5 dB, terrain 0.0 dB, 296.2 km, tx 5715 m / rx 9147 m MSL
2026-09-26 15:20:13.186 -04:00 [WRN] [OpenFreqAudio.RadioPlayback] Stream e0977389-35b0-4d0f-997f-3c6be3e6f5f5:339750 on 339.750 MHz had no samples for 9.9 ms
2026-09-26 15:20:14.427 -04:00 [INF] [OpenFreqClient.Services.OpenFreqService] PTT end: Woody (e0977389-35b0-4d0f-997f-3c6be3e6f5f5) on 339.750 MHz, released
2026-09-26 15:20:20.607 -04:00 [INF] [OpenFreqClient.Services.OpenFreqService] PTT start: Falcon (58355e30-5857-4e01-882f-86b5f2200072) on 280.500 MHz, 3D
2026-09-26 15:20:20.628 -04:00 [INF] [OpenFreq.Common.RtpJitterBufferPool] New RTP source: SSRC=3519F4B2
2026-09-26 15:20:20.628 -04:00 [INF] [OpenFreq.Common.RtpJitterBuffer] Manual buffer size: 150ms
2026-09-26 15:20:20.628 -04:00 [INF] [OpenFreq.Common.RtpAudioReceiver] Source joined:  SSRC=3519F4B2
2026-09-26 15:20:20.628 -04:00 [INF] [OpenFreq.Common.RtpJitterBuffer] Initialized: buffer=150ms
2026-09-26 15:20:20.778 -04:00 [INF] [OpenFreqClient.Services.OpenFreqService] RX 280.500 MHz from Falcon (58355e30-5857-4e01-882f-86b5f2200072): -88.5 dBm, SNR 18.5 dB, FSPL 128.5 dB, terrain 0.0 dB, 226.4 km, tx 1760 m / rx 9147 m MSL
2026-09-26 15:20:22.057 -04:00 [WRN] [OpenFreqAudio.RadioPlayback] Stream 58355e30-5857-4e01-882f-86b5f2200072:280500 on 280.500 MHz had no samples for 12.9 ms
2026-09-26 15:20:22.225 -04:00 [INF] [OpenFreqClient.Services.OpenFreqService] PTT end: Falcon (58355e30-5857-4e01-882f-86b5f2200072) on 280.500 MHz, released
2026-09-26 15:20:24.795 -04:00 [INF] [OpenFreqClient.Services.OpenFreqService] PTT start: Powers (1c406e7f-2bcc-4a8e-827b-8b4f22c5e0d6) on 280.500 MHz, 3D
2026-09-26 15:20:24.804 -04:00 [INF] [OpenFreq.Common.RtpJitterBufferPool] New RTP source: SSRC=5F6995AE
2026-09-26 15:20:24.804 -04:00 [INF] [OpenFreq.Common.RtpJitterBuffer] Manual buffer size: 150ms
2026-09-26 15:20:24.804 -04:00 [INF] [OpenFreq.Common.RtpAudioReceiver] Source joined:  SSRC=5F6995AE
2026-09-26 15:20:24.804 -04:00 [INF] [OpenFreq.Common.RtpJitterBuffer] Initialized: buffer=150ms
2026-09-26 15:20:24.954 -04:00 [INF] [OpenFreqClient.Services.OpenFreqService] RX 280.500 MHz from Powers (1c406e7f-2bcc-4a8e-827b-8b4f22c5e0d6): -88.5 dBm, SNR 18.5 dB, FSPL 128.5 dB, terrain 0.0 dB, 226.2 km, tx 1713 m / rx 9147 m MSL
2026-09-26 15:20:26.007 -04:00 [INF] [OpenFreqClient.Services.OpenFreqService] PTT end: Powers (1c406e7f-2bcc-4a8e-827b-8b4f22c5e0d6) on 280.500 MHz, released
2026-09-26 15:20:26.714 -04:00 [INF] [OpenFreqAudio.RadioPlayback] Stream 'be29ec7e-29ec-4835-a687-4085edb1878c:339750' on 339.750 MHz
2026-09-26 15:20:26.879 -04:00 [INF] [OpenFreqAudio.RadioPlayback] Stream 'be29ec7e-29ec-4835-a687-4085edb1878c:243000' on 243.000 MHz
2026-09-26 15:20:27.151 -04:00 [INF] [OpenFreqClient.Services.OpenFreqService] PTT start: Kug (0359b875-89b6-499f-82ad-a1ef43c5b232) on 280.500 MHz, 3D
2026-09-26 15:20:27.168 -04:00 [INF] [OpenFreq.Common.RtpJitterBufferPool] New RTP source: SSRC=2176AC39
2026-09-26 15:20:27.168 -04:00 [INF] [OpenFreq.Common.RtpJitterBuffer] Manual buffer size: 150ms
2026-09-26 15:20:27.168 -04:00 [INF] [OpenFreq.Common.RtpAudioReceiver] Source joined:  SSRC=2176AC39
2026-09-26 15:20:27.168 -04:00 [INF] [OpenFreq.Common.RtpJitterBuffer] Initialized: buffer=150ms
2026-09-26 15:20:27.325 -04:00 [INF] [OpenFreqClient.Services.OpenFreqService] RX 280.500 MHz from Kug (0359b875-89b6-499f-82ad-a1ef43c5b232): -88.5 dBm, SNR 18.5 dB, FSPL 128.5 dB, terrain 0.0 dB, 226.3 km, tx 1722 m / rx 9147 m MSL
2026-09-26 15:20:27.840 -04:00 [INF] [OpenFreqClient.Services.OpenFreqService] PTT end: Kug (0359b875-89b6-499f-82ad-a1ef43c5b232) on 280.500 MHz, released
2026-09-26 15:20:29.492 -04:00 [INF] [OpenFreqClient.Services.OpenFreqService] PTT start: own radio on 280.500 MHz
2026-09-26 15:20:29.676 -04:00 [INF] [OpenFreqClient.Services.OpenFreqService] PTT start: Falcon (58355e30-5857-4e01-882f-86b5f2200072) on 280.500 MHz, 3D
2026-09-26 15:20:29.690 -04:00 [INF] [OpenFreq.Common.RtpJitterBuffer] Transmission gap detected (7461ms RTP delta), resetting jitter measurement
2026-09-26 15:20:29.848 -04:00 [INF] [OpenFreqClient.Services.OpenFreqService] PTT end: own radio on 280.500 MHz
2026-09-26 15:20:29.858 -04:00 [INF] [OpenFreqClient.Services.OpenFreqService] TX level over 360ms: mic peak -1.3 dBFS rms -20.8 dBFS | sent peak 0.0 dBFS rms -13.4 dBFS | normalizer on, gain 1.068, gate -75.1 dBFS
2026-09-26 15:20:29.864 -04:00 [INF] [OpenFreqClient.Services.OpenFreqService] RX 280.500 MHz from Falcon (58355e30-5857-4e01-882f-86b5f2200072): -88.6 dBm, SNR 18.4 dB, FSPL 128.6 dB, terrain 0.0 dB, 227.7 km, tx 1900 m / rx 9147 m MSL
2026-09-26 15:20:30.715 -04:00 [INF] [OpenFreqClient.Services.OpenFreqService] PTT start: Blue (f23a2329-cca9-4d8f-bdda-384ea4044d35) on 339.750 MHz, 3D
2026-09-26 15:20:30.733 -04:00 [INF] [OpenFreq.Common.RtpJitterBufferPool] New RTP source: SSRC=0B8FB835
2026-09-26 15:20:30.733 -04:00 [INF] [OpenFreq.Common.RtpJitterBuffer] Manual buffer size: 150ms
2026-09-26 15:20:30.733 -04:00 [INF] [OpenFreq.Common.RtpAudioReceiver] Source joined:  SSRC=0B8FB835
2026-09-26 15:20:30.733 -04:00 [INF] [OpenFreq.Common.RtpJitterBuffer] Initialized: buffer=150ms
2026-09-26 15:20:30.883 -04:00 [INF] [OpenFreqClient.Services.OpenFreqService] RX 339.750 MHz from Blue (f23a2329-cca9-4d8f-bdda-384ea4044d35): -93.1 dBm, SNR 13.9 dB, FSPL 133.1 dB, terrain 0.0 dB, 317.3 km, tx 3403 m / rx 9147 m MSL
2026-09-26 15:20:31.797 -04:00 [INF] [OpenFreqClient.Services.OpenFreqService] PTT end: Blue (f23a2329-cca9-4d8f-bdda-384ea4044d35) on 339.750 MHz, released
2026-09-26 15:20:32.942 -04:00 [INF] [OpenFreqClient.Services.OpenFreqService] PTT start: Wild (982e2bb0-182d-4217-bce2-d56d6e7b2782) on 339.750 MHz, 3D
2026-09-26 15:20:32.956 -04:00 [INF] [OpenFreq.Common.RtpJitterBufferPool] New RTP source: SSRC=63865412
2026-09-26 15:20:32.956 -04:00 [INF] [OpenFreq.Common.RtpJitterBuffer] Manual buffer size: 150ms
2026-09-26 15:20:32.956 -04:00 [INF] [OpenFreq.Common.RtpAudioReceiver] Source joined:  SSRC=63865412
2026-09-26 15:20:32.956 -04:00 [INF] [OpenFreq.Common.RtpJitterBuffer] Initialized: buffer=150ms
2026-09-26 15:20:33.107 -04:00 [INF] [OpenFreqClient.Services.OpenFreqService] RX 339.750 MHz from Wild (982e2bb0-182d-4217-bce2-d56d6e7b2782): -93.1 dBm, SNR 13.9 dB, FSPL 133.1 dB, terrain 0.0 dB, 317.6 km, tx 3475 m / rx 9147 m MSL
2026-09-26 15:20:33.498 -04:00 [INF] [OpenFreqClient.Services.OpenFreqService] PTT end: Wild (982e2bb0-182d-4217-bce2-d56d6e7b2782) on 339.750 MHz, released
2026-09-26 15:20:33.623 -04:00 [INF] [OpenFreqClient.Services.OpenFreqService] PTT end: Falcon (58355e30-5857-4e01-882f-86b5f2200072) on 280.500 MHz, released
2026-09-26 15:20:34.054 -04:00 [INF] [OpenFreq.Common.RtpJitterBufferPool] New RTP source: SSRC=6B82F924
2026-09-26 15:20:34.054 -04:00 [INF] [OpenFreqClient.Services.OpenFreqService] PTT start: Tipple (4e89dcee-8608-4fc5-ba4b-b9d5c9f32258) on 339.750 MHz, 3D
2026-09-26 15:20:34.054 -04:00 [INF] [OpenFreq.Common.RtpJitterBuffer] Manual buffer size: 150ms
2026-09-26 15:20:34.054 -04:00 [INF] [OpenFreq.Common.RtpAudioReceiver] Source joined:  SSRC=6B82F924
2026-09-26 15:20:34.054 -04:00 [INF] [OpenFreq.Common.RtpJitterBuffer] Initialized: buffer=150ms
2026-09-26 15:20:34.204 -04:00 [INF] [OpenFreqClient.Services.OpenFreqService] RX 339.750 MHz from Tipple (4e89dcee-8608-4fc5-ba4b-b9d5c9f32258): -93.1 dBm, SNR 13.9 dB, FSPL 133.1 dB, terrain 0.0 dB, 317.8 km, tx 3508 m / rx 9147 m MSL
2026-09-26 15:20:34.727 -04:00 [INF] [OpenFreqClient.Services.OpenFreqService] PTT end: Tipple (4e89dcee-8608-4fc5-ba4b-b9d5c9f32258) on 339.750 MHz, released
2026-09-26 15:20:35.896 -04:00 [INF] [OpenFreqClient.Services.OpenFreqService] PTT start: own radio on 280.500 MHz
2026-09-26 15:20:36.067 -04:00 [INF] [OpenFreqClient.Services.OpenFreqService] PTT start: Blue (f23a2329-cca9-4d8f-bdda-384ea4044d35) on 339.750 MHz, 3D
2026-09-26 15:20:36.071 -04:00 [INF] [OpenFreq.Common.RtpJitterBuffer] Transmission gap detected (4304ms RTP delta), resetting jitter measurement
2026-09-26 15:20:36.162 -04:00 [INF] [OpenFreqClient.Services.OpenFreqService] RX 339.750 MHz from Blue (f23a2329-cca9-4d8f-bdda-384ea4044d35): -93.1 dBm, SNR 13.9 dB, FSPL 133.1 dB, terrain 0.0 dB, 318.1 km, tx 3582 m / rx 9147 m MSL
2026-09-26 15:20:37.846 -04:00 [WRN] [OpenFreqAudio.RadioPlayback] Stream f23a2329-cca9-4d8f-bdda-384ea4044d35:339750 on 339.750 MHz had no samples for 5.1 ms
2026-09-26 15:20:39.614 -04:00 [INF] [OpenFreqClient.Services.OpenFreqService] PTT end: own radio on 280.500 MHz
2026-09-26 15:20:39.618 -04:00 [INF] [OpenFreqClient.Services.OpenFreqService] TX level over 3720ms: mic peak -0.0 dBFS rms -14.7 dBFS | sent peak 0.0 dBFS rms -19.0 dBFS | normalizer on, gain 0.981, gate -49.2 dBFS
2026-09-26 15:20:40.040 -04:00 [INF] [OpenFreqAudio.RadioPlayback] Stream '2c7de423-e66c-4a70-a299-d21d207cd0ed:339750' on 339.750 MHz
2026-09-26 15:20:40.100 -04:00 [INF] [OpenFreqClient.Services.OpenFreqService] PTT end: Blue (f23a2329-cca9-4d8f-bdda-384ea4044d35) on 339.750 MHz, released
2026-09-26 15:20:40.561 -04:00 [INF] [OpenFreqClient.Services.OpenFreqService] PTT start: Blue (f23a2329-cca9-4d8f-bdda-384ea4044d35) on 339.750 MHz, 3D
2026-09-26 15:20:41.411 -04:00 [INF] [OpenFreqAudio.RadioPlayback] Stream '2c7de423-e66c-4a70-a299-d21d207cd0ed:280500' on 280.500 MHz
2026-09-26 15:20:42.240 -04:00 [INF] [OpenFreqClient.Services.OpenFreqService] PTT end: Blue (f23a2329-cca9-4d8f-bdda-384ea4044d35) on 339.750 MHz, released
2026-09-26 15:20:44.884 -04:00 [INF] [OpenFreqClient.Services.OpenFreqService] PTT start: Falcon (58355e30-5857-4e01-882f-86b5f2200072) on 280.500 MHz, 3D
2026-09-26 15:20:44.899 -04:00 [INF] [OpenFreq.Common.RtpJitterBuffer] Transmission gap detected (11287ms RTP delta), resetting jitter measurement
2026-09-26 15:20:44.949 -04:00 [INF] [OpenFreqClient.Services.OpenFreqService] RX 280.500 MHz from Falcon (58355e30-5857-4e01-882f-86b5f2200072): -88.9 dBm, SNR 18.1 dB, FSPL 128.6 dB, terrain 0.0 dB, 230.0 km, tx 2117 m / rx 9147 m MSL
2026-09-26 15:20:45.409 -04:00 [INF] [OpenFreq.Common.RtpJitterBuffer] Late arrival (1ms past slot) — buffer 52→82ms
2026-09-26 15:20:46.794 -04:00 [INF] [OpenFreqClient.Services.OpenFreqService] PTT end: Falcon (58355e30-5857-4e01-882f-86b5f2200072) on 280.500 MHz, released
2026-09-26 15:20:58.119 -04:00 [INF] [OpenFreqAudio.RadioPlayback] Stream 'bff512f0-7e44-426a-ad12-9ffb447115c3:339750' on 339.750 MHz
2026-09-26 15:20:58.323 -04:00 [INF] [OpenFreqAudio.RadioPlayback] Stream 'bff512f0-7e44-426a-ad12-9ffb447115c3:243000' on 243.000 MHz
2026-09-26 15:20:59.711 -04:00 [INF] [OpenFreqAudio.RadioPlayback] Stream 'efe0f587-f81f-4522-b158-2db2990e67b3:280500' on 280.500 MHz
2026-09-26 15:21:01.375 -04:00 [INF] [OpenFreqAudio.RadioPlayback] Stream '4d102c94-5b1d-430f-ac47-2af9e76711c3:280500' on 280.500 MHz
2026-09-26 15:21:12.622 -04:00 [INF] [OpenFreqAudio.RadioPlayback] Stream '4f4671de-f769-4dd1-a389-fe7beb123829:280500' on 280.500 MHz
2026-09-26 15:21:53.666 -04:00 [INF] [OpenFreqClient.Services.OpenFreqService] PTT start: Useless (2c7de423-e66c-4a70-a299-d21d207cd0ed) on 280.500 MHz, 3D
2026-09-26 15:21:53.680 -04:00 [INF] [OpenFreq.Common.RtpJitterBufferPool] New RTP source: SSRC=5FC1A72A
2026-09-26 15:21:53.680 -04:00 [INF] [OpenFreq.Common.RtpJitterBuffer] Manual buffer size: 150ms
2026-09-26 15:21:53.680 -04:00 [INF] [OpenFreq.Common.RtpAudioReceiver] Source joined:  SSRC=5FC1A72A
2026-09-26 15:21:53.680 -04:00 [INF] [OpenFreq.Common.RtpJitterBuffer] Initialized: buffer=150ms
2026-09-26 15:21:53.830 -04:00 [INF] [OpenFreqClient.Services.OpenFreqService] RX 280.500 MHz from Useless (2c7de423-e66c-4a70-a299-d21d207cd0ed): -88.4 dBm, SNR 18.6 dB, FSPL 128.4 dB, terrain 0.0 dB, 223.9 km, tx 2262 m / rx 9147 m MSL
2026-09-26 15:21:55.396 -04:00 [INF] [OpenFreqClient.Services.OpenFreqService] PTT start: Blue (f23a2329-cca9-4d8f-bdda-384ea4044d35) on 339.750 MHz, 3D
2026-09-26 15:21:55.399 -04:00 [INF] [OpenFreq.Common.RtpJitterBuffer] Transmission gap detected (73170ms RTP delta), resetting jitter measurement
2026-09-26 15:21:55.453 -04:00 [INF] [OpenFreqClient.Services.OpenFreqService] RX 339.750 MHz from Blue (f23a2329-cca9-4d8f-bdda-384ea4044d35): -93.5 dBm, SNR 13.5 dB, FSPL 133.5 dB, terrain 0.0 dB, 331.8 km, tx 5786 m / rx 9147 m MSL
2026-09-26 15:21:56.467 -04:00 [INF] [OpenFreqClient.Services.OpenFreqService] PTT end: Blue (f23a2329-cca9-4d8f-bdda-384ea4044d35) on 339.750 MHz, released
2026-09-26 15:21:58.208 -04:00 [INF] [OpenFreqClient.Services.OpenFreqService] PTT end: Useless (2c7de423-e66c-4a70-a299-d21d207cd0ed) on 280.500 MHz, released
2026-09-26 15:21:58.265 -04:00 [INF] [OpenFreqClient.Services.OpenFreqService] PTT start: Woody (e0977389-35b0-4d0f-997f-3c6be3e6f5f5) on 339.750 MHz, 3D
2026-09-26 15:21:58.296 -04:00 [INF] [OpenFreq.Common.RtpJitterBuffer] Transmission gap detected (103859ms RTP delta), resetting jitter measurement
2026-09-26 15:21:58.317 -04:00 [INF] [OpenFreqAudio.RadioPlayback] Stream 'c231414f-6549-4b18-9f0e-ef37b3ff8b2a:280500' on 280.500 MHz
2026-09-26 15:21:58.373 -04:00 [INF] [OpenFreqClient.Services.OpenFreqService] RX 339.750 MHz from Woody (e0977389-35b0-4d0f-997f-3c6be3e6f5f5): -96.9 dBm, SNR 10.1 dB, FSPL 132.2 dB, terrain 0.0 dB, 285.5 km, tx 8383 m / rx 9147 m MSL
2026-09-26 15:21:59.026 -04:00 [INF] [OpenFreqClient.Services.OpenFreqService] PTT start: Komier (4d102c94-5b1d-430f-ac47-2af9e76711c3) on 280.500 MHz, 3D
2026-09-26 15:21:59.042 -04:00 [INF] [OpenFreq.Common.RtpJitterBufferPool] New RTP source: SSRC=6046721D
2026-09-26 15:21:59.042 -04:00 [INF] [OpenFreq.Common.RtpJitterBuffer] Manual buffer size: 150ms
2026-09-26 15:21:59.042 -04:00 [INF] [OpenFreq.Common.RtpAudioReceiver] Source joined:  SSRC=6046721D
2026-09-26 15:21:59.042 -04:00 [INF] [OpenFreq.Common.RtpJitterBuffer] Initialized: buffer=150ms
2026-09-26 15:21:59.075 -04:00 [INF] [OpenFreqAudio.RadioPlayback] Stream '48abd6ed-f57c-43d5-af5e-3fe33e06395b:280500' on 280.500 MHz
2026-09-26 15:21:59.170 -04:00 [INF] [OpenFreqClient.Services.OpenFreqService] PTT end: Woody (e0977389-35b0-4d0f-997f-3c6be3e6f5f5) on 339.750 MHz, released
2026-09-26 15:21:59.193 -04:00 [INF] [OpenFreqClient.Services.OpenFreqService] RX 280.500 MHz from Komier (4d102c94-5b1d-430f-ac47-2af9e76711c3): -88.3 dBm, SNR 18.7 dB, FSPL 128.3 dB, terrain 0.0 dB, 221.7 km, tx 1563 m / rx 9147 m MSL
2026-09-26 15:21:59.245 -04:00 [WRN] [OpenFreqAudio.RadioPlayback] Stream 4d102c94-5b1d-430f-ac47-2af9e76711c3:280500 on 280.500 MHz had no samples for 5.3 ms
2026-09-26 15:21:59.582 -04:00 [INF] [OpenFreqClient.Services.OpenFreqService] PTT end: Komier (4d102c94-5b1d-430f-ac47-2af9e76711c3) on 280.500 MHz, released
2026-09-26 15:21:59.891 -04:00 [INF] [OpenFreqAudio.RadioPlayback] Stream '974e1818-726d-46c2-a454-05ba12f6d736:339750' on 339.750 MHz
2026-09-26 15:21:59.907 -04:00 [INF] [OpenFreqClient.Services.OpenFreqService] PTT start: Blue (f23a2329-cca9-4d8f-bdda-384ea4044d35) on 339.750 MHz, 3D
2026-09-26 15:21:59.924 -04:00 [INF] [OpenFreq.Common.RtpJitterBuffer] Transmission gap detected (3476ms RTP delta), resetting jitter measurement
2026-09-26 15:21:59.964 -04:00 [INF] [OpenFreqClient.Services.OpenFreqService] RX 339.750 MHz from Blue (f23a2329-cca9-4d8f-bdda-384ea4044d35): -93.5 dBm, SNR 13.5 dB, FSPL 133.5 dB, terrain 0.0 dB, 332.6 km, tx 5927 m / rx 9147 m MSL
2026-09-26 15:22:00.539 -04:00 [INF] [OpenFreqClient.Services.OpenFreqService] PTT start: LeHarold (efe0f587-f81f-4522-b158-2db2990e67b3) on 280.500 MHz, 3D
2026-09-26 15:22:00.547 -04:00 [INF] [OpenFreq.Common.RtpJitterBufferPool] New RTP source: SSRC=3ACE95B3
2026-09-26 15:22:00.547 -04:00 [INF] [OpenFreq.Common.RtpJitterBuffer] Manual buffer size: 150ms
2026-09-26 15:22:00.547 -04:00 [INF] [OpenFreq.Common.RtpAudioReceiver] Source joined:  SSRC=3ACE95B3
2026-09-26 15:22:00.547 -04:00 [INF] [OpenFreq.Common.RtpJitterBuffer] Initialized: buffer=150ms
2026-09-26 15:22:00.697 -04:00 [INF] [OpenFreqClient.Services.OpenFreqService] RX 280.500 MHz from LeHarold (efe0f587-f81f-4522-b158-2db2990e67b3): -88.3 dBm, SNR 18.7 dB, FSPL 128.3 dB, terrain 0.0 dB, 222.0 km, tx 1763 m / rx 9147 m MSL
2026-09-26 15:22:00.825 -04:00 [INF] [OpenFreq.Common.RtpJitterBuffer] Late arrival (53ms past slot) — buffer 50→134ms
2026-09-26 15:22:00.828 -04:00 [WRN] [OpenFreqAudio.RadioPlayback] Stream efe0f587-f81f-4522-b158-2db2990e67b3:280500 on 280.500 MHz had no samples for 8.4 ms
2026-09-26 15:22:00.970 -04:00 [INF] [OpenFreqClient.Services.OpenFreqService] PTT end: LeHarold (efe0f587-f81f-4522-b158-2db2990e67b3) on 280.500 MHz, released
2026-09-26 15:22:01.333 -04:00 [INF] [OpenFreqAudio.RadioPlayback] Stream 'c220f187-a6fa-4848-ac66-ff0dd03f1bde:280500' on 280.500 MHz
2026-09-26 15:22:01.514 -04:00 [INF] [OpenFreqAudio.RadioPlayback] Stream '974e1818-726d-46c2-a454-05ba12f6d736:280500' on 280.500 MHz
2026-09-26 15:22:01.735 -04:00 [INF] [OpenFreqClient.Services.OpenFreqService] PTT start: Paintcheck (4f4671de-f769-4dd1-a389-fe7beb123829) on 280.500 MHz, 3D
2026-09-26 15:22:01.741 -04:00 [INF] [OpenFreq.Common.RtpJitterBufferPool] New RTP source: SSRC=1FA21C25
2026-09-26 15:22:01.741 -04:00 [INF] [OpenFreq.Common.RtpJitterBuffer] Manual buffer size: 150ms
2026-09-26 15:22:01.741 -04:00 [INF] [OpenFreq.Common.RtpAudioReceiver] Source joined:  SSRC=1FA21C25
2026-09-26 15:22:01.741 -04:00 [INF] [OpenFreq.Common.RtpJitterBuffer] Initialized: buffer=150ms
2026-09-26 15:22:01.891 -04:00 [INF] [OpenFreqClient.Services.OpenFreqService] RX 280.500 MHz from Paintcheck (4f4671de-f769-4dd1-a389-fe7beb123829): -92.1 dBm, SNR 14.9 dB, FSPL 128.3 dB, terrain 0.0 dB, 220.5 km, tx 1570 m / rx 9147 m MSL
2026-09-26 15:22:02.070 -04:00 [WRN] [OpenFreqAudio.RadioPlayback] Stream 4f4671de-f769-4dd1-a389-fe7beb123829:280500 on 280.500 MHz had no samples for 5.4 ms
2026-09-26 15:22:02.287 -04:00 [INF] [OpenFreqClient.Services.OpenFreqService] PTT end: Paintcheck (4f4671de-f769-4dd1-a389-fe7beb123829) on 280.500 MHz, released
2026-09-26 15:22:05.835 -04:00 [INF] [OpenFreqClient.Services.OpenFreqService] PTT start: Useless (2c7de423-e66c-4a70-a299-d21d207cd0ed) on 280.500 MHz, 3D
2026-09-26 15:22:05.842 -04:00 [INF] [OpenFreq.Common.RtpJitterBuffer] Transmission gap detected (7656ms RTP delta), resetting jitter measurement
2026-09-26 15:22:05.899 -04:00 [INF] [OpenFreqClient.Services.OpenFreqService] RX 280.500 MHz from Useless (2c7de423-e66c-4a70-a299-d21d207cd0ed): -96.3 dBm, SNR 10.7 dB, FSPL 128.5 dB, terrain 0.0 dB, 225.9 km, tx 2627 m / rx 9147 m MSL
2026-09-26 15:22:05.937 -04:00 [INF] [OpenFreqClient.Services.OpenFreqService] PTT start: Woody (e0977389-35b0-4d0f-997f-3c6be3e6f5f5) on 339.750 MHz, 3D
2026-09-26 15:22:05.957 -04:00 [INF] [OpenFreq.Common.RtpJitterBuffer] Transmission gap detected (6811ms RTP delta), resetting jitter measurement
2026-09-26 15:22:05.970 -04:00 [WRN] [OpenFreqAudio.RadioPlayback] Stream 2c7de423-e66c-4a70-a299-d21d207cd0ed:280500 on 280.500 MHz had no samples for 10.5 ms
2026-09-26 15:22:06.023 -04:00 [INF] [OpenFreqClient.Services.OpenFreqService] RX 339.750 MHz from Woody (e0977389-35b0-4d0f-997f-3c6be3e6f5f5): -92.2 dBm, SNR 14.8 dB, FSPL 132.2 dB, terrain 0.0 dB, 284.7 km, tx 8608 m / rx 9147 m MSL
2026-09-26 15:22:07.510 -04:00 [INF] [OpenFreq.Common.RtpJitterBuffer] Transmission gap detected (5151ms RTP delta), resetting jitter measurement
2026-09-26 15:22:07.558 -04:00 [INF] [OpenFreqClient.Services.OpenFreqService] PTT end: Blue (f23a2329-cca9-4d8f-bdda-384ea4044d35) on 339.750 MHz, released
2026-09-26 15:22:07.559 -04:00 [INF] [OpenFreqClient.Services.OpenFreqService] PTT start: Blue (f23a2329-cca9-4d8f-bdda-384ea4044d35) on 339.750 MHz, 3D
2026-09-26 15:22:07.591 -04:00 [INF] [OpenFreqClient.Services.OpenFreqService] RX 339.750 MHz from Blue (f23a2329-cca9-4d8f-bdda-384ea4044d35): -93.5 dBm, SNR 13.5 dB, FSPL 133.5 dB, terrain 0.0 dB, 334.0 km, tx 6154 m / rx 9147 m MSL
2026-09-26 15:22:07.700 -04:00 [INF] [OpenFreqClient.Services.OpenFreqService] PTT end: Woody (e0977389-35b0-4d0f-997f-3c6be3e6f5f5) on 339.750 MHz, released
2026-09-26 15:22:09.278 -04:00 [INF] [OpenFreqClient.Services.OpenFreqService] PTT end: Blue (f23a2329-cca9-4d8f-bdda-384ea4044d35) on 339.750 MHz, released
2026-09-26 15:22:09.867 -04:00 [INF] [OpenFreqClient.Services.OpenFreqService] PTT start: Woody (e0977389-35b0-4d0f-997f-3c6be3e6f5f5) on 339.750 MHz, 3D
2026-09-26 15:22:09.874 -04:00 [INF] [OpenFreq.Common.RtpJitterBuffer] Transmission gap detected (2859ms RTP delta), resetting jitter measurement
2026-09-26 15:22:09.935 -04:00 [INF] [OpenFreqClient.Services.OpenFreqService] RX 339.750 MHz from Woody (e0977389-35b0-4d0f-997f-3c6be3e6f5f5): -92.1 dBm, SNR 14.9 dB, FSPL 132.1 dB, terrain 0.0 dB, 284.3 km, tx 8692 m / rx 9147 m MSL
2026-09-26 15:22:10.637 -04:00 [INF] [OpenFreqAudio.RadioPlayback] Stream '7ebf02fc-ba84-466f-850d-2eeffc48b655:339750' on 339.750 MHz
2026-09-26 15:22:10.833 -04:00 [INF] [OpenFreqAudio.RadioPlayback] Stream '7ebf02fc-ba84-466f-850d-2eeffc48b655:243000' on 243.000 MHz
2026-09-26 15:22:11.865 -04:00 [INF] [OpenFreqClient.Services.OpenFreqService] PTT end: Woody (e0977389-35b0-4d0f-997f-3c6be3e6f5f5) on 339.750 MHz, released
2026-09-26 15:22:12.666 -04:00 [INF] [OpenFreqClient.Services.OpenFreqService] PTT start: Blue (f23a2329-cca9-4d8f-bdda-384ea4044d35) on 339.750 MHz, 3D
2026-09-26 15:22:12.696 -04:00 [INF] [OpenFreq.Common.RtpJitterBuffer] Transmission gap detected (3409ms RTP delta), resetting jitter measurement
2026-09-26 15:22:12.730 -04:00 [INF] [OpenFreqClient.Services.OpenFreqService] RX 339.750 MHz from Blue (f23a2329-cca9-4d8f-bdda-384ea4044d35): -93.6 dBm, SNR 13.4 dB, FSPL 133.6 dB, terrain 0.0 dB, 335.0 km, tx 6298 m / rx 9147 m MSL
2026-09-26 15:22:12.818 -04:00 [INF] [OpenFreqClient.Services.OpenFreqService] PTT end: Useless (2c7de423-e66c-4a70-a299-d21d207cd0ed) on 280.500 MHz, released
2026-09-26 15:22:12.998 -04:00 [INF] [OpenFreqClient.Services.OpenFreqService] PTT end: Blue (f23a2329-cca9-4d8f-bdda-384ea4044d35) on 339.750 MHz, released
2026-09-26 15:22:13.934 -04:00 [INF] [OpenFreqClient.Services.OpenFreqService] PTT start: own radio on 280.500 MHz
2026-09-26 15:22:16.868 -04:00 [INF] [OpenFreqClient.Services.OpenFreqService] PTT end: own radio on 280.500 MHz
2026-09-26 15:22:16.871 -04:00 [INF] [OpenFreqClient.Services.OpenFreqService] TX level over 2930ms: mic peak 0.0 dBFS rms -15.9 dBFS | sent peak 0.0 dBFS rms -19.0 dBFS | normalizer on, gain 1.164, gate -51.6 dBFS
2026-09-26 15:22:23.021 -04:00 [INF] [OpenFreqClient.Services.OpenFreqService] PTT start: Krieger (c231414f-6549-4b18-9f0e-ef37b3ff8b2a) on 280.500 MHz, 3D
2026-09-26 15:22:23.039 -04:00 [INF] [OpenFreq.Common.RtpJitterBufferPool] New RTP source: SSRC=15B167C8
2026-09-26 15:22:23.039 -04:00 [INF] [OpenFreq.Common.RtpJitterBuffer] Manual buffer size: 150ms
2026-09-26 15:22:23.039 -04:00 [INF] [OpenFreq.Common.RtpAudioReceiver] Source joined:  SSRC=15B167C8
2026-09-26 15:22:23.039 -04:00 [INF] [OpenFreq.Common.RtpJitterBuffer] Initialized: buffer=150ms
2026-09-26 15:22:23.190 -04:00 [INF] [OpenFreqClient.Services.OpenFreqService] RX 280.500 MHz from Krieger (c231414f-6549-4b18-9f0e-ef37b3ff8b2a): -91.5 dBm, SNR 15.5 dB, FSPL 131.5 dB, terrain 0.0 dB, 320.6 km, tx 1210 m / rx 9147 m MSL
2026-09-26 15:22:23.216 -04:00 [WRN] [OpenFreqAudio.RadioPlayback] Stream c231414f-6549-4b18-9f0e-ef37b3ff8b2a:280500 on 280.500 MHz had no samples for 10.5 ms
2026-09-26 15:22:23.968 -04:00 [INF] [OpenFreqClient.Services.OpenFreqService] PTT end: Krieger (c231414f-6549-4b18-9f0e-ef37b3ff8b2a) on 280.500 MHz, released
2026-09-26 15:22:23.991 -04:00 [INF] [OpenFreqClient.Services.OpenFreqService] PTT start: Woody (e0977389-35b0-4d0f-997f-3c6be3e6f5f5) on 339.750 MHz, 3D
2026-09-26 15:22:24.010 -04:00 [INF] [OpenFreq.Common.RtpJitterBuffer] Transmission gap detected (12173ms RTP delta), resetting jitter measurement
2026-09-26 15:22:24.070 -04:00 [INF] [OpenFreqClient.Services.OpenFreqService] RX 339.750 MHz from Woody (e0977389-35b0-4d0f-997f-3c6be3e6f5f5): -92.1 dBm, SNR 14.9 dB, FSPL 132.1 dB, terrain 0.0 dB, 282.8 km, tx 8978 m / rx 9147 m MSL
2026-09-26 15:22:24.100 -04:00 [WRN] [OpenFreqAudio.RadioPlayback] Stream e0977389-35b0-4d0f-997f-3c6be3e6f5f5:339750 on 339.750 MHz had no samples for 10.4 ms
2026-09-26 15:22:24.415 -04:00 [INF] [OpenFreqClient.Services.OpenFreqService] PTT start: Knight (974e1818-726d-46c2-a454-05ba12f6d736) on 280.500 MHz, 3D
2026-09-26 15:22:24.423 -04:00 [INF] [OpenFreq.Common.RtpJitterBufferPool] New RTP source: SSRC=2BA1D578
2026-09-26 15:22:24.423 -04:00 [INF] [OpenFreq.Common.RtpJitterBuffer] Manual buffer size: 150ms
2026-09-26 15:22:24.423 -04:00 [INF] [OpenFreq.Common.RtpAudioReceiver] Source joined:  SSRC=2BA1D578
2026-09-26 15:22:24.423 -04:00 [INF] [OpenFreq.Common.RtpJitterBuffer] Initialized: buffer=150ms
2026-09-26 15:22:24.573 -04:00 [INF] [OpenFreqClient.Services.OpenFreqService] RX 280.500 MHz from Knight (974e1818-726d-46c2-a454-05ba12f6d736): -91.5 dBm, SNR 15.5 dB, FSPL 131.5 dB, terrain 0.0 dB, 318.7 km, tx 1011 m / rx 9147 m MSL
2026-09-26 15:22:24.788 -04:00 [INF] [OpenFreqClient.Services.OpenFreqService] PTT end: Knight (974e1818-726d-46c2-a454-05ba12f6d736) on 280.500 MHz, released
2026-09-26 15:22:26.011 -04:00 [INF] [OpenFreqClient.Services.OpenFreqService] PTT start: MBee (c220f187-a6fa-4848-ac66-ff0dd03f1bde) on 280.500 MHz, 3D
2026-09-26 15:22:26.018 -04:00 [INF] [OpenFreq.Common.RtpJitterBufferPool] New RTP source: SSRC=0DDE0F4B
2026-09-26 15:22:26.018 -04:00 [INF] [OpenFreq.Common.RtpJitterBuffer] Manual buffer size: 150ms
2026-09-26 15:22:26.018 -04:00 [INF] [OpenFreq.Common.RtpAudioReceiver] Source joined:  SSRC=0DDE0F4B
2026-09-26 15:22:26.018 -04:00 [INF] [OpenFreq.Common.RtpJitterBuffer] Initialized: buffer=150ms
2026-09-26 15:22:26.169 -04:00 [INF] [OpenFreqClient.Services.OpenFreqService] RX 280.500 MHz from MBee (c220f187-a6fa-4848-ac66-ff0dd03f1bde): -91.4 dBm, SNR 15.6 dB, FSPL 131.4 dB, terrain 0.0 dB, 317.5 km, tx 1215 m / rx 9147 m MSL
2026-09-26 15:22:26.221 -04:00 [WRN] [OpenFreqAudio.RadioPlayback] Stream c220f187-a6fa-4848-ac66-ff0dd03f1bde:280500 on 280.500 MHz had no samples for 14.0 ms
2026-09-26 15:22:26.250 -04:00 [INF] [OpenFreqClient.Services.OpenFreqService] PTT end: MBee (c220f187-a6fa-4848-ac66-ff0dd03f1bde) on 280.500 MHz, released
2026-09-26 15:22:27.142 -04:00 [INF] [OpenFreqClient.Services.OpenFreqService] PTT start: Zag (48abd6ed-f57c-43d5-af5e-3fe33e06395b) on 280.500 MHz, 3D
2026-09-26 15:22:27.166 -04:00 [INF] [OpenFreq.Common.RtpJitterBufferPool] New RTP source: SSRC=09331CEC
2026-09-26 15:22:27.166 -04:00 [INF] [OpenFreq.Common.RtpJitterBuffer] Manual buffer size: 150ms
2026-09-26 15:22:27.166 -04:00 [INF] [OpenFreq.Common.RtpAudioReceiver] Source joined:  SSRC=09331CEC
2026-09-26 15:22:27.166 -04:00 [INF] [OpenFreq.Common.RtpJitterBuffer] Initialized: buffer=150ms
2026-09-26 15:22:27.316 -04:00 [INF] [OpenFreqClient.Services.OpenFreqService] RX 280.500 MHz from Zag (48abd6ed-f57c-43d5-af5e-3fe33e06395b): -91.4 dBm, SNR 15.6 dB, FSPL 131.4 dB, terrain 0.0 dB, 316.1 km, tx 1089 m / rx 9147 m MSL
2026-09-26 15:22:27.410 -04:00 [WRN] [OpenFreqAudio.RadioPlayback] Stream 48abd6ed-f57c-43d5-af5e-3fe33e06395b:280500 on 280.500 MHz had no samples for 14.1 ms
2026-09-26 15:22:27.828 -04:00 [INF] [OpenFreq.Common.RtpJitterBuffer] Late arrival (86ms past slot) — buffer 86→202ms
2026-09-26 15:22:28.146 -04:00 [INF] [OpenFreqClient.Services.OpenFreqService] PTT end: Zag (48abd6ed-f57c-43d5-af5e-3fe33e06395b) on 280.500 MHz, released
2026-09-26 15:22:29.092 -04:00 [INF] [OpenFreqClient.Services.OpenFreqService] PTT start: Krieger (c231414f-6549-4b18-9f0e-ef37b3ff8b2a) on 280.500 MHz, 3D
2026-09-26 15:22:29.103 -04:00 [INF] [OpenFreq.Common.RtpJitterBuffer] Transmission gap detected (5145ms RTP delta), resetting jitter measurement
2026-09-26 15:22:29.183 -04:00 [INF] [OpenFreqClient.Services.OpenFreqService] RX 280.500 MHz from Krieger (c231414f-6549-4b18-9f0e-ef37b3ff8b2a): -95.1 dBm, SNR 11.9 dB, FSPL 131.5 dB, terrain 0.0 dB, 321.4 km, tx 1280 m / rx 9147 m MSL
2026-09-26 15:22:30.991 -04:00 [INF] [OpenFreqClient.Services.OpenFreqService] PTT end: Woody (e0977389-35b0-4d0f-997f-3c6be3e6f5f5) on 339.750 MHz, released
2026-09-26 15:22:31.676 -04:00 [INF] [OpenFreqClient.Services.OpenFreqService] PTT start: Blue (f23a2329-cca9-4d8f-bdda-384ea4044d35) on 339.750 MHz, 3D
2026-09-26 15:22:31.694 -04:00 [INF] [OpenFreq.Common.RtpJitterBuffer] Transmission gap detected (18712ms RTP delta), resetting jitter measurement
2026-09-26 15:22:31.743 -04:00 [INF] [OpenFreqClient.Services.OpenFreqService] RX 339.750 MHz from Blue (f23a2329-cca9-4d8f-bdda-384ea4044d35): -93.7 dBm, SNR 13.3 dB, FSPL 133.7 dB, terrain 0.0 dB, 338.6 km, tx 6765 m / rx 9147 m MSL
2026-09-26 15:22:32.284 -04:00 [INF] [OpenFreqClient.Services.OpenFreqService] PTT end: Blue (f23a2329-cca9-4d8f-bdda-384ea4044d35) on 339.750 MHz, released
2026-09-26 15:22:32.787 -04:00 [INF] [OpenFreqAudio.RadioPlayback] Stream '9ee0b811-d7a3-4388-b330-5035e9bc334e:280500' on 280.500 MHz
2026-09-26 15:22:34.868 -04:00 [INF] [OpenFreqClient.Services.OpenFreqService] PTT end: Krieger (c231414f-6549-4b18-9f0e-ef37b3ff8b2a) on 280.500 MHz, released
2026-09-26 15:22:35.606 -04:00 [INF] [OpenFreqAudio.RadioPlayback] Stream 'f8c742ac-257a-4450-aadc-59aa8b2f44b5:280500' on 280.500 MHz
2026-09-26 15:22:36.512 -04:00 [INF] [OpenFreqAudio.RadioPlayback] Stream '7c54ae18-74fa-45f3-b6a9-377a5574b95b:280500' on 280.500 MHz
2026-09-26 15:22:42.593 -04:00 [INF] [OpenFreqAudio.RadioPlayback] Stream 'b28176fd-1fdc-4825-9c1c-0a6142dfc872:243000' on 243.000 MHz
2026-09-26 15:22:42.832 -04:00 [INF] [OpenFreqAudio.RadioPlayback] Stream 'b28176fd-1fdc-4825-9c1c-0a6142dfc872:280500' on 280.500 MHz
2026-09-26 15:22:46.877 -04:00 [INF] [OpenFreq.Common.RtpJitterBufferPool] New RTP source: SSRC=32C7C971
2026-09-26 15:22:46.877 -04:00 [INF] [OpenFreqClient.Services.OpenFreqService] PTT start: Razgriz (9ee0b811-d7a3-4388-b330-5035e9bc334e) on 280.500 MHz, 3D
2026-09-26 15:22:46.877 -04:00 [INF] [OpenFreq.Common.RtpJitterBuffer] Manual buffer size: 150ms
2026-09-26 15:22:46.877 -04:00 [INF] [OpenFreq.Common.RtpAudioReceiver] Source joined:  SSRC=32C7C971
2026-09-26 15:22:46.877 -04:00 [INF] [OpenFreq.Common.RtpJitterBuffer] Initialized: buffer=150ms
2026-09-26 15:22:47.028 -04:00 [INF] [OpenFreqClient.Services.OpenFreqService] RX 280.500 MHz from Razgriz (9ee0b811-d7a3-4388-b330-5035e9bc334e): -91.1 dBm, SNR 15.9 dB, FSPL 131.1 dB, terrain 0.0 dB, 306.3 km, tx 1083 m / rx 9147 m MSL
2026-09-26 15:22:47.348 -04:00 [WRN] [OpenFreqAudio.RadioPlayback] Stream 9ee0b811-d7a3-4388-b330-5035e9bc334e:280500 on 280.500 MHz had no samples for 5.6 ms
2026-09-26 15:22:48.546 -04:00 [INF] [OpenFreqClient.Services.OpenFreqService] PTT end: Razgriz (9ee0b811-d7a3-4388-b330-5035e9bc334e) on 280.500 MHz, released
2026-09-26 15:22:49.350 -04:00 [INF] [OpenFreq.Common.RtpJitterBufferPool] New RTP source: SSRC=3EB49D5B
2026-09-26 15:22:49.350 -04:00 [INF] [OpenFreq.Common.RtpJitterBuffer] Manual buffer size: 150ms
2026-09-26 15:22:49.350 -04:00 [INF] [OpenFreq.Common.RtpAudioReceiver] Source joined:  SSRC=3EB49D5B
2026-09-26 15:22:49.350 -04:00 [INF] [OpenFreq.Common.RtpJitterBuffer] Initialized: buffer=150ms
2026-09-26 15:22:49.356 -04:00 [INF] [OpenFreqClient.Services.OpenFreqService] PTT start: Miner 1-1 (7c54ae18-74fa-45f3-b6a9-377a5574b95b) on 280.500 MHz, 3D
2026-09-26 15:22:49.501 -04:00 [INF] [OpenFreqClient.Services.OpenFreqService] RX 280.500 MHz from Miner 1-1 (7c54ae18-74fa-45f3-b6a9-377a5574b95b): -91.1 dBm, SNR 15.9 dB, FSPL 131.1 dB, terrain 0.0 dB, 306.3 km, tx 1057 m / rx 9147 m MSL
2026-09-26 15:22:49.700 -04:00 [INF] [OpenFreqClient.Services.OpenFreqService] PTT end: Miner 1-1 (7c54ae18-74fa-45f3-b6a9-377a5574b95b) on 280.500 MHz, released
2026-09-26 15:22:50.744 -04:00 [INF] [OpenFreqClient.Services.OpenFreqService] PTT start: SkyFox (f8c742ac-257a-4450-aadc-59aa8b2f44b5) on 280.500 MHz, 3D
2026-09-26 15:22:50.755 -04:00 [INF] [OpenFreq.Common.RtpJitterBufferPool] New RTP source: SSRC=2B251449
2026-09-26 15:22:50.755 -04:00 [INF] [OpenFreq.Common.RtpJitterBuffer] Manual buffer size: 150ms
2026-09-26 15:22:50.755 -04:00 [INF] [OpenFreq.Common.RtpAudioReceiver] Source joined:  SSRC=2B251449
2026-09-26 15:22:50.755 -04:00 [INF] [OpenFreq.Common.RtpJitterBuffer] Initialized: buffer=150ms
2026-09-26 15:22:50.905 -04:00 [INF] [OpenFreqClient.Services.OpenFreqService] RX 280.500 MHz from SkyFox (f8c742ac-257a-4450-aadc-59aa8b2f44b5): -99.4 dBm, SNR 7.6 dB, FSPL 131.1 dB, terrain 0.0 dB, 306.1 km, tx 885 m / rx 9147 m MSL
2026-09-26 15:22:51.337 -04:00 [INF] [OpenFreqClient.Services.OpenFreqService] PTT end: SkyFox (f8c742ac-257a-4450-aadc-59aa8b2f44b5) on 280.500 MHz, released
2026-09-26 15:22:52.028 -04:00 [INF] [OpenFreqClient.Services.OpenFreqService] PTT start: Stevie (b28176fd-1fdc-4825-9c1c-0a6142dfc872) on 280.500 MHz, 3D
2026-09-26 15:22:52.046 -04:00 [INF] [OpenFreq.Common.RtpJitterBufferPool] New RTP source: SSRC=1791C552
2026-09-26 15:22:52.046 -04:00 [INF] [OpenFreq.Common.RtpJitterBuffer] Manual buffer size: 150ms
2026-09-26 15:22:52.046 -04:00 [INF] [OpenFreq.Common.RtpAudioReceiver] Source joined:  SSRC=1791C552
2026-09-26 15:22:52.047 -04:00 [INF] [OpenFreq.Common.RtpJitterBuffer] Initialized: buffer=150ms
2026-09-26 15:22:52.197 -04:00 [INF] [OpenFreqClient.Services.OpenFreqService] RX 280.500 MHz from Stevie (b28176fd-1fdc-4825-9c1c-0a6142dfc872): -94.8 dBm, SNR 12.2 dB, FSPL 131.1 dB, terrain 0.0 dB, 306.3 km, tx 772 m / rx 9147 m MSL
2026-09-26 15:22:52.228 -04:00 [WRN] [OpenFreqAudio.RadioPlayback] Stream b28176fd-1fdc-4825-9c1c-0a6142dfc872:280500 on 280.500 MHz had no samples for 11.0 ms
2026-09-26 15:22:52.711 -04:00 [INF] [OpenFreqClient.Services.OpenFreqService] PTT end: Stevie (b28176fd-1fdc-4825-9c1c-0a6142dfc872) on 280.500 MHz, released
2026-09-26 15:22:53.555 -04:00 [INF] [OpenFreqClient.Services.OpenFreqService] PTT start: own radio on 280.500 MHz
2026-09-26 15:22:53.850 -04:00 [INF] [OpenFreqClient.Services.OpenFreqService] PTT end: own radio on 280.500 MHz
2026-09-26 15:22:53.851 -04:00 [INF] [OpenFreqClient.Services.OpenFreqService] TX level over 290ms: mic peak -0.2 dBFS rms -18.6 dBFS | sent peak 0.0 dBFS rms -10.2 dBFS | normalizer on, gain 1.307, gate -70.8 dBFS
2026-09-26 15:22:55.796 -04:00 [INF] [OpenFreqClient.Services.OpenFreqService] PTT start: Razgriz (9ee0b811-d7a3-4388-b330-5035e9bc334e) on 280.500 MHz, 3D
2026-09-26 15:22:55.826 -04:00 [INF] [OpenFreq.Common.RtpJitterBuffer] Transmission gap detected (7276ms RTP delta), resetting jitter measurement
2026-09-26 15:22:55.886 -04:00 [INF] [OpenFreqClient.Services.OpenFreqService] RX 280.500 MHz from Razgriz (9ee0b811-d7a3-4388-b330-5035e9bc334e): -91.1 dBm, SNR 15.9 dB, FSPL 131.1 dB, terrain 0.0 dB, 305.6 km, tx 1160 m / rx 9147 m MSL
2026-09-26 15:22:57.995 -04:00 [INF] [OpenFreqClient.Services.OpenFreqService] PTT end: Razgriz (9ee0b811-d7a3-4388-b330-5035e9bc334e) on 280.500 MHz, released
2026-09-26 15:22:58.887 -04:00 [INF] [OpenFreqClient.Services.OpenFreqService] PTT start: own radio on 280.500 MHz
2026-09-26 15:23:01.862 -04:00 [INF] [OpenFreqClient.Services.OpenFreqService] PTT end: own radio on 280.500 MHz
2026-09-26 15:23:01.872 -04:00 [INF] [OpenFreqClient.Services.OpenFreqService] TX level over 2980ms: mic peak -0.1 dBFS rms -15.2 dBFS | sent peak 0.0 dBFS rms -18.4 dBFS | normalizer on, gain 2.542, gate -53.2 dBFS
2026-09-26 15:23:10.767 -04:00 [INF] [OpenFreqClient.Services.OpenFreqService] PTT start: own radio on 339.750 MHz
2026-09-26 15:23:11.665 -04:00 [INF] [OpenFreqClient.Services.OpenFreqService] PTT end: own radio on 339.750 MHz
2026-09-26 15:23:11.672 -04:00 [INF] [OpenFreqClient.Services.OpenFreqService] TX level over 900ms: mic peak -0.4 dBFS rms -13.9 dBFS | sent peak 0.0 dBFS rms -15.4 dBFS | normalizer on, gain 0.380, gate -47.9 dBFS
2026-09-26 15:23:13.551 -04:00 [INF] [OpenFreqClient.Services.OpenFreqService] PTT start: Blue (f23a2329-cca9-4d8f-bdda-384ea4044d35) on 339.750 MHz, 3D
2026-09-26 15:23:13.568 -04:00 [INF] [OpenFreq.Common.RtpJitterBuffer] Transmission gap detected (41297ms RTP delta), resetting jitter measurement
2026-09-26 15:23:13.619 -04:00 [INF] [OpenFreqClient.Services.OpenFreqService] RX 339.750 MHz from Blue (f23a2329-cca9-4d8f-bdda-384ea4044d35): -93.9 dBm, SNR 13.1 dB, FSPL 133.9 dB, terrain 0.0 dB, 346.7 km, tx 7902 m / rx 9147 m MSL
2026-09-26 15:23:14.249 -04:00 [INF] [OpenFreqClient.Services.OpenFreqService] PTT end: Blue (f23a2329-cca9-4d8f-bdda-384ea4044d35) on 339.750 MHz, released
2026-09-26 15:23:14.947 -04:00 [INF] [OpenFreqClient.Services.OpenFreqService] PTT start: own radio on 339.750 MHz
2026-09-26 15:23:17.462 -04:00 [INF] [OpenFreqClient.Services.OpenFreqService] PTT end: own radio on 339.750 MHz
2026-09-26 15:23:17.472 -04:00 [INF] [OpenFreqClient.Services.OpenFreqService] TX level over 2520ms: mic peak -0.1 dBFS rms -17.1 dBFS | sent peak 0.0 dBFS rms -17.3 dBFS | normalizer on, gain 3.754, gate -59.8 dBFS
2026-09-26 15:23:19.343 -04:00 [INF] [OpenFreqClient.Services.OpenFreqService] PTT start: Blue (f23a2329-cca9-4d8f-bdda-384ea4044d35) on 339.750 MHz, 3D
2026-09-26 15:23:19.353 -04:00 [INF] [OpenFreq.Common.RtpJitterBuffer] Transmission gap detected (5122ms RTP delta), resetting jitter measurement
2026-09-26 15:23:19.400 -04:00 [INF] [OpenFreqClient.Services.OpenFreqService] RX 339.750 MHz from Blue (f23a2329-cca9-4d8f-bdda-384ea4044d35): -93.9 dBm, SNR 13.1 dB, FSPL 133.9 dB, terrain 0.0 dB, 347.8 km, tx 8079 m / rx 9147 m MSL
2026-09-26 15:23:19.730 -04:00 [INF] [OpenFreq.Common.RtpJitterBuffer] Late arrival (10ms past slot) — buffer 47→88ms
2026-09-26 15:23:23.054 -04:00 [INF] [OpenFreq.Common.RtpJitterBuffer] Late arrival (14ms past slot) — buffer 88→132ms
2026-09-26 15:23:23.195 -04:00 [INF] [OpenFreqClient.Services.OpenFreqService] PTT end: Blue (f23a2329-cca9-4d8f-bdda-384ea4044d35) on 339.750 MHz, released
2026-09-26 15:23:25.158 -04:00 [INF] [OpenFreqAudio.RadioPlayback] Stream 'f39dd749-39ff-4df4-bec7-f23cc154d1a8:339750' on 339.750 MHz
2026-09-26 15:23:26.108 -04:00 [INF] [OpenFreqAudio.RadioPlayback] Stream '82f4c276-d732-442e-816e-9c2cc3cab039:339750' on 339.750 MHz
2026-09-26 15:23:26.646 -04:00 [INF] [OpenFreqAudio.RadioPlayback] Stream 'f39dd749-39ff-4df4-bec7-f23cc154d1a8:280500' on 280.500 MHz
2026-09-26 15:23:26.919 -04:00 [INF] [OpenFreqAudio.RadioPlayback] Stream '82f4c276-d732-442e-816e-9c2cc3cab039:280500' on 280.500 MHz
2026-09-26 15:23:34.596 -04:00 [INF] [OpenFreqAudio.RadioPlayback] Stream 'c56f5c33-10e6-473d-96e0-90de94b49519:280500' on 280.500 MHz
2026-09-26 15:23:35.785 -04:00 [INF] [OpenFreqAudio.RadioPlayback] Stream '4f196d30-7656-4fd9-88c3-ba678f56106e:280500' on 280.500 MHz
2026-09-26 15:23:36.236 -04:00 [INF] [OpenFreqAudio.RadioPlayback] Stream '86d6d8aa-64e3-4106-890a-252d3f93f28e:280500' on 280.500 MHz
2026-09-26 15:23:37.523 -04:00 [INF] [OpenFreqAudio.RadioPlayback] Stream 'd2bb94ce-e83a-452c-a9af-5c14c9690242:280500' on 280.500 MHz
2026-09-26 15:23:39.817 -04:00 [INF] [OpenFreqClient.Services.OpenFreqService] PTT start: Polaris (86d6d8aa-64e3-4106-890a-252d3f93f28e) on 280.500 MHz, 3D
2026-09-26 15:23:39.837 -04:00 [INF] [OpenFreq.Common.RtpJitterBufferPool] New RTP source: SSRC=6685BCEA
2026-09-26 15:23:39.837 -04:00 [INF] [OpenFreq.Common.RtpJitterBuffer] Manual buffer size: 150ms
2026-09-26 15:23:39.837 -04:00 [INF] [OpenFreq.Common.RtpAudioReceiver] Source joined:  SSRC=6685BCEA
2026-09-26 15:23:39.837 -04:00 [INF] [OpenFreq.Common.RtpJitterBuffer] Initialized: buffer=150ms
2026-09-26 15:23:39.995 -04:00 [INF] [OpenFreqClient.Services.OpenFreqService] RX 280.500 MHz from Polaris (86d6d8aa-64e3-4106-890a-252d3f93f28e): -88.3 dBm, SNR 18.7 dB, FSPL 128.3 dB, terrain 0.0 dB, 220.5 km, tx 1389 m / rx 9147 m MSL
2026-09-26 15:23:41.840 -04:00 [INF] [OpenFreq.Common.RtpJitterBufferPool] Pruned stale source SSRC=64D87B90
2026-09-26 15:23:41.840 -04:00 [INF] [OpenFreq.Common.RtpAudioReceiver] Source expired: SSRC=64D87B90
2026-09-26 15:23:42.599 -04:00 [INF] [OpenFreq.Common.RtpJitterBufferPool] Pruned stale source SSRC=056D8B17
2026-09-26 15:23:42.599 -04:00 [INF] [OpenFreq.Common.RtpAudioReceiver] Source expired: SSRC=056D8B17
2026-09-26 15:23:42.714 -04:00 [INF] [OpenFreqClient.Services.OpenFreqService] PTT end: Polaris (86d6d8aa-64e3-4106-890a-252d3f93f28e) on 280.500 MHz, released
2026-09-26 15:23:43.359 -04:00 [INF] [OpenFreqClient.Services.OpenFreqService] PTT start: Sk8r (d2bb94ce-e83a-452c-a9af-5c14c9690242) on 280.500 MHz, 3D
2026-09-26 15:23:43.376 -04:00 [INF] [OpenFreq.Common.RtpJitterBufferPool] New RTP source: SSRC=017FD48D
2026-09-26 15:23:43.376 -04:00 [INF] [OpenFreq.Common.RtpJitterBuffer] Manual buffer size: 150ms
2026-09-26 15:23:43.376 -04:00 [INF] [OpenFreq.Common.RtpAudioReceiver] Source joined:  SSRC=017FD48D
2026-09-26 15:23:43.376 -04:00 [INF] [OpenFreq.Common.RtpJitterBuffer] Initialized: buffer=150ms
2026-09-26 15:23:43.526 -04:00 [INF] [OpenFreqClient.Services.OpenFreqService] RX 280.500 MHz from Sk8r (d2bb94ce-e83a-452c-a9af-5c14c9690242): -88.2 dBm, SNR 18.8 dB, FSPL 128.2 dB, terrain 0.0 dB, 219.8 km, tx 1255 m / rx 9147 m MSL
2026-09-26 15:23:43.565 -04:00 [INF] [OpenFreq.Common.RtpJitterBufferPool] Pruned stale source SSRC=10B73873
2026-09-26 15:23:43.565 -04:00 [INF] [OpenFreq.Common.RtpAudioReceiver] Source expired: SSRC=10B73873
2026-09-26 15:23:43.960 -04:00 [INF] [OpenFreqClient.Services.OpenFreqService] PTT end: Sk8r (d2bb94ce-e83a-452c-a9af-5c14c9690242) on 280.500 MHz, released
2026-09-26 15:23:44.580 -04:00 [INF] [OpenFreqClient.Services.OpenFreqService] PTT start: armapirx (4f196d30-7656-4fd9-88c3-ba678f56106e) on 280.500 MHz, 3D
2026-09-26 15:23:44.601 -04:00 [INF] [OpenFreq.Common.RtpJitterBufferPool] New RTP source: SSRC=0540A395
2026-09-26 15:23:44.601 -04:00 [INF] [OpenFreq.Common.RtpJitterBuffer] Manual buffer size: 150ms
2026-09-26 15:23:44.601 -04:00 [INF] [OpenFreq.Common.RtpAudioReceiver] Source joined:  SSRC=0540A395
2026-09-26 15:23:44.601 -04:00 [INF] [OpenFreq.Common.RtpJitterBuffer] Initialized: buffer=150ms
2026-09-26 15:23:44.751 -04:00 [INF] [OpenFreqClient.Services.OpenFreqService] RX 280.500 MHz from armapirx (4f196d30-7656-4fd9-88c3-ba678f56106e): -88.2 dBm, SNR 18.8 dB, FSPL 128.2 dB, terrain 0.0 dB, 217.8 km, tx 787 m / rx 9147 m MSL
2026-09-26 15:23:45.526 -04:00 [INF] [OpenFreqClient.Services.OpenFreqService] PTT end: armapirx (4f196d30-7656-4fd9-88c3-ba678f56106e) on 280.500 MHz, released
2026-09-26 15:23:46.160 -04:00 [INF] [OpenFreqClient.Services.OpenFreqService] PTT start: own radio on 280.500 MHz
2026-09-26 15:23:46.236 -04:00 [INF] [OpenFreqClient.Services.OpenFreqService] PTT start: Polaris (86d6d8aa-64e3-4106-890a-252d3f93f28e) on 280.500 MHz, 3D
2026-09-26 15:23:46.260 -04:00 [INF] [OpenFreq.Common.RtpJitterBuffer] Transmission gap detected (3556ms RTP delta), resetting jitter measurement
2026-09-26 15:23:46.411 -04:00 [INF] [OpenFreqClient.Services.OpenFreqService] PTT end: own radio on 280.500 MHz
2026-09-26 15:23:46.413 -04:00 [INF] [OpenFreqClient.Services.OpenFreqService] TX level over 250ms: mic peak -2.2 dBFS rms -22.3 dBFS | sent peak 0.0 dBFS rms -10.2 dBFS | normalizer on, gain 6.019, gate -70.4 dBFS
2026-09-26 15:23:46.421 -04:00 [INF] [OpenFreqClient.Services.OpenFreqService] RX 280.500 MHz from Polaris (86d6d8aa-64e3-4106-890a-252d3f93f28e): -91.1 dBm, SNR 15.9 dB, FSPL 128.3 dB, terrain 0.0 dB, 221.3 km, tx 1526 m / rx 9147 m MSL
2026-09-26 15:23:46.460 -04:00 [WRN] [OpenFreqAudio.RadioPlayback] Stream 86d6d8aa-64e3-4106-890a-252d3f93f28e:280500 on 280.500 MHz had no samples for 8.9 ms
2026-09-26 15:23:50.057 -04:00 [INF] [OpenFreqClient.Services.OpenFreqService] PTT end: Polaris (86d6d8aa-64e3-4106-890a-252d3f93f28e) on 280.500 MHz, released
2026-09-26 15:23:50.871 -04:00 [INF] [OpenFreqClient.Services.OpenFreqService] PTT start: own radio on 280.500 MHz
2026-09-26 15:23:53.844 -04:00 [INF] [OpenFreqClient.Services.OpenFreqService] PTT end: own radio on 280.500 MHz
2026-09-26 15:23:53.854 -04:00 [INF] [OpenFreqClient.Services.OpenFreqService] TX level over 2980ms: mic peak -0.0 dBFS rms -14.1 dBFS | sent peak 0.0 dBFS rms -17.8 dBFS | normalizer on, gain 1.868, gate -51.4 dBFS
2026-09-26 15:24:17.094 -04:00 [INF] [OpenFreqClient.Services.OpenFreqService] PTT start: own radio on 280.500 MHz
2026-09-26 15:24:18.304 -04:00 [INF] [OpenFreqClient.Services.OpenFreqService] PTT end: own radio on 280.500 MHz
2026-09-26 15:24:18.304 -04:00 [INF] [OpenFreqClient.Services.OpenFreqService] TX level over 1200ms: mic peak -0.1 dBFS rms -16.4 dBFS | sent peak 0.0 dBFS rms -14.4 dBFS | normalizer on, gain 0.551, gate -62.3 dBFS
2026-09-26 15:24:40.857 -04:00 [INF] [OpenFreqClient.Services.OpenFreqService] PTT start: Rain (48c829fa-694d-48c8-987a-a559eb15e8f5) on 339.750 MHz, 3D
2026-09-26 15:24:40.869 -04:00 [INF] [OpenFreq.Common.RtpJitterBufferPool] New RTP source: SSRC=056D8B17
2026-09-26 15:24:40.869 -04:00 [INF] [OpenFreq.Common.RtpJitterBuffer] Manual buffer size: 150ms
2026-09-26 15:24:40.870 -04:00 [INF] [OpenFreq.Common.RtpAudioReceiver] Source joined:  SSRC=056D8B17
2026-09-26 15:24:40.870 -04:00 [INF] [OpenFreq.Common.RtpJitterBuffer] Initialized: buffer=150ms
2026-09-26 15:24:41.020 -04:00 [INF] [OpenFreqClient.Services.OpenFreqService] RX 339.750 MHz from Rain (48c829fa-694d-48c8-987a-a559eb15e8f5): -92.1 dBm, SNR 14.9 dB, FSPL 132.1 dB, terrain 0.0 dB, 281.6 km, tx 9456 m / rx 9147 m MSL
2026-09-26 15:24:41.231 -04:00 [WRN] [OpenFreqAudio.RadioPlayback] Stream 48c829fa-694d-48c8-987a-a559eb15e8f5:339750 on 339.750 MHz had no samples for 10.5 ms
2026-09-26 15:24:42.798 -04:00 [INF] [OpenFreqClient.Services.OpenFreqService] PTT end: Rain (48c829fa-694d-48c8-987a-a559eb15e8f5) on 339.750 MHz, released
2026-09-26 15:24:48.515 -04:00 [INF] [OpenFreqClient.Services.OpenFreqService] PTT start: own radio on 280.500 MHz
2026-09-26 15:24:49.792 -04:00 [INF] [OpenFreqClient.Services.OpenFreqService] PTT end: own radio on 280.500 MHz
2026-09-26 15:24:49.794 -04:00 [INF] [OpenFreqClient.Services.OpenFreqService] TX level over 1270ms: mic peak -0.1 dBFS rms -15.0 dBFS | sent peak 0.0 dBFS rms -14.3 dBFS | normalizer on, gain 0.725, gate -58.7 dBFS
2026-09-26 15:24:51.839 -04:00 [INF] [OpenFreqClient.Services.OpenFreqService] PTT start: Krieger (c231414f-6549-4b18-9f0e-ef37b3ff8b2a) on 280.500 MHz, 3D
2026-09-26 15:24:51.859 -04:00 [INF] [OpenFreq.Common.RtpJitterBuffer] Transmission gap detected (137015ms RTP delta), resetting jitter measurement
2026-09-26 15:24:51.904 -04:00 [INF] [OpenFreqClient.Services.OpenFreqService] RX 280.500 MHz from Krieger (c231414f-6549-4b18-9f0e-ef37b3ff8b2a): -91.2 dBm, SNR 15.8 dB, FSPL 131.2 dB, terrain 0.0 dB, 307.1 km, tx 3225 m / rx 9147 m MSL
2026-09-26 15:24:52.720 -04:00 [INF] [OpenFreqClient.Services.OpenFreqService] PTT end: Krieger (c231414f-6549-4b18-9f0e-ef37b3ff8b2a) on 280.500 MHz, released
2026-09-26 15:24:53.222 -04:00 [INF] [OpenFreqClient.Services.OpenFreqService] PTT start: own radio on 280.500 MHz
2026-09-26 15:24:56.115 -04:00 [INF] [OpenFreqClient.Services.OpenFreqService] PTT end: own radio on 280.500 MHz
2026-09-26 15:24:56.126 -04:00 [INF] [OpenFreqClient.Services.OpenFreqService] TX level over 2900ms: mic peak -0.1 dBFS rms -18.3 dBFS | sent peak 0.0 dBFS rms -16.9 dBFS | normalizer on, gain 3.885, gate -71.3 dBFS
2026-09-26 15:24:58.982 -04:00 [INF] [OpenFreq.Common.RtpJitterBuffer] Transmission gap detected (6244ms RTP delta), resetting jitter measurement
2026-09-26 15:24:58.982 -04:00 [INF] [OpenFreqClient.Services.OpenFreqService] PTT start: Krieger (c231414f-6549-4b18-9f0e-ef37b3ff8b2a) on 280.500 MHz, 3D
2026-09-26 15:24:59.005 -04:00 [INF] [OpenFreqClient.Services.OpenFreqService] RX 280.500 MHz from Krieger (c231414f-6549-4b18-9f0e-ef37b3ff8b2a): -91.1 dBm, SNR 15.9 dB, FSPL 131.1 dB, terrain 0.0 dB, 306.2 km, tx 3310 m / rx 9147 m MSL
2026-09-26 15:24:59.563 -04:00 [INF] [OpenFreqClient.Services.OpenFreqService] PTT end: Krieger (c231414f-6549-4b18-9f0e-ef37b3ff8b2a) on 280.500 MHz, released
2026-09-26 15:25:01.105 -04:00 [INF] [OpenFreqClient.Services.OpenFreqService] PTT start: own radio on 280.500 MHz
2026-09-26 15:25:01.942 -04:00 [INF] [OpenFreqClient.Services.OpenFreqService] PTT end: own radio on 280.500 MHz
2026-09-26 15:25:01.946 -04:00 [INF] [OpenFreqClient.Services.OpenFreqService] TX level over 840ms: mic peak -0.4 dBFS rms -17.5 dBFS | sent peak 0.0 dBFS rms -16.0 dBFS | normalizer on, gain 0.481, gate -53.3 dBFS
2026-09-26 15:25:01.984 -04:00 [INF] [OpenFreqClient.Services.OpenFreqService] PTT start: own radio on 280.500 MHz
2026-09-26 15:25:02.026 -04:00 [INF] [OpenFreqClient.Services.OpenFreqService] PTT end: own radio on 280.500 MHz
2026-09-26 15:25:02.036 -04:00 [INF] [OpenFreqClient.Services.OpenFreqService] TX level over 50ms: mic peak -17.4 dBFS rms -33.7 dBFS | sent peak -23.7 dBFS rms -40.0 dBFS | normalizer on, gain 0.493, gate -35.6 dBFS
2026-09-26 15:25:02.362 -04:00 [INF] [OpenFreqClient.Services.OpenFreqService] PTT start: own radio on 280.500 MHz
2026-09-26 15:25:02.405 -04:00 [INF] [OpenFreqClient.Services.OpenFreqService] PTT end: own radio on 280.500 MHz
2026-09-26 15:25:02.415 -04:00 [INF] [OpenFreqClient.Services.OpenFreqService] TX level over 50ms: mic peak -64.7 dBFS rms -76.7 dBFS | sent peak -71.2 dBFS rms -83.9 dBFS | normalizer on, gain 0.507, gate -22.8 dBFS
2026-09-26 15:25:05.235 -04:00 [INF] [OpenFreqClient.Services.OpenFreqService] PTT start: Alligator (f39dd749-39ff-4df4-bec7-f23cc154d1a8) on 280.500 MHz, 3D
2026-09-26 15:25:05.249 -04:00 [INF] [OpenFreq.Common.RtpJitterBufferPool] New RTP source: SSRC=407FFF3F
2026-09-26 15:25:05.249 -04:00 [INF] [OpenFreq.Common.RtpJitterBuffer] Manual buffer size: 150ms
2026-09-26 15:25:05.249 -04:00 [INF] [OpenFreq.Common.RtpAudioReceiver] Source joined:  SSRC=407FFF3F
2026-09-26 15:25:05.249 -04:00 [INF] [OpenFreq.Common.RtpJitterBuffer] Initialized: buffer=150ms
2026-09-26 15:25:05.399 -04:00 [INF] [OpenFreqClient.Services.OpenFreqService] RX 280.500 MHz from Alligator (f39dd749-39ff-4df4-bec7-f23cc154d1a8): -90.8 dBm, SNR 16.2 dB, FSPL 130.8 dB, terrain 0.0 dB, 293.8 km, tx 4305 m / rx 9147 m MSL
2026-09-26 15:25:06.190 -04:00 [INF] [OpenFreqClient.Services.OpenFreqService] PTT end: Alligator (f39dd749-39ff-4df4-bec7-f23cc154d1a8) on 280.500 MHz, released
2026-09-26 15:25:08.209 -04:00 [INF] [OpenFreqClient.Services.OpenFreqService] PTT start: own radio on 280.500 MHz
2026-09-26 15:25:11.481 -04:00 [INF] [OpenFreqClient.Services.OpenFreqService] PTT end: own radio on 280.500 MHz
2026-09-26 15:25:11.485 -04:00 [INF] [OpenFreqClient.Services.OpenFreqService] TX level over 3270ms: mic peak -0.4 dBFS rms -18.7 dBFS | sent peak 0.0 dBFS rms -18.1 dBFS | normalizer on, gain 0.747, gate -59.9 dBFS
2026-09-26 15:25:13.232 -04:00 [INF] [OpenFreqClient.Services.OpenFreqService] PTT start: Alligator (f39dd749-39ff-4df4-bec7-f23cc154d1a8) on 280.500 MHz, 3D
2026-09-26 15:25:13.249 -04:00 [INF] [OpenFreq.Common.RtpJitterBuffer] Transmission gap detected (7063ms RTP delta), resetting jitter measurement
2026-09-26 15:25:13.322 -04:00 [INF] [OpenFreqClient.Services.OpenFreqService] RX 280.500 MHz from Alligator (f39dd749-39ff-4df4-bec7-f23cc154d1a8): -90.8 dBm, SNR 16.2 dB, FSPL 130.8 dB, terrain 0.0 dB, 293.2 km, tx 5051 m / rx 9147 m MSL
2026-09-26 15:25:13.747 -04:00 [INF] [OpenFreqClient.Services.OpenFreqService] PTT end: Alligator (f39dd749-39ff-4df4-bec7-f23cc154d1a8) on 280.500 MHz, released
2026-09-26 15:25:20.176 -04:00 [INF] [OpenFreqClient.Services.OpenFreqService] PTT start: own radio on 243.000 MHz
2026-09-26 15:25:21.968 -04:00 [INF] [OpenFreqClient.Services.OpenFreqService] PTT end: own radio on 243.000 MHz
2026-09-26 15:25:21.975 -04:00 [INF] [OpenFreqClient.Services.OpenFreqService] TX level over 1790ms: mic peak -0.2 dBFS rms -16.2 dBFS | sent peak 0.0 dBFS rms -13.4 dBFS | normalizer on, gain 2.263, gate -80.9 dBFS
2026-09-26 15:25:45.697 -04:00 [INF] [OpenFreqClient.Services.OpenFreqService] PTT start: Alligator (f39dd749-39ff-4df4-bec7-f23cc154d1a8) on 280.500 MHz, 3D
2026-09-26 15:25:45.702 -04:00 [INF] [OpenFreq.Common.RtpJitterBuffer] Transmission gap detected (31978ms RTP delta), resetting jitter measurement
2026-09-26 15:25:45.702 -04:00 [INF] [OpenFreq.Common.RtpJitterBufferPool] Pruned stale source SSRC=6B82F924
2026-09-26 15:25:45.702 -04:00 [INF] [OpenFreq.Common.RtpAudioReceiver] Source expired: SSRC=6B82F924
2026-09-26 15:25:45.702 -04:00 [INF] [OpenFreq.Common.RtpJitterBufferPool] Pruned stale source SSRC=63865412
2026-09-26 15:25:45.702 -04:00 [INF] [OpenFreq.Common.RtpAudioReceiver] Source expired: SSRC=63865412
2026-09-26 15:25:45.702 -04:00 [INF] [OpenFreq.Common.RtpJitterBufferPool] Pruned stale source SSRC=2176AC39
2026-09-26 15:25:45.702 -04:00 [INF] [OpenFreq.Common.RtpAudioReceiver] Source expired: SSRC=2176AC39
2026-09-26 15:25:45.702 -04:00 [INF] [OpenFreq.Common.RtpJitterBufferPool] Pruned stale source SSRC=5F6995AE
2026-09-26 15:25:45.702 -04:00 [INF] [OpenFreq.Common.RtpAudioReceiver] Source expired: SSRC=5F6995AE
2026-09-26 15:25:45.763 -04:00 [INF] [OpenFreqClient.Services.OpenFreqService] RX 280.500 MHz from Alligator (f39dd749-39ff-4df4-bec7-f23cc154d1a8): -90.7 dBm, SNR 16.3 dB, FSPL 130.7 dB, terrain 0.0 dB, 291.0 km, tx 6321 m / rx 9147 m MSL
2026-09-26 15:25:46.791 -04:00 [INF] [OpenFreq.Common.RtpJitterBufferPool] Pruned stale source SSRC=3519F4B2
2026-09-26 15:25:46.791 -04:00 [INF] [OpenFreq.Common.RtpAudioReceiver] Source expired: SSRC=3519F4B2
2026-09-26 15:25:47.123 -04:00 [INF] [OpenFreqClient.Services.OpenFreqService] PTT end: Alligator (f39dd749-39ff-4df4-bec7-f23cc154d1a8) on 280.500 MHz, released
2026-09-26 15:25:47.759 -04:00 [INF] [OpenFreq.Common.RtpJitterBufferPool] New RTP source: SSRC=09A2575B
2026-09-26 15:25:47.759 -04:00 [INF] [OpenFreq.Common.RtpJitterBuffer] Manual buffer size: 150ms
2026-09-26 15:25:47.759 -04:00 [INF] [OpenFreq.Common.RtpAudioReceiver] Source joined:  SSRC=09A2575B
2026-09-26 15:25:47.759 -04:00 [INF] [OpenFreq.Common.RtpJitterBuffer] Initialized: buffer=150ms
2026-09-26 15:25:47.762 -04:00 [INF] [OpenFreqClient.Services.OpenFreqService] PTT start: Turcu (82f4c276-d732-442e-816e-9c2cc3cab039) on 280.500 MHz, 3D
2026-09-26 15:25:47.910 -04:00 [INF] [OpenFreqClient.Services.OpenFreqService] RX 280.500 MHz from Turcu (82f4c276-d732-442e-816e-9c2cc3cab039): -90.7 dBm, SNR 16.3 dB, FSPL 130.7 dB, terrain 0.0 dB, 290.9 km, tx 6239 m / rx 9147 m MSL
2026-09-26 15:25:48.310 -04:00 [INF] [OpenFreqClient.Services.OpenFreqService] PTT end: Turcu (82f4c276-d732-442e-816e-9c2cc3cab039) on 280.500 MHz, released
2026-09-26 15:25:49.174 -04:00 [INF] [OpenFreqClient.Services.OpenFreqService] PTT start: Joe (c56f5c33-10e6-473d-96e0-90de94b49519) on 280.500 MHz, 3D
2026-09-26 15:25:49.194 -04:00 [INF] [OpenFreq.Common.RtpJitterBufferPool] New RTP source: SSRC=2C22CB47
2026-09-26 15:25:49.194 -04:00 [INF] [OpenFreq.Common.RtpJitterBuffer] Manual buffer size: 150ms
2026-09-26 15:25:49.194 -04:00 [INF] [OpenFreq.Common.RtpAudioReceiver] Source joined:  SSRC=2C22CB47
2026-09-26 15:25:49.194 -04:00 [INF] [OpenFreq.Common.RtpJitterBuffer] Initialized: buffer=150ms
2026-09-26 15:25:49.344 -04:00 [INF] [OpenFreqClient.Services.OpenFreqService] RX 280.500 MHz from Joe (c56f5c33-10e6-473d-96e0-90de94b49519): -90.7 dBm, SNR 16.3 dB, FSPL 130.7 dB, terrain 0.0 dB, 292.0 km, tx 6113 m / rx 9147 m MSL
2026-09-26 15:25:49.763 -04:00 [INF] [OpenFreqClient.Services.OpenFreqService] PTT end: Joe (c56f5c33-10e6-473d-96e0-90de94b49519) on 280.500 MHz, released
2026-09-26 15:25:50.761 -04:00 [INF] [OpenFreqClient.Services.OpenFreqService] PTT start: Alligator (f39dd749-39ff-4df4-bec7-f23cc154d1a8) on 280.500 MHz, 3D
2026-09-26 15:25:50.769 -04:00 [INF] [OpenFreq.Common.RtpJitterBuffer] Transmission gap detected (3656ms RTP delta), resetting jitter measurement
2026-09-26 15:25:50.804 -04:00 [INF] [OpenFreqClient.Services.OpenFreqService] RX 280.500 MHz from Alligator (f39dd749-39ff-4df4-bec7-f23cc154d1a8): -90.7 dBm, SNR 16.3 dB, FSPL 130.7 dB, terrain 0.0 dB, 290.6 km, tx 6336 m / rx 9147 m MSL
2026-09-26 15:25:50.975 -04:00 [WRN] [OpenFreqAudio.RadioPlayback] Stream f39dd749-39ff-4df4-bec7-f23cc154d1a8:280500 on 280.500 MHz had no samples for 10.6 ms
2026-09-26 15:25:51.010 -04:00 [INF] [OpenFreq.Common.RtpJitterBuffer] Late arrival (6ms past slot) — buffer 38→74ms
2026-09-26 15:25:53.929 -04:00 [INF] [OpenFreq.Common.RtpJitterBuffer] Late arrival (49ms past slot) — buffer 74→153ms
2026-09-26 15:25:55.355 -04:00 [INF] [OpenFreqClient.Services.OpenFreqService] PTT end: Alligator (f39dd749-39ff-4df4-bec7-f23cc154d1a8) on 280.500 MHz, released
2026-09-26 15:26:03.334 -04:00 [INF] [OpenFreqClient.Services.OpenFreqService] PTT start: own radio on 243.000 MHz
2026-09-26 15:26:06.206 -04:00 [INF] [OpenFreqClient.Services.OpenFreqService] PTT end: own radio on 243.000 MHz
2026-09-26 15:26:06.206 -04:00 [INF] [OpenFreqClient.Services.OpenFreqService] TX level over 2870ms: mic peak -0.0 dBFS rms -14.9 dBFS | sent peak 0.0 dBFS rms -13.9 dBFS | normalizer on, gain 1.641, gate -80.7 dBFS
2026-09-26 15:26:09.127 -04:00 [INF] [OpenFreq.Common.RtpAudioSender] Disposed. Sent 1855 packets over 3838.2s (0.5 pps)
2026-09-26 15:26:09.127 -04:00 [INF] [OpenFreq.Common.RtpAudioReceiver] Receive loop stopped
2026-09-26 15:26:09.128 -04:00 [INF] [OpenFreq.Common.RtpAudioReceiver] === RTP Receiver Statistics ===
2026-09-26 15:26:09.128 -04:00 [INF] [OpenFreq.Common.RtpAudioReceiver]   Packets received: 4846
2026-09-26 15:26:09.128 -04:00 [INF] [OpenFreq.Common.RtpAudioReceiver]   Packets lost: 16 (0.33%)
2026-09-26 15:26:09.128 -04:00 [INF] [OpenFreq.Common.RtpAudioReceiver]   Packets late: 12
2026-09-26 15:26:09.128 -04:00 [INF] [OpenFreq.Common.RtpAudioReceiver]   Packets duplicate: 0
2026-09-26 15:26:09.128 -04:00 [INF] [OpenFreq.Common.RtpAudioReceiver]   Packets played: 4837
2026-09-26 15:26:09.128 -04:00 [INF] [OpenFreq.Common.RtpAudioReceiver]   Loss Recovery:
2026-09-26 15:26:09.128 -04:00 [INF] [OpenFreq.Common.RtpAudioReceiver]     Concealment runs rescued: 13
2026-09-26 15:26:09.128 -04:00 [INF] [OpenFreq.Common.RtpAudioReceiver]       needed 1 blind frame(s): 5 — a blind cap of 0 loses these
2026-09-26 15:26:09.128 -04:00 [INF] [OpenFreq.Common.RtpAudioReceiver]       needed 2 blind frame(s): 0 — a blind cap of 1 loses these
2026-09-26 15:26:09.128 -04:00 [INF] [OpenFreq.Common.RtpAudioReceiver]       needed 3 blind frame(s): 1 — a blind cap of 2 loses these
2026-09-26 15:26:09.128 -04:00 [INF] [OpenFreq.Common.RtpAudioReceiver]   Measured jitter: 7.0ms (avg)
2026-09-26 15:26:09.128 -04:00 [INF] [OpenFreq.Common.RtpAudioReceiver]   Buffer size: 91ms (avg, adaptive)
2026-09-26 15:26:09.128 -04:00 [INF] [OpenFreq.Common.RtpAudioReceiver]   Currently buffered: 0 packets
2026-09-26 15:26:09.130 -04:00 [INF] [OpenFreq.Common.RtpAudioReceiver]   SSRC=407FFF3F: rx=374 lost=4 (1.1%) jitter=5.1ms buffer=78ms buffered=0
2026-09-26 15:26:09.130 -04:00 [INF] [OpenFreq.Common.RtpAudioReceiver]   SSRC=6685BCEA: rx=335 lost=0 (0.0%) jitter=4.9ms buffer=40ms buffered=0
2026-09-26 15:26:09.130 -04:00 [INF] [OpenFreq.Common.RtpAudioReceiver]   SSRC=1791C552: rx=30 lost=0 (0.0%) jitter=9.7ms buffer=102ms buffered=0
2026-09-26 15:26:09.130 -04:00 [INF] [OpenFreq.Common.RtpAudioReceiver]   SSRC=2B251449: rx=29 lost=0 (0.0%) jitter=4.2ms buffer=104ms buffered=0
2026-09-26 15:26:09.130 -04:00 [INF] [OpenFreq.Common.RtpAudioReceiver]   SSRC=3EB49D5B: rx=19 lost=0 (0.0%) jitter=6.1ms buffer=122ms buffered=0
2026-09-26 15:26:09.130 -04:00 [INF] [OpenFreq.Common.RtpAudioReceiver]   SSRC=32C7C971: rx=195 lost=0 (0.0%) jitter=6.3ms buffer=20ms buffered=0
2026-09-26 15:26:09.130 -04:00 [INF] [OpenFreq.Common.RtpAudioReceiver]   SSRC=09331CEC: rx=50 lost=0 (0.0%) jitter=5.0ms buffer=67ms buffered=0
2026-09-26 15:26:09.130 -04:00 [INF] [OpenFreq.Common.RtpAudioReceiver]   SSRC=0DDE0F4B: rx=12 lost=0 (0.0%) jitter=3.3ms buffer=143ms buffered=0
2026-09-26 15:26:09.130 -04:00 [INF] [OpenFreq.Common.RtpAudioReceiver]   SSRC=2BA1D578: rx=18 lost=0 (0.0%) jitter=9.3ms buffer=129ms buffered=0
2026-09-26 15:26:09.130 -04:00 [INF] [OpenFreq.Common.RtpAudioReceiver]   SSRC=15B167C8: rx=409 lost=0 (0.0%) jitter=6.1ms buffer=43ms buffered=0
2026-09-26 15:26:09.130 -04:00 [INF] [OpenFreq.Common.RtpAudioReceiver]   SSRC=1FA21C25: rx=27 lost=0 (0.0%) jitter=5.8ms buffer=106ms buffered=0
2026-09-26 15:26:09.130 -04:00 [INF] [OpenFreq.Common.RtpAudioReceiver]   SSRC=3ACE95B3: rx=22 lost=0 (0.0%) jitter=15.2ms buffer=142ms buffered=0
2026-09-26 15:26:09.130 -04:00 [INF] [OpenFreq.Common.RtpAudioReceiver]   SSRC=6046721D: rx=28 lost=0 (0.0%) jitter=8.8ms buffer=110ms buffered=0
2026-09-26 15:26:09.130 -04:00 [INF] [OpenFreq.Common.RtpAudioReceiver]   SSRC=5FC1A72A: rx=577 lost=0 (0.0%) jitter=5.4ms buffer=37ms buffered=0
2026-09-26 15:26:09.130 -04:00 [INF] [OpenFreq.Common.RtpAudioReceiver]   SSRC=0B8FB835: rx=876 lost=2 (0.2%) jitter=10.5ms buffer=118ms buffered=0
2026-09-26 15:26:09.130 -04:00 [INF] [OpenFreq.Common.RtpAudioReceiver]   SSRC=365CD622: rx=1617 lost=9 (0.6%) jitter=8.6ms buffer=90ms buffered=0
2026-09-26 15:26:09.130 -04:00 [INF] [OpenFreq.Common.RtpAudioReceiver]   SSRC=2C22CB47: rx=27 lost=0 (0.0%) jitter=11.1ms buffer=109ms buffered=0
2026-09-26 15:26:09.130 -04:00 [INF] [OpenFreq.Common.RtpAudioReceiver]   SSRC=09A2575B: rx=29 lost=0 (0.0%) jitter=2.2ms buffer=93ms buffered=0
2026-09-26 15:26:09.130 -04:00 [INF] [OpenFreq.Common.RtpAudioReceiver]   SSRC=0540A395: rx=47 lost=0 (0.0%) jitter=5.1ms buffer=74ms buffered=0
2026-09-26 15:26:09.130 -04:00 [INF] [OpenFreq.Common.RtpAudioReceiver]   SSRC=017FD48D: rx=29 lost=0 (0.0%) jitter=4.9ms buffer=101ms buffered=0
2026-09-26 15:26:09.130 -04:00 [INF] [OpenFreq.Common.RtpAudioReceiver]   SSRC=056D8B17: rx=96 lost=1 (1.0%) jitter=8.7ms buffer=86ms buffered=0
2026-09-26 15:26:09.130 -04:00 [INF] [OpenFreq.Common.RtpAudioReceiver] ================================
2026-09-26 15:26:09.130 -04:00 [INF] [OpenFreq.Common.RtpAudioReceiver] Disposed
2026-09-26 15:26:11.287 -04:00 [INF] [OpenFreqAudio.RadioPlayback] Stream '48c829fa-694d-48c8-987a-a559eb15e8f5:339750' on 339.750 MHz
2026-09-26 15:26:11.287 -04:00 [INF] [OpenFreqAudio.RadioPlayback] Stream '58f02e35-0d8e-4c46-aa74-dce098883fa8:339750' on 339.750 MHz
2026-09-26 15:26:11.287 -04:00 [INF] [OpenFreqAudio.RadioPlayback] Stream '982e2bb0-182d-4217-bce2-d56d6e7b2782:339750' on 339.750 MHz
2026-09-26 15:26:11.287 -04:00 [INF] [OpenFreqAudio.RadioPlayback] Stream '7ebf02fc-ba84-466f-850d-2eeffc48b655:339750' on 339.750 MHz
2026-09-26 15:26:11.287 -04:00 [INF] [OpenFreqAudio.RadioPlayback] Stream 'e0977389-35b0-4d0f-997f-3c6be3e6f5f5:339750' on 339.750 MHz
2026-09-26 15:26:11.287 -04:00 [INF] [OpenFreqAudio.RadioPlayback] Stream 'f23a2329-cca9-4d8f-bdda-384ea4044d35:339750' on 339.750 MHz
2026-09-26 15:26:11.287 -04:00 [INF] [OpenFreqAudio.RadioPlayback] Stream '1c406e7f-2bcc-4a8e-827b-8b4f22c5e0d6:280500' on 280.500 MHz
2026-09-26 15:26:11.287 -04:00 [INF] [OpenFreqAudio.RadioPlayback] Stream '0359b875-89b6-499f-82ad-a1ef43c5b232:280500' on 280.500 MHz
2026-09-26 15:26:11.287 -04:00 [INF] [OpenFreqAudio.RadioPlayback] Stream '58355e30-5857-4e01-882f-86b5f2200072:280500' on 280.500 MHz
2026-09-26 15:26:11.287 -04:00 [INF] [OpenFreqAudio.RadioPlayback] Stream '2c7de423-e66c-4a70-a299-d21d207cd0ed:280500' on 280.500 MHz
2026-09-26 15:26:11.287 -04:00 [INF] [OpenFreqAudio.RadioPlayback] Stream 'efe0f587-f81f-4522-b158-2db2990e67b3:280500' on 280.500 MHz
2026-09-26 15:26:11.287 -04:00 [INF] [OpenFreqAudio.RadioPlayback] Stream '4d102c94-5b1d-430f-ac47-2af9e76711c3:280500' on 280.500 MHz
2026-09-26 15:26:11.287 -04:00 [INF] [OpenFreqAudio.RadioPlayback] Stream '4f4671de-f769-4dd1-a389-fe7beb123829:280500' on 280.500 MHz
2026-09-26 15:26:11.287 -04:00 [INF] [OpenFreqAudio.RadioPlayback] Stream 'c231414f-6549-4b18-9f0e-ef37b3ff8b2a:280500' on 280.500 MHz
2026-09-26 15:26:11.287 -04:00 [INF] [OpenFreqAudio.RadioPlayback] Stream '48abd6ed-f57c-43d5-af5e-3fe33e06395b:280500' on 280.500 MHz
2026-09-26 15:26:11.287 -04:00 [INF] [OpenFreqAudio.RadioPlayback] Stream 'c220f187-a6fa-4848-ac66-ff0dd03f1bde:280500' on 280.500 MHz
2026-09-26 15:26:11.287 -04:00 [INF] [OpenFreqAudio.RadioPlayback] Stream '974e1818-726d-46c2-a454-05ba12f6d736:280500' on 280.500 MHz
2026-09-26 15:26:11.287 -04:00 [INF] [OpenFreqAudio.RadioPlayback] Stream '9ee0b811-d7a3-4388-b330-5035e9bc334e:280500' on 280.500 MHz
2026-09-26 15:26:11.287 -04:00 [INF] [OpenFreqAudio.RadioPlayback] Stream 'f8c742ac-257a-4450-aadc-59aa8b2f44b5:280500' on 280.500 MHz
2026-09-26 15:26:11.287 -04:00 [INF] [OpenFreqAudio.RadioPlayback] Stream '7c54ae18-74fa-45f3-b6a9-377a5574b95b:280500' on 280.500 MHz
2026-09-26 15:26:11.287 -04:00 [INF] [OpenFreqAudio.RadioPlayback] Stream 'b28176fd-1fdc-4825-9c1c-0a6142dfc872:280500' on 280.500 MHz
2026-09-26 15:26:11.287 -04:00 [INF] [OpenFreqAudio.RadioPlayback] Stream 'f39dd749-39ff-4df4-bec7-f23cc154d1a8:280500' on 280.500 MHz
2026-09-26 15:26:11.287 -04:00 [INF] [OpenFreqAudio.RadioPlayback] Stream '82f4c276-d732-442e-816e-9c2cc3cab039:280500' on 280.500 MHz
2026-09-26 15:26:11.287 -04:00 [INF] [OpenFreqAudio.RadioPlayback] Stream 'c56f5c33-10e6-473d-96e0-90de94b49519:280500' on 280.500 MHz
2026-09-26 15:26:11.287 -04:00 [INF] [OpenFreqAudio.RadioPlayback] Stream '4f196d30-7656-4fd9-88c3-ba678f56106e:280500' on 280.500 MHz
2026-09-26 15:26:11.287 -04:00 [INF] [OpenFreqAudio.RadioPlayback] Stream '86d6d8aa-64e3-4106-890a-252d3f93f28e:280500' on 280.500 MHz
2026-09-26 15:26:11.287 -04:00 [INF] [OpenFreqAudio.RadioPlayback] Stream 'd2bb94ce-e83a-452c-a9af-5c14c9690242:280500' on 280.500 MHz
2026-09-26 15:26:11.287 -04:00 [INF] [OpenFreqAudio.RadioPlayback] Stream '58f02e35-0d8e-4c46-aa74-dce098883fa8:243000' on 243.000 MHz
2026-09-26 15:26:11.287 -04:00 [INF] [OpenFreqAudio.RadioPlayback] Stream '48c829fa-694d-48c8-987a-a559eb15e8f5:243000' on 243.000 MHz
2026-09-26 15:26:11.287 -04:00 [INF] [OpenFreqAudio.RadioPlayback] Stream '7ebf02fc-ba84-466f-850d-2eeffc48b655:243000' on 243.000 MHz
2026-09-26 15:26:11.287 -04:00 [INF] [OpenFreqAudio.RadioPlayback] Stream 'e0977389-35b0-4d0f-997f-3c6be3e6f5f5:243000' on 243.000 MHz
2026-09-26 15:26:11.287 -04:00 [INF] [OpenFreqAudio.RadioPlayback] Stream 'c231414f-6549-4b18-9f0e-ef37b3ff8b2a:243000' on 243.000 MHz
2026-09-26 15:26:11.287 -04:00 [INF] [OpenFreqAudio.RadioPlayback] Stream '982e2bb0-182d-4217-bce2-d56d6e7b2782:243000' on 243.000 MHz
2026-09-26 15:26:11.287 -04:00 [INF] [OpenFreqAudio.RadioPlayback] Stream 'f23a2329-cca9-4d8f-bdda-384ea4044d35:243000' on 243.000 MHz
2026-09-26 15:26:11.287 -04:00 [INF] [OpenFreqAudio.RadioPlayback] Stream '86d6d8aa-64e3-4106-890a-252d3f93f28e:243000' on 243.000 MHz
2026-09-26 15:26:11.287 -04:00 [INF] [OpenFreqAudio.RadioPlayback] Stream '58355e30-5857-4e01-882f-86b5f2200072:243000' on 243.000 MHz
2026-09-26 15:26:11.287 -04:00 [INF] [OpenFreqAudio.RadioPlayback] Stream '1c406e7f-2bcc-4a8e-827b-8b4f22c5e0d6:243000' on 243.000 MHz
2026-09-26 15:26:11.287 -04:00 [INF] [OpenFreqAudio.RadioPlayback] Stream '48abd6ed-f57c-43d5-af5e-3fe33e06395b:243000' on 243.000 MHz
2026-09-26 15:26:11.287 -04:00 [INF] [OpenFreqAudio.RadioPlayback] Stream 'c220f187-a6fa-4848-ac66-ff0dd03f1bde:243000' on 243.000 MHz
2026-09-26 15:26:11.287 -04:00 [INF] [OpenFreqAudio.RadioPlayback] Stream '974e1818-726d-46c2-a454-05ba12f6d736:243000' on 243.000 MHz
2026-09-26 15:26:11.287 -04:00 [INF] [OpenFreqAudio.RadioPlayback] Stream '9ee0b811-d7a3-4388-b330-5035e9bc334e:243000' on 243.000 MHz
2026-09-26 15:26:11.287 -04:00 [INF] [OpenFreqAudio.RadioPlayback] Stream '7c54ae18-74fa-45f3-b6a9-377a5574b95b:243000' on 243.000 MHz
2026-09-26 15:26:11.287 -04:00 [INF] [OpenFreqAudio.RadioPlayback] Stream 'f8c742ac-257a-4450-aadc-59aa8b2f44b5:243000' on 243.000 MHz
2026-09-26 15:26:11.287 -04:00 [INF] [OpenFreqAudio.RadioPlayback] Stream '82f4c276-d732-442e-816e-9c2cc3cab039:243000' on 243.000 MHz
2026-09-26 15:26:11.287 -04:00 [INF] [OpenFreqAudio.RadioPlayback] Stream 'c56f5c33-10e6-473d-96e0-90de94b49519:243000' on 243.000 MHz
2026-09-26 15:26:11.287 -04:00 [INF] [OpenFreqAudio.RadioPlayback] Stream 'f39dd749-39ff-4df4-bec7-f23cc154d1a8:243000' on 243.000 MHz
2026-09-26 15:26:11.287 -04:00 [INF] [OpenFreqAudio.RadioPlayback] Stream '4f4671de-f769-4dd1-a389-fe7beb123829:243000' on 243.000 MHz
2026-09-26 15:26:11.287 -04:00 [INF] [OpenFreqAudio.RadioPlayback] Stream 'efe0f587-f81f-4522-b158-2db2990e67b3:243000' on 243.000 MHz
2026-09-26 15:26:11.287 -04:00 [INF] [OpenFreqAudio.RadioPlayback] Stream '2c7de423-e66c-4a70-a299-d21d207cd0ed:243000' on 243.000 MHz
2026-09-26 15:26:11.287 -04:00 [INF] [OpenFreqAudio.RadioPlayback] Stream '4d102c94-5b1d-430f-ac47-2af9e76711c3:243000' on 243.000 MHz
2026-09-26 15:26:11.287 -04:00 [INF] [OpenFreqAudio.RadioPlayback] Stream 'd2bb94ce-e83a-452c-a9af-5c14c9690242:243000' on 243.000 MHz
2026-09-26 15:26:11.287 -04:00 [INF] [OpenFreqAudio.RadioPlayback] Stream '4f196d30-7656-4fd9-88c3-ba678f56106e:243000' on 243.000 MHz
2026-09-26 15:26:11.287 -04:00 [INF] [OpenFreqAudio.RadioPlayback] Stream '0359b875-89b6-499f-82ad-a1ef43c5b232:243000' on 243.000 MHz
2026-09-26 15:26:11.287 -04:00 [INF] [OpenFreqAudio.RadioPlayback] Stream 'b28176fd-1fdc-4825-9c1c-0a6142dfc872:243000' on 243.000 MHz
2026-09-26 15:26:11.328 -04:00 [INF] [OpenFreq.Common.RtpAudioSender] Initialized
2026-09-26 15:26:11.328 -04:00 [INF] [OpenFreq.Common.RtpAudioSender]   Server: 13.217.207.139:9988
2026-09-26 15:26:11.328 -04:00 [INF] [OpenFreq.Common.RtpAudioSender]   SSRC: 0x0A9BB7D7
2026-09-26 15:26:11.328 -04:00 [INF] [OpenFreq.Common.RtpAudioReceiver] Started on port 59990
2026-09-26 15:26:11.328 -04:00 [INF] [OpenFreq.Common.RtpAudioReceiver]   Initial buffer: 150ms (adaptive, per-SSRC)
2026-09-26 15:26:11.328 -04:00 [INF] [OpenFreq.Common.RtpAudioReceiver] Receive loop started
2026-09-26 15:26:11.328 -04:00 [INF] [OpenFreqClient.Services.OpenFreqService] Capturing from recording device (BASS index 1): Microphone (Arctis 7+)
2026-09-26 15:26:19.518 -04:00 [INF] [OpenFreqClient.ViewModels.SettingsViewModel] Game mode changed to Lobby
2026-09-26 15:26:19.918 -04:00 [INF] [OpenFreqClient.ViewModels.SettingsViewModel] Game mode changed to In-game
2026-09-26 15:26:24.695 -04:00 [INF] [OpenFreqClient.Services.OpenFreqService] PTT start: own radio on 339.750 MHz
2026-09-26 15:26:24.800 -04:00 [INF] [OpenFreqClient.Services.OpenFreqService] PTT end: own radio on 339.750 MHz
2026-09-26 15:26:24.807 -04:00 [INF] [OpenFreqClient.Services.OpenFreqService] TX level over 110ms: mic peak -38.4 dBFS rms -62.0 dBFS | sent peak -30.5 dBFS rms -54.1 dBFS | normalizer on, gain 3.268, gate -51.2 dBFS
2026-09-26 15:26:25.051 -04:00 [INF] [OpenFreqClient.Services.OpenFreqService] PTT start: own radio on 280.500 MHz
2026-09-26 15:26:25.175 -04:00 [INF] [OpenFreqClient.Services.OpenFreqService] PTT end: own radio on 280.500 MHz
2026-09-26 15:26:25.177 -04:00 [INF] [OpenFreqClient.Services.OpenFreqService] TX level over 120ms: mic peak -47.0 dBFS rms -68.3 dBFS | sent peak -36.1 dBFS rms -57.4 dBFS | normalizer on, gain 3.505, gate -54.7 dBFS
2026-09-26 15:26:26.309 -04:00 [INF] [OpenFreqClient.Services.OpenFreqService] PTT start: own radio on 243.000 MHz
2026-09-26 15:26:26.389 -04:00 [INF] [OpenFreqClient.Services.OpenFreqService] PTT end: own radio on 243.000 MHz
2026-09-26 15:26:26.396 -04:00 [INF] [OpenFreqClient.Services.OpenFreqService] TX level over 80ms: mic peak -35.0 dBFS rms -55.2 dBFS | sent peak -12.1 dBFS rms -32.3 dBFS | normalizer on, gain 14.945, gate -69.6 dBFS
2026-09-26 15:26:27.748 -04:00 [INF] [OpenFreqAudio.RadioPlayback] Stream '3f84a2f2-686e-48ad-b954-22c69eeb3d83:339750' on 339.750 MHz
2026-09-26 15:26:28.599 -04:00 [INF] [OpenFreqClient.Services.OpenFreqService] PTT start: Miner 1-1 (7c54ae18-74fa-45f3-b6a9-377a5574b95b) on 280.500 MHz, 3D
2026-09-26 15:26:28.609 -04:00 [INF] [OpenFreq.Common.RtpJitterBufferPool] New RTP source: SSRC=3EB49D5B
2026-09-26 15:26:28.609 -04:00 [INF] [OpenFreq.Common.RtpJitterBuffer] Manual buffer size: 150ms
2026-09-26 15:26:28.609 -04:00 [INF] [OpenFreq.Common.RtpAudioReceiver] Source joined:  SSRC=3EB49D5B
2026-09-26 15:26:28.609 -04:00 [INF] [OpenFreq.Common.RtpJitterBuffer] Initialized: buffer=150ms
2026-09-26 15:26:28.677 -04:00 [INF] [OpenFreqClient.Services.OpenFreqService] PTT end: Miner 1-1 (7c54ae18-74fa-45f3-b6a9-377a5574b95b) on 280.500 MHz, released
2026-09-26 15:26:28.759 -04:00 [INF] [OpenFreqClient.Services.OpenFreqService] RX 280.500 MHz from Miner 1-1 (7c54ae18-74fa-45f3-b6a9-377a5574b95b): -90.5 dBm, SNR 16.5 dB, FSPL 130.5 dB, terrain 0.0 dB, 285.3 km, tx 3668 m / rx 9147 m MSL
2026-09-26 15:26:43.413 -04:00 [INF] [OpenFreqClient.Services.OpenFreqService] PTT start: Blue (f23a2329-cca9-4d8f-bdda-384ea4044d35) on 339.750 MHz, 3D
2026-09-26 15:26:43.425 -04:00 [INF] [OpenFreq.Common.RtpJitterBufferPool] New RTP source: SSRC=0B8FB835
2026-09-26 15:26:43.425 -04:00 [INF] [OpenFreq.Common.RtpJitterBuffer] Manual buffer size: 150ms
2026-09-26 15:26:43.425 -04:00 [INF] [OpenFreq.Common.RtpAudioReceiver] Source joined:  SSRC=0B8FB835
2026-09-26 15:26:43.425 -04:00 [INF] [OpenFreq.Common.RtpJitterBuffer] Initialized: buffer=150ms
2026-09-26 15:26:43.575 -04:00 [INF] [OpenFreqClient.Services.OpenFreqService] RX 339.750 MHz from Blue (f23a2329-cca9-4d8f-bdda-384ea4044d35): -87.5 dBm, SNR 19.5 dB, FSPL 127.5 dB, terrain 0.0 dB, 166.2 km, tx 9362 m / rx 9147 m MSL
2026-09-26 15:26:43.625 -04:00 [WRN] [OpenFreqAudio.RadioPlayback] Stream f23a2329-cca9-4d8f-bdda-384ea4044d35:339750 on 339.750 MHz had no samples for 10.1 ms
2026-09-26 15:26:45.115 -04:00 [INF] [OpenFreqClient.Services.OpenFreqService] PTT end: Blue (f23a2329-cca9-4d8f-bdda-384ea4044d35) on 339.750 MHz, released
2026-09-26 15:26:48.244 -04:00 [INF] [OpenFreqClient.Services.OpenFreqService] PTT start: own radio on 243.000 MHz
2026-09-26 15:26:48.638 -04:00 [INF] [OpenFreq.Common.RtpJitterBufferPool] New RTP source: SSRC=365CD622
2026-09-26 15:26:48.638 -04:00 [INF] [OpenFreqClient.Services.OpenFreqService] PTT start: Woody (e0977389-35b0-4d0f-997f-3c6be3e6f5f5) on 339.750 MHz, 3D
2026-09-26 15:26:48.638 -04:00 [INF] [OpenFreq.Common.RtpJitterBuffer] Manual buffer size: 150ms
2026-09-26 15:26:48.638 -04:00 [INF] [OpenFreq.Common.RtpAudioReceiver] Source joined:  SSRC=365CD622
2026-09-26 15:26:48.638 -04:00 [INF] [OpenFreq.Common.RtpJitterBuffer] Initialized: buffer=150ms
2026-09-26 15:26:48.789 -04:00 [INF] [OpenFreqClient.Services.OpenFreqService] RX 339.750 MHz from Woody (e0977389-35b0-4d0f-997f-3c6be3e6f5f5): -84.9 dBm, SNR 22.1 dB, FSPL 124.9 dB, terrain 0.0 dB, 123.9 km, tx 9664 m / rx 9147 m MSL
2026-09-26 15:26:48.895 -04:00 [INF] [OpenFreqClient.Services.OpenFreqService] PTT end: Woody (e0977389-35b0-4d0f-997f-3c6be3e6f5f5) on 339.750 MHz, released
2026-09-26 15:26:49.852 -04:00 [INF] [OpenFreqClient.Services.OpenFreqService] PTT end: own radio on 243.000 MHz
2026-09-26 15:26:49.858 -04:00 [INF] [OpenFreqClient.Services.OpenFreqService] TX level over 1610ms: mic peak -0.2 dBFS rms -17.3 dBFS | sent peak 0.0 dBFS rms -12.7 dBFS | normalizer on, gain 9.759, gate -63.5 dBFS
2026-09-26 15:26:51.236 -04:00 [INF] [OpenFreqClient.Services.OpenFreqService] PTT start: Woody (e0977389-35b0-4d0f-997f-3c6be3e6f5f5) on 339.750 MHz, 3D
2026-09-26 15:26:51.239 -04:00 [INF] [OpenFreq.Common.RtpJitterBuffer] Transmission gap detected (2367ms RTP delta), resetting jitter measurement
2026-09-26 15:26:51.387 -04:00 [INF] [OpenFreqClient.Services.OpenFreqService] RX 339.750 MHz from Woody (e0977389-35b0-4d0f-997f-3c6be3e6f5f5): -84.9 dBm, SNR 22.1 dB, FSPL 124.9 dB, terrain 0.0 dB, 123.2 km, tx 9679 m / rx 9147 m MSL
2026-09-26 15:26:52.803 -04:00 [INF] [OpenFreqClient.Services.OpenFreqService] PTT end: Woody (e0977389-35b0-4d0f-997f-3c6be3e6f5f5) on 339.750 MHz, released
2026-09-26 15:26:54.110 -04:00 [INF] [OpenFreqAudio.RadioPlayback] Stream '3f84a2f2-686e-48ad-b954-22c69eeb3d83:243000' on 243.000 MHz
2026-09-26 15:27:16.394 -04:00 [INF] [OpenFreqClient.Services.OpenFreqService] PTT start: own radio on 339.750 MHz
2026-09-26 15:27:21.944 -04:00 [INF] [OpenFreqClient.Services.OpenFreqService] PTT end: own radio on 339.750 MHz
2026-09-26 15:27:21.949 -04:00 [INF] [OpenFreqClient.Services.OpenFreqService] TX level over 5550ms: mic peak -0.1 dBFS rms -18.3 dBFS | sent peak 0.0 dBFS rms -17.6 dBFS | normalizer on, gain 3.450, gate -48.0 dBFS
2026-09-26 15:27:52.479 -04:00 [INF] [OpenFreqClient.Services.OpenFreqService] PTT start: Falcon (58355e30-5857-4e01-882f-86b5f2200072) on 280.500 MHz, 3D
2026-09-26 15:27:52.486 -04:00 [INF] [OpenFreq.Common.RtpJitterBufferPool] New RTP source: SSRC=3519F4B2
2026-09-26 15:27:52.486 -04:00 [INF] [OpenFreq.Common.RtpJitterBuffer] Manual buffer size: 150ms
2026-09-26 15:27:52.486 -04:00 [INF] [OpenFreq.Common.RtpAudioReceiver] Source joined:  SSRC=3519F4B2
2026-09-26 15:27:52.486 -04:00 [INF] [OpenFreq.Common.RtpJitterBuffer] Initialized: buffer=150ms
2026-09-26 15:27:52.637 -04:00 [INF] [OpenFreqClient.Services.OpenFreqService] RX 280.500 MHz from Falcon (58355e30-5857-4e01-882f-86b5f2200072): -82.8 dBm, SNR 24.2 dB, FSPL 122.8 dB, terrain 0.0 dB, 116.9 km, tx 7397 m / rx 9147 m MSL
2026-09-26 15:27:55.142 -04:00 [INF] [OpenFreqClient.Services.OpenFreqService] PTT end: Falcon (58355e30-5857-4e01-882f-86b5f2200072) on 280.500 MHz, released
2026-09-26 15:27:55.785 -04:00 [INF] [OpenFreqClient.Services.OpenFreqService] PTT start: own radio on 280.500 MHz
2026-09-26 15:27:56.182 -04:00 [INF] [OpenFreqClient.Services.OpenFreqService] PTT end: own radio on 280.500 MHz
2026-09-26 15:27:56.189 -04:00 [INF] [OpenFreqClient.Services.OpenFreqService] TX level over 400ms: mic peak -1.1 dBFS rms -20.9 dBFS | sent peak 0.0 dBFS rms -11.9 dBFS | normalizer on, gain 1.172, gate -74.7 dBFS
2026-09-26 15:28:02.922 -04:00 [INF] [OpenFreqClient.Services.OpenFreqService] PTT start: own radio on 280.500 MHz
2026-09-26 15:28:03.190 -04:00 [INF] [OpenFreqClient.Services.OpenFreqService] PTT start: Polaris (86d6d8aa-64e3-4106-890a-252d3f93f28e) on 280.500 MHz, 3D
2026-09-26 15:28:03.203 -04:00 [INF] [OpenFreq.Common.RtpJitterBufferPool] New RTP source: SSRC=6685BCEA
2026-09-26 15:28:03.203 -04:00 [INF] [OpenFreq.Common.RtpJitterBuffer] Manual buffer size: 150ms
2026-09-26 15:28:03.203 -04:00 [INF] [OpenFreq.Common.RtpAudioReceiver] Source joined:  SSRC=6685BCEA
2026-09-26 15:28:03.203 -04:00 [INF] [OpenFreq.Common.RtpJitterBuffer] Initialized: buffer=150ms
2026-09-26 15:28:03.716 -04:00 [INF] [OpenFreqClient.Services.OpenFreqService] PTT end: Polaris (86d6d8aa-64e3-4106-890a-252d3f93f28e) on 280.500 MHz, released
2026-09-26 15:28:06.552 -04:00 [INF] [OpenFreqClient.Services.OpenFreqService] PTT end: own radio on 280.500 MHz
2026-09-26 15:28:06.560 -04:00 [INF] [OpenFreqClient.Services.OpenFreqService] TX level over 3630ms: mic peak -0.1 dBFS rms -17.2 dBFS | sent peak -0.7 dBFS rms -20.9 dBFS | normalizer on, gain 1.555, gate -33.3 dBFS
2026-09-26 15:28:15.254 -04:00 [INF] [OpenFreqClient.Services.OpenFreqService] PTT start: Polaris (86d6d8aa-64e3-4106-890a-252d3f93f28e) on 280.500 MHz, 3D
2026-09-26 15:28:15.274 -04:00 [INF] [OpenFreq.Common.RtpJitterBuffer] Transmission gap detected (11564ms RTP delta), resetting jitter measurement
2026-09-26 15:28:15.375 -04:00 [INF] [OpenFreqClient.Services.OpenFreqService] RX 280.500 MHz from Polaris (86d6d8aa-64e3-4106-890a-252d3f93f28e): -84.9 dBm, SNR 22.1 dB, FSPL 124.9 dB, terrain 0.0 dB, 149.7 km, tx 5624 m / rx 9147 m MSL
2026-09-26 15:28:15.405 -04:00 [WRN] [OpenFreqAudio.RadioPlayback] Stream 86d6d8aa-64e3-4106-890a-252d3f93f28e:280500 on 280.500 MHz had no samples for 10.0 ms
2026-09-26 15:28:17.045 -04:00 [INF] [OpenFreqClient.Services.OpenFreqService] PTT end: Polaris (86d6d8aa-64e3-4106-890a-252d3f93f28e) on 280.500 MHz, released
2026-09-26 15:28:25.251 -04:00 [INF] [OpenFreqAudio.RadioPlayback] Stream 'c56f5c33-10e6-473d-96e0-90de94b49519:280500' on 280.500 MHz
2026-09-26 15:28:28.005 -04:00 [INF] [OpenFreqClient.Services.OpenFreqService] PTT start: Useless (2c7de423-e66c-4a70-a299-d21d207cd0ed) on 280.500 MHz, 3D
2026-09-26 15:28:28.021 -04:00 [INF] [OpenFreq.Common.RtpJitterBufferPool] New RTP source: SSRC=5FC1A72A
2026-09-26 15:28:28.021 -04:00 [INF] [OpenFreq.Common.RtpJitterBuffer] Manual buffer size: 150ms
2026-09-26 15:28:28.021 -04:00 [INF] [OpenFreq.Common.RtpAudioReceiver] Source joined:  SSRC=5FC1A72A
2026-09-26 15:28:28.021 -04:00 [INF] [OpenFreq.Common.RtpJitterBuffer] Initialized: buffer=150ms
2026-09-26 15:28:28.171 -04:00 [INF] [OpenFreqClient.Services.OpenFreqService] RX 280.500 MHz from Useless (2c7de423-e66c-4a70-a299-d21d207cd0ed): -83.5 dBm, SNR 23.5 dB, FSPL 123.5 dB, terrain 0.0 dB, 127.9 km, tx 5419 m / rx 9147 m MSL
2026-09-26 15:28:31.038 -04:00 [INF] [OpenFreqClient.Services.OpenFreqService] PTT end: Useless (2c7de423-e66c-4a70-a299-d21d207cd0ed) on 280.500 MHz, released
2026-09-26 15:28:31.774 -04:00 [INF] [OpenFreqClient.Services.OpenFreqService] PTT start: own radio on 280.500 MHz
2026-09-26 15:28:32.168 -04:00 [INF] [OpenFreqClient.Services.OpenFreqService] PTT end: own radio on 280.500 MHz
2026-09-26 15:28:32.170 -04:00 [INF] [OpenFreqClient.Services.OpenFreqService] TX level over 390ms: mic peak -2.2 dBFS rms -20.7 dBFS | sent peak 0.0 dBFS rms -13.0 dBFS | normalizer on, gain 1.370, gate -57.5 dBFS
2026-09-26 15:28:34.391 -04:00 [INF] [OpenFreqClient.Services.OpenFreqService] PTT start: Razgriz (9ee0b811-d7a3-4388-b330-5035e9bc334e) on 280.500 MHz, 3D
2026-09-26 15:28:34.408 -04:00 [INF] [OpenFreq.Common.RtpJitterBufferPool] New RTP source: SSRC=32C7C971
2026-09-26 15:28:34.408 -04:00 [INF] [OpenFreq.Common.RtpJitterBuffer] Manual buffer size: 150ms
2026-09-26 15:28:34.408 -04:00 [INF] [OpenFreq.Common.RtpAudioReceiver] Source joined:  SSRC=32C7C971
2026-09-26 15:28:34.408 -04:00 [INF] [OpenFreq.Common.RtpJitterBuffer] Initialized: buffer=150ms
2026-09-26 15:28:34.558 -04:00 [INF] [OpenFreqClient.Services.OpenFreqService] RX 280.500 MHz from Razgriz (9ee0b811-d7a3-4388-b330-5035e9bc334e): -84.7 dBm, SNR 22.3 dB, FSPL 124.7 dB, terrain 0.0 dB, 145.3 km, tx 5209 m / rx 9147 m MSL
2026-09-26 15:28:36.552 -04:00 [INF] [OpenFreqClient.Services.OpenFreqService] PTT end: Razgriz (9ee0b811-d7a3-4388-b330-5035e9bc334e) on 280.500 MHz, released
2026-09-26 15:28:39.240 -04:00 [INF] [OpenFreqClient.Services.OpenFreqService] PTT start: Alligator (f39dd749-39ff-4df4-bec7-f23cc154d1a8) on 280.500 MHz, 3D
2026-09-26 15:28:39.247 -04:00 [INF] [OpenFreq.Common.RtpJitterBufferPool] New RTP source: SSRC=407FFF3F
2026-09-26 15:28:39.247 -04:00 [INF] [OpenFreq.Common.RtpJitterBuffer] Manual buffer size: 150ms
2026-09-26 15:28:39.247 -04:00 [INF] [OpenFreq.Common.RtpAudioReceiver] Source joined:  SSRC=407FFF3F
2026-09-26 15:28:39.247 -04:00 [INF] [OpenFreq.Common.RtpJitterBuffer] Initialized: buffer=150ms
2026-09-26 15:28:39.397 -04:00 [INF] [OpenFreqClient.Services.OpenFreqService] RX 280.500 MHz from Alligator (f39dd749-39ff-4df4-bec7-f23cc154d1a8): -85.4 dBm, SNR 21.6 dB, FSPL 125.4 dB, terrain 0.0 dB, 157.9 km, tx 6282 m / rx 9147 m MSL
2026-09-26 15:28:41.446 -04:00 [INF] [OpenFreqClient.Services.OpenFreqService] PTT end: Alligator (f39dd749-39ff-4df4-bec7-f23cc154d1a8) on 280.500 MHz, released
2026-09-26 15:28:43.544 -04:00 [INF] [OpenFreqClient.Services.OpenFreqService] PTT start: own radio on 280.500 MHz
2026-09-26 15:28:44.698 -04:00 [INF] [OpenFreqClient.Services.OpenFreqService] PTT end: own radio on 280.500 MHz
2026-09-26 15:28:44.700 -04:00 [INF] [OpenFreqClient.Services.OpenFreqService] TX level over 1150ms: mic peak -0.0 dBFS rms -19.2 dBFS | sent peak 0.0 dBFS rms -19.8 dBFS | normalizer on, gain 1.744, gate -78.3 dBFS
2026-09-26 15:28:50.904 -04:00 [INF] [OpenFreqClient.Services.OpenFreqService] PTT start: Razgriz (9ee0b811-d7a3-4388-b330-5035e9bc334e) on 280.500 MHz, 3D
2026-09-26 15:28:50.919 -04:00 [INF] [OpenFreq.Common.RtpJitterBuffer] Transmission gap detected (14372ms RTP delta), resetting jitter measurement
2026-09-26 15:28:50.966 -04:00 [INF] [OpenFreqClient.Services.OpenFreqService] RX 280.500 MHz from Razgriz (9ee0b811-d7a3-4388-b330-5035e9bc334e): -84.4 dBm, SNR 22.6 dB, FSPL 124.4 dB, terrain 0.0 dB, 141.1 km, tx 5198 m / rx 9147 m MSL
2026-09-26 15:28:51.391 -04:00 [INF] [OpenFreq.Common.RtpJitterBuffer] Late arrival (188ms past slot) — buffer 43→261ms
2026-09-26 15:28:52.967 -04:00 [INF] [OpenFreqClient.Services.OpenFreqService] PTT end: Razgriz (9ee0b811-d7a3-4388-b330-5035e9bc334e) on 280.500 MHz, released
2026-09-26 15:28:55.090 -04:00 [INF] [OpenFreqClient.Services.OpenFreqService] PTT start: Krieger (c231414f-6549-4b18-9f0e-ef37b3ff8b2a) on 280.500 MHz, 3D
2026-09-26 15:28:55.110 -04:00 [INF] [OpenFreq.Common.RtpJitterBufferPool] New RTP source: SSRC=15B167C8
2026-09-26 15:28:55.110 -04:00 [INF] [OpenFreq.Common.RtpJitterBuffer] Manual buffer size: 150ms
2026-09-26 15:28:55.110 -04:00 [INF] [OpenFreq.Common.RtpAudioReceiver] Source joined:  SSRC=15B167C8
2026-09-26 15:28:55.110 -04:00 [INF] [OpenFreq.Common.RtpJitterBuffer] Initialized: buffer=150ms
2026-09-26 15:28:55.260 -04:00 [INF] [OpenFreqClient.Services.OpenFreqService] RX 280.500 MHz from Krieger (c231414f-6549-4b18-9f0e-ef37b3ff8b2a): -85.0 dBm, SNR 22.0 dB, FSPL 125.0 dB, terrain 0.0 dB, 150.4 km, tx 5225 m / rx 9147 m MSL
2026-09-26 15:28:56.937 -04:00 [INF] [OpenFreqClient.Services.OpenFreqService] PTT end: Krieger (c231414f-6549-4b18-9f0e-ef37b3ff8b2a) on 280.500 MHz, released
2026-09-26 15:28:57.911 -04:00 [INF] [OpenFreqClient.Services.OpenFreqService] PTT start: Razgriz (9ee0b811-d7a3-4388-b330-5035e9bc334e) on 280.500 MHz, 3D
2026-09-26 15:28:57.926 -04:00 [INF] [OpenFreq.Common.RtpJitterBuffer] Transmission gap detected (4968ms RTP delta), resetting jitter measurement
2026-09-26 15:28:58.041 -04:00 [INF] [OpenFreqClient.Services.OpenFreqService] RX 280.500 MHz from Razgriz (9ee0b811-d7a3-4388-b330-5035e9bc334e): -84.3 dBm, SNR 22.7 dB, FSPL 124.3 dB, terrain 0.0 dB, 139.2 km, tx 5192 m / rx 9147 m MSL
2026-09-26 15:28:58.121 -04:00 [INF] [OpenFreqClient.Services.OpenFreqService] PTT start: own radio on 339.750 MHz
2026-09-26 15:28:59.367 -04:00 [INF] [OpenFreqClient.Services.OpenFreqService] PTT end: Razgriz (9ee0b811-d7a3-4388-b330-5035e9bc334e) on 280.500 MHz, released
2026-09-26 15:29:00.951 -04:00 [INF] [OpenFreqClient.Services.OpenFreqService] PTT end: own radio on 339.750 MHz
2026-09-26 15:29:00.962 -04:00 [INF] [OpenFreqClient.Services.OpenFreqService] TX level over 2830ms: mic peak -0.1 dBFS rms -18.3 dBFS | sent peak 0.0 dBFS rms -11.1 dBFS | normalizer on, gain 1.925, gate -80.9 dBFS
2026-09-26 15:29:03.581 -04:00 [INF] [OpenFreqClient.Services.OpenFreqService] PTT start: Krieger (c231414f-6549-4b18-9f0e-ef37b3ff8b2a) on 280.500 MHz, 3D
2026-09-26 15:29:03.586 -04:00 [INF] [OpenFreq.Common.RtpJitterBuffer] Transmission gap detected (6661ms RTP delta), resetting jitter measurement
2026-09-26 15:29:03.649 -04:00 [INF] [OpenFreqClient.Services.OpenFreqService] RX 280.500 MHz from Krieger (c231414f-6549-4b18-9f0e-ef37b3ff8b2a): -84.9 dBm, SNR 22.1 dB, FSPL 124.9 dB, terrain 0.0 dB, 149.0 km, tx 5280 m / rx 9147 m MSL
2026-09-26 15:29:05.638 -04:00 [INF] [OpenFreqClient.Services.OpenFreqService] PTT end: Krieger (c231414f-6549-4b18-9f0e-ef37b3ff8b2a) on 280.500 MHz, released
2026-09-26 15:29:07.154 -04:00 [INF] [OpenFreqClient.Services.OpenFreqService] PTT start: own radio on 339.750 MHz
2026-09-26 15:29:08.264 -04:00 [INF] [OpenFreqClient.Services.OpenFreqService] PTT end: own radio on 339.750 MHz
2026-09-26 15:29:08.271 -04:00 [INF] [OpenFreqClient.Services.OpenFreqService] TX level over 1110ms: mic peak -0.9 dBFS rms -20.7 dBFS | sent peak 0.0 dBFS rms -11.6 dBFS | normalizer on, gain 2.430, gate -76.9 dBFS
2026-09-26 15:29:09.507 -04:00 [INF] [OpenFreqClient.Services.OpenFreqService] PTT start: Woody (e0977389-35b0-4d0f-997f-3c6be3e6f5f5) on 339.750 MHz, 3D
2026-09-26 15:29:09.536 -04:00 [INF] [OpenFreq.Common.RtpJitterBuffer] Transmission gap detected (136734ms RTP delta), resetting jitter measurement
2026-09-26 15:29:09.585 -04:00 [INF] [OpenFreqClient.Services.OpenFreqService] RX 339.750 MHz from Woody (e0977389-35b0-4d0f-997f-3c6be3e6f5f5): -81.7 dBm, SNR 25.3 dB, FSPL 121.7 dB, terrain 0.0 dB, 85.3 km, tx 10089 m / rx 9147 m MSL
2026-09-26 15:29:11.569 -04:00 [INF] [OpenFreqClient.Services.OpenFreqService] PTT end: Woody (e0977389-35b0-4d0f-997f-3c6be3e6f5f5) on 339.750 MHz, released
2026-09-26 15:29:12.139 -04:00 [INF] [OpenFreqClient.Services.OpenFreqService] PTT start: own radio on 339.750 MHz
2026-09-26 15:29:13.015 -04:00 [INF] [OpenFreqClient.Services.OpenFreqService] PTT end: own radio on 339.750 MHz
2026-09-26 15:29:13.022 -04:00 [INF] [OpenFreqClient.Services.OpenFreqService] TX level over 880ms: mic peak -5.3 dBFS rms -25.2 dBFS | sent peak 0.0 dBFS rms -12.6 dBFS | normalizer on, gain 1.730, gate -70.5 dBFS
2026-09-26 15:29:14.193 -04:00 [INF] [OpenFreqClient.Services.OpenFreqService] PTT start: own radio on 339.750 MHz
2026-09-26 15:29:15.742 -04:00 [INF] [OpenFreqClient.Services.OpenFreqService] PTT end: own radio on 339.750 MHz
2026-09-26 15:29:15.752 -04:00 [INF] [OpenFreqClient.Services.OpenFreqService] TX level over 1550ms: mic peak -0.1 dBFS rms -19.9 dBFS | sent peak 0.0 dBFS rms -15.7 dBFS | normalizer on, gain 3.186, gate -58.7 dBFS
2026-09-26 15:29:20.215 -04:00 [INF] [OpenFreqAudio.RadioPlayback] Stream '9ee0b811-d7a3-4388-b330-5035e9bc334e:339750' on 339.750 MHz
2026-09-26 15:29:29.047 -04:00 [INF] [OpenFreqAudio.RadioPlayback] Stream '9ee0b811-d7a3-4388-b330-5035e9bc334e:280500' on 280.500 MHz
2026-09-26 15:29:30.393 -04:00 [INF] [OpenFreqAudio.RadioPlayback] Stream '9ee0b811-d7a3-4388-b330-5035e9bc334e:339750' on 339.750 MHz
2026-09-26 15:29:32.027 -04:00 [INF] [OpenFreqAudio.RadioPlayback] Stream '9ee0b811-d7a3-4388-b330-5035e9bc334e:280500' on 280.500 MHz
2026-09-26 15:29:32.156 -04:00 [INF] [OpenFreqClient.Services.OpenFreqService] PTT start: Woody (e0977389-35b0-4d0f-997f-3c6be3e6f5f5) on 339.750 MHz, 3D
2026-09-26 15:29:32.167 -04:00 [INF] [OpenFreq.Common.RtpJitterBuffer] Transmission gap detected (20601ms RTP delta), resetting jitter measurement
2026-09-26 15:29:32.216 -04:00 [INF] [OpenFreqClient.Services.OpenFreqService] RX 339.750 MHz from Woody (e0977389-35b0-4d0f-997f-3c6be3e6f5f5): -81.1 dBm, SNR 25.9 dB, FSPL 121.1 dB, terrain 0.0 dB, 79.3 km, tx 10096 m / rx 9147 m MSL
2026-09-26 15:29:32.269 -04:00 [WRN] [OpenFreqAudio.RadioPlayback] Stream e0977389-35b0-4d0f-997f-3c6be3e6f5f5:339750 on 339.750 MHz had no samples for 10.2 ms
2026-09-26 15:29:33.220 -04:00 [INF] [OpenFreq.Common.RtpJitterBuffer] Late arrival (24ms past slot) — buffer 55→110ms
2026-09-26 15:29:36.299 -04:00 [INF] [OpenFreqClient.Services.OpenFreqService] PTT end: Woody (e0977389-35b0-4d0f-997f-3c6be3e6f5f5) on 339.750 MHz, released
2026-09-26 15:29:38.156 -04:00 [INF] [OpenFreqClient.Services.OpenFreqService] PTT start: Woody (e0977389-35b0-4d0f-997f-3c6be3e6f5f5) on 339.750 MHz, 3D
2026-09-26 15:29:38.198 -04:00 [INF] [OpenFreq.Common.RtpJitterBuffer] Transmission gap detected (1896ms RTP delta), resetting jitter measurement
2026-09-26 15:29:38.233 -04:00 [INF] [OpenFreqClient.Services.OpenFreqService] RX 339.750 MHz from Woody (e0977389-35b0-4d0f-997f-3c6be3e6f5f5): -80.9 dBm, SNR 26.1 dB, FSPL 120.9 dB, terrain 0.0 dB, 77.7 km, tx 10103 m / rx 9147 m MSL
2026-09-26 15:29:40.641 -04:00 [INF] [OpenFreqClient.Services.OpenFreqService] PTT end: Woody (e0977389-35b0-4d0f-997f-3c6be3e6f5f5) on 339.750 MHz, released
2026-09-26 15:29:43.824 -04:00 [INF] [OpenFreqClient.Services.OpenFreqService] PTT start: own radio on 339.750 MHz
2026-09-26 15:29:49.124 -04:00 [INF] [OpenFreqClient.Services.OpenFreqService] PTT end: own radio on 339.750 MHz
2026-09-26 15:29:49.132 -04:00 [INF] [OpenFreqClient.Services.OpenFreqService] TX level over 5300ms: mic peak -0.3 dBFS rms -21.1 dBFS | sent peak 0.0 dBFS rms -15.3 dBFS | normalizer on, gain 5.919, gate -71.0 dBFS
2026-09-26 15:29:57.323 -04:00 [INF] [OpenFreqClient.Services.OpenFreqService] PTT start: own radio on 339.750 MHz
2026-09-26 15:30:10.825 -04:00 [INF] [OpenFreqClient.Services.OpenFreqService] PTT end: own radio on 339.750 MHz
2026-09-26 15:30:10.833 -04:00 [INF] [OpenFreqClient.Services.OpenFreqService] TX level over 13500ms: mic peak -0.0 dBFS rms -15.9 dBFS | sent peak 0.0 dBFS rms -16.2 dBFS | normalizer on, gain 0.458, gate -77.7 dBFS
2026-09-26 15:30:11.407 -04:00 [INF] [OpenFreqClient.Services.OpenFreqService] PTT start: Woody (e0977389-35b0-4d0f-997f-3c6be3e6f5f5) on 339.750 MHz, 3D
2026-09-26 15:30:11.420 -04:00 [INF] [OpenFreq.Common.RtpJitterBuffer] Transmission gap detected (30792ms RTP delta), resetting jitter measurement
2026-09-26 15:30:11.466 -04:00 [INF] [OpenFreqClient.Services.OpenFreqService] RX 339.750 MHz from Woody (e0977389-35b0-4d0f-997f-3c6be3e6f5f5): -79.7 dBm, SNR 27.3 dB, FSPL 119.7 dB, terrain 0.0 dB, 68.2 km, tx 10470 m / rx 9147 m MSL
2026-09-26 15:30:12.776 -04:00 [INF] [OpenFreq.Common.RtpJitterBuffer] Late arrival (31ms past slot) — buffer 58→119ms
2026-09-26 15:30:15.405 -04:00 [INF] [OpenFreqClient.Services.OpenFreqService] PTT end: Woody (e0977389-35b0-4d0f-997f-3c6be3e6f5f5) on 339.750 MHz, released
2026-09-26 15:30:17.105 -04:00 [INF] [OpenFreqClient.Services.OpenFreqService] PTT start: Starlight (7ebf02fc-ba84-466f-850d-2eeffc48b655) on 339.750 MHz, 3D
2026-09-26 15:30:17.121 -04:00 [INF] [OpenFreq.Common.RtpJitterBufferPool] New RTP source: SSRC=7668AE7F
2026-09-26 15:30:17.121 -04:00 [INF] [OpenFreq.Common.RtpJitterBuffer] Manual buffer size: 150ms
2026-09-26 15:30:17.121 -04:00 [INF] [OpenFreq.Common.RtpAudioReceiver] Source joined:  SSRC=7668AE7F
2026-09-26 15:30:17.121 -04:00 [INF] [OpenFreq.Common.RtpJitterBuffer] Initialized: buffer=150ms
2026-09-26 15:30:17.271 -04:00 [INF] [OpenFreqClient.Services.OpenFreqService] RX 339.750 MHz from Starlight (7ebf02fc-ba84-466f-850d-2eeffc48b655): -78.1 dBm, SNR 28.9 dB, FSPL 118.1 dB, terrain 0.0 dB, 56.7 km, tx 11019 m / rx 9147 m MSL
2026-09-26 15:30:20.263 -04:00 [INF] [OpenFreqClient.Services.OpenFreqService] PTT end: Starlight (7ebf02fc-ba84-466f-850d-2eeffc48b655) on 339.750 MHz, released
2026-09-26 15:30:28.880 -04:00 [INF] [OpenFreqClient.Services.OpenFreqService] PTT start: own radio on 280.500 MHz
2026-09-26 15:30:31.015 -04:00 [INF] [OpenFreqClient.Services.OpenFreqService] PTT end: own radio on 280.500 MHz
2026-09-26 15:30:31.024 -04:00 [INF] [OpenFreqClient.Services.OpenFreqService] TX level over 2140ms: mic peak -0.0 dBFS rms -18.2 dBFS | sent peak -1.7 dBFS rms -21.2 dBFS | normalizer on, gain 1.814, gate -44.9 dBFS
2026-09-26 15:30:43.557 -04:00 [INF] [OpenFreqAudio.RadioPlayback] Stream '9ee0b811-d7a3-4388-b330-5035e9bc334e:339750' on 339.750 MHz
2026-09-26 15:31:00.466 -04:00 [INF] [OpenFreqClient.Services.OpenFreqService] PTT start: own radio on 339.750 MHz
2026-09-26 15:31:02.987 -04:00 [INF] [OpenFreqClient.Services.OpenFreqService] PTT end: own radio on 339.750 MHz
2026-09-26 15:31:02.994 -04:00 [INF] [OpenFreqClient.Services.OpenFreqService] TX level over 2520ms: mic peak -0.1 dBFS rms -16.6 dBFS | sent peak 0.0 dBFS rms -15.1 dBFS | normalizer on, gain 4.071, gate -89.6 dBFS
2026-09-26 15:31:03.796 -04:00 [INF] [OpenFreqClient.Services.OpenFreqService] PTT start: Woody (e0977389-35b0-4d0f-997f-3c6be3e6f5f5) on 339.750 MHz, 3D
2026-09-26 15:31:03.801 -04:00 [INF] [OpenFreq.Common.RtpJitterBuffer] Transmission gap detected (48404ms RTP delta), resetting jitter measurement
2026-09-26 15:31:03.848 -04:00 [INF] [OpenFreqClient.Services.OpenFreqService] RX 339.750 MHz from Woody (e0977389-35b0-4d0f-997f-3c6be3e6f5f5): -78.0 dBm, SNR 29.0 dB, FSPL 118.0 dB, terrain 0.0 dB, 55.7 km, tx 13353 m / rx 9147 m MSL
2026-09-26 15:31:06.019 -04:00 [INF] [OpenFreq.Common.RtpJitterBuffer] Late arrival (11ms past slot) — buffer 57→98ms
2026-09-26 15:31:06.993 -04:00 [INF] [OpenFreqClient.Services.OpenFreqService] PTT end: Woody (e0977389-35b0-4d0f-997f-3c6be3e6f5f5) on 339.750 MHz, released
2026-09-26 15:31:08.298 -04:00 [INF] [OpenFreqClient.Services.OpenFreqService] PTT start: Starlight (7ebf02fc-ba84-466f-850d-2eeffc48b655) on 339.750 MHz, 3D
2026-09-26 15:31:08.307 -04:00 [INF] [OpenFreq.Common.RtpJitterBuffer] Transmission gap detected (48067ms RTP delta), resetting jitter measurement
2026-09-26 15:31:08.363 -04:00 [INF] [OpenFreqClient.Services.OpenFreqService] RX 339.750 MHz from Starlight (7ebf02fc-ba84-466f-850d-2eeffc48b655): -74.9 dBm, SNR 32.1 dB, FSPL 114.9 dB, terrain 0.0 dB, 39.1 km, tx 13207 m / rx 9147 m MSL
2026-09-26 15:31:10.653 -04:00 [INF] [OpenFreqClient.Services.OpenFreqService] PTT end: Starlight (7ebf02fc-ba84-466f-850d-2eeffc48b655) on 339.750 MHz, released
2026-09-26 15:31:29.206 -04:00 [INF] [OpenFreqClient.Services.OpenFreqService] PTT start: Rain (48c829fa-694d-48c8-987a-a559eb15e8f5) on 339.750 MHz, 3D
2026-09-26 15:31:29.223 -04:00 [INF] [OpenFreq.Common.RtpJitterBufferPool] New RTP source: SSRC=056D8B17
2026-09-26 15:31:29.223 -04:00 [INF] [OpenFreq.Common.RtpJitterBuffer] Manual buffer size: 150ms
2026-09-26 15:31:29.223 -04:00 [INF] [OpenFreq.Common.RtpAudioReceiver] Source joined:  SSRC=056D8B17
2026-09-26 15:31:29.223 -04:00 [INF] [OpenFreq.Common.RtpJitterBuffer] Initialized: buffer=150ms
2026-09-26 15:31:29.223 -04:00 [INF] [OpenFreq.Common.RtpJitterBufferPool] Pruned stale source SSRC=3EB49D5B
2026-09-26 15:31:29.223 -04:00 [INF] [OpenFreq.Common.RtpAudioReceiver] Source expired: SSRC=3EB49D5B
2026-09-26 15:31:29.373 -04:00 [INF] [OpenFreqClient.Services.OpenFreqService] RX 339.750 MHz from Rain (48c829fa-694d-48c8-987a-a559eb15e8f5): -82.1 dBm, SNR 24.9 dB, FSPL 122.1 dB, terrain 0.0 dB, 89.5 km, tx 9281 m / rx 9147 m MSL
2026-09-26 15:31:32.772 -04:00 [INF] [OpenFreqClient.Services.OpenFreqService] PTT end: Rain (48c829fa-694d-48c8-987a-a559eb15e8f5) on 339.750 MHz, released
2026-09-26 15:31:37.892 -04:00 [INF] [OpenFreqAudio.RadioPlayback] Stream '9ee0b811-d7a3-4388-b330-5035e9bc334e:280500' on 280.500 MHz
2026-09-26 15:31:42.606 -04:00 [INF] [OpenFreqClient.Services.OpenFreqService] PTT start: Tipple (3f84a2f2-686e-48ad-b954-22c69eeb3d83) on 339.750 MHz, 3D
2026-09-26 15:31:42.617 -04:00 [INF] [OpenFreq.Common.RtpJitterBufferPool] New RTP source: SSRC=11658BD9
2026-09-26 15:31:42.618 -04:00 [INF] [OpenFreq.Common.RtpJitterBuffer] Manual buffer size: 150ms
2026-09-26 15:31:42.618 -04:00 [INF] [OpenFreq.Common.RtpAudioReceiver] Source joined:  SSRC=11658BD9
2026-09-26 15:31:42.618 -04:00 [INF] [OpenFreq.Common.RtpJitterBuffer] Initialized: buffer=150ms
2026-09-26 15:31:42.768 -04:00 [INF] [OpenFreqClient.Services.OpenFreqService] RX 339.750 MHz from Tipple (3f84a2f2-686e-48ad-b954-22c69eeb3d83): -86.2 dBm, SNR 20.8 dB, FSPL 126.2 dB, terrain 0.0 dB, 143.6 km, tx 9829 m / rx 9147 m MSL
2026-09-26 15:31:42.904 -04:00 [WRN] [OpenFreqAudio.RadioPlayback] Stream 3f84a2f2-686e-48ad-b954-22c69eeb3d83:339750 on 339.750 MHz had no samples for 12.9 ms
2026-09-26 15:31:45.107 -04:00 [INF] [OpenFreq.Common.RtpJitterBufferPool] Pruned stale source SSRC=0B8FB835
2026-09-26 15:31:45.107 -04:00 [INF] [OpenFreq.Common.RtpAudioReceiver] Source expired: SSRC=0B8FB835
2026-09-26 15:31:45.163 -04:00 [INF] [OpenFreqClient.Services.OpenFreqService] PTT end: Tipple (3f84a2f2-686e-48ad-b954-22c69eeb3d83) on 339.750 MHz, released
2026-09-26 15:31:48.476 -04:00 [INF] [OpenFreqClient.Services.OpenFreqService] PTT start: own radio on 339.750 MHz
2026-09-26 15:31:55.394 -04:00 [INF] [OpenFreqClient.Services.OpenFreqService] PTT end: own radio on 339.750 MHz
2026-09-26 15:31:55.396 -04:00 [INF] [OpenFreqClient.Services.OpenFreqService] TX level over 6910ms: mic peak -0.1 dBFS rms -15.0 dBFS | sent peak 0.0 dBFS rms -18.8 dBFS | normalizer on, gain 1.063, gate -45.1 dBFS
2026-09-26 15:32:15.091 -04:00 [INF] [OpenFreqClient.Services.OpenFreqService] PTT start: Woody (e0977389-35b0-4d0f-997f-3c6be3e6f5f5) on 339.750 MHz, 3D
2026-09-26 15:32:15.113 -04:00 [INF] [OpenFreq.Common.RtpJitterBuffer] Transmission gap detected (68113ms RTP delta), resetting jitter measurement
2026-09-26 15:32:15.198 -04:00 [INF] [OpenFreqClient.Services.OpenFreqService] RX 339.750 MHz from Woody (e0977389-35b0-4d0f-997f-3c6be3e6f5f5): -77.6 dBm, SNR 29.4 dB, FSPL 117.6 dB, terrain 0.0 dB, 53.4 km, tx 9918 m / rx 9147 m MSL
2026-09-26 15:32:17.378 -04:00 [INF] [OpenFreqClient.Services.OpenFreqService] PTT end: Woody (e0977389-35b0-4d0f-997f-3c6be3e6f5f5) on 339.750 MHz, released
2026-09-26 15:32:18.970 -04:00 [INF] [OpenFreqClient.Services.OpenFreqService] PTT start: Starlight (7ebf02fc-ba84-466f-850d-2eeffc48b655) on 339.750 MHz, 3D
2026-09-26 15:32:18.979 -04:00 [INF] [OpenFreq.Common.RtpJitterBuffer] Transmission gap detected (68331ms RTP delta), resetting jitter measurement
2026-09-26 15:32:19.025 -04:00 [INF] [OpenFreqClient.Services.OpenFreqService] RX 339.750 MHz from Starlight (7ebf02fc-ba84-466f-850d-2eeffc48b655): -69.6 dBm, SNR 37.4 dB, FSPL 109.6 dB, terrain 0.0 dB, 21.1 km, tx 5791 m / rx 9147 m MSL
2026-09-26 15:32:21.283 -04:00 [INF] [OpenFreq.Common.RtpJitterBuffer] Late arrival (270ms past slot) — buffer 54→304ms
2026-09-26 15:32:21.284 -04:00 [INF] [OpenFreq.Common.RtpJitterBuffer] Late arrival (0ms past slot) — buffer 304→334ms
2026-09-26 15:32:21.284 -04:00 [INF] [OpenFreqClient.Services.OpenFreqService] PTT end: Starlight (7ebf02fc-ba84-466f-850d-2eeffc48b655) on 339.750 MHz, released
2026-09-26 15:32:30.638 -04:00 [INF] [OpenFreqClient.Services.OpenFreqService] PTT start: own radio on 339.750 MHz
2026-09-26 15:32:37.949 -04:00 [INF] [OpenFreqClient.Services.OpenFreqService] PTT end: own radio on 339.750 MHz
2026-09-26 15:32:37.956 -04:00 [INF] [OpenFreqClient.Services.OpenFreqService] TX level over 7310ms: mic peak 0.0 dBFS rms -16.8 dBFS | sent peak 0.0 dBFS rms -19.1 dBFS | normalizer on, gain 2.634, gate -48.7 dBFS
2026-09-26 15:32:44.589 -04:00 [INF] [OpenFreqAudio.RadioPlayback] Stream 'c220f187-a6fa-4848-ac66-ff0dd03f1bde:339750' on 339.750 MHz
2026-09-26 15:33:00.689 -04:00 [INF] [OpenFreqClient.Services.OpenFreqService] PTT start: Tipple (3f84a2f2-686e-48ad-b954-22c69eeb3d83) on 339.750 MHz, 3D
2026-09-26 15:33:00.713 -04:00 [INF] [OpenFreq.Common.RtpJitterBuffer] Transmission gap detected (75547ms RTP delta), resetting jitter measurement
2026-09-26 15:33:00.713 -04:00 [INF] [OpenFreq.Common.RtpJitterBufferPool] Pruned stale source SSRC=3519F4B2
2026-09-26 15:33:00.713 -04:00 [INF] [OpenFreq.Common.RtpAudioReceiver] Source expired: SSRC=3519F4B2
2026-09-26 15:33:00.745 -04:00 [INF] [OpenFreqClient.Services.OpenFreqService] RX 339.750 MHz from Tipple (3f84a2f2-686e-48ad-b954-22c69eeb3d83): -85.8 dBm, SNR 21.2 dB, FSPL 125.8 dB, terrain 0.0 dB, 136.8 km, tx 13012 m / rx 9147 m MSL
2026-09-26 15:33:00.792 -04:00 [INF] [OpenFreq.Common.RtpJitterBuffer] Late arrival (7ms past slot) — buffer 41→78ms
2026-09-26 15:33:01.227 -04:00 [WRN] [OpenFreqAudio.RadioPlayback] Stream 3f84a2f2-686e-48ad-b954-22c69eeb3d83:339750 on 339.750 MHz had no samples for 10.4 ms
2026-09-26 15:33:01.248 -04:00 [INF] [OpenFreqClient.Services.OpenFreqService] PTT start: Krieger (c231414f-6549-4b18-9f0e-ef37b3ff8b2a) on 280.500 MHz, 3D
2026-09-26 15:33:01.263 -04:00 [INF] [OpenFreq.Common.RtpJitterBuffer] Transmission gap detected (235634ms RTP delta), resetting jitter measurement
2026-09-26 15:33:01.298 -04:00 [INF] [OpenFreqClient.Services.OpenFreqService] RX 280.500 MHz from Krieger (c231414f-6549-4b18-9f0e-ef37b3ff8b2a): -81.5 dBm, SNR 25.5 dB, FSPL 121.5 dB, terrain 0.0 dB, 101.0 km, tx 6322 m / rx 9147 m MSL
2026-09-26 15:33:02.025 -04:00 [INF] [OpenFreqClient.Services.OpenFreqService] PTT end: Krieger (c231414f-6549-4b18-9f0e-ef37b3ff8b2a) on 280.500 MHz, released
2026-09-26 15:33:04.283 -04:00 [INF] [OpenFreqClient.Services.OpenFreqService] PTT start: Razgriz (9ee0b811-d7a3-4388-b330-5035e9bc334e) on 280.500 MHz, 3D
2026-09-26 15:33:04.297 -04:00 [INF] [OpenFreq.Common.RtpJitterBuffer] Transmission gap detected (244933ms RTP delta), resetting jitter measurement
2026-09-26 15:33:04.347 -04:00 [INF] [OpenFreqClient.Services.OpenFreqService] RX 280.500 MHz from Razgriz (9ee0b811-d7a3-4388-b330-5035e9bc334e): -80.7 dBm, SNR 26.3 dB, FSPL 120.7 dB, terrain 0.0 dB, 92.6 km, tx 6073 m / rx 9147 m MSL
2026-09-26 15:33:04.490 -04:00 [INF] [OpenFreqClient.Services.OpenFreqService] PTT end: Tipple (3f84a2f2-686e-48ad-b954-22c69eeb3d83) on 339.750 MHz, released
2026-09-26 15:33:04.683 -04:00 [INF] [OpenFreqClient.Services.OpenFreqService] PTT end: Razgriz (9ee0b811-d7a3-4388-b330-5035e9bc334e) on 280.500 MHz, released
2026-09-26 15:33:07.581 -04:00 [INF] [OpenFreqClient.Services.OpenFreqService] PTT start: Krieger (c231414f-6549-4b18-9f0e-ef37b3ff8b2a) on 280.500 MHz, 3D
2026-09-26 15:33:07.604 -04:00 [INF] [OpenFreq.Common.RtpJitterBuffer] Transmission gap detected (5576ms RTP delta), resetting jitter measurement
2026-09-26 15:33:07.632 -04:00 [INF] [OpenFreqClient.Services.OpenFreqService] RX 280.500 MHz from Krieger (c231414f-6549-4b18-9f0e-ef37b3ff8b2a): -81.4 dBm, SNR 25.6 dB, FSPL 121.4 dB, terrain 0.0 dB, 99.7 km, tx 6358 m / rx 9147 m MSL
2026-09-26 15:33:08.350 -04:00 [INF] [OpenFreqClient.Services.OpenFreqService] PTT start: Blue (f23a2329-cca9-4d8f-bdda-384ea4044d35) on 339.750 MHz, 3D
2026-09-26 15:33:08.356 -04:00 [INF] [OpenFreq.Common.RtpJitterBufferPool] New RTP source: SSRC=0B8FB835
2026-09-26 15:33:08.356 -04:00 [INF] [OpenFreq.Common.RtpJitterBuffer] Manual buffer size: 150ms
2026-09-26 15:33:08.356 -04:00 [INF] [OpenFreq.Common.RtpAudioReceiver] Source joined:  SSRC=0B8FB835
2026-09-26 15:33:08.356 -04:00 [INF] [OpenFreq.Common.RtpJitterBuffer] Initialized: buffer=150ms
2026-09-26 15:33:08.506 -04:00 [INF] [OpenFreqClient.Services.OpenFreqService] RX 339.750 MHz from Blue (f23a2329-cca9-4d8f-bdda-384ea4044d35): -86.7 dBm, SNR 20.3 dB, FSPL 126.7 dB, terrain 0.0 dB, 151.3 km, tx 8778 m / rx 9147 m MSL
2026-09-26 15:33:09.589 -04:00 [INF] [OpenFreq.Common.RtpJitterBuffer] Late arrival (162ms past slot) — buffer 71→263ms
2026-09-26 15:33:09.589 -04:00 [INF] [OpenFreq.Common.RtpJitterBuffer] Late arrival (192ms past slot) — buffer 37→259ms
2026-09-26 15:33:09.700 -04:00 [INF] [OpenFreq.Common.RtpJitterBuffer] Late arrival (68ms past slot) — buffer 256→354ms
2026-09-26 15:33:09.700 -04:00 [INF] [OpenFreq.Common.RtpJitterBuffer] Late arrival (68ms past slot) — buffer 252→350ms
2026-09-26 15:33:10.496 -04:00 [INF] [OpenFreqClient.Services.OpenFreqService] PTT end: Blue (f23a2329-cca9-4d8f-bdda-384ea4044d35) on 339.750 MHz, released
2026-09-26 15:33:11.472 -04:00 [INF] [OpenFreqClient.Services.OpenFreqService] PTT end: Krieger (c231414f-6549-4b18-9f0e-ef37b3ff8b2a) on 280.500 MHz, released
2026-09-26 15:33:13.211 -04:00 [INF] [OpenFreqClient.Services.OpenFreqService] PTT start: Razgriz (9ee0b811-d7a3-4388-b330-5035e9bc334e) on 280.500 MHz, 3D
2026-09-26 15:33:13.229 -04:00 [INF] [OpenFreq.Common.RtpJitterBuffer] Transmission gap detected (8548ms RTP delta), resetting jitter measurement
2026-09-26 15:33:13.270 -04:00 [INF] [OpenFreqClient.Services.OpenFreqService] RX 280.500 MHz from Razgriz (9ee0b811-d7a3-4388-b330-5035e9bc334e): -80.6 dBm, SNR 26.4 dB, FSPL 120.6 dB, terrain 0.0 dB, 90.6 km, tx 6073 m / rx 9147 m MSL
2026-09-26 15:33:13.773 -04:00 [WRN] [OpenFreqAudio.RadioPlayback] Stream 9ee0b811-d7a3-4388-b330-5035e9bc334e:280500 on 280.500 MHz had no samples for 1.3 ms
2026-09-26 15:33:14.408 -04:00 [INF] [OpenFreqAudio.RadioPlayback] Stream 'c220f187-a6fa-4848-ac66-ff0dd03f1bde:280500' on 280.500 MHz
2026-09-26 15:33:14.575 -04:00 [INF] [OpenFreqClient.Services.OpenFreqService] PTT end: Razgriz (9ee0b811-d7a3-4388-b330-5035e9bc334e) on 280.500 MHz, released
2026-09-26 15:33:16.302 -04:00 [INF] [OpenFreqClient.Services.OpenFreqService] PTT start: Krieger (c231414f-6549-4b18-9f0e-ef37b3ff8b2a) on 280.500 MHz, 3D
2026-09-26 15:33:16.320 -04:00 [INF] [OpenFreq.Common.RtpJitterBuffer] Transmission gap detected (4863ms RTP delta), resetting jitter measurement
2026-09-26 15:33:16.426 -04:00 [INF] [OpenFreqClient.Services.OpenFreqService] RX 280.500 MHz from Krieger (c231414f-6549-4b18-9f0e-ef37b3ff8b2a): -81.2 dBm, SNR 25.8 dB, FSPL 121.2 dB, terrain 0.0 dB, 98.0 km, tx 6406 m / rx 9147 m MSL
2026-09-26 15:33:16.497 -04:00 [WRN] [OpenFreqAudio.RadioPlayback] Stream c231414f-6549-4b18-9f0e-ef37b3ff8b2a:280500 on 280.500 MHz had no samples for 10.0 ms
2026-09-26 15:33:17.044 -04:00 [INF] [OpenFreq.Common.RtpJitterBufferPool] Pruned stale source SSRC=6685BCEA
2026-09-26 15:33:17.044 -04:00 [INF] [OpenFreq.Common.RtpAudioReceiver] Source expired: SSRC=6685BCEA
2026-09-26 15:33:17.048 -04:00 [INF] [OpenFreqClient.Services.OpenFreqService] PTT start: Blue (f23a2329-cca9-4d8f-bdda-384ea4044d35) on 339.750 MHz, 3D
2026-09-26 15:33:17.067 -04:00 [INF] [OpenFreq.Common.RtpJitterBuffer] Transmission gap detected (6592ms RTP delta), resetting jitter measurement
2026-09-26 15:33:17.376 -04:00 [INF] [OpenFreqClient.Services.OpenFreqService] RX 339.750 MHz from Blue (f23a2329-cca9-4d8f-bdda-384ea4044d35): -86.6 dBm, SNR 20.4 dB, FSPL 126.6 dB, terrain 0.0 dB, 150.8 km, tx 8971 m / rx 9147 m MSL
2026-09-26 15:33:18.170 -04:00 [INF] [OpenFreqClient.Services.OpenFreqService] PTT end: Blue (f23a2329-cca9-4d8f-bdda-384ea4044d35) on 339.750 MHz, released
2026-09-26 15:33:22.233 -04:00 [INF] [OpenFreqClient.Services.OpenFreqService] PTT end: Krieger (c231414f-6549-4b18-9f0e-ef37b3ff8b2a) on 280.500 MHz, released
2026-09-26 15:33:25.297 -04:00 [INF] [OpenFreqClient.Services.OpenFreqService] PTT start: Razgriz (9ee0b811-d7a3-4388-b330-5035e9bc334e) on 280.500 MHz, 3D
2026-09-26 15:33:25.306 -04:00 [INF] [OpenFreq.Common.RtpJitterBuffer] Transmission gap detected (10746ms RTP delta), resetting jitter measurement
2026-09-26 15:33:25.355 -04:00 [INF] [OpenFreqClient.Services.OpenFreqService] RX 280.500 MHz from Razgriz (9ee0b811-d7a3-4388-b330-5035e9bc334e): -80.3 dBm, SNR 26.7 dB, FSPL 120.3 dB, terrain 0.0 dB, 88.0 km, tx 6086 m / rx 9147 m MSL
2026-09-26 15:33:26.036 -04:00 [INF] [OpenFreqClient.Services.OpenFreqService] PTT end: Razgriz (9ee0b811-d7a3-4388-b330-5035e9bc334e) on 280.500 MHz, released
2026-09-26 15:33:27.175 -04:00 [INF] [OpenFreqAudio.RadioPlayback] Stream 'c220f187-a6fa-4848-ac66-ff0dd03f1bde:339750' on 339.750 MHz
2026-09-26 15:33:28.377 -04:00 [INF] [OpenFreqClient.Services.OpenFreqService] PTT start: own radio on 280.500 MHz
2026-09-26 15:33:31.967 -04:00 [INF] [OpenFreqClient.Services.OpenFreqService] PTT end: own radio on 280.500 MHz
2026-09-26 15:33:31.967 -04:00 [INF] [OpenFreqClient.Services.OpenFreqService] TX level over 3580ms: mic peak -0.1 dBFS rms -17.1 dBFS | sent peak 0.0 dBFS rms -20.2 dBFS | normalizer on, gain 1.148, gate -30.7 dBFS
2026-09-26 15:33:37.355 -04:00 [INF] [OpenFreqClient.Services.OpenFreqService] PTT start: Razgriz (9ee0b811-d7a3-4388-b330-5035e9bc334e) on 280.500 MHz, 3D
2026-09-26 15:33:37.366 -04:00 [INF] [OpenFreq.Common.RtpJitterBuffer] Transmission gap detected (11338ms RTP delta), resetting jitter measurement
2026-09-26 15:33:37.367 -04:00 [INF] [OpenFreq.Common.RtpJitterBufferPool] Pruned stale source SSRC=5FC1A72A
2026-09-26 15:33:37.367 -04:00 [INF] [OpenFreq.Common.RtpAudioReceiver] Source expired: SSRC=5FC1A72A
2026-09-26 15:33:37.410 -04:00 [INF] [OpenFreqClient.Services.OpenFreqService] RX 280.500 MHz from Razgriz (9ee0b811-d7a3-4388-b330-5035e9bc334e): -80.0 dBm, SNR 27.0 dB, FSPL 120.0 dB, terrain 0.0 dB, 85.3 km, tx 6100 m / rx 9147 m MSL
2026-09-26 15:33:38.870 -04:00 [INF] [OpenFreq.Common.RtpJitterBuffer] Late arrival (0ms past slot) — buffer 37→67ms
2026-09-26 15:33:39.226 -04:00 [INF] [OpenFreqClient.Services.OpenFreqService] PTT end: Razgriz (9ee0b811-d7a3-4388-b330-5035e9bc334e) on 280.500 MHz, released
2026-09-26 15:33:39.731 -04:00 [INF] [OpenFreqClient.Services.OpenFreqService] PTT start: own radio on 339.750 MHz
2026-09-26 15:33:42.416 -04:00 [INF] [OpenFreqClient.Services.OpenFreqService] PTT end: own radio on 339.750 MHz
2026-09-26 15:33:42.418 -04:00 [INF] [OpenFreqClient.Services.OpenFreqService] TX level over 2680ms: mic peak -0.1 dBFS rms -16.5 dBFS | sent peak 0.0 dBFS rms -18.1 dBFS | normalizer on, gain 1.033, gate -74.1 dBFS
2026-09-26 15:33:46.366 -04:00 [INF] [OpenFreqClient.Services.OpenFreqService] PTT start: own radio on 339.750 MHz
2026-09-26 15:33:51.228 -04:00 [INF] [OpenFreqAudio.RadioPlayback] Stream 'e0977389-35b0-4d0f-997f-3c6be3e6f5f5:339750' on 339.750 MHz
2026-09-26 15:33:53.066 -04:00 [INF] [OpenFreqClient.Services.OpenFreqService] PTT end: own radio on 339.750 MHz
2026-09-26 15:33:53.068 -04:00 [INF] [OpenFreqClient.Services.OpenFreqService] TX level over 6700ms: mic peak 0.0 dBFS rms -15.8 dBFS | sent peak 0.0 dBFS rms -15.5 dBFS | normalizer on, gain 2.710, gate -85.8 dBFS
2026-09-26 15:33:53.705 -04:00 [INF] [OpenFreqClient.Services.OpenFreqService] PTT start: Blue (f23a2329-cca9-4d8f-bdda-384ea4044d35) on 339.750 MHz, 3D
2026-09-26 15:33:53.719 -04:00 [INF] [OpenFreq.Common.RtpJitterBuffer] Transmission gap detected (35555ms RTP delta), resetting jitter measurement
2026-09-26 15:33:53.719 -04:00 [INF] [OpenFreq.Common.RtpJitterBufferPool] Pruned stale source SSRC=407FFF3F
2026-09-26 15:33:53.719 -04:00 [INF] [OpenFreq.Common.RtpAudioReceiver] Source expired: SSRC=407FFF3F
2026-09-26 15:33:53.740 -04:00 [INF] [OpenFreqClient.Services.OpenFreqService] PTT start: Rain (48c829fa-694d-48c8-987a-a559eb15e8f5) on 339.750 MHz, 3D
2026-09-26 15:33:53.756 -04:00 [INF] [OpenFreq.Common.RtpJitterBuffer] Transmission gap detected (140992ms RTP delta), resetting jitter measurement
2026-09-26 15:33:53.795 -04:00 [INF] [OpenFreqClient.Services.OpenFreqService] RX 339.750 MHz from Rain (48c829fa-694d-48c8-987a-a559eb15e8f5): -78.7 dBm, SNR 28.3 dB, FSPL 118.7 dB, terrain 0.0 dB, 60.6 km, tx 9777 m / rx 9147 m MSL
2026-09-26 15:33:53.812 -04:00 [INF] [OpenFreqClient.Services.OpenFreqService] RX 339.750 MHz from Blue (f23a2329-cca9-4d8f-bdda-384ea4044d35): -86.5 dBm, SNR 20.5 dB, FSPL 126.5 dB, terrain 0.0 dB, 148.6 km, tx 11060 m / rx 9147 m MSL
2026-09-26 15:33:53.875 -04:00 [WRN] [OpenFreqAudio.RadioPlayback] Stream 48c829fa-694d-48c8-987a-a559eb15e8f5:339750 on 339.750 MHz had no samples for 9.8 ms
2026-09-26 15:33:55.029 -04:00 [INF] [OpenFreq.Common.RtpJitterBuffer] Late arrival (14ms past slot) — buffer 40→84ms
2026-09-26 15:33:57.679 -04:00 [INF] [OpenFreqClient.Services.OpenFreqService] PTT end: Rain (48c829fa-694d-48c8-987a-a559eb15e8f5) on 339.750 MHz, released
2026-09-26 15:33:59.446 -04:00 [INF] [OpenFreqClient.Services.OpenFreqService] PTT end: Blue (f23a2329-cca9-4d8f-bdda-384ea4044d35) on 339.750 MHz, released
2026-09-26 15:34:00.299 -04:00 [INF] [OpenFreqClient.Services.OpenFreqService] PTT start: Blue (f23a2329-cca9-4d8f-bdda-384ea4044d35) on 339.750 MHz, 3D
2026-09-26 15:34:00.307 -04:00 [INF] [OpenFreq.Common.RtpJitterBuffer] Transmission gap detected (872ms RTP delta), resetting jitter measurement
2026-09-26 15:34:00.357 -04:00 [INF] [OpenFreqClient.Services.OpenFreqService] RX 339.750 MHz from Blue (f23a2329-cca9-4d8f-bdda-384ea4044d35): -86.5 dBm, SNR 20.5 dB, FSPL 126.5 dB, terrain 0.0 dB, 148.0 km, tx 11555 m / rx 9147 m MSL
2026-09-26 15:34:00.968 -04:00 [INF] [OpenFreqClient.Services.OpenFreqService] PTT end: Blue (f23a2329-cca9-4d8f-bdda-384ea4044d35) on 339.750 MHz, released
2026-09-26 15:34:02.286 -04:00 [INF] [OpenFreqClient.Services.OpenFreqService] PTT start: Tipple (3f84a2f2-686e-48ad-b954-22c69eeb3d83) on 339.750 MHz, 3D
2026-09-26 15:34:02.300 -04:00 [INF] [OpenFreq.Common.RtpJitterBuffer] Transmission gap detected (57836ms RTP delta), resetting jitter measurement
2026-09-26 15:34:02.353 -04:00 [INF] [OpenFreqClient.Services.OpenFreqService] RX 339.750 MHz from Tipple (3f84a2f2-686e-48ad-b954-22c69eeb3d83): -85.0 dBm, SNR 22.0 dB, FSPL 125.0 dB, terrain 0.0 dB, 125.1 km, tx 8130 m / rx 9147 m MSL
2026-09-26 15:34:04.930 -04:00 [INF] [OpenFreqClient.Services.OpenFreqService] PTT end: Tipple (3f84a2f2-686e-48ad-b954-22c69eeb3d83) on 339.750 MHz, released
2026-09-26 15:34:06.390 -04:00 [INF] [OpenFreqClient.Services.OpenFreqService] PTT start: own radio on 339.750 MHz
2026-09-26 15:34:12.415 -04:00 [INF] [OpenFreqClient.Services.OpenFreqService] PTT end: own radio on 339.750 MHz
2026-09-26 15:34:12.420 -04:00 [INF] [OpenFreqClient.Services.OpenFreqService] TX level over 6020ms: mic peak 0.0 dBFS rms -12.8 dBFS | sent peak 0.0 dBFS rms -15.0 dBFS | normalizer on, gain 1.543, gate -63.7 dBFS
2026-09-26 15:34:15.313 -04:00 [INF] [OpenFreqClient.Services.OpenFreqService] PTT start: Gkenny (58f02e35-0d8e-4c46-aa74-dce098883fa8) on 339.750 MHz, 3D
2026-09-26 15:34:15.331 -04:00 [INF] [OpenFreq.Common.RtpJitterBufferPool] New RTP source: SSRC=10B73873
2026-09-26 15:34:15.331 -04:00 [INF] [OpenFreq.Common.RtpJitterBuffer] Manual buffer size: 150ms
2026-09-26 15:34:15.331 -04:00 [INF] [OpenFreq.Common.RtpAudioReceiver] Source joined:  SSRC=10B73873
2026-09-26 15:34:15.331 -04:00 [INF] [OpenFreq.Common.RtpJitterBuffer] Initialized: buffer=150ms
2026-09-26 15:34:15.481 -04:00 [INF] [OpenFreqClient.Services.OpenFreqService] RX 339.750 MHz from Gkenny (58f02e35-0d8e-4c46-aa74-dce098883fa8): -79.9 dBm, SNR 27.1 dB, FSPL 119.9 dB, terrain 0.0 dB, 69.1 km, tx 8733 m / rx 9147 m MSL
2026-09-26 15:34:16.518 -04:00 [INF] [OpenFreqClient.Services.OpenFreqService] PTT end: Gkenny (58f02e35-0d8e-4c46-aa74-dce098883fa8) on 339.750 MHz, released
2026-09-26 15:34:17.045 -04:00 [INF] [OpenFreqClient.Services.OpenFreqService] PTT start: Rain (48c829fa-694d-48c8-987a-a559eb15e8f5) on 339.750 MHz, 3D
2026-09-26 15:34:17.057 -04:00 [INF] [OpenFreq.Common.RtpJitterBuffer] Transmission gap detected (19382ms RTP delta), resetting jitter measurement
2026-09-26 15:34:17.104 -04:00 [INF] [OpenFreqClient.Services.OpenFreqService] RX 339.750 MHz from Rain (48c829fa-694d-48c8-987a-a559eb15e8f5): -78.0 dBm, SNR 29.0 dB, FSPL 118.0 dB, terrain 0.0 dB, 56.0 km, tx 9696 m / rx 9147 m MSL
2026-09-26 15:34:17.435 -04:00 [WRN] [OpenFreqAudio.RadioPlayback] Stream 48c829fa-694d-48c8-987a-a559eb15e8f5:339750 on 339.750 MHz had no samples for 10.5 ms
2026-09-26 15:34:19.718 -04:00 [INF] [OpenFreqClient.Services.OpenFreqService] PTT end: Rain (48c829fa-694d-48c8-987a-a559eb15e8f5) on 339.750 MHz, released
2026-09-26 15:34:22.374 -04:00 [INF] [OpenFreqClient.Services.OpenFreqService] PTT start: Alligator (f39dd749-39ff-4df4-bec7-f23cc154d1a8) on 280.500 MHz, 3D
2026-09-26 15:34:22.395 -04:00 [INF] [OpenFreq.Common.RtpJitterBufferPool] New RTP source: SSRC=407FFF3F
2026-09-26 15:34:22.395 -04:00 [INF] [OpenFreq.Common.RtpJitterBuffer] Manual buffer size: 150ms
2026-09-26 15:34:22.395 -04:00 [INF] [OpenFreq.Common.RtpAudioReceiver] Source joined:  SSRC=407FFF3F
2026-09-26 15:34:22.395 -04:00 [INF] [OpenFreq.Common.RtpJitterBuffer] Initialized: buffer=150ms
2026-09-26 15:34:22.545 -04:00 [INF] [OpenFreqClient.Services.OpenFreqService] RX 280.500 MHz from Alligator (f39dd749-39ff-4df4-bec7-f23cc154d1a8): -84.4 dBm, SNR 22.6 dB, FSPL 124.4 dB, terrain 0.0 dB, 141.0 km, tx 6278 m / rx 9147 m MSL
2026-09-26 15:34:22.663 -04:00 [INF] [OpenFreqClient.Services.OpenFreqService] PTT start: own radio on 339.750 MHz
2026-09-26 15:34:22.796 -04:00 [WRN] [OpenFreqAudio.RadioPlayback] Stream f39dd749-39ff-4df4-bec7-f23cc154d1a8:280500 on 280.500 MHz had no samples for 10.5 ms
2026-09-26 15:34:22.893 -04:00 [INF] [OpenFreqClient.Services.OpenFreqService] PTT end: own radio on 339.750 MHz
2026-09-26 15:34:22.899 -04:00 [INF] [OpenFreqClient.Services.OpenFreqService] TX level over 230ms: mic peak -31.5 dBFS rms -56.1 dBFS | sent peak -25.2 dBFS rms -49.6 dBFS | normalizer on, gain 21.369, gate -85.3 dBFS
2026-09-26 15:34:23.439 -04:00 [INF] [OpenFreqClient.Services.OpenFreqService] PTT start: own radio on 339.750 MHz
2026-09-26 15:34:24.297 -04:00 [INF] [OpenFreqClient.Services.OpenFreqService] PTT end: Alligator (f39dd749-39ff-4df4-bec7-f23cc154d1a8) on 280.500 MHz, released
2026-09-26 15:34:25.471 -04:00 [INF] [OpenFreqClient.Services.OpenFreqService] PTT end: own radio on 339.750 MHz
2026-09-26 15:34:25.480 -04:00 [INF] [OpenFreqClient.Services.OpenFreqService] TX level over 2030ms: mic peak -0.0 dBFS rms -12.2 dBFS | sent peak 0.0 dBFS rms -12.8 dBFS | normalizer on, gain 0.899, gate -59.3 dBFS
2026-09-26 15:34:26.340 -04:00 [INF] [OpenFreqClient.Services.OpenFreqService] PTT start: Rain (48c829fa-694d-48c8-987a-a559eb15e8f5) on 339.750 MHz, 3D
2026-09-26 15:34:26.360 -04:00 [INF] [OpenFreq.Common.RtpJitterBuffer] Transmission gap detected (6636ms RTP delta), resetting jitter measurement
2026-09-26 15:34:26.393 -04:00 [INF] [OpenFreqClient.Services.OpenFreqService] PTT start: Blue (f23a2329-cca9-4d8f-bdda-384ea4044d35) on 339.750 MHz, 3D
2026-09-26 15:34:26.397 -04:00 [INF] [OpenFreqClient.Services.OpenFreqService] RX 339.750 MHz from Rain (48c829fa-694d-48c8-987a-a559eb15e8f5): -77.6 dBm, SNR 29.4 dB, FSPL 117.6 dB, terrain 0.0 dB, 53.1 km, tx 10097 m / rx 9147 m MSL
2026-09-26 15:34:26.409 -04:00 [INF] [OpenFreq.Common.RtpJitterBuffer] Transmission gap detected (25456ms RTP delta), resetting jitter measurement
2026-09-26 15:34:26.450 -04:00 [INF] [OpenFreqClient.Services.OpenFreqService] RX 339.750 MHz from Blue (f23a2329-cca9-4d8f-bdda-384ea4044d35): -86.3 dBm, SNR 20.7 dB, FSPL 126.3 dB, terrain 0.0 dB, 145.6 km, tx 13191 m / rx 9147 m MSL
2026-09-26 15:34:26.536 -04:00 [INF] [OpenFreqClient.Services.OpenFreqService] PTT end: Blue (f23a2329-cca9-4d8f-bdda-384ea4044d35) on 339.750 MHz, released
2026-09-26 15:34:28.002 -04:00 [INF] [OpenFreq.Common.RtpJitterBuffer] Late arrival (5ms past slot) — buffer 43→79ms
2026-09-26 15:34:29.599 -04:00 [INF] [OpenFreqClient.Services.OpenFreqService] PTT end: Rain (48c829fa-694d-48c8-987a-a559eb15e8f5) on 339.750 MHz, released
2026-09-26 15:34:30.758 -04:00 [INF] [OpenFreqClient.Services.OpenFreqService] PTT start: Blue (f23a2329-cca9-4d8f-bdda-384ea4044d35) on 339.750 MHz, 3D
2026-09-26 15:34:30.779 -04:00 [INF] [OpenFreq.Common.RtpJitterBuffer] Transmission gap detected (4248ms RTP delta), resetting jitter measurement
2026-09-26 15:34:30.817 -04:00 [INF] [OpenFreqClient.Services.OpenFreqService] RX 339.750 MHz from Blue (f23a2329-cca9-4d8f-bdda-384ea4044d35): -86.3 dBm, SNR 20.7 dB, FSPL 126.3 dB, terrain 0.0 dB, 145.2 km, tx 13336 m / rx 9147 m MSL
2026-09-26 15:34:31.055 -04:00 [INF] [OpenFreqClient.Services.OpenFreqService] PTT end: Blue (f23a2329-cca9-4d8f-bdda-384ea4044d35) on 339.750 MHz, released
2026-09-26 15:34:31.969 -04:00 [INF] [OpenFreq.Common.RtpJitterBuffer] Transmission gap detected (923ms RTP delta), resetting jitter measurement
2026-09-26 15:34:31.969 -04:00 [INF] [OpenFreqClient.Services.OpenFreqService] PTT start: Blue (f23a2329-cca9-4d8f-bdda-384ea4044d35) on 339.750 MHz, 3D
2026-09-26 15:34:32.002 -04:00 [INF] [OpenFreqClient.Services.OpenFreqService] RX 339.750 MHz from Blue (f23a2329-cca9-4d8f-bdda-384ea4044d35): -86.3 dBm, SNR 20.7 dB, FSPL 126.3 dB, terrain 0.0 dB, 145.1 km, tx 13368 m / rx 9147 m MSL
2026-09-26 15:34:34.996 -04:00 [INF] [OpenFreq.Common.RtpJitterBuffer] Late arrival (15ms past slot) — buffer 39→84ms
2026-09-26 15:34:36.338 -04:00 [INF] [OpenFreqClient.Services.OpenFreqService] PTT end: Blue (f23a2329-cca9-4d8f-bdda-384ea4044d35) on 339.750 MHz, released
2026-09-26 15:34:36.395 -04:00 [INF] [OpenFreqAudio.RadioPlayback] Stream 'c220f187-a6fa-4848-ac66-ff0dd03f1bde:280500' on 280.500 MHz
2026-09-26 15:34:36.799 -04:00 [INF] [OpenFreqClient.Services.OpenFreqService] PTT start: Gkenny (58f02e35-0d8e-4c46-aa74-dce098883fa8) on 339.750 MHz, 3D
2026-09-26 15:34:36.823 -04:00 [INF] [OpenFreq.Common.RtpJitterBuffer] Transmission gap detected (20306ms RTP delta), resetting jitter measurement
2026-09-26 15:34:36.881 -04:00 [INF] [OpenFreqClient.Services.OpenFreqService] RX 339.750 MHz from Gkenny (58f02e35-0d8e-4c46-aa74-dce098883fa8): -79.3 dBm, SNR 27.7 dB, FSPL 119.3 dB, terrain 0.0 dB, 64.8 km, tx 9482 m / rx 9147 m MSL
2026-09-26 15:34:36.986 -04:00 [WRN] [OpenFreqAudio.RadioPlayback] Stream 58f02e35-0d8e-4c46-aa74-dce098883fa8:339750 on 339.750 MHz had no samples for 4.3 ms
2026-09-26 15:34:40.681 -04:00 [INF] [OpenFreqClient.Services.OpenFreqService] PTT end: Gkenny (58f02e35-0d8e-4c46-aa74-dce098883fa8) on 339.750 MHz, released
2026-09-26 15:34:41.188 -04:00 [INF] [OpenFreqClient.Services.OpenFreqService] PTT start: own radio on 280.500 MHz
2026-09-26 15:34:46.217 -04:00 [INF] [OpenFreqClient.Services.OpenFreqService] PTT end: own radio on 280.500 MHz
2026-09-26 15:34:46.219 -04:00 [INF] [OpenFreqClient.Services.OpenFreqService] TX level over 5030ms: mic peak 0.0 dBFS rms -15.6 dBFS | sent peak 0.0 dBFS rms -16.5 dBFS | normalizer on, gain 1.660, gate -66.9 dBFS
2026-09-26 15:34:50.271 -04:00 [INF] [OpenFreqClient.Services.OpenFreqService] PTT start: Krieger (c231414f-6549-4b18-9f0e-ef37b3ff8b2a) on 280.500 MHz, 3D
2026-09-26 15:34:50.290 -04:00 [INF] [OpenFreq.Common.RtpJitterBuffer] Transmission gap detected (88066ms RTP delta), resetting jitter measurement
2026-09-26 15:34:50.335 -04:00 [INF] [OpenFreqClient.Services.OpenFreqService] RX 280.500 MHz from Krieger (c231414f-6549-4b18-9f0e-ef37b3ff8b2a): -79.5 dBm, SNR 27.5 dB, FSPL 119.5 dB, terrain 0.0 dB, 80.6 km, tx 6835 m / rx 9147 m MSL
2026-09-26 15:34:51.052 -04:00 [INF] [OpenFreqClient.Services.OpenFreqService] PTT end: Krieger (c231414f-6549-4b18-9f0e-ef37b3ff8b2a) on 280.500 MHz, released
2026-09-26 15:34:55.124 -04:00 [INF] [OpenFreqClient.Services.OpenFreqService] PTT start: own radio on 339.750 MHz
2026-09-26 15:34:58.947 -04:00 [INF] [OpenFreqClient.Services.OpenFreqService] PTT end: own radio on 339.750 MHz
2026-09-26 15:34:58.949 -04:00 [INF] [OpenFreqClient.Services.OpenFreqService] TX level over 3820ms: mic peak 0.0 dBFS rms -13.7 dBFS | sent peak 0.0 dBFS rms -17.3 dBFS | normalizer on, gain 3.561, gate -58.2 dBFS
2026-09-26 15:34:59.977 -04:00 [INF] [OpenFreqClient.Services.OpenFreqService] PTT start: own radio on 339.750 MHz
2026-09-26 15:35:00.084 -04:00 [INF] [OpenFreqClient.Services.OpenFreqService] PTT start: Falcon (58355e30-5857-4e01-882f-86b5f2200072) on 280.500 MHz, 3D
2026-09-26 15:35:00.100 -04:00 [INF] [OpenFreq.Common.RtpJitterBufferPool] New RTP source: SSRC=3519F4B2
2026-09-26 15:35:00.100 -04:00 [INF] [OpenFreq.Common.RtpJitterBuffer] Manual buffer size: 150ms
2026-09-26 15:35:00.100 -04:00 [INF] [OpenFreq.Common.RtpAudioReceiver] Source joined:  SSRC=3519F4B2
2026-09-26 15:35:00.100 -04:00 [INF] [OpenFreq.Common.RtpJitterBuffer] Initialized: buffer=150ms
2026-09-26 15:35:00.251 -04:00 [INF] [OpenFreqClient.Services.OpenFreqService] RX 280.500 MHz from Falcon (58355e30-5857-4e01-882f-86b5f2200072): -83.5 dBm, SNR 23.5 dB, FSPL 123.5 dB, terrain 0.0 dB, 126.7 km, tx 7372 m / rx 9147 m MSL
2026-09-26 15:35:01.966 -04:00 [INF] [OpenFreqClient.Services.OpenFreqService] PTT end: Falcon (58355e30-5857-4e01-882f-86b5f2200072) on 280.500 MHz, released
2026-09-26 15:35:02.304 -04:00 [INF] [OpenFreqClient.Services.OpenFreqService] PTT end: own radio on 339.750 MHz
2026-09-26 15:35:02.309 -04:00 [INF] [OpenFreqClient.Services.OpenFreqService] TX level over 2330ms: mic peak -0.3 dBFS rms -15.8 dBFS | sent peak 0.0 dBFS rms -11.6 dBFS | normalizer on, gain 0.632, gate -67.9 dBFS
2026-09-26 15:35:03.791 -04:00 [INF] [OpenFreqClient.Services.OpenFreqService] PTT start: Wild (982e2bb0-182d-4217-bce2-d56d6e7b2782) on 339.750 MHz, 3D
2026-09-26 15:35:03.806 -04:00 [INF] [OpenFreq.Common.RtpJitterBufferPool] New RTP source: SSRC=63865412
2026-09-26 15:35:03.806 -04:00 [INF] [OpenFreq.Common.RtpJitterBuffer] Manual buffer size: 150ms
2026-09-26 15:35:03.806 -04:00 [INF] [OpenFreq.Common.RtpAudioReceiver] Source joined:  SSRC=63865412
2026-09-26 15:35:03.806 -04:00 [INF] [OpenFreq.Common.RtpJitterBuffer] Initialized: buffer=150ms
2026-09-26 15:35:03.956 -04:00 [INF] [OpenFreqClient.Services.OpenFreqService] RX 339.750 MHz from Wild (982e2bb0-182d-4217-bce2-d56d6e7b2782): -85.1 dBm, SNR 21.9 dB, FSPL 125.1 dB, terrain 0.0 dB, 126.3 km, tx 13259 m / rx 9147 m MSL
2026-09-26 15:35:05.379 -04:00 [INF] [OpenFreqClient.Services.OpenFreqService] PTT end: Wild (982e2bb0-182d-4217-bce2-d56d6e7b2782) on 339.750 MHz, released
2026-09-26 15:35:07.846 -04:00 [INF] [OpenFreqClient.Services.OpenFreqService] PTT start: Polaris (86d6d8aa-64e3-4106-890a-252d3f93f28e) on 280.500 MHz, 3D
2026-09-26 15:35:07.862 -04:00 [INF] [OpenFreq.Common.RtpJitterBufferPool] New RTP source: SSRC=6685BCEA
2026-09-26 15:35:07.862 -04:00 [INF] [OpenFreq.Common.RtpJitterBuffer] Manual buffer size: 150ms
2026-09-26 15:35:07.862 -04:00 [INF] [OpenFreq.Common.RtpAudioReceiver] Source joined:  SSRC=6685BCEA
2026-09-26 15:35:07.862 -04:00 [INF] [OpenFreq.Common.RtpJitterBuffer] Initialized: buffer=150ms
2026-09-26 15:35:08.013 -04:00 [INF] [OpenFreqClient.Services.OpenFreqService] RX 280.500 MHz from Polaris (86d6d8aa-64e3-4106-890a-252d3f93f28e): -82.1 dBm, SNR 24.9 dB, FSPL 122.1 dB, terrain 0.0 dB, 108.4 km, tx 5571 m / rx 9147 m MSL
2026-09-26 15:35:08.424 -04:00 [INF] [OpenFreqClient.Services.OpenFreqService] PTT end: Polaris (86d6d8aa-64e3-4106-890a-252d3f93f28e) on 280.500 MHz, released
2026-09-26 15:35:08.936 -04:00 [INF] [OpenFreqClient.Services.OpenFreqService] PTT start: Polaris (86d6d8aa-64e3-4106-890a-252d3f93f28e) on 280.500 MHz, 3D
2026-09-26 15:35:08.952 -04:00 [INF] [OpenFreq.Common.RtpJitterBuffer] Transmission gap detected (528ms RTP delta), resetting jitter measurement
2026-09-26 15:35:10.677 -04:00 [INF] [OpenFreqClient.Services.OpenFreqService] PTT end: Polaris (86d6d8aa-64e3-4106-890a-252d3f93f28e) on 280.500 MHz, released
2026-09-26 15:35:12.282 -04:00 [INF] [OpenFreqClient.Services.OpenFreqService] PTT start: Rain (48c829fa-694d-48c8-987a-a559eb15e8f5) on 339.750 MHz, 3D
2026-09-26 15:35:12.309 -04:00 [INF] [OpenFreq.Common.RtpJitterBuffer] Transmission gap detected (42696ms RTP delta), resetting jitter measurement
2026-09-26 15:35:12.360 -04:00 [INF] [OpenFreqClient.Services.OpenFreqService] RX 339.750 MHz from Rain (48c829fa-694d-48c8-987a-a559eb15e8f5): -75.5 dBm, SNR 31.5 dB, FSPL 115.5 dB, terrain 0.0 dB, 41.8 km, tx 9776 m / rx 9147 m MSL
2026-09-26 15:35:13.651 -04:00 [INF] [OpenFreqClient.Services.OpenFreqService] PTT start: Blue (f23a2329-cca9-4d8f-bdda-384ea4044d35) on 339.750 MHz, 3D
2026-09-26 15:35:13.670 -04:00 [INF] [OpenFreq.Common.RtpJitterBuffer] Transmission gap detected (37348ms RTP delta), resetting jitter measurement
2026-09-26 15:35:13.723 -04:00 [INF] [OpenFreqClient.Services.OpenFreqService] RX 339.750 MHz from Blue (f23a2329-cca9-4d8f-bdda-384ea4044d35): -85.8 dBm, SNR 21.2 dB, FSPL 125.8 dB, terrain 0.0 dB, 137.6 km, tx 11050 m / rx 9147 m MSL
2026-09-26 15:35:14.476 -04:00 [INF] [OpenFreqClient.Services.OpenFreqService] PTT end: Rain (48c829fa-694d-48c8-987a-a559eb15e8f5) on 339.750 MHz, released
2026-09-26 15:35:15.537 -04:00 [INF] [OpenFreqClient.Services.OpenFreqService] PTT end: Blue (f23a2329-cca9-4d8f-bdda-384ea4044d35) on 339.750 MHz, released
2026-09-26 15:35:17.172 -04:00 [INF] [OpenFreqClient.Services.OpenFreqService] PTT start: Blue (f23a2329-cca9-4d8f-bdda-384ea4044d35) on 339.750 MHz, 3D
2026-09-26 15:35:17.187 -04:00 [INF] [OpenFreq.Common.RtpJitterBuffer] Transmission gap detected (1660ms RTP delta), resetting jitter measurement
2026-09-26 15:35:17.226 -04:00 [INF] [OpenFreqClient.Services.OpenFreqService] RX 339.750 MHz from Blue (f23a2329-cca9-4d8f-bdda-384ea4044d35): -85.8 dBm, SNR 21.2 dB, FSPL 125.8 dB, terrain 0.0 dB, 136.7 km, tx 10474 m / rx 9147 m MSL
2026-09-26 15:35:19.078 -04:00 [INF] [OpenFreq.Common.RtpJitterBuffer] Late arrival (12ms past slot) — buffer 36→78ms
2026-09-26 15:35:19.178 -04:00 [WRN] [OpenFreqAudio.RadioPlayback] Stream f23a2329-cca9-4d8f-bdda-384ea4044d35:339750 on 339.750 MHz had no samples for 10.5 ms
2026-09-26 15:35:19.905 -04:00 [INF] [OpenFreqClient.Services.OpenFreqService] PTT end: Blue (f23a2329-cca9-4d8f-bdda-384ea4044d35) on 339.750 MHz, released
2026-09-26 15:35:20.170 -04:00 [INF] [OpenFreqClient.Services.OpenFreqService] PTT start: Useless (2c7de423-e66c-4a70-a299-d21d207cd0ed) on 280.500 MHz, 3D
2026-09-26 15:35:20.180 -04:00 [INF] [OpenFreq.Common.RtpJitterBufferPool] New RTP source: SSRC=5FC1A72A
2026-09-26 15:35:20.180 -04:00 [INF] [OpenFreq.Common.RtpJitterBuffer] Manual buffer size: 150ms
2026-09-26 15:35:20.180 -04:00 [INF] [OpenFreq.Common.RtpAudioReceiver] Source joined:  SSRC=5FC1A72A
2026-09-26 15:35:20.180 -04:00 [INF] [OpenFreq.Common.RtpJitterBuffer] Initialized: buffer=150ms
2026-09-26 15:35:20.330 -04:00 [INF] [OpenFreqClient.Services.OpenFreqService] RX 280.500 MHz from Useless (2c7de423-e66c-4a70-a299-d21d207cd0ed): -83.5 dBm, SNR 23.5 dB, FSPL 123.5 dB, terrain 0.0 dB, 128.0 km, tx 5558 m / rx 9147 m MSL
2026-09-26 15:35:20.548 -04:00 [INF] [OpenFreqClient.Services.OpenFreqService] PTT start: Rain (48c829fa-694d-48c8-987a-a559eb15e8f5) on 339.750 MHz, 3D
2026-09-26 15:35:20.570 -04:00 [INF] [OpenFreq.Common.RtpJitterBuffer] Transmission gap detected (6112ms RTP delta), resetting jitter measurement
2026-09-26 15:35:20.615 -04:00 [INF] [OpenFreqClient.Services.OpenFreqService] RX 339.750 MHz from Rain (48c829fa-694d-48c8-987a-a559eb15e8f5): -75.1 dBm, SNR 31.9 dB, FSPL 115.1 dB, terrain 0.0 dB, 40.1 km, tx 9717 m / rx 9147 m MSL
2026-09-26 15:35:23.670 -04:00 [INF] [OpenFreqClient.Services.OpenFreqService] PTT end: Rain (48c829fa-694d-48c8-987a-a559eb15e8f5) on 339.750 MHz, released
2026-09-26 15:35:25.394 -04:00 [INF] [OpenFreqClient.Services.OpenFreqService] PTT end: Useless (2c7de423-e66c-4a70-a299-d21d207cd0ed) on 280.500 MHz, released
2026-09-26 15:35:28.426 -04:00 [INF] [OpenFreqClient.Services.OpenFreqService] PTT start: own radio on 339.750 MHz
2026-09-26 15:35:31.340 -04:00 [INF] [OpenFreqClient.Services.OpenFreqService] PTT end: own radio on 339.750 MHz
2026-09-26 15:35:31.350 -04:00 [INF] [OpenFreqClient.Services.OpenFreqService] TX level over 2920ms: mic peak 0.0 dBFS rms -12.6 dBFS | sent peak 0.0 dBFS rms -16.6 dBFS | normalizer on, gain 3.484, gate -90.4 dBFS
2026-09-26 15:35:31.722 -04:00 [INF] [OpenFreqClient.Services.OpenFreqService] PTT start: own radio on 339.750 MHz
2026-09-26 15:35:32.879 -04:00 [INF] [OpenFreqClient.Services.OpenFreqService] PTT end: own radio on 339.750 MHz
2026-09-26 15:35:32.882 -04:00 [INF] [OpenFreqClient.Services.OpenFreqService] TX level over 1150ms: mic peak -0.8 dBFS rms -22.0 dBFS | sent peak 0.0 dBFS rms -12.1 dBFS | normalizer on, gain 2.177, gate -71.8 dBFS
2026-09-26 15:35:33.736 -04:00 [INF] [OpenFreqClient.Services.OpenFreqService] PTT start: Polaris (86d6d8aa-64e3-4106-890a-252d3f93f28e) on 280.500 MHz, 3D
2026-09-26 15:35:33.752 -04:00 [INF] [OpenFreq.Common.RtpJitterBuffer] Transmission gap detected (23081ms RTP delta), resetting jitter measurement
2026-09-26 15:35:33.793 -04:00 [INF] [OpenFreqClient.Services.OpenFreqService] RX 280.500 MHz from Polaris (86d6d8aa-64e3-4106-890a-252d3f93f28e): -82.1 dBm, SNR 24.9 dB, FSPL 122.1 dB, terrain 0.0 dB, 107.9 km, tx 5594 m / rx 9147 m MSL
2026-09-26 15:35:36.363 -04:00 [INF] [OpenFreqClient.Services.OpenFreqService] PTT end: Polaris (86d6d8aa-64e3-4106-890a-252d3f93f28e) on 280.500 MHz, released
2026-09-26 15:35:41.673 -04:00 [INF] [OpenFreqClient.Services.OpenFreqService] PTT start: own radio on 339.750 MHz
2026-09-26 15:35:42.557 -04:00 [INF] [OpenFreqClient.Services.OpenFreqService] PTT start: Starlight (7ebf02fc-ba84-466f-850d-2eeffc48b655) on 339.750 MHz, 3D
2026-09-26 15:35:42.585 -04:00 [INF] [OpenFreq.Common.RtpJitterBuffer] Transmission gap detected (201329ms RTP delta), resetting jitter measurement
2026-09-26 15:35:42.942 -04:00 [INF] [OpenFreqClient.Services.OpenFreqService] PTT end: Starlight (7ebf02fc-ba84-466f-850d-2eeffc48b655) on 339.750 MHz, released
2026-09-26 15:35:47.606 -04:00 [INF] [OpenFreqClient.Services.OpenFreqService] PTT end: own radio on 339.750 MHz
2026-09-26 15:35:47.611 -04:00 [INF] [OpenFreqClient.Services.OpenFreqService] TX level over 5930ms: mic peak 0.0 dBFS rms -14.3 dBFS | sent peak 0.0 dBFS rms -16.0 dBFS | normalizer on, gain 2.383, gate -72.3 dBFS
2026-09-26 15:35:48.987 -04:00 [INF] [OpenFreqClient.Services.OpenFreqService] PTT start: Starlight (7ebf02fc-ba84-466f-850d-2eeffc48b655) on 339.750 MHz, 3D
2026-09-26 15:35:49.022 -04:00 [INF] [OpenFreq.Common.RtpJitterBuffer] Transmission gap detected (6071ms RTP delta), resetting jitter measurement
2026-09-26 15:35:49.318 -04:00 [INF] [OpenFreqClient.Services.OpenFreqService] RX 339.750 MHz from Starlight (7ebf02fc-ba84-466f-850d-2eeffc48b655): -71.5 dBm, SNR 35.5 dB, FSPL 111.5 dB, terrain 0.0 dB, 26.3 km, tx 10884 m / rx 9147 m MSL
2026-09-26 15:35:49.488 -04:00 [WRN] [OpenFreqAudio.RadioPlayback] Stream 7ebf02fc-ba84-466f-850d-2eeffc48b655:339750 on 339.750 MHz had no samples for 10.0 ms
2026-09-26 15:35:50.515 -04:00 [INF] [OpenFreqClient.Services.OpenFreqService] PTT end: Starlight (7ebf02fc-ba84-466f-850d-2eeffc48b655) on 339.750 MHz, released
2026-09-26 15:35:55.763 -04:00 [INF] [OpenFreqClient.Services.OpenFreqService] PTT start: own radio on 339.750 MHz
2026-09-26 15:36:00.463 -04:00 [INF] [OpenFreqClient.Services.OpenFreqService] PTT end: own radio on 339.750 MHz
2026-09-26 15:36:00.471 -04:00 [INF] [OpenFreqClient.Services.OpenFreqService] TX level over 4700ms: mic peak -0.0 dBFS rms -13.0 dBFS | sent peak 0.0 dBFS rms -17.3 dBFS | normalizer on, gain 1.903, gate -59.1 dBFS
2026-09-26 15:36:06.630 -04:00 [INF] [OpenFreqClient.Services.OpenFreqService] PTT start: own radio on 339.750 MHz
2026-09-26 15:36:08.224 -04:00 [INF] [OpenFreqClient.Services.OpenFreqService] PTT end: own radio on 339.750 MHz
2026-09-26 15:36:08.231 -04:00 [INF] [OpenFreqClient.Services.OpenFreqService] TX level over 1600ms: mic peak 0.0 dBFS rms -14.3 dBFS | sent peak 0.0 dBFS rms -12.2 dBFS | normalizer on, gain 2.827, gate -69.2 dBFS
2026-09-26 15:36:10.097 -04:00 [INF] [OpenFreqClient.Services.OpenFreqService] PTT start: Blue (f23a2329-cca9-4d8f-bdda-384ea4044d35) on 339.750 MHz, 3D
2026-09-26 15:36:10.112 -04:00 [INF] [OpenFreq.Common.RtpJitterBuffer] Transmission gap detected (50228ms RTP delta), resetting jitter measurement
2026-09-26 15:36:10.176 -04:00 [INF] [OpenFreqClient.Services.OpenFreqService] RX 339.750 MHz from Blue (f23a2329-cca9-4d8f-bdda-384ea4044d35): -86.0 dBm, SNR 21.0 dB, FSPL 126.0 dB, terrain 0.0 dB, 139.5 km, tx 8628 m / rx 9147 m MSL
2026-09-26 15:36:10.708 -04:00 [INF] [OpenFreqClient.Services.OpenFreqService] PTT end: Blue (f23a2329-cca9-4d8f-bdda-384ea4044d35) on 339.750 MHz, released
2026-09-26 15:36:13.597 -04:00 [INF] [OpenFreqClient.Services.OpenFreqService] PTT start: Starlight (7ebf02fc-ba84-466f-850d-2eeffc48b655) on 339.750 MHz, 3D
2026-09-26 15:36:13.611 -04:00 [INF] [OpenFreq.Common.RtpJitterBuffer] Transmission gap detected (23104ms RTP delta), resetting jitter measurement
2026-09-26 15:36:13.715 -04:00 [INF] [OpenFreqClient.Services.OpenFreqService] RX 339.750 MHz from Starlight (7ebf02fc-ba84-466f-850d-2eeffc48b655): -69.0 dBm, SNR 38.0 dB, FSPL 109.0 dB, terrain 0.0 dB, 19.8 km, tx 6685 m / rx 9147 m MSL
2026-09-26 15:36:15.147 -04:00 [INF] [OpenFreqClient.Services.OpenFreqService] PTT end: Starlight (7ebf02fc-ba84-466f-850d-2eeffc48b655) on 339.750 MHz, released
2026-09-26 15:36:15.524 -04:00 [INF] [OpenFreqClient.Services.OpenFreqService] PTT start: Starlight (7ebf02fc-ba84-466f-850d-2eeffc48b655) on 339.750 MHz, 3D
2026-09-26 15:36:15.776 -04:00 [INF] [OpenFreqClient.Services.OpenFreqService] PTT end: Starlight (7ebf02fc-ba84-466f-850d-2eeffc48b655) on 339.750 MHz, released
2026-09-26 15:36:18.778 -04:00 [INF] [OpenFreqAudio.RadioPlayback] Stream '48c829fa-694d-48c8-987a-a559eb15e8f5:339750' on 339.750 MHz
2026-09-26 15:36:33.120 -04:00 [INF] [OpenFreqClient.Services.OpenFreqService] PTT start: Gkenny (58f02e35-0d8e-4c46-aa74-dce098883fa8) on 339.750 MHz, 3D
2026-09-26 15:36:33.146 -04:00 [INF] [OpenFreq.Common.RtpJitterBuffer] Transmission gap detected (112470ms RTP delta), resetting jitter measurement
2026-09-26 15:36:33.175 -04:00 [INF] [OpenFreqClient.Services.OpenFreqService] RX 339.750 MHz from Gkenny (58f02e35-0d8e-4c46-aa74-dce098883fa8): -76.7 dBm, SNR 30.3 dB, FSPL 116.7 dB, terrain 0.0 dB, 48.0 km, tx 8333 m / rx 9147 m MSL
2026-09-26 15:36:33.915 -04:00 [INF] [OpenFreqAudio.RadioPlayback] Stream '9ee0b811-d7a3-4388-b330-5035e9bc334e:339750' on 339.750 MHz
2026-09-26 15:36:36.593 -04:00 [INF] [OpenFreq.Common.RtpJitterBuffer] Late arrival (59ms past slot) — buffer 47→136ms
2026-09-26 15:36:36.593 -04:00 [INF] [OpenFreqClient.Services.OpenFreqService] PTT end: Gkenny (58f02e35-0d8e-4c46-aa74-dce098883fa8) on 339.750 MHz, released
2026-09-26 15:36:44.769 -04:00 [INF] [OpenFreqClient.Services.OpenFreqService] PTT start: own radio on 339.750 MHz
2026-09-26 15:36:48.086 -04:00 [INF] [OpenFreqClient.Services.OpenFreqService] PTT end: own radio on 339.750 MHz
2026-09-26 15:36:48.093 -04:00 [INF] [OpenFreqClient.Services.OpenFreqService] TX level over 3320ms: mic peak -0.1 dBFS rms -14.3 dBFS | sent peak 0.0 dBFS rms -16.1 dBFS | normalizer on, gain 2.767, gate -64.5 dBFS
2026-09-26 15:36:49.327 -04:00 [INF] [OpenFreqClient.Services.OpenFreqService] PTT start: Starlight (7ebf02fc-ba84-466f-850d-2eeffc48b655) on 339.750 MHz, 3D
2026-09-26 15:36:49.339 -04:00 [INF] [OpenFreq.Common.RtpJitterBuffer] Transmission gap detected (33584ms RTP delta), resetting jitter measurement
2026-09-26 15:36:49.388 -04:00 [INF] [OpenFreqClient.Services.OpenFreqService] RX 339.750 MHz from Starlight (7ebf02fc-ba84-466f-850d-2eeffc48b655): -71.4 dBm, SNR 35.6 dB, FSPL 111.4 dB, terrain 0.0 dB, 26.1 km, tx 6558 m / rx 9147 m MSL
2026-09-26 15:36:51.418 -04:00 [INF] [OpenFreq.Common.RtpJitterBuffer] Late arrival (10ms past slot) — buffer 60→101ms
2026-09-26 15:36:52.085 -04:00 [INF] [OpenFreqClient.Services.OpenFreqService] PTT end: Starlight (7ebf02fc-ba84-466f-850d-2eeffc48b655) on 339.750 MHz, released
2026-09-26 15:36:52.532 -04:00 [INF] [OpenFreqClient.Services.OpenFreqService] PTT start: own radio on 339.750 MHz
2026-09-26 15:36:56.603 -04:00 [INF] [OpenFreqClient.Services.OpenFreqService] PTT end: own radio on 339.750 MHz
2026-09-26 15:36:56.603 -04:00 [INF] [OpenFreqClient.Services.OpenFreqService] TX level over 4070ms: mic peak 0.0 dBFS rms -13.5 dBFS | sent peak 0.0 dBFS rms -18.0 dBFS | normalizer on, gain 1.632, gate -57.7 dBFS
2026-09-26 15:36:56.852 -04:00 [INF] [OpenFreqAudio.RadioPlayback] Stream '9ee0b811-d7a3-4388-b330-5035e9bc334e:280500' on 280.500 MHz
2026-09-26 15:37:00.285 -04:00 [INF] [OpenFreq.Common.RtpJitterBuffer] Transmission gap detected (201072ms RTP delta), resetting jitter measurement
2026-09-26 15:37:00.285 -04:00 [INF] [OpenFreqClient.Services.OpenFreqService] PTT start: Razgriz (9ee0b811-d7a3-4388-b330-5035e9bc334e) on 280.500 MHz, 3D
2026-09-26 15:37:00.361 -04:00 [INF] [OpenFreqClient.Services.OpenFreqService] RX 280.500 MHz from Razgriz (9ee0b811-d7a3-4388-b330-5035e9bc334e): -80.7 dBm, SNR 26.3 dB, FSPL 120.7 dB, terrain 0.0 dB, 92.4 km, tx 5748 m / rx 9147 m MSL
2026-09-26 15:37:03.146 -04:00 [INF] [OpenFreqClient.Services.OpenFreqService] PTT end: Razgriz (9ee0b811-d7a3-4388-b330-5035e9bc334e) on 280.500 MHz, released
2026-09-26 15:37:04.540 -04:00 [INF] [OpenFreqClient.Services.OpenFreqService] PTT start: own radio on 280.500 MHz
2026-09-26 15:37:05.232 -04:00 [INF] [OpenFreqClient.Services.OpenFreqService] PTT end: own radio on 280.500 MHz
2026-09-26 15:37:05.234 -04:00 [INF] [OpenFreqClient.Services.OpenFreqService] TX level over 690ms: mic peak -0.2 dBFS rms -19.8 dBFS | sent peak 0.0 dBFS rms -14.8 dBFS | normalizer on, gain 0.857, gate -54.9 dBFS
2026-09-26 15:37:08.756 -04:00 [INF] [OpenFreqClient.Services.OpenFreqService] PTT start: Starlight (7ebf02fc-ba84-466f-850d-2eeffc48b655) on 339.750 MHz, 3D
2026-09-26 15:37:08.778 -04:00 [INF] [OpenFreq.Common.RtpJitterBuffer] Transmission gap detected (16697ms RTP delta), resetting jitter measurement
2026-09-26 15:37:08.845 -04:00 [INF] [OpenFreqClient.Services.OpenFreqService] RX 339.750 MHz from Starlight (7ebf02fc-ba84-466f-850d-2eeffc48b655): -71.5 dBm, SNR 35.5 dB, FSPL 111.5 dB, terrain 0.0 dB, 26.3 km, tx 7845 m / rx 9147 m MSL
2026-09-26 15:37:09.108 -04:00 [WRN] [OpenFreqAudio.RadioPlayback] Stream 7ebf02fc-ba84-466f-850d-2eeffc48b655:339750 on 339.750 MHz had no samples for 5.6 ms
2026-09-26 15:37:11.139 -04:00 [INF] [OpenFreqClient.Services.OpenFreqService] PTT end: Starlight (7ebf02fc-ba84-466f-850d-2eeffc48b655) on 339.750 MHz, released
2026-09-26 15:37:12.066 -04:00 [INF] [OpenFreqClient.Services.OpenFreqService] PTT start: Starlight (7ebf02fc-ba84-466f-850d-2eeffc48b655) on 339.750 MHz, 3D
2026-09-26 15:37:12.082 -04:00 [INF] [OpenFreq.Common.RtpJitterBuffer] Transmission gap detected (941ms RTP delta), resetting jitter measurement
2026-09-26 15:37:12.121 -04:00 [INF] [OpenFreqClient.Services.OpenFreqService] RX 339.750 MHz from Starlight (7ebf02fc-ba84-466f-850d-2eeffc48b655): -71.4 dBm, SNR 35.6 dB, FSPL 111.4 dB, terrain 0.0 dB, 26.0 km, tx 8359 m / rx 9147 m MSL
2026-09-26 15:37:12.289 -04:00 [INF] [OpenFreq.Common.RtpJitterBuffer] Late arrival (8ms past slot) — buffer 56→93ms
2026-09-26 15:37:12.895 -04:00 [INF] [OpenFreqClient.Services.OpenFreqService] PTT end: Starlight (7ebf02fc-ba84-466f-850d-2eeffc48b655) on 339.750 MHz, released
2026-09-26 15:37:14.212 -04:00 [INF] [OpenFreqClient.Services.OpenFreqService] PTT start: Wild (982e2bb0-182d-4217-bce2-d56d6e7b2782) on 339.750 MHz, 3D
2026-09-26 15:37:14.230 -04:00 [INF] [OpenFreq.Common.RtpJitterBuffer] Transmission gap detected (128856ms RTP delta), resetting jitter measurement
2026-09-26 15:37:14.276 -04:00 [INF] [OpenFreqClient.Services.OpenFreqService] RX 339.750 MHz from Wild (982e2bb0-182d-4217-bce2-d56d6e7b2782): -85.4 dBm, SNR 21.6 dB, FSPL 125.4 dB, terrain 0.0 dB, 130.4 km, tx 9488 m / rx 9147 m MSL
2026-09-26 15:37:16.753 -04:00 [INF] [OpenFreqClient.Services.OpenFreqService] PTT end: Wild (982e2bb0-182d-4217-bce2-d56d6e7b2782) on 339.750 MHz, released
2026-09-26 15:37:22.450 -04:00 [INF] [OpenFreqClient.Services.OpenFreqService] PTT start: own radio on 280.500 MHz
2026-09-26 15:37:26.476 -04:00 [INF] [OpenFreqClient.Services.OpenFreqService] PTT end: own radio on 280.500 MHz
2026-09-26 15:37:26.483 -04:00 [INF] [OpenFreqClient.Services.OpenFreqService] TX level over 4030ms: mic peak 0.0 dBFS rms -13.2 dBFS | sent peak 0.0 dBFS rms -17.2 dBFS | normalizer on, gain 1.874, gate -58.7 dBFS
2026-09-26 15:37:28.643 -04:00 [INF] [OpenFreqClient.Services.OpenFreqService] PTT start: Gkenny (58f02e35-0d8e-4c46-aa74-dce098883fa8) on 339.750 MHz, 3D
2026-09-26 15:37:28.660 -04:00 [INF] [OpenFreq.Common.RtpJitterBuffer] Transmission gap detected (52105ms RTP delta), resetting jitter measurement
2026-09-26 15:37:28.661 -04:00 [INF] [OpenFreq.Common.RtpJitterBufferPool] Pruned stale source SSRC=365CD622
2026-09-26 15:37:28.661 -04:00 [INF] [OpenFreq.Common.RtpAudioReceiver] Source expired: SSRC=365CD622
2026-09-26 15:37:28.784 -04:00 [INF] [OpenFreqClient.Services.OpenFreqService] RX 339.750 MHz from Gkenny (58f02e35-0d8e-4c46-aa74-dce098883fa8): -73.6 dBm, SNR 33.4 dB, FSPL 113.6 dB, terrain 0.0 dB, 33.8 km, tx 7940 m / rx 9147 m MSL
2026-09-26 15:37:29.420 -04:00 [INF] [OpenFreqClient.Services.OpenFreqService] PTT end: Gkenny (58f02e35-0d8e-4c46-aa74-dce098883fa8) on 339.750 MHz, released
2026-09-26 15:37:30.465 -04:00 [INF] [OpenFreqClient.Services.OpenFreqService] PTT start: Razgriz (9ee0b811-d7a3-4388-b330-5035e9bc334e) on 280.500 MHz, 3D
2026-09-26 15:37:30.480 -04:00 [INF] [OpenFreq.Common.RtpJitterBuffer] Transmission gap detected (27338ms RTP delta), resetting jitter measurement
2026-09-26 15:37:30.520 -04:00 [INF] [OpenFreqClient.Services.OpenFreqService] RX 280.500 MHz from Razgriz (9ee0b811-d7a3-4388-b330-5035e9bc334e): -80.4 dBm, SNR 26.6 dB, FSPL 120.4 dB, terrain 0.0 dB, 88.6 km, tx 5557 m / rx 9147 m MSL
2026-09-26 15:37:31.102 -04:00 [INF] [OpenFreqClient.Services.OpenFreqService] PTT end: Razgriz (9ee0b811-d7a3-4388-b330-5035e9bc334e) on 280.500 MHz, released
2026-09-26 15:37:32.972 -04:00 [INF] [OpenFreqClient.Services.OpenFreqService] PTT start: Krieger (c231414f-6549-4b18-9f0e-ef37b3ff8b2a) on 280.500 MHz, 3D
2026-09-26 15:37:32.987 -04:00 [INF] [OpenFreq.Common.RtpJitterBuffer] Transmission gap detected (161944ms RTP delta), resetting jitter measurement
2026-09-26 15:37:33.036 -04:00 [INF] [OpenFreqClient.Services.OpenFreqService] RX 280.500 MHz from Krieger (c231414f-6549-4b18-9f0e-ef37b3ff8b2a): -80.0 dBm, SNR 27.0 dB, FSPL 120.0 dB, terrain 0.0 dB, 85.2 km, tx 6829 m / rx 9147 m MSL
2026-09-26 15:37:33.882 -04:00 [INF] [OpenFreqClient.Services.OpenFreqService] PTT end: Krieger (c231414f-6549-4b18-9f0e-ef37b3ff8b2a) on 280.500 MHz, released
2026-09-26 15:37:36.842 -04:00 [INF] [OpenFreqClient.Services.OpenFreqService] PTT start: own radio on 280.500 MHz
2026-09-26 15:37:41.531 -04:00 [INF] [OpenFreqClient.Services.OpenFreqService] PTT end: own radio on 280.500 MHz
2026-09-26 15:37:41.535 -04:00 [INF] [OpenFreqClient.Services.OpenFreqService] TX level over 4690ms: mic peak 0.0 dBFS rms -15.3 dBFS | sent peak 0.0 dBFS rms -19.8 dBFS | normalizer on, gain 1.211, gate -39.9 dBFS
2026-09-26 15:37:47.460 -04:00 [INF] [OpenFreqClient.Services.OpenFreqService] PTT start: own radio on 339.750 MHz
2026-09-26 15:37:49.747 -04:00 [INF] [OpenFreqClient.Services.OpenFreqService] PTT start: Falcon (58355e30-5857-4e01-882f-86b5f2200072) on 280.500 MHz, 3D
2026-09-26 15:37:49.756 -04:00 [INF] [OpenFreq.Common.RtpJitterBuffer] Transmission gap detected (167796ms RTP delta), resetting jitter measurement
2026-09-26 15:37:49.808 -04:00 [INF] [OpenFreqClient.Services.OpenFreqService] RX 280.500 MHz from Falcon (58355e30-5857-4e01-882f-86b5f2200072): -85.2 dBm, SNR 21.8 dB, FSPL 125.2 dB, terrain 0.0 dB, 154.8 km, tx 7295 m / rx 9147 m MSL
2026-09-26 15:37:50.544 -04:00 [INF] [OpenFreqClient.Services.OpenFreqService] PTT end: own radio on 339.750 MHz
2026-09-26 15:37:50.555 -04:00 [INF] [OpenFreqClient.Services.OpenFreqService] TX level over 3090ms: mic peak -0.1 dBFS rms -13.5 dBFS | sent peak 0.0 dBFS rms -15.6 dBFS | normalizer on, gain 0.418, gate -54.8 dBFS
2026-09-26 15:37:50.765 -04:00 [INF] [OpenFreqClient.Services.OpenFreqService] PTT end: Falcon (58355e30-5857-4e01-882f-86b5f2200072) on 280.500 MHz, released
2026-09-26 15:37:51.736 -04:00 [INF] [OpenFreqClient.Services.OpenFreqService] PTT start: Starlight (7ebf02fc-ba84-466f-850d-2eeffc48b655) on 339.750 MHz, 3D
2026-09-26 15:37:51.750 -04:00 [INF] [OpenFreq.Common.RtpJitterBuffer] Transmission gap detected (38858ms RTP delta), resetting jitter measurement
2026-09-26 15:37:51.819 -04:00 [INF] [OpenFreqClient.Services.OpenFreqService] RX 339.750 MHz from Starlight (7ebf02fc-ba84-466f-850d-2eeffc48b655): -70.3 dBm, SNR 36.7 dB, FSPL 110.3 dB, terrain 0.0 dB, 22.9 km, tx 6251 m / rx 9147 m MSL
2026-09-26 15:37:54.422 -04:00 [INF] [OpenFreqClient.Services.OpenFreqService] PTT end: Starlight (7ebf02fc-ba84-466f-850d-2eeffc48b655) on 339.750 MHz, released
2026-09-26 15:37:54.963 -04:00 [INF] [OpenFreqClient.Services.OpenFreqService] PTT start: own radio on 339.750 MHz
2026-09-26 15:37:56.029 -04:00 [INF] [OpenFreqClient.Services.OpenFreqService] PTT end: own radio on 339.750 MHz
2026-09-26 15:37:56.035 -04:00 [INF] [OpenFreqClient.Services.OpenFreqService] TX level over 1060ms: mic peak -0.1 dBFS rms -16.2 dBFS | sent peak 0.0 dBFS rms -12.4 dBFS | normalizer on, gain 0.527, gate -63.8 dBFS
2026-09-26 15:37:56.387 -04:00 [INF] [OpenFreqClient.Services.OpenFreqService] PTT start: own radio on 280.500 MHz
2026-09-26 15:37:58.982 -04:00 [INF] [OpenFreqClient.Services.OpenFreqService] PTT end: own radio on 280.500 MHz
2026-09-26 15:37:58.985 -04:00 [INF] [OpenFreqClient.Services.OpenFreqService] TX level over 2590ms: mic peak -0.0 dBFS rms -13.6 dBFS | sent peak 0.0 dBFS rms -19.2 dBFS | normalizer on, gain 2.624, gate -44.5 dBFS
2026-09-26 15:38:06.278 -04:00 [INF] [OpenFreqClient.Services.OpenFreqService] PTT start: Alligator (f39dd749-39ff-4df4-bec7-f23cc154d1a8) on 280.500 MHz, 3D
2026-09-26 15:38:06.293 -04:00 [INF] [OpenFreq.Common.RtpJitterBuffer] Transmission gap detected (221999ms RTP delta), resetting jitter measurement
2026-09-26 15:38:06.342 -04:00 [INF] [OpenFreqClient.Services.OpenFreqService] RX 280.500 MHz from Alligator (f39dd749-39ff-4df4-bec7-f23cc154d1a8): -82.8 dBm, SNR 24.2 dB, FSPL 122.8 dB, terrain 0.0 dB, 117.7 km, tx 6283 m / rx 9147 m MSL
2026-09-26 15:38:06.393 -04:00 [WRN] [OpenFreqAudio.RadioPlayback] Stream f39dd749-39ff-4df4-bec7-f23cc154d1a8:280500 on 280.500 MHz had no samples for 9.7 ms
2026-09-26 15:38:07.301 -04:00 [INF] [OpenFreqClient.Services.OpenFreqService] PTT end: Alligator (f39dd749-39ff-4df4-bec7-f23cc154d1a8) on 280.500 MHz, released
2026-09-26 15:38:08.464 -04:00 [INF] [OpenFreqClient.Services.OpenFreqService] PTT start: Blue (f23a2329-cca9-4d8f-bdda-384ea4044d35) on 339.750 MHz, 3D
2026-09-26 15:38:08.468 -04:00 [INF] [OpenFreq.Common.RtpJitterBuffer] Transmission gap detected (117773ms RTP delta), resetting jitter measurement
2026-09-26 15:38:08.515 -04:00 [INF] [OpenFreqClient.Services.OpenFreqService] RX 339.750 MHz from Blue (f23a2329-cca9-4d8f-bdda-384ea4044d35): -86.4 dBm, SNR 20.6 dB, FSPL 126.4 dB, terrain 0.0 dB, 147.5 km, tx 7201 m / rx 9147 m MSL
2026-09-26 15:38:10.192 -04:00 [INF] [OpenFreqClient.Services.OpenFreqService] PTT end: Blue (f23a2329-cca9-4d8f-bdda-384ea4044d35) on 339.750 MHz, released
2026-09-26 15:38:12.628 -04:00 [INF] [OpenFreqClient.Services.OpenFreqService] PTT start: own radio on 339.750 MHz
2026-09-26 15:38:16.366 -04:00 [INF] [OpenFreqClient.Services.OpenFreqService] PTT end: own radio on 339.750 MHz
2026-09-26 15:38:16.375 -04:00 [INF] [OpenFreqClient.Services.OpenFreqService] TX level over 3740ms: mic peak -0.0 dBFS rms -12.9 dBFS | sent peak 0.0 dBFS rms -16.7 dBFS | normalizer on, gain 0.731, gate -62.5 dBFS
2026-09-26 15:38:18.743 -04:00 [INF] [OpenFreqClient.Services.OpenFreqService] PTT start: Starlight (7ebf02fc-ba84-466f-850d-2eeffc48b655) on 339.750 MHz, 3D
2026-09-26 15:38:18.761 -04:00 [INF] [OpenFreq.Common.RtpJitterBuffer] Transmission gap detected (24367ms RTP delta), resetting jitter measurement
2026-09-26 15:38:18.794 -04:00 [INF] [OpenFreqClient.Services.OpenFreqService] RX 339.750 MHz from Starlight (7ebf02fc-ba84-466f-850d-2eeffc48b655): -72.7 dBm, SNR 34.3 dB, FSPL 112.7 dB, terrain 0.0 dB, 30.3 km, tx 7853 m / rx 9147 m MSL
2026-09-26 15:38:19.368 -04:00 [INF] [OpenFreqClient.Services.OpenFreqService] PTT end: Starlight (7ebf02fc-ba84-466f-850d-2eeffc48b655) on 339.750 MHz, released
2026-09-26 15:38:20.105 -04:00 [INF] [OpenFreqClient.Services.OpenFreqService] PTT start: own radio on 339.750 MHz
2026-09-26 15:38:34.455 -04:00 [INF] [OpenFreqClient.Services.OpenFreqService] PTT end: own radio on 339.750 MHz
2026-09-26 15:38:34.456 -04:00 [INF] [OpenFreqClient.Services.OpenFreqService] TX level over 14340ms: mic peak -0.0 dBFS rms -14.9 dBFS | sent peak 0.0 dBFS rms -16.8 dBFS | normalizer on, gain 1.365, gate -62.1 dBFS
2026-09-26 15:38:47.647 -04:00 [INF] [OpenFreqAudio.RadioPlayback] Stream '5e841c93-5c2d-428f-8c09-f352e3f61f18:339750' on 339.750 MHz
2026-09-26 15:38:50.039 -04:00 [INF] [OpenFreqClient.Services.OpenFreqService] PTT start: own radio on 339.750 MHz
2026-09-26 15:38:50.252 -04:00 [INF] [OpenFreqClient.Services.OpenFreqService] PTT start: Starlight (7ebf02fc-ba84-466f-850d-2eeffc48b655) on 339.750 MHz, 3D
2026-09-26 15:38:50.291 -04:00 [INF] [OpenFreq.Common.RtpJitterBuffer] Transmission gap detected (30907ms RTP delta), resetting jitter measurement
2026-09-26 15:38:52.925 -04:00 [INF] [OpenFreq.Common.RtpJitterBuffer] Late arrival (12ms past slot) — buffer 55→97ms
2026-09-26 15:38:53.105 -04:00 [INF] [OpenFreqClient.Services.OpenFreqService] PTT end: Starlight (7ebf02fc-ba84-466f-850d-2eeffc48b655) on 339.750 MHz, released
2026-09-26 15:38:55.663 -04:00 [INF] [OpenFreqClient.Services.OpenFreqService] PTT end: own radio on 339.750 MHz
2026-09-26 15:38:55.666 -04:00 [INF] [OpenFreqClient.Services.OpenFreqService] TX level over 5620ms: mic peak -0.1 dBFS rms -14.9 dBFS | sent peak 0.0 dBFS rms -18.5 dBFS | normalizer on, gain 1.848, gate -51.8 dBFS
2026-09-26 15:39:02.053 -04:00 [INF] [OpenFreqClient.Services.OpenFreqService] PTT start: own radio on 339.750 MHz
2026-09-26 15:39:06.897 -04:00 [INF] [OpenFreqClient.Services.OpenFreqService] PTT end: own radio on 339.750 MHz
2026-09-26 15:39:06.906 -04:00 [INF] [OpenFreqClient.Services.OpenFreqService] TX level over 4850ms: mic peak -0.1 dBFS rms -16.2 dBFS | sent peak 0.0 dBFS rms -14.4 dBFS | normalizer on, gain 3.154, gate -79.0 dBFS
2026-09-26 15:39:13.341 -04:00 [INF] [OpenFreqClient.Services.OpenFreqService] PTT start: Starlight (7ebf02fc-ba84-466f-850d-2eeffc48b655) on 339.750 MHz, 3D
2026-09-26 15:39:13.362 -04:00 [INF] [OpenFreq.Common.RtpJitterBuffer] Transmission gap detected (20308ms RTP delta), resetting jitter measurement
2026-09-26 15:39:13.362 -04:00 [INF] [OpenFreq.Common.RtpJitterBufferPool] Pruned stale source SSRC=11658BD9
2026-09-26 15:39:13.362 -04:00 [INF] [OpenFreq.Common.RtpAudioReceiver] Source expired: SSRC=11658BD9
2026-09-26 15:39:13.439 -04:00 [INF] [OpenFreqClient.Services.OpenFreqService] RX 339.750 MHz from Starlight (7ebf02fc-ba84-466f-850d-2eeffc48b655): -73.0 dBm, SNR 34.0 dB, FSPL 113.0 dB, terrain 0.0 dB, 31.5 km, tx 10615 m / rx 9147 m MSL
2026-09-26 15:39:15.179 -04:00 [INF] [OpenFreq.Common.RtpJitterBuffer] Late arrival (20ms past slot) — buffer 92→143ms
2026-09-26 15:39:16.562 -04:00 [INF] [OpenFreqClient.Services.OpenFreqService] PTT end: Starlight (7ebf02fc-ba84-466f-850d-2eeffc48b655) on 339.750 MHz, released
2026-09-26 15:39:18.668 -04:00 [INF] [OpenFreqClient.Services.OpenFreqService] PTT start: Gkenny (58f02e35-0d8e-4c46-aa74-dce098883fa8) on 339.750 MHz, 3D
2026-09-26 15:39:18.676 -04:00 [INF] [OpenFreq.Common.RtpJitterBuffer] Transmission gap detected (109267ms RTP delta), resetting jitter measurement
2026-09-26 15:39:18.786 -04:00 [INF] [OpenFreqClient.Services.OpenFreqService] RX 339.750 MHz from Gkenny (58f02e35-0d8e-4c46-aa74-dce098883fa8): -77.3 dBm, SNR 29.7 dB, FSPL 117.3 dB, terrain 0.0 dB, 51.6 km, tx 7344 m / rx 9147 m MSL
2026-09-26 15:39:21.564 -04:00 [INF] [OpenFreqClient.Services.OpenFreqService] PTT end: Gkenny (58f02e35-0d8e-4c46-aa74-dce098883fa8) on 339.750 MHz, released
2026-09-26 15:39:23.990 -04:00 [INF] [OpenFreqClient.Services.OpenFreqService] PTT start: own radio on 280.500 MHz
2026-09-26 15:39:26.690 -04:00 [INF] [OpenFreqClient.Services.OpenFreqService] PTT end: own radio on 280.500 MHz
2026-09-26 15:39:26.697 -04:00 [INF] [OpenFreqClient.Services.OpenFreqService] TX level over 2700ms: mic peak -0.1 dBFS rms -16.5 dBFS | sent peak 0.0 dBFS rms -15.9 dBFS | normalizer on, gain 1.634, gate -59.6 dBFS
2026-09-26 15:39:28.751 -04:00 [INF] [OpenFreq.Common.RtpJitterBuffer] Transmission gap detected (97992ms RTP delta), resetting jitter measurement
2026-09-26 15:39:28.751 -04:00 [INF] [OpenFreqClient.Services.OpenFreqService] PTT start: Falcon (58355e30-5857-4e01-882f-86b5f2200072) on 280.500 MHz, 3D
2026-09-26 15:39:28.794 -04:00 [INF] [OpenFreqClient.Services.OpenFreqService] RX 280.500 MHz from Falcon (58355e30-5857-4e01-882f-86b5f2200072): -83.5 dBm, SNR 23.5 dB, FSPL 123.5 dB, terrain 0.0 dB, 127.6 km, tx 7217 m / rx 9147 m MSL
2026-09-26 15:39:30.838 -04:00 [INF] [OpenFreqClient.Services.OpenFreqService] PTT end: Falcon (58355e30-5857-4e01-882f-86b5f2200072) on 280.500 MHz, released
2026-09-26 15:39:31.277 -04:00 [INF] [OpenFreqClient.Services.OpenFreqService] PTT start: own radio on 280.500 MHz
2026-09-26 15:39:35.913 -04:00 [INF] [OpenFreqAudio.RadioPlayback] Stream '5e841c93-5c2d-428f-8c09-f352e3f61f18:243000' on 243.000 MHz
2026-09-26 15:39:36.733 -04:00 [INF] [OpenFreqClient.Services.OpenFreqService] PTT end: own radio on 280.500 MHz
2026-09-26 15:39:36.736 -04:00 [INF] [OpenFreqClient.Services.OpenFreqService] TX level over 5450ms: mic peak 0.0 dBFS rms -12.4 dBFS | sent peak 0.0 dBFS rms -16.1 dBFS | normalizer on, gain 0.481, gate -57.4 dBFS
2026-09-26 15:39:36.880 -04:00 [INF] [OpenFreqClient.Services.OpenFreqService] PTT start: own radio on 280.500 MHz
2026-09-26 15:39:36.922 -04:00 [INF] [OpenFreqClient.Services.OpenFreqService] PTT end: own radio on 280.500 MHz
2026-09-26 15:39:36.926 -04:00 [INF] [OpenFreqClient.Services.OpenFreqService] TX level over 40ms: mic peak -46.6 dBFS rms -60.5 dBFS | sent peak -52.1 dBFS rms -66.0 dBFS | normalizer on, gain 0.563, gate -38.8 dBFS
2026-09-26 15:39:47.486 -04:00 [INF] [OpenFreqClient.Services.OpenFreqService] PTT start: Razgriz (9ee0b811-d7a3-4388-b330-5035e9bc334e) on 280.500 MHz, 3D
2026-09-26 15:39:47.499 -04:00 [INF] [OpenFreq.Common.RtpJitterBuffer] Transmission gap detected (136404ms RTP delta), resetting jitter measurement
2026-09-26 15:39:47.542 -04:00 [INF] [OpenFreqClient.Services.OpenFreqService] RX 280.500 MHz from Razgriz (9ee0b811-d7a3-4388-b330-5035e9bc334e): -77.1 dBm, SNR 29.9 dB, FSPL 117.1 dB, terrain 0.0 dB, 61.1 km, tx 5930 m / rx 9147 m MSL
2026-09-26 15:39:47.677 -04:00 [WRN] [OpenFreqAudio.RadioPlayback] Stream 9ee0b811-d7a3-4388-b330-5035e9bc334e:280500 on 280.500 MHz had no samples for 5.4 ms
2026-09-26 15:39:48.925 -04:00 [INF] [OpenFreqClient.Services.OpenFreqService] PTT end: Razgriz (9ee0b811-d7a3-4388-b330-5035e9bc334e) on 280.500 MHz, released
2026-09-26 15:39:49.838 -04:00 [INF] [OpenFreqClient.Services.OpenFreqService] PTT start: Razgriz (9ee0b811-d7a3-4388-b330-5035e9bc334e) on 280.500 MHz, 3D
2026-09-26 15:39:49.850 -04:00 [INF] [OpenFreq.Common.RtpJitterBuffer] Transmission gap detected (932ms RTP delta), resetting jitter measurement
2026-09-26 15:39:49.897 -04:00 [INF] [OpenFreqClient.Services.OpenFreqService] RX 280.500 MHz from Razgriz (9ee0b811-d7a3-4388-b330-5035e9bc334e): -77.1 dBm, SNR 29.9 dB, FSPL 117.1 dB, terrain 0.0 dB, 60.7 km, tx 5941 m / rx 9147 m MSL
2026-09-26 15:39:51.181 -04:00 [INF] [OpenFreqClient.Services.OpenFreqService] PTT end: Razgriz (9ee0b811-d7a3-4388-b330-5035e9bc334e) on 280.500 MHz, released
2026-09-26 15:39:52.155 -04:00 [INF] [OpenFreqClient.Services.OpenFreqService] PTT start: own radio on 339.750 MHz
2026-09-26 15:39:56.786 -04:00 [INF] [OpenFreqClient.Services.OpenFreqService] PTT end: own radio on 339.750 MHz
2026-09-26 15:39:56.788 -04:00 [INF] [OpenFreqClient.Services.OpenFreqService] TX level over 4630ms: mic peak 0.0 dBFS rms -13.9 dBFS | sent peak 0.0 dBFS rms -18.8 dBFS | normalizer on, gain 3.774, gate -53.9 dBFS
2026-09-26 15:40:04.445 -04:00 [INF] [OpenFreqClient.Services.OpenFreqService] PTT start: own radio on 339.750 MHz
2026-09-26 15:40:09.502 -04:00 [INF] [OpenFreqClient.Services.OpenFreqService] PTT end: own radio on 339.750 MHz
2026-09-26 15:40:09.508 -04:00 [INF] [OpenFreqClient.Services.OpenFreqService] TX level over 5060ms: mic peak 0.0 dBFS rms -14.0 dBFS | sent peak 0.0 dBFS rms -15.9 dBFS | normalizer on, gain 2.494, gate -63.7 dBFS
2026-09-26 15:40:11.253 -04:00 [INF] [OpenFreqClient.Services.OpenFreqService] PTT start: Blue (f23a2329-cca9-4d8f-bdda-384ea4044d35) on 339.750 MHz, 3D
2026-09-26 15:40:11.271 -04:00 [INF] [OpenFreq.Common.RtpJitterBuffer] Transmission gap detected (121085ms RTP delta), resetting jitter measurement
2026-09-26 15:40:11.313 -04:00 [INF] [OpenFreqClient.Services.OpenFreqService] RX 339.750 MHz from Blue (f23a2329-cca9-4d8f-bdda-384ea4044d35): -87.1 dBm, SNR 19.9 dB, FSPL 127.1 dB, terrain 0.0 dB, 158.9 km, tx 9925 m / rx 9147 m MSL
2026-09-26 15:40:11.529 -04:00 [INF] [OpenFreqClient.Services.OpenFreqService] PTT end: Blue (f23a2329-cca9-4d8f-bdda-384ea4044d35) on 339.750 MHz, released
2026-09-26 15:40:12.551 -04:00 [INF] [OpenFreqClient.Services.OpenFreqService] PTT start: Blue (f23a2329-cca9-4d8f-bdda-384ea4044d35) on 339.750 MHz, 3D
2026-09-26 15:40:12.561 -04:00 [INF] [OpenFreq.Common.RtpJitterBuffer] Transmission gap detected (1056ms RTP delta), resetting jitter measurement
2026-09-26 15:40:12.608 -04:00 [INF] [OpenFreqClient.Services.OpenFreqService] RX 339.750 MHz from Blue (f23a2329-cca9-4d8f-bdda-384ea4044d35): -87.1 dBm, SNR 19.9 dB, FSPL 127.1 dB, terrain 0.0 dB, 158.7 km, tx 10041 m / rx 9147 m MSL
2026-09-26 15:40:13.139 -04:00 [INF] [OpenFreqClient.Services.OpenFreqService] PTT start: Starlight (7ebf02fc-ba84-466f-850d-2eeffc48b655) on 339.750 MHz, 3D
2026-09-26 15:40:13.154 -04:00 [INF] [OpenFreq.Common.RtpJitterBuffer] Transmission gap detected (56616ms RTP delta), resetting jitter measurement
2026-09-26 15:40:13.230 -04:00 [INF] [OpenFreqClient.Services.OpenFreqService] RX 339.750 MHz from Starlight (7ebf02fc-ba84-466f-850d-2eeffc48b655): -73.6 dBm, SNR 33.4 dB, FSPL 113.6 dB, terrain 0.0 dB, 33.7 km, tx 6918 m / rx 9147 m MSL
2026-09-26 15:40:15.880 -04:00 [INF] [OpenFreqClient.Services.OpenFreqService] PTT end: Starlight (7ebf02fc-ba84-466f-850d-2eeffc48b655) on 339.750 MHz, released
2026-09-26 15:40:16.918 -04:00 [INF] [OpenFreqClient.Services.OpenFreqService] PTT end: Blue (f23a2329-cca9-4d8f-bdda-384ea4044d35) on 339.750 MHz, released
2026-09-26 15:40:17.912 -04:00 [INF] [OpenFreqClient.Services.OpenFreqService] PTT start: own radio on 339.750 MHz
2026-09-26 15:40:23.574 -04:00 [INF] [OpenFreqClient.Services.OpenFreqService] PTT end: own radio on 339.750 MHz
2026-09-26 15:40:23.578 -04:00 [INF] [OpenFreqClient.Services.OpenFreqService] TX level over 5660ms: mic peak 0.0 dBFS rms -12.2 dBFS | sent peak 0.0 dBFS rms -16.4 dBFS | normalizer on, gain 0.593, gate -62.2 dBFS
2026-09-26 15:40:24.652 -04:00 [INF] [OpenFreqClient.Services.OpenFreqService] PTT start: Starlight (7ebf02fc-ba84-466f-850d-2eeffc48b655) on 339.750 MHz, 3D
2026-09-26 15:40:24.705 -04:00 [INF] [OpenFreq.Common.RtpJitterBuffer] Transmission gap detected (8784ms RTP delta), resetting jitter measurement
2026-09-26 15:40:24.705 -04:00 [INF] [OpenFreq.Common.RtpJitterBufferPool] Pruned stale source SSRC=056D8B17
2026-09-26 15:40:24.705 -04:00 [INF] [OpenFreq.Common.RtpAudioReceiver] Source expired: SSRC=056D8B17
2026-09-26 15:40:24.712 -04:00 [INF] [OpenFreqClient.Services.OpenFreqService] RX 339.750 MHz from Starlight (7ebf02fc-ba84-466f-850d-2eeffc48b655): -73.9 dBm, SNR 33.1 dB, FSPL 113.9 dB, terrain 0.0 dB, 34.8 km, tx 7272 m / rx 9147 m MSL
2026-09-26 15:40:24.964 -04:00 [WRN] [OpenFreqAudio.RadioPlayback] Stream 7ebf02fc-ba84-466f-850d-2eeffc48b655:339750 on 339.750 MHz had no samples for 10.0 ms
2026-09-26 15:40:24.982 -04:00 [INF] [OpenFreqClient.Services.OpenFreqService] PTT end: Starlight (7ebf02fc-ba84-466f-850d-2eeffc48b655) on 339.750 MHz, released
2026-09-26 15:40:25.321 -04:00 [INF] [OpenFreqClient.Services.OpenFreqService] PTT start: Blue (f23a2329-cca9-4d8f-bdda-384ea4044d35) on 339.750 MHz, 3D
2026-09-26 15:40:25.332 -04:00 [INF] [OpenFreq.Common.RtpJitterBuffer] Transmission gap detected (8428ms RTP delta), resetting jitter measurement
2026-09-26 15:40:25.369 -04:00 [INF] [OpenFreqClient.Services.OpenFreqService] RX 339.750 MHz from Blue (f23a2329-cca9-4d8f-bdda-384ea4044d35): -87.0 dBm, SNR 20.0 dB, FSPL 127.0 dB, terrain 0.0 dB, 156.9 km, tx 11010 m / rx 9147 m MSL
2026-09-26 15:40:25.388 -04:00 [INF] [OpenFreq.Common.RtpJitterBufferPool] Pruned stale source SSRC=5FC1A72A
2026-09-26 15:40:25.388 -04:00 [INF] [OpenFreq.Common.RtpAudioReceiver] Source expired: SSRC=5FC1A72A
2026-09-26 15:40:25.653 -04:00 [INF] [OpenFreqClient.Services.OpenFreqService] PTT end: Blue (f23a2329-cca9-4d8f-bdda-384ea4044d35) on 339.750 MHz, released
2026-09-26 15:40:26.715 -04:00 [INF] [OpenFreqClient.Services.OpenFreqService] PTT start: Blue (f23a2329-cca9-4d8f-bdda-384ea4044d35) on 339.750 MHz, 3D
2026-09-26 15:40:26.728 -04:00 [INF] [OpenFreq.Common.RtpJitterBuffer] Transmission gap detected (1073ms RTP delta), resetting jitter measurement
2026-09-26 15:40:26.764 -04:00 [INF] [OpenFreqClient.Services.OpenFreqService] RX 339.750 MHz from Blue (f23a2329-cca9-4d8f-bdda-384ea4044d35): -87.0 dBm, SNR 20.0 dB, FSPL 127.0 dB, terrain 0.0 dB, 156.7 km, tx 11080 m / rx 9147 m MSL
2026-09-26 15:40:31.799 -04:00 [INF] [OpenFreqClient.Services.OpenFreqService] PTT end: Blue (f23a2329-cca9-4d8f-bdda-384ea4044d35) on 339.750 MHz, released
2026-09-26 15:40:41.359 -04:00 [INF] [OpenFreqClient.Services.OpenFreqService] PTT start: Razgriz (9ee0b811-d7a3-4388-b330-5035e9bc334e) on 280.500 MHz, 3D
2026-09-26 15:40:41.387 -04:00 [INF] [OpenFreq.Common.RtpJitterBuffer] Transmission gap detected (50200ms RTP delta), resetting jitter measurement
2026-09-26 15:40:41.387 -04:00 [INF] [OpenFreq.Common.RtpJitterBufferPool] Pruned stale source SSRC=6685BCEA
2026-09-26 15:40:41.387 -04:00 [INF] [OpenFreq.Common.RtpAudioReceiver] Source expired: SSRC=6685BCEA
2026-09-26 15:40:41.414 -04:00 [INF] [OpenFreqClient.Services.OpenFreqService] RX 280.500 MHz from Razgriz (9ee0b811-d7a3-4388-b330-5035e9bc334e): -77.1 dBm, SNR 29.9 dB, FSPL 117.1 dB, terrain 0.0 dB, 60.8 km, tx 6103 m / rx 9147 m MSL
2026-09-26 15:40:41.445 -04:00 [WRN] [OpenFreqAudio.RadioPlayback] Stream 9ee0b811-d7a3-4388-b330-5035e9bc334e:280500 on 280.500 MHz had no samples for 10.3 ms
2026-09-26 15:40:41.521 -04:00 [INF] [OpenFreq.Common.RtpJitterBuffer] Late arrival (7ms past slot) — buffer 36→73ms
2026-09-26 15:40:43.181 -04:00 [INF] [OpenFreqClient.Services.OpenFreqService] PTT end: Razgriz (9ee0b811-d7a3-4388-b330-5035e9bc334e) on 280.500 MHz, released
2026-09-26 15:40:51.155 -04:00 [INF] [OpenFreqClient.Services.OpenFreqService] PTT start: own radio on 280.500 MHz
2026-09-26 15:40:55.883 -04:00 [INF] [OpenFreqClient.Services.OpenFreqService] PTT end: own radio on 280.500 MHz
2026-09-26 15:40:55.889 -04:00 [INF] [OpenFreqClient.Services.OpenFreqService] TX level over 4730ms: mic peak -0.1 dBFS rms -13.8 dBFS | sent peak 0.0 dBFS rms -18.3 dBFS | normalizer on, gain 1.661, gate -49.7 dBFS
2026-09-26 15:40:57.342 -04:00 [INF] [OpenFreqClient.Services.OpenFreqService] PTT start: Krieger (c231414f-6549-4b18-9f0e-ef37b3ff8b2a) on 280.500 MHz, 3D
2026-09-26 15:40:57.349 -04:00 [INF] [OpenFreq.Common.RtpJitterBuffer] Transmission gap detected (203492ms RTP delta), resetting jitter measurement
2026-09-26 15:40:57.403 -04:00 [INF] [OpenFreqClient.Services.OpenFreqService] RX 280.500 MHz from Krieger (c231414f-6549-4b18-9f0e-ef37b3ff8b2a): -75.8 dBm, SNR 31.2 dB, FSPL 115.8 dB, terrain 0.0 dB, 52.2 km, tx 2420 m / rx 9147 m MSL
2026-09-26 15:40:58.979 -04:00 [INF] [OpenFreqClient.Services.OpenFreqService] PTT end: Krieger (c231414f-6549-4b18-9f0e-ef37b3ff8b2a) on 280.500 MHz, released
2026-09-26 15:41:06.381 -04:00 [INF] [OpenFreqClient.Services.OpenFreqService] PTT start: own radio on 339.750 MHz
2026-09-26 15:41:08.228 -04:00 [INF] [OpenFreqClient.Services.OpenFreqService] PTT end: own radio on 339.750 MHz
2026-09-26 15:41:08.229 -04:00 [INF] [OpenFreqClient.Services.OpenFreqService] TX level over 1840ms: mic peak 0.0 dBFS rms -12.7 dBFS | sent peak 0.0 dBFS rms -13.1 dBFS | normalizer on, gain 0.383, gate -66.8 dBFS
2026-09-26 15:41:14.302 -04:00 [INF] [OpenFreqClient.Services.OpenFreqService] PTT start: Alligator (f39dd749-39ff-4df4-bec7-f23cc154d1a8) on 280.500 MHz, 3D
2026-09-26 15:41:14.319 -04:00 [INF] [OpenFreq.Common.RtpJitterBuffer] Transmission gap detected (187036ms RTP delta), resetting jitter measurement
2026-09-26 15:41:14.358 -04:00 [INF] [OpenFreqClient.Services.OpenFreqService] RX 280.500 MHz from Alligator (f39dd749-39ff-4df4-bec7-f23cc154d1a8): -82.7 dBm, SNR 24.3 dB, FSPL 122.7 dB, terrain 0.0 dB, 116.1 km, tx 6097 m / rx 9147 m MSL
2026-09-26 15:41:14.943 -04:00 [INF] [OpenFreqClient.Services.OpenFreqService] PTT start: Blue (f23a2329-cca9-4d8f-bdda-384ea4044d35) on 339.750 MHz, 3D
2026-09-26 15:41:14.953 -04:00 [INF] [OpenFreq.Common.RtpJitterBuffer] Transmission gap detected (43164ms RTP delta), resetting jitter measurement
2026-09-26 15:41:14.983 -04:00 [INF] [OpenFreqClient.Services.OpenFreqService] RX 339.750 MHz from Blue (f23a2329-cca9-4d8f-bdda-384ea4044d35): -86.3 dBm, SNR 20.7 dB, FSPL 126.3 dB, terrain 0.0 dB, 145.2 km, tx 8474 m / rx 9147 m MSL
2026-09-26 15:41:15.203 -04:00 [INF] [OpenFreq.Common.RtpJitterBuffer] Late arrival (0ms past slot) — buffer 26→57ms
2026-09-26 15:41:15.305 -04:00 [INF] [OpenFreqClient.Services.OpenFreqService] PTT end: Blue (f23a2329-cca9-4d8f-bdda-384ea4044d35) on 339.750 MHz, released
2026-09-26 15:41:15.357 -04:00 [INF] [OpenFreq.Common.RtpJitterBuffer] Late arrival (59ms past slot) — buffer 48→138ms
2026-09-26 15:41:16.116 -04:00 [INF] [OpenFreqClient.Services.OpenFreqService] PTT start: Blue (f23a2329-cca9-4d8f-bdda-384ea4044d35) on 339.750 MHz, 3D
2026-09-26 15:41:16.130 -04:00 [INF] [OpenFreq.Common.RtpJitterBuffer] Transmission gap detected (844ms RTP delta), resetting jitter measurement
2026-09-26 15:41:16.194 -04:00 [INF] [OpenFreqClient.Services.OpenFreqService] RX 339.750 MHz from Blue (f23a2329-cca9-4d8f-bdda-384ea4044d35): -86.3 dBm, SNR 20.7 dB, FSPL 126.3 dB, terrain 0.0 dB, 145.2 km, tx 8293 m / rx 9147 m MSL
2026-09-26 15:41:16.238 -04:00 [INF] [OpenFreqClient.Services.OpenFreqService] PTT end: Alligator (f39dd749-39ff-4df4-bec7-f23cc154d1a8) on 280.500 MHz, released
2026-09-26 15:41:18.371 -04:00 [INF] [OpenFreqClient.Services.OpenFreqService] PTT end: Blue (f23a2329-cca9-4d8f-bdda-384ea4044d35) on 339.750 MHz, released
2026-09-26 15:41:20.134 -04:00 [INF] [OpenFreqClient.Services.OpenFreqService] PTT start: own radio on 339.750 MHz
2026-09-26 15:41:21.160 -04:00 [INF] [OpenFreqClient.Services.OpenFreqService] PTT end: own radio on 339.750 MHz
2026-09-26 15:41:21.169 -04:00 [INF] [OpenFreqClient.Services.OpenFreqService] TX level over 1030ms: mic peak -0.1 dBFS rms -14.3 dBFS | sent peak -3.1 dBFS rms -20.4 dBFS | normalizer on, gain 0.963, gate -65.3 dBFS
2026-09-26 15:41:26.936 -04:00 [INF] [OpenFreqClient.Services.OpenFreqService] PTT start: Polaris (86d6d8aa-64e3-4106-890a-252d3f93f28e) on 280.500 MHz, 3D
2026-09-26 15:41:26.951 -04:00 [INF] [OpenFreq.Common.RtpJitterBufferPool] New RTP source: SSRC=6685BCEA
2026-09-26 15:41:26.951 -04:00 [INF] [OpenFreq.Common.RtpJitterBuffer] Manual buffer size: 150ms
2026-09-26 15:41:26.951 -04:00 [INF] [OpenFreq.Common.RtpAudioReceiver] Source joined:  SSRC=6685BCEA
2026-09-26 15:41:26.951 -04:00 [INF] [OpenFreq.Common.RtpJitterBuffer] Initialized: buffer=150ms
2026-09-26 15:41:27.101 -04:00 [INF] [OpenFreqClient.Services.OpenFreqService] RX 280.500 MHz from Polaris (86d6d8aa-64e3-4106-890a-252d3f93f28e): -81.9 dBm, SNR 25.1 dB, FSPL 121.9 dB, terrain 0.0 dB, 106.5 km, tx 5529 m / rx 9147 m MSL
2026-09-26 15:41:27.577 -04:00 [INF] [OpenFreqClient.Services.OpenFreqService] PTT start: Krieger (c231414f-6549-4b18-9f0e-ef37b3ff8b2a) on 280.500 MHz, 3D
2026-09-26 15:41:27.604 -04:00 [INF] [OpenFreq.Common.RtpJitterBuffer] Transmission gap detected (28620ms RTP delta), resetting jitter measurement
2026-09-26 15:41:27.640 -04:00 [INF] [OpenFreqClient.Services.OpenFreqService] RX 280.500 MHz from Krieger (c231414f-6549-4b18-9f0e-ef37b3ff8b2a): -75.4 dBm, SNR 31.6 dB, FSPL 115.4 dB, terrain 0.0 dB, 50.2 km, tx 244 m / rx 9147 m MSL
2026-09-26 15:41:28.621 -04:00 [INF] [OpenFreqClient.Services.OpenFreqService] PTT end: Krieger (c231414f-6549-4b18-9f0e-ef37b3ff8b2a) on 280.500 MHz, released
2026-09-26 15:41:29.194 -04:00 [INF] [OpenFreqClient.Services.OpenFreqService] PTT end: Polaris (86d6d8aa-64e3-4106-890a-252d3f93f28e) on 280.500 MHz, released
2026-09-26 15:41:39.548 -04:00 [INF] [OpenFreqClient.Services.OpenFreqService] PTT start: Useless (2c7de423-e66c-4a70-a299-d21d207cd0ed) on 280.500 MHz, 3D
2026-09-26 15:41:39.554 -04:00 [INF] [OpenFreq.Common.RtpJitterBufferPool] New RTP source: SSRC=5FC1A72A
2026-09-26 15:41:39.554 -04:00 [INF] [OpenFreq.Common.RtpJitterBuffer] Manual buffer size: 150ms
2026-09-26 15:41:39.554 -04:00 [INF] [OpenFreq.Common.RtpAudioReceiver] Source joined:  SSRC=5FC1A72A
2026-09-26 15:41:39.554 -04:00 [INF] [OpenFreq.Common.RtpJitterBuffer] Initialized: buffer=150ms
2026-09-26 15:41:39.704 -04:00 [INF] [OpenFreqClient.Services.OpenFreqService] RX 280.500 MHz from Useless (2c7de423-e66c-4a70-a299-d21d207cd0ed): -80.6 dBm, SNR 26.4 dB, FSPL 120.6 dB, terrain 0.0 dB, 91.5 km, tx 5538 m / rx 9147 m MSL
2026-09-26 15:41:40.855 -04:00 [INF] [OpenFreqClient.Services.OpenFreqService] PTT end: Useless (2c7de423-e66c-4a70-a299-d21d207cd0ed) on 280.500 MHz, released
2026-09-26 15:41:41.125 -04:00 [INF] [OpenFreqClient.Services.OpenFreqService] PTT start: Useless (2c7de423-e66c-4a70-a299-d21d207cd0ed) on 280.500 MHz, 3D
2026-09-26 15:41:41.265 -04:00 [WRN] [OpenFreqAudio.RadioPlayback] Stream 2c7de423-e66c-4a70-a299-d21d207cd0ed:280500 on 280.500 MHz had no samples for 5.5 ms
2026-09-26 15:41:43.096 -04:00 [INF] [OpenFreqClient.Services.OpenFreqService] PTT end: Useless (2c7de423-e66c-4a70-a299-d21d207cd0ed) on 280.500 MHz, released
2026-09-26 15:41:44.040 -04:00 [INF] [OpenFreqClient.Services.OpenFreqService] PTT start: Polaris (86d6d8aa-64e3-4106-890a-252d3f93f28e) on 280.500 MHz, 3D
2026-09-26 15:41:44.058 -04:00 [INF] [OpenFreq.Common.RtpJitterBuffer] Transmission gap detected (14865ms RTP delta), resetting jitter measurement
2026-09-26 15:41:44.101 -04:00 [INF] [OpenFreqClient.Services.OpenFreqService] RX 280.500 MHz from Polaris (86d6d8aa-64e3-4106-890a-252d3f93f28e): -81.7 dBm, SNR 25.3 dB, FSPL 121.7 dB, terrain 0.0 dB, 103.4 km, tx 5540 m / rx 9147 m MSL
2026-09-26 15:41:46.712 -04:00 [INF] [OpenFreqClient.Services.OpenFreqService] PTT end: Polaris (86d6d8aa-64e3-4106-890a-252d3f93f28e) on 280.500 MHz, released
2026-09-26 15:41:47.942 -04:00 [INF] [OpenFreqClient.Services.OpenFreqService] PTT start: Useless (2c7de423-e66c-4a70-a299-d21d207cd0ed) on 280.500 MHz, 3D
2026-09-26 15:41:47.954 -04:00 [INF] [OpenFreq.Common.RtpJitterBuffer] Transmission gap detected (4876ms RTP delta), resetting jitter measurement
2026-09-26 15:41:47.999 -04:00 [INF] [OpenFreqClient.Services.OpenFreqService] RX 280.500 MHz from Useless (2c7de423-e66c-4a70-a299-d21d207cd0ed): -80.7 dBm, SNR 26.3 dB, FSPL 120.7 dB, terrain 0.0 dB, 92.4 km, tx 5537 m / rx 9147 m MSL
2026-09-26 15:41:50.534 -04:00 [INF] [OpenFreqClient.Services.OpenFreqService] PTT end: Useless (2c7de423-e66c-4a70-a299-d21d207cd0ed) on 280.500 MHz, released
2026-09-26 15:41:52.172 -04:00 [INF] [OpenFreqClient.Services.OpenFreqService] PTT start: Polaris (86d6d8aa-64e3-4106-890a-252d3f93f28e) on 280.500 MHz, 3D
2026-09-26 15:41:52.189 -04:00 [INF] [OpenFreq.Common.RtpJitterBuffer] Transmission gap detected (5488ms RTP delta), resetting jitter measurement
2026-09-26 15:41:52.231 -04:00 [INF] [OpenFreqClient.Services.OpenFreqService] RX 280.500 MHz from Polaris (86d6d8aa-64e3-4106-890a-252d3f93f28e): -81.6 dBm, SNR 25.4 dB, FSPL 121.6 dB, terrain 0.0 dB, 101.9 km, tx 5545 m / rx 9147 m MSL
2026-09-26 15:41:52.285 -04:00 [INF] [OpenFreqClient.Services.OpenFreqService] PTT start: own radio on 280.500 MHz
2026-09-26 15:41:52.556 -04:00 [INF] [OpenFreqClient.Services.OpenFreqService] PTT end: own radio on 280.500 MHz
2026-09-26 15:41:52.560 -04:00 [INF] [OpenFreqClient.Services.OpenFreqService] TX level over 270ms: mic peak -13.1 dBFS rms -31.9 dBFS | sent peak 0.0 dBFS rms -17.1 dBFS | normalizer on, gain 4.100, gate -90.6 dBFS
2026-09-26 15:41:53.080 -04:00 [INF] [OpenFreqClient.Services.OpenFreqService] PTT end: Polaris (86d6d8aa-64e3-4106-890a-252d3f93f28e) on 280.500 MHz, released
2026-09-26 15:41:53.627 -04:00 [INF] [OpenFreqClient.Services.OpenFreqService] PTT start: own radio on 280.500 MHz
2026-09-26 15:41:55.304 -04:00 [INF] [OpenFreqClient.Services.OpenFreqService] PTT end: own radio on 280.500 MHz
2026-09-26 15:41:55.310 -04:00 [INF] [OpenFreqClient.Services.OpenFreqService] TX level over 1680ms: mic peak -0.1 dBFS rms -12.9 dBFS | sent peak 0.0 dBFS rms -14.3 dBFS | normalizer on, gain 1.279, gate -50.8 dBFS
2026-09-26 15:42:10.927 -04:00 [INF] [OpenFreqClient.Services.OpenFreqService] PTT start: SkyFox (f8c742ac-257a-4450-aadc-59aa8b2f44b5) on 280.500 MHz, 3D
2026-09-26 15:42:10.940 -04:00 [INF] [OpenFreq.Common.RtpJitterBufferPool] New RTP source: SSRC=2B251449
2026-09-26 15:42:10.940 -04:00 [INF] [OpenFreq.Common.RtpJitterBuffer] Manual buffer size: 150ms
2026-09-26 15:42:10.940 -04:00 [INF] [OpenFreq.Common.RtpAudioReceiver] Source joined:  SSRC=2B251449
2026-09-26 15:42:10.940 -04:00 [INF] [OpenFreq.Common.RtpJitterBuffer] Initialized: buffer=150ms
2026-09-26 15:42:11.090 -04:00 [INF] [OpenFreqClient.Services.OpenFreqService] RX 280.500 MHz from SkyFox (f8c742ac-257a-4450-aadc-59aa8b2f44b5): -75.3 dBm, SNR 31.7 dB, FSPL 115.3 dB, terrain 0.0 dB, 49.3 km, tx 5543 m / rx 9147 m MSL
2026-09-26 15:42:16.750 -04:00 [INF] [OpenFreq.Common.RtpJitterBufferPool] Pruned stale source SSRC=63865412
2026-09-26 15:42:16.750 -04:00 [INF] [OpenFreq.Common.RtpAudioReceiver] Source expired: SSRC=63865412
2026-09-26 15:42:16.767 -04:00 [INF] [OpenFreqClient.Services.OpenFreqService] PTT end: SkyFox (f8c742ac-257a-4450-aadc-59aa8b2f44b5) on 280.500 MHz, released
2026-09-26 15:42:17.409 -04:00 [INF] [OpenFreqClient.Services.OpenFreqService] PTT start: own radio on 339.750 MHz
2026-09-26 15:42:18.984 -04:00 [INF] [OpenFreqClient.Services.OpenFreqService] PTT end: own radio on 339.750 MHz
2026-09-26 15:42:18.991 -04:00 [INF] [OpenFreqClient.Services.OpenFreqService] TX level over 1580ms: mic peak -0.2 dBFS rms -12.8 dBFS | sent peak 0.0 dBFS rms -13.4 dBFS | normalizer on, gain 1.077, gate -76.1 dBFS
2026-09-26 15:42:20.914 -04:00 [INF] [OpenFreqClient.Services.OpenFreqService] PTT start: own radio on 280.500 MHz
2026-09-26 15:42:22.989 -04:00 [INF] [OpenFreqClient.Services.OpenFreqService] PTT end: own radio on 280.500 MHz
2026-09-26 15:42:22.991 -04:00 [INF] [OpenFreqClient.Services.OpenFreqService] TX level over 2070ms: mic peak -0.1 dBFS rms -14.5 dBFS | sent peak 0.0 dBFS rms -13.5 dBFS | normalizer on, gain 1.138, gate -66.4 dBFS
2026-09-26 15:42:24.611 -04:00 [INF] [OpenFreqClient.Services.OpenFreqService] PTT start: Razgriz (9ee0b811-d7a3-4388-b330-5035e9bc334e) on 280.500 MHz, 3D
2026-09-26 15:42:24.619 -04:00 [INF] [OpenFreq.Common.RtpJitterBuffer] Transmission gap detected (101448ms RTP delta), resetting jitter measurement
2026-09-26 15:42:24.670 -04:00 [INF] [OpenFreqClient.Services.OpenFreqService] RX 280.500 MHz from Razgriz (9ee0b811-d7a3-4388-b330-5035e9bc334e): -78.2 dBm, SNR 28.8 dB, FSPL 118.2 dB, terrain 0.0 dB, 69.1 km, tx 3654 m / rx 9147 m MSL
2026-09-26 15:42:24.699 -04:00 [WRN] [OpenFreqAudio.RadioPlayback] Stream 9ee0b811-d7a3-4388-b330-5035e9bc334e:280500 on 280.500 MHz had no samples for 9.5 ms
2026-09-26 15:42:24.992 -04:00 [INF] [OpenFreq.Common.RtpJitterBuffer] Late arrival (2ms past slot) — buffer 43→75ms
2026-09-26 15:42:27.420 -04:00 [INF] [OpenFreqClient.Services.OpenFreqService] PTT end: Razgriz (9ee0b811-d7a3-4388-b330-5035e9bc334e) on 280.500 MHz, released
2026-09-26 15:42:29.353 -04:00 [INF] [OpenFreqClient.Services.OpenFreqService] PTT start: Krieger (c231414f-6549-4b18-9f0e-ef37b3ff8b2a) on 280.500 MHz, 3D
2026-09-26 15:42:29.371 -04:00 [INF] [OpenFreq.Common.RtpJitterBuffer] Transmission gap detected (60756ms RTP delta), resetting jitter measurement
2026-09-26 15:42:29.417 -04:00 [INF] [OpenFreqClient.Services.OpenFreqService] RX 280.500 MHz from Krieger (c231414f-6549-4b18-9f0e-ef37b3ff8b2a): -74.8 dBm, SNR 32.2 dB, FSPL 114.8 dB, terrain 0.0 dB, 46.9 km, tx 650 m / rx 9147 m MSL
2026-09-26 15:42:33.718 -04:00 [INF] [OpenFreqClient.Services.OpenFreqService] PTT end: Krieger (c231414f-6549-4b18-9f0e-ef37b3ff8b2a) on 280.500 MHz, released
2026-09-26 15:42:35.224 -04:00 [INF] [OpenFreqClient.Services.OpenFreqService] PTT start: Falcon (58355e30-5857-4e01-882f-86b5f2200072) on 280.500 MHz, 3D
2026-09-26 15:42:35.237 -04:00 [INF] [OpenFreq.Common.RtpJitterBuffer] Transmission gap detected (184395ms RTP delta), resetting jitter measurement
2026-09-26 15:42:35.269 -04:00 [INF] [OpenFreqClient.Services.OpenFreqService] RX 280.500 MHz from Falcon (58355e30-5857-4e01-882f-86b5f2200072): -78.4 dBm, SNR 28.6 dB, FSPL 118.4 dB, terrain 0.0 dB, 70.8 km, tx 6950 m / rx 9147 m MSL
2026-09-26 15:42:35.379 -04:00 [WRN] [OpenFreqAudio.RadioPlayback] Stream 58355e30-5857-4e01-882f-86b5f2200072:280500 on 280.500 MHz had no samples for 9.9 ms
2026-09-26 15:42:35.977 -04:00 [INF] [OpenFreq.Common.RtpJitterBuffer] Late arrival (9ms past slot) — buffer 46→85ms
2026-09-26 15:42:36.064 -04:00 [INF] [OpenFreqClient.Services.OpenFreqService] PTT end: Falcon (58355e30-5857-4e01-882f-86b5f2200072) on 280.500 MHz, released
2026-09-26 15:42:44.994 -04:00 [INF] [OpenFreqClient.Services.OpenFreqService] PTT start: own radio on 339.750 MHz
2026-09-26 15:42:49.694 -04:00 [INF] [OpenFreqClient.Services.OpenFreqService] PTT end: own radio on 339.750 MHz
2026-09-26 15:42:49.701 -04:00 [INF] [OpenFreqClient.Services.OpenFreqService] TX level over 4700ms: mic peak -0.1 dBFS rms -15.8 dBFS | sent peak 0.0 dBFS rms -15.7 dBFS | normalizer on, gain 8.657, gate -89.7 dBFS
2026-09-26 15:42:51.139 -04:00 [INF] [OpenFreqClient.Services.OpenFreqService] PTT start: Starlight (7ebf02fc-ba84-466f-850d-2eeffc48b655) on 339.750 MHz, 3D
2026-09-26 15:42:51.153 -04:00 [INF] [OpenFreq.Common.RtpJitterBuffer] Transmission gap detected (146194ms RTP delta), resetting jitter measurement
2026-09-26 15:42:51.209 -04:00 [INF] [OpenFreqClient.Services.OpenFreqService] RX 339.750 MHz from Starlight (7ebf02fc-ba84-466f-850d-2eeffc48b655): -71.7 dBm, SNR 35.3 dB, FSPL 111.7 dB, terrain 0.0 dB, 27.0 km, tx 9164 m / rx 9147 m MSL
2026-09-26 15:42:51.259 -04:00 [WRN] [OpenFreqAudio.RadioPlayback] Stream 7ebf02fc-ba84-466f-850d-2eeffc48b655:339750 on 339.750 MHz had no samples for 10.0 ms
2026-09-26 15:42:52.148 -04:00 [INF] [OpenFreqClient.Services.OpenFreqService] PTT end: Starlight (7ebf02fc-ba84-466f-850d-2eeffc48b655) on 339.750 MHz, released
2026-09-26 15:42:52.563 -04:00 [INF] [OpenFreqClient.Services.OpenFreqService] PTT start: own radio on 339.750 MHz
2026-09-26 15:42:59.713 -04:00 [INF] [OpenFreqClient.Services.OpenFreqService] PTT end: own radio on 339.750 MHz
2026-09-26 15:42:59.722 -04:00 [INF] [OpenFreqClient.Services.OpenFreqService] TX level over 7150ms: mic peak 0.0 dBFS rms -12.7 dBFS | sent peak 0.0 dBFS rms -16.4 dBFS | normalizer on, gain 2.165, gate -58.6 dBFS
2026-09-26 15:43:00.595 -04:00 [INF] [OpenFreqClient.Services.OpenFreqService] PTT start: Starlight (7ebf02fc-ba84-466f-850d-2eeffc48b655) on 339.750 MHz, 3D
2026-09-26 15:43:00.615 -04:00 [INF] [OpenFreq.Common.RtpJitterBuffer] Transmission gap detected (8475ms RTP delta), resetting jitter measurement
2026-09-26 15:43:00.662 -04:00 [INF] [OpenFreqClient.Services.OpenFreqService] RX 339.750 MHz from Starlight (7ebf02fc-ba84-466f-850d-2eeffc48b655): -72.5 dBm, SNR 34.5 dB, FSPL 112.5 dB, terrain 0.0 dB, 29.5 km, tx 9193 m / rx 9147 m MSL
2026-09-26 15:43:01.124 -04:00 [INF] [OpenFreqClient.Services.OpenFreqService] PTT end: Starlight (7ebf02fc-ba84-466f-850d-2eeffc48b655) on 339.750 MHz, released
2026-09-26 15:43:01.516 -04:00 [INF] [OpenFreqClient.Services.OpenFreqService] PTT start: Gkenny (58f02e35-0d8e-4c46-aa74-dce098883fa8) on 339.750 MHz, 3D
2026-09-26 15:43:01.529 -04:00 [INF] [OpenFreq.Common.RtpJitterBuffer] Transmission gap detected (219965ms RTP delta), resetting jitter measurement
2026-09-26 15:43:01.572 -04:00 [INF] [OpenFreqClient.Services.OpenFreqService] RX 339.750 MHz from Gkenny (58f02e35-0d8e-4c46-aa74-dce098883fa8): -78.5 dBm, SNR 28.5 dB, FSPL 118.5 dB, terrain 0.0 dB, 59.1 km, tx 8814 m / rx 9147 m MSL
2026-09-26 15:43:02.995 -04:00 [INF] [OpenFreq.Common.RtpJitterBuffer] Late arrival (23ms past slot) — buffer 47→101ms
2026-09-26 15:43:02.995 -04:00 [INF] [OpenFreqClient.Services.OpenFreqService] PTT end: Gkenny (58f02e35-0d8e-4c46-aa74-dce098883fa8) on 339.750 MHz, released
2026-09-26 15:43:05.918 -04:00 [INF] [OpenFreqClient.Services.OpenFreqService] PTT start: own radio on 339.750 MHz
2026-09-26 15:43:06.839 -04:00 [INF] [OpenFreqClient.Services.OpenFreqService] PTT end: own radio on 339.750 MHz
2026-09-26 15:43:06.843 -04:00 [INF] [OpenFreqClient.Services.OpenFreqService] TX level over 920ms: mic peak 0.0 dBFS rms -11.0 dBFS | sent peak 0.0 dBFS rms -11.2 dBFS | normalizer on, gain 0.321, gate -54.5 dBFS
2026-09-26 15:43:06.986 -04:00 [INF] [OpenFreqClient.Services.OpenFreqService] PTT start: own radio on 280.500 MHz
2026-09-26 15:43:10.791 -04:00 [INF] [OpenFreqClient.Services.OpenFreqService] PTT start: Starlight (7ebf02fc-ba84-466f-850d-2eeffc48b655) on 339.750 MHz, 3D
2026-09-26 15:43:10.803 -04:00 [INF] [OpenFreq.Common.RtpJitterBuffer] Transmission gap detected (9692ms RTP delta), resetting jitter measurement
2026-09-26 15:43:10.854 -04:00 [INF] [OpenFreqClient.Services.OpenFreqService] RX 339.750 MHz from Starlight (7ebf02fc-ba84-466f-850d-2eeffc48b655): -72.8 dBm, SNR 34.2 dB, FSPL 112.8 dB, terrain 0.0 dB, 30.8 km, tx 9367 m / rx 9147 m MSL
2026-09-26 15:43:11.060 -04:00 [INF] [OpenFreqClient.Services.OpenFreqService] PTT end: Starlight (7ebf02fc-ba84-466f-850d-2eeffc48b655) on 339.750 MHz, released
2026-09-26 15:43:12.940 -04:00 [INF] [OpenFreqClient.Services.OpenFreqService] PTT end: own radio on 280.500 MHz
2026-09-26 15:43:12.943 -04:00 [INF] [OpenFreqClient.Services.OpenFreqService] TX level over 5950ms: mic peak 0.0 dBFS rms -11.7 dBFS | sent peak 0.0 dBFS rms -17.4 dBFS | normalizer on, gain 0.293, gate -47.3 dBFS
2026-09-26 15:43:13.233 -04:00 [INF] [OpenFreqClient.Services.OpenFreqService] PTT start: own radio on 280.500 MHz
2026-09-26 15:43:13.317 -04:00 [INF] [OpenFreqClient.Services.OpenFreqService] PTT end: own radio on 280.500 MHz
2026-09-26 15:43:13.323 -04:00 [INF] [OpenFreqClient.Services.OpenFreqService] TX level over 80ms: mic peak -62.7 dBFS rms -70.7 dBFS | sent peak -73.4 dBFS rms -82.7 dBFS | normalizer on, gain 0.309, gate -21.2 dBFS
2026-09-26 15:43:14.086 -04:00 [INF] [OpenFreqClient.Services.OpenFreqService] PTT start: Falcon (58355e30-5857-4e01-882f-86b5f2200072) on 280.500 MHz, 3D
2026-09-26 15:43:14.112 -04:00 [INF] [OpenFreq.Common.RtpJitterBuffer] Transmission gap detected (38044ms RTP delta), resetting jitter measurement
2026-09-26 15:43:14.168 -04:00 [INF] [OpenFreqClient.Services.OpenFreqService] RX 280.500 MHz from Falcon (58355e30-5857-4e01-882f-86b5f2200072): -77.4 dBm, SNR 29.6 dB, FSPL 117.4 dB, terrain 0.0 dB, 63.0 km, tx 7067 m / rx 9147 m MSL
2026-09-26 15:43:14.340 -04:00 [WRN] [OpenFreqAudio.RadioPlayback] Stream 58355e30-5857-4e01-882f-86b5f2200072:280500 on 280.500 MHz had no samples for 10.0 ms
2026-09-26 15:43:15.124 -04:00 [INF] [OpenFreqClient.Services.OpenFreqService] PTT end: Falcon (58355e30-5857-4e01-882f-86b5f2200072) on 280.500 MHz, released
2026-09-26 15:43:20.330 -04:00 [INF] [OpenFreqClient.Services.OpenFreqService] PTT start: Starlight (7ebf02fc-ba84-466f-850d-2eeffc48b655) on 339.750 MHz, 3D
2026-09-26 15:43:20.347 -04:00 [INF] [OpenFreq.Common.RtpJitterBuffer] Transmission gap detected (9296ms RTP delta), resetting jitter measurement
2026-09-26 15:43:20.379 -04:00 [INF] [OpenFreqClient.Services.OpenFreqService] PTT start: Krieger (c231414f-6549-4b18-9f0e-ef37b3ff8b2a) on 280.500 MHz, 3D
2026-09-26 15:43:20.394 -04:00 [INF] [OpenFreqClient.Services.OpenFreqService] RX 339.750 MHz from Starlight (7ebf02fc-ba84-466f-850d-2eeffc48b655): -72.7 dBm, SNR 34.3 dB, FSPL 112.7 dB, terrain 0.0 dB, 30.1 km, tx 9648 m / rx 9147 m MSL
2026-09-26 15:43:20.415 -04:00 [INF] [OpenFreq.Common.RtpJitterBuffer] Transmission gap detected (46704ms RTP delta), resetting jitter measurement
2026-09-26 15:43:20.442 -04:00 [INF] [OpenFreqClient.Services.OpenFreqService] RX 280.500 MHz from Krieger (c231414f-6549-4b18-9f0e-ef37b3ff8b2a): -75.2 dBm, SNR 31.8 dB, FSPL 115.2 dB, terrain 0.0 dB, 49.0 km, tx 1325 m / rx 9147 m MSL
2026-09-26 15:43:21.370 -04:00 [INF] [OpenFreqClient.Services.OpenFreqService] PTT end: Krieger (c231414f-6549-4b18-9f0e-ef37b3ff8b2a) on 280.500 MHz, released
2026-09-26 15:43:21.946 -04:00 [INF] [OpenFreqClient.Services.OpenFreqService] PTT end: Starlight (7ebf02fc-ba84-466f-850d-2eeffc48b655) on 339.750 MHz, released
2026-09-26 15:43:25.022 -04:00 [INF] [OpenFreqClient.Services.OpenFreqService] PTT start: own radio on 339.750 MHz
2026-09-26 15:43:26.069 -04:00 [INF] [OpenFreqClient.Services.OpenFreqService] PTT end: own radio on 339.750 MHz
2026-09-26 15:43:26.073 -04:00 [INF] [OpenFreqClient.Services.OpenFreqService] TX level over 1040ms: mic peak -0.0 dBFS rms -10.8 dBFS | sent peak 0.0 dBFS rms -14.0 dBFS | normalizer on, gain 0.255, gate -71.2 dBFS
2026-09-26 15:43:26.215 -04:00 [INF] [OpenFreqClient.Services.OpenFreqService] PTT start: own radio on 280.500 MHz
2026-09-26 15:43:30.544 -04:00 [INF] [OpenFreqClient.Services.OpenFreqService] PTT end: own radio on 280.500 MHz
2026-09-26 15:43:30.553 -04:00 [INF] [OpenFreqClient.Services.OpenFreqService] TX level over 4330ms: mic peak 0.0 dBFS rms -11.5 dBFS | sent peak -8.2 dBFS rms -23.4 dBFS | normalizer on, gain 0.296, gate -19.7 dBFS
2026-09-26 15:43:33.870 -04:00 [INF] [OpenFreqClient.Services.OpenFreqService] PTT start: Krieger (c231414f-6549-4b18-9f0e-ef37b3ff8b2a) on 280.500 MHz, 3D
2026-09-26 15:43:33.893 -04:00 [INF] [OpenFreq.Common.RtpJitterBuffer] Transmission gap detected (12529ms RTP delta), resetting jitter measurement
2026-09-26 15:43:33.934 -04:00 [INF] [OpenFreqClient.Services.OpenFreqService] RX 280.500 MHz from Krieger (c231414f-6549-4b18-9f0e-ef37b3ff8b2a): -75.0 dBm, SNR 32.0 dB, FSPL 115.0 dB, terrain 0.0 dB, 47.7 km, tx 514 m / rx 9147 m MSL
2026-09-26 15:43:37.874 -04:00 [INF] [OpenFreq.Common.RtpJitterBuffer] Late arrival (54ms past slot) — buffer 47→131ms
2026-09-26 15:43:38.750 -04:00 [INF] [OpenFreqClient.Services.OpenFreqService] PTT end: Krieger (c231414f-6549-4b18-9f0e-ef37b3ff8b2a) on 280.500 MHz, released
2026-09-26 15:43:40.055 -04:00 [INF] [OpenFreqClient.Services.OpenFreqService] PTT start: own radio on 280.500 MHz
2026-09-26 15:43:41.520 -04:00 [INF] [OpenFreqClient.Services.OpenFreqService] PTT end: own radio on 280.500 MHz
2026-09-26 15:43:41.523 -04:00 [INF] [OpenFreqClient.Services.OpenFreqService] TX level over 1460ms: mic peak -0.1 dBFS rms -13.0 dBFS | sent peak 0.0 dBFS rms -11.4 dBFS | normalizer on, gain 2.118, gate -68.1 dBFS
2026-09-26 15:43:42.719 -04:00 [INF] [OpenFreqClient.Services.OpenFreqService] PTT start: Miner 1-1 (7c54ae18-74fa-45f3-b6a9-377a5574b95b) on 280.500 MHz, 3D
2026-09-26 15:43:42.741 -04:00 [INF] [OpenFreq.Common.RtpJitterBufferPool] New RTP source: SSRC=3EB49D5B
2026-09-26 15:43:42.741 -04:00 [INF] [OpenFreq.Common.RtpJitterBuffer] Manual buffer size: 150ms
2026-09-26 15:43:42.741 -04:00 [INF] [OpenFreq.Common.RtpAudioReceiver] Source joined:  SSRC=3EB49D5B
2026-09-26 15:43:42.741 -04:00 [INF] [OpenFreq.Common.RtpJitterBuffer] Initialized: buffer=150ms
2026-09-26 15:43:42.891 -04:00 [INF] [OpenFreqClient.Services.OpenFreqService] RX 280.500 MHz from Miner 1-1 (7c54ae18-74fa-45f3-b6a9-377a5574b95b): -78.8 dBm, SNR 28.2 dB, FSPL 118.8 dB, terrain 0.0 dB, 73.8 km, tx 5080 m / rx 9147 m MSL
2026-09-26 15:43:43.340 -04:00 [INF] [OpenFreqClient.Services.OpenFreqService] PTT end: Miner 1-1 (7c54ae18-74fa-45f3-b6a9-377a5574b95b) on 280.500 MHz, released
2026-09-26 15:43:43.707 -04:00 [INF] [OpenFreqClient.Services.OpenFreqService] PTT start: Miner 1-1 (7c54ae18-74fa-45f3-b6a9-377a5574b95b) on 280.500 MHz, 3D
2026-09-26 15:43:46.010 -04:00 [INF] [OpenFreqClient.Services.OpenFreqService] PTT end: Miner 1-1 (7c54ae18-74fa-45f3-b6a9-377a5574b95b) on 280.500 MHz, released
2026-09-26 15:43:50.451 -04:00 [INF] [OpenFreqClient.Services.OpenFreqService] PTT start: own radio on 280.500 MHz
2026-09-26 15:43:56.653 -04:00 [INF] [OpenFreqClient.Services.OpenFreqService] PTT end: own radio on 280.500 MHz
2026-09-26 15:43:56.664 -04:00 [INF] [OpenFreqClient.Services.OpenFreqService] TX level over 6210ms: mic peak 0.0 dBFS rms -12.6 dBFS | sent peak 0.0 dBFS rms -13.9 dBFS | normalizer on, gain 2.452, gate -65.8 dBFS
2026-09-26 15:43:57.276 -04:00 [INF] [OpenFreqClient.Services.OpenFreqService] PTT start: Razgriz (9ee0b811-d7a3-4388-b330-5035e9bc334e) on 280.500 MHz, 3D
2026-09-26 15:43:57.289 -04:00 [INF] [OpenFreq.Common.RtpJitterBuffer] Transmission gap detected (89871ms RTP delta), resetting jitter measurement
2026-09-26 15:43:57.334 -04:00 [INF] [OpenFreqClient.Services.OpenFreqService] RX 280.500 MHz from Razgriz (9ee0b811-d7a3-4388-b330-5035e9bc334e): -76.9 dBm, SNR 30.1 dB, FSPL 116.9 dB, terrain 0.0 dB, 59.7 km, tx 3491 m / rx 9147 m MSL
2026-09-26 15:43:57.371 -04:00 [WRN] [OpenFreqAudio.RadioPlayback] Stream 9ee0b811-d7a3-4388-b330-5035e9bc334e:280500 on 280.500 MHz had no samples for 9.4 ms
2026-09-26 15:43:57.995 -04:00 [INF] [OpenFreqClient.Services.OpenFreqService] PTT start: Kug (0359b875-89b6-499f-82ad-a1ef43c5b232) on 280.500 MHz, 3D
2026-09-26 15:43:58.005 -04:00 [INF] [OpenFreq.Common.RtpJitterBufferPool] New RTP source: SSRC=2176AC39
2026-09-26 15:43:58.005 -04:00 [INF] [OpenFreq.Common.RtpJitterBuffer] Manual buffer size: 150ms
2026-09-26 15:43:58.005 -04:00 [INF] [OpenFreq.Common.RtpAudioReceiver] Source joined:  SSRC=2176AC39
2026-09-26 15:43:58.005 -04:00 [INF] [OpenFreq.Common.RtpJitterBuffer] Initialized: buffer=150ms
2026-09-26 15:43:58.155 -04:00 [INF] [OpenFreqClient.Services.OpenFreqService] RX 280.500 MHz from Kug (0359b875-89b6-499f-82ad-a1ef43c5b232): -78.2 dBm, SNR 28.8 dB, FSPL 118.2 dB, terrain 0.0 dB, 69.0 km, tx 7735 m / rx 9147 m MSL
2026-09-26 15:43:58.221 -04:00 [INF] [OpenFreqClient.Services.OpenFreqService] PTT end: Razgriz (9ee0b811-d7a3-4388-b330-5035e9bc334e) on 280.500 MHz, released
2026-09-26 15:44:01.216 -04:00 [INF] [OpenFreqClient.Services.OpenFreqService] PTT end: Kug (0359b875-89b6-499f-82ad-a1ef43c5b232) on 280.500 MHz, released
2026-09-26 15:44:01.361 -04:00 [WRN] [OpenFreqAudio.RadioPlayback] Stream 0359b875-89b6-499f-82ad-a1ef43c5b232:280500 on 280.500 MHz had no samples for 8.5 ms
2026-09-26 15:44:01.824 -04:00 [INF] [OpenFreqAudio.RadioPlayback] Stream '7c54ae18-74fa-45f3-b6a9-377a5574b95b:339750' on 339.750 MHz
2026-09-26 15:44:03.621 -04:00 [INF] [OpenFreqClient.Services.OpenFreqService] PTT start: own radio on 339.750 MHz
2026-09-26 15:44:04.753 -04:00 [INF] [OpenFreqClient.Services.OpenFreqService] PTT end: own radio on 339.750 MHz
2026-09-26 15:44:04.753 -04:00 [INF] [OpenFreqClient.Services.OpenFreqService] TX level over 1130ms: mic peak -0.1 dBFS rms -15.9 dBFS | sent peak 0.0 dBFS rms -13.5 dBFS | normalizer on, gain 2.106, gate -58.3 dBFS
2026-09-26 15:44:06.903 -04:00 [INF] [OpenFreqClient.Services.OpenFreqService] PTT start: Blue (f23a2329-cca9-4d8f-bdda-384ea4044d35) on 339.750 MHz, 3D
2026-09-26 15:44:06.913 -04:00 [INF] [OpenFreq.Common.RtpJitterBuffer] Transmission gap detected (168547ms RTP delta), resetting jitter measurement
2026-09-26 15:44:06.961 -04:00 [INF] [OpenFreqClient.Services.OpenFreqService] RX 339.750 MHz from Blue (f23a2329-cca9-4d8f-bdda-384ea4044d35): -88.0 dBm, SNR 19.0 dB, FSPL 128.0 dB, terrain 0.0 dB, 177.0 km, tx 9354 m / rx 9147 m MSL
2026-09-26 15:44:07.324 -04:00 [INF] [OpenFreqClient.Services.OpenFreqService] PTT end: Blue (f23a2329-cca9-4d8f-bdda-384ea4044d35) on 339.750 MHz, released
2026-09-26 15:44:14.122 -04:00 [INF] [OpenFreqClient.Services.OpenFreqService] PTT start: own radio on 280.500 MHz
2026-09-26 15:44:18.014 -04:00 [INF] [OpenFreqClient.Services.OpenFreqService] PTT end: own radio on 280.500 MHz
2026-09-26 15:44:18.024 -04:00 [INF] [OpenFreqClient.Services.OpenFreqService] TX level over 3900ms: mic peak 0.0 dBFS rms -13.8 dBFS | sent peak 0.0 dBFS rms -18.5 dBFS | normalizer on, gain 0.816, gate -54.1 dBFS
2026-09-26 15:44:45.713 -04:00 [INF] [OpenFreqClient.Services.OpenFreqService] PTT start: Krieger (c231414f-6549-4b18-9f0e-ef37b3ff8b2a) on 280.500 MHz, 3D
2026-09-26 15:44:45.729 -04:00 [INF] [OpenFreq.Common.RtpJitterBuffer] Transmission gap detected (66979ms RTP delta), resetting jitter measurement
2026-09-26 15:44:45.832 -04:00 [INF] [OpenFreqClient.Services.OpenFreqService] RX 280.500 MHz from Krieger (c231414f-6549-4b18-9f0e-ef37b3ff8b2a): -74.0 dBm, SNR 33.0 dB, FSPL 114.0 dB, terrain 0.0 dB, 42.4 km, tx 619 m / rx 9147 m MSL
2026-09-26 15:44:45.863 -04:00 [WRN] [OpenFreqAudio.RadioPlayback] Stream c231414f-6549-4b18-9f0e-ef37b3ff8b2a:280500 on 280.500 MHz had no samples for 11.0 ms
2026-09-26 15:44:47.725 -04:00 [INF] [OpenFreqClient.Services.OpenFreqService] PTT end: Krieger (c231414f-6549-4b18-9f0e-ef37b3ff8b2a) on 280.500 MHz, released
2026-09-26 15:44:57.397 -04:00 [INF] [OpenFreqClient.Services.OpenFreqService] PTT start: Falcon (58355e30-5857-4e01-882f-86b5f2200072) on 280.500 MHz, 3D
2026-09-26 15:44:57.407 -04:00 [INF] [OpenFreq.Common.RtpJitterBuffer] Transmission gap detected (102292ms RTP delta), resetting jitter measurement
2026-09-26 15:44:57.467 -04:00 [INF] [OpenFreqClient.Services.OpenFreqService] RX 280.500 MHz from Falcon (58355e30-5857-4e01-882f-86b5f2200072): -78.2 dBm, SNR 28.8 dB, FSPL 118.2 dB, terrain 0.0 dB, 69.5 km, tx 6986 m / rx 9147 m MSL
2026-09-26 15:44:58.772 -04:00 [INF] [OpenFreqClient.Services.OpenFreqService] PTT end: Falcon (58355e30-5857-4e01-882f-86b5f2200072) on 280.500 MHz, released
2026-09-26 15:45:02.125 -04:00 [INF] [OpenFreqClient.Services.OpenFreqService] PTT start: Razgriz (9ee0b811-d7a3-4388-b330-5035e9bc334e) on 280.500 MHz, 3D
2026-09-26 15:45:02.139 -04:00 [INF] [OpenFreq.Common.RtpJitterBuffer] Transmission gap detected (63929ms RTP delta), resetting jitter measurement
2026-09-26 15:45:02.187 -04:00 [INF] [OpenFreqClient.Services.OpenFreqService] RX 280.500 MHz from Razgriz (9ee0b811-d7a3-4388-b330-5035e9bc334e): -76.2 dBm, SNR 30.8 dB, FSPL 116.2 dB, terrain 0.0 dB, 55.1 km, tx 3815 m / rx 9147 m MSL
2026-09-26 15:45:02.748 -04:00 [INF] [OpenFreqClient.Services.OpenFreqService] PTT end: Razgriz (9ee0b811-d7a3-4388-b330-5035e9bc334e) on 280.500 MHz, released
2026-09-26 15:45:19.879 -04:00 [INF] [OpenFreqAudio.RadioPlayback] Stream '4d102c94-5b1d-430f-ac47-2af9e76711c3:339750' on 339.750 MHz
2026-09-26 15:45:28.792 -04:00 [INF] [OpenFreqAudio.RadioPlayback] Stream '7ebf02fc-ba84-466f-850d-2eeffc48b655:339750' on 339.750 MHz
2026-09-26 15:45:30.496 -04:00 [INF] [OpenFreqAudio.RadioPlayback] Stream '9ee0b811-d7a3-4388-b330-5035e9bc334e:339750' on 339.750 MHz
2026-09-26 15:45:31.811 -04:00 [INF] [OpenFreqAudio.RadioPlayback] Stream 'f23a2329-cca9-4d8f-bdda-384ea4044d35:339750' on 339.750 MHz
2026-09-26 15:45:46.475 -04:00 [INF] [OpenFreqAudio.RadioPlayback] Stream 'f8c742ac-257a-4450-aadc-59aa8b2f44b5:339750' on 339.750 MHz
2026-09-26 15:45:47.835 -04:00 [INF] [OpenFreqAudio.RadioPlayback] Stream '1c406e7f-2bcc-4a8e-827b-8b4f22c5e0d6:339750' on 339.750 MHz
2026-09-26 15:45:48.177 -04:00 [INF] [OpenFreqAudio.RadioPlayback] Stream '982e2bb0-182d-4217-bce2-d56d6e7b2782:339750' on 339.750 MHz
2026-09-26 15:45:55.038 -04:00 [INF] [OpenFreqAudio.RadioPlayback] Stream 'f39dd749-39ff-4df4-bec7-f23cc154d1a8:339750' on 339.750 MHz
2026-09-26 15:45:57.544 -04:00 [INF] [OpenFreqAudio.RadioPlayback] Stream 'c56f5c33-10e6-473d-96e0-90de94b49519:339750' on 339.750 MHz
2026-09-26 15:46:04.197 -04:00 [INF] [OpenFreqAudio.RadioPlayback] Stream '58355e30-5857-4e01-882f-86b5f2200072:339750' on 339.750 MHz
2026-09-26 15:46:05.662 -04:00 [INF] [OpenFreqAudio.RadioPlayback] Stream '48abd6ed-f57c-43d5-af5e-3fe33e06395b:339750' on 339.750 MHz
2026-09-26 15:46:06.585 -04:00 [INF] [OpenFreqAudio.RadioPlayback] Stream 'c231414f-6549-4b18-9f0e-ef37b3ff8b2a:339750' on 339.750 MHz
2026-09-26 15:46:08.566 -04:00 [INF] [OpenFreqAudio.RadioPlayback] Stream '86d6d8aa-64e3-4106-890a-252d3f93f28e:339750' on 339.750 MHz
2026-09-26 15:46:15.653 -04:00 [INF] [OpenFreqAudio.RadioPlayback] Stream '0359b875-89b6-499f-82ad-a1ef43c5b232:339750' on 339.750 MHz
2026-09-26 15:46:32.172 -04:00 [INF] [OpenFreqAudio.RadioPlayback] Stream '82f4c276-d732-442e-816e-9c2cc3cab039:339750' on 339.750 MHz
2026-09-26 15:46:35.145 -04:00 [INF] [OpenFreqAudio.RadioPlayback] Stream '4f4671de-f769-4dd1-a389-fe7beb123829:339750' on 339.750 MHz
2026-09-26 15:46:42.567 -04:00 [INF] [OpenFreqAudio.RadioPlayback] Stream 'efe0f587-f81f-4522-b158-2db2990e67b3:339750' on 339.750 MHz
2026-09-26 15:46:44.236 -04:00 [INF] [OpenFreqAudio.RadioPlayback] Stream 'b28176fd-1fdc-4825-9c1c-0a6142dfc872:339750' on 339.750 MHz
2026-09-26 15:46:45.468 -04:00 [INF] [OpenFreqAudio.RadioPlayback] Stream '4f196d30-7656-4fd9-88c3-ba678f56106e:339750' on 339.750 MHz
2026-09-26 15:47:17.477 -04:00 [INF] [OpenFreqAudio.RadioPlayback] Stream '2c7de423-e66c-4a70-a299-d21d207cd0ed:339750' on 339.750 MHz
2026-09-26 15:47:27.034 -04:00 [ERR] [OpenFreq.Common.OpenFreqRtcClient] WebSocket receive loop terminated unexpectedly
System.Net.WebSockets.WebSocketException (0x80004005): The remote party closed the WebSocket connection without completing the close handshake.
 ---> System.IO.IOException: Unable to read data from the transport connection: An existing connection was forcibly closed by the remote host..
 ---> System.Net.Sockets.SocketException (10054): An existing connection was forcibly closed by the remote host.
   --- End of inner exception stack trace ---
   at System.Net.Sockets.Socket.AwaitableSocketAsyncEventArgs.ThrowException(SocketError error, CancellationToken cancellationToken)
   at System.Net.Sockets.Socket.AwaitableSocketAsyncEventArgs.System.Threading.Tasks.Sources.IValueTaskSource<System.Int32>.GetResult(Int16 token)
   at System.Net.Http.HttpConnection.ReadBufferedAsyncCore(Memory`1 destination)
   at System.Runtime.CompilerServices.PoolingAsyncValueTaskMethodBuilder`1.StateMachineBox`1.System.Threading.Tasks.Sources.IValueTaskSource<TResult>.GetResult(Int16 token)
   at System.Net.Http.HttpConnection.RawConnectionStream.ReadAsync(Memory`1 buffer, CancellationToken cancellationToken)
   at System.Runtime.CompilerServices.PoolingAsyncValueTaskMethodBuilder`1.StateMachineBox`1.System.Threading.Tasks.Sources.IValueTaskSource<TResult>.GetResult(Int16 token)
   at System.IO.Stream.ReadAtLeastAsyncCore(Memory`1 buffer, Int32 minimumBytes, Boolean throwOnEndOfStream, CancellationToken cancellationToken)
   at System.Runtime.CompilerServices.PoolingAsyncValueTaskMethodBuilder`1.StateMachineBox`1.System.Threading.Tasks.Sources.IValueTaskSource<TResult>.GetResult(Int16 token)
   at System.Net.WebSockets.ManagedWebSocket.EnsureBufferContainsAsync(Int32 minimumRequiredBytes, CancellationToken cancellationToken)
   at System.Runtime.CompilerServices.PoolingAsyncValueTaskMethodBuilder`1.StateMachineBox`1.System.Threading.Tasks.Sources.IValueTaskSource.GetResult(Int16 token)
   at System.Net.WebSockets.ManagedWebSocket.ReceiveAsyncPrivate[TResult](Memory`1 payloadBuffer, CancellationToken cancellationToken)
   at System.Net.WebSockets.ManagedWebSocket.ReceiveAsyncPrivate[TResult](Memory`1 payloadBuffer, CancellationToken cancellationToken)
   at System.Threading.Tasks.ValueTask`1.ValueTaskSourceAsTask.<>c.<.cctor>b__4_0(Object state)
--- End of stack trace from previous location ---
   at OpenFreq.Common.OpenFreqRtcClient.ReceiveMessagesAsync()
2026-09-26 15:47:27.039 -04:00 [INF] [OpenFreq.Common.RtpAudioSender] Disposed. Sent 11558 packets over 1275.7s (9.1 pps)
2026-09-26 15:47:27.039 -04:00 [INF] [OpenFreq.Common.RtpAudioReceiver] Receive loop stopped
2026-09-26 15:47:27.039 -04:00 [INF] [OpenFreq.Common.RtpAudioReceiver] === RTP Receiver Statistics ===
2026-09-26 15:47:27.039 -04:00 [INF] [OpenFreq.Common.RtpAudioReceiver]   Packets received: 8574
2026-09-26 15:47:27.039 -04:00 [INF] [OpenFreq.Common.RtpAudioReceiver]   Packets lost: 22 (0.26%)
2026-09-26 15:47:27.039 -04:00 [INF] [OpenFreq.Common.RtpAudioReceiver]   Packets late: 20
2026-09-26 15:47:27.039 -04:00 [INF] [OpenFreq.Common.RtpAudioReceiver]   Packets duplicate: 0
2026-09-26 15:47:27.039 -04:00 [INF] [OpenFreq.Common.RtpAudioReceiver]   Packets played: 8554
2026-09-26 15:47:27.039 -04:00 [INF] [OpenFreq.Common.RtpAudioReceiver]   Loss Recovery:
2026-09-26 15:47:27.039 -04:00 [INF] [OpenFreq.Common.RtpAudioReceiver]     Concealment runs rescued: 17
2026-09-26 15:47:27.039 -04:00 [INF] [OpenFreq.Common.RtpAudioReceiver]       needed 1 blind frame(s): 10 — a blind cap of 0 loses these
2026-09-26 15:47:27.039 -04:00 [INF] [OpenFreq.Common.RtpAudioReceiver]       needed 2 blind frame(s): 1 — a blind cap of 1 loses these
2026-09-26 15:47:27.039 -04:00 [INF] [OpenFreq.Common.RtpAudioReceiver]       needed 3 blind frame(s): 2 — a blind cap of 2 loses these
2026-09-26 15:47:27.039 -04:00 [INF] [OpenFreq.Common.RtpAudioReceiver]   Measured jitter: 6.1ms (avg)
2026-09-26 15:47:27.039 -04:00 [INF] [OpenFreq.Common.RtpAudioReceiver]   Buffer size: 61ms (avg, adaptive)
2026-09-26 15:47:27.039 -04:00 [INF] [OpenFreq.Common.RtpAudioReceiver]   Currently buffered: 0 packets
2026-09-26 15:47:27.039 -04:00 [INF] [OpenFreq.Common.RtpAudioReceiver]   SSRC=2176AC39: rx=161 lost=0 (0.0%) jitter=8.8ms buffer=65ms buffered=0
2026-09-26 15:47:27.039 -04:00 [INF] [OpenFreq.Common.RtpAudioReceiver]   SSRC=3EB49D5B: rx=145 lost=0 (0.0%) jitter=8.9ms buffer=58ms buffered=0
2026-09-26 15:47:27.039 -04:00 [INF] [OpenFreq.Common.RtpAudioReceiver]   SSRC=0B8FB835: rx=1724 lost=3 (0.2%) jitter=7.9ms buffer=33ms buffered=0
2026-09-26 15:47:27.039 -04:00 [INF] [OpenFreq.Common.RtpAudioReceiver]   SSRC=3519F4B2: rx=413 lost=1 (0.2%) jitter=5.0ms buffer=56ms buffered=0
2026-09-26 15:47:27.039 -04:00 [INF] [OpenFreq.Common.RtpAudioReceiver]   SSRC=407FFF3F: rx=243 lost=3 (1.2%) jitter=8.1ms buffer=106ms buffered=0
2026-09-26 15:47:27.039 -04:00 [INF] [OpenFreq.Common.RtpAudioReceiver]   SSRC=32C7C971: rx=1127 lost=3 (0.3%) jitter=2.5ms buffer=43ms buffered=0
2026-09-26 15:47:27.039 -04:00 [INF] [OpenFreq.Common.RtpAudioReceiver]   SSRC=10B73873: rx=681 lost=3 (0.4%) jitter=7.9ms buffer=99ms buffered=0
2026-09-26 15:47:27.039 -04:00 [INF] [OpenFreq.Common.RtpAudioReceiver]   SSRC=15B167C8: rx=1551 lost=1 (0.1%) jitter=4.9ms buffer=48ms buffered=0
2026-09-26 15:47:27.039 -04:00 [INF] [OpenFreq.Common.RtpAudioReceiver]   SSRC=7668AE7F: rx=1654 lost=8 (0.5%) jitter=6.0ms buffer=74ms buffered=0
2026-09-26 15:47:27.039 -04:00 [INF] [OpenFreq.Common.RtpAudioReceiver]   SSRC=2B251449: rx=292 lost=0 (0.0%) jitter=5.1ms buffer=55ms buffered=0
2026-09-26 15:47:27.039 -04:00 [INF] [OpenFreq.Common.RtpAudioReceiver]   SSRC=6685BCEA: rx=291 lost=0 (0.0%) jitter=3.0ms buffer=47ms buffered=0
2026-09-26 15:47:27.039 -04:00 [INF] [OpenFreq.Common.RtpAudioReceiver]   SSRC=5FC1A72A: rx=292 lost=0 (0.0%) jitter=5.6ms buffer=46ms buffered=0
2026-09-26 15:47:27.039 -04:00 [INF] [OpenFreq.Common.RtpAudioReceiver] ================================
2026-09-26 15:47:27.039 -04:00 [INF] [OpenFreq.Common.RtpAudioReceiver] Disposed
2026-09-26 15:47:27.039 -04:00 [INF] [OpenFreq.Common.OpenFreqRtcClient] Connection lost unexpectedly — reconnecting for up to 60s
2026-09-26 15:47:30.463 -04:00 [WRN] [OpenFreq.Common.OpenFreqRtcClient] Reconnect attempt 1 failed
System.Net.WebSockets.WebSocketException (0x80004005): Unable to connect to the remote server
 ---> System.Net.Http.HttpRequestException: No connection could be made because the target machine actively refused it. (13.217.207.139:9987)
 ---> System.Net.Sockets.SocketException (10061): No connection could be made because the target machine actively refused it.
   at System.Net.Sockets.Socket.AwaitableSocketAsyncEventArgs.ThrowException(SocketError error, CancellationToken cancellationToken)
   at System.Net.Sockets.Socket.AwaitableSocketAsyncEventArgs.System.Threading.Tasks.Sources.IValueTaskSource.GetResult(Int16 token)
   at System.Net.Http.HttpConnectionPool.ConnectToTcpHostAsync(String host, Int32 port, HttpRequestMessage initialRequest, Boolean async, CancellationToken cancellationToken)
   --- End of inner exception stack trace ---
   at System.Net.Http.HttpConnectionPool.ConnectToTcpHostAsync(String host, Int32 port, HttpRequestMessage initialRequest, Boolean async, CancellationToken cancellationToken)
   at System.Net.Http.HttpConnectionPool.ConnectAsync(HttpRequestMessage request, Boolean async, CancellationToken cancellationToken)
   at System.Net.Http.HttpConnectionPool.CreateHttp11ConnectionAsync(HttpRequestMessage request, Boolean async, CancellationToken cancellationToken)
   at System.Net.Http.HttpConnectionPool.InjectNewHttp11ConnectionAsync(QueueItem queueItem)
   at System.Threading.Tasks.TaskCompletionSourceWithCancellation`1.WaitWithCancellationAsync(CancellationToken cancellationToken)
   at System.Net.Http.HttpConnectionPool.SendWithVersionDetectionAndRetryAsync(HttpRequestMessage request, Boolean async, Boolean doRequestAuth, CancellationToken cancellationToken)
   at System.Net.Http.RedirectHandler.SendAsync(HttpRequestMessage request, Boolean async, CancellationToken cancellationToken)
   at System.Net.WebSockets.WebSocketHandle.ConnectAsync(Uri uri, HttpMessageInvoker invoker, CancellationToken cancellationToken, ClientWebSocketOptions options)
   at System.Net.WebSockets.WebSocketHandle.ConnectAsync(Uri uri, HttpMessageInvoker invoker, CancellationToken cancellationToken, ClientWebSocketOptions options)
   at System.Net.WebSockets.ClientWebSocket.ConnectAsyncCore(Uri uri, HttpMessageInvoker invoker, CancellationToken cancellationToken)
   at OpenFreq.Common.OpenFreqRtcClient.ConnectInternalAsync(Nullable`1 connectTimeout)
   at OpenFreq.Common.OpenFreqRtcClient.ReconnectAsync()
2026-09-26 15:47:33.317 -04:00 [WRN] [OpenFreq.Common.OpenFreqRtcClient] Reconnect attempt 2 failed
System.Net.WebSockets.WebSocketException (0x80004005): Unable to connect to the remote server
 ---> System.Net.Http.HttpRequestException: No connection could be made because the target machine actively refused it. (13.217.207.139:9987)
 ---> System.Net.Sockets.SocketException (10061): No connection could be made because the target machine actively refused it.
   at System.Net.Sockets.Socket.AwaitableSocketAsyncEventArgs.ThrowException(SocketError error, CancellationToken cancellationToken)
   at System.Net.Sockets.Socket.AwaitableSocketAsyncEventArgs.System.Threading.Tasks.Sources.IValueTaskSource.GetResult(Int16 token)
   at System.Net.Http.HttpConnectionPool.ConnectToTcpHostAsync(String host, Int32 port, HttpRequestMessage initialRequest, Boolean async, CancellationToken cancellationToken)
   --- End of inner exception stack trace ---
   at System.Net.Http.HttpConnectionPool.ConnectToTcpHostAsync(String host, Int32 port, HttpRequestMessage initialRequest, Boolean async, CancellationToken cancellationToken)
   at System.Net.Http.HttpConnectionPool.ConnectAsync(HttpRequestMessage request, Boolean async, CancellationToken cancellationToken)
   at System.Net.Http.HttpConnectionPool.CreateHttp11ConnectionAsync(HttpRequestMessage request, Boolean async, CancellationToken cancellationToken)
   at System.Net.Http.HttpConnectionPool.InjectNewHttp11ConnectionAsync(QueueItem queueItem)
   at System.Threading.Tasks.TaskCompletionSourceWithCancellation`1.WaitWithCancellationAsync(CancellationToken cancellationToken)
   at System.Net.Http.HttpConnectionPool.SendWithVersionDetectionAndRetryAsync(HttpRequestMessage request, Boolean async, Boolean doRequestAuth, CancellationToken cancellationToken)
   at System.Net.Http.RedirectHandler.SendAsync(HttpRequestMessage request, Boolean async, CancellationToken cancellationToken)
   at System.Net.WebSockets.WebSocketHandle.ConnectAsync(Uri uri, HttpMessageInvoker invoker, CancellationToken cancellationToken, ClientWebSocketOptions options)
   at System.Net.WebSockets.WebSocketHandle.ConnectAsync(Uri uri, HttpMessageInvoker invoker, CancellationToken cancellationToken, ClientWebSocketOptions options)
   at System.Net.WebSockets.ClientWebSocket.ConnectAsyncCore(Uri uri, HttpMessageInvoker invoker, CancellationToken cancellationToken)
   at OpenFreq.Common.OpenFreqRtcClient.ConnectInternalAsync(Nullable`1 connectTimeout)
   at OpenFreq.Common.OpenFreqRtcClient.ReconnectAsync()
2026-09-26 15:47:45.327 -04:00 [WRN] [OpenFreq.Common.OpenFreqRtcClient] Reconnect attempt 3 failed
System.Threading.Tasks.TaskCanceledException: A task was canceled.
   at System.Threading.Tasks.TaskCompletionSourceWithCancellation`1.WaitWithCancellationAsync(CancellationToken cancellationToken)
   at System.Net.Http.HttpConnectionPool.SendWithVersionDetectionAndRetryAsync(HttpRequestMessage request, Boolean async, Boolean doRequestAuth, CancellationToken cancellationToken)
   at System.Net.Http.RedirectHandler.SendAsync(HttpRequestMessage request, Boolean async, CancellationToken cancellationToken)
   at System.Net.WebSockets.WebSocketHandle.ConnectAsync(Uri uri, HttpMessageInvoker invoker, CancellationToken cancellationToken, ClientWebSocketOptions options)
   at System.Net.WebSockets.ClientWebSocket.ConnectAsyncCore(Uri uri, HttpMessageInvoker invoker, CancellationToken cancellationToken)
   at OpenFreq.Common.OpenFreqRtcClient.ConnectInternalAsync(Nullable`1 connectTimeout)
   at OpenFreq.Common.OpenFreqRtcClient.ReconnectAsync()
2026-09-26 15:47:59.673 -04:00 [WRN] [OpenFreq.Common.OpenFreqRtcClient] Reconnect attempt 4 failed
System.Threading.Tasks.TaskCanceledException: A task was canceled.
   at System.Threading.Tasks.TaskCompletionSourceWithCancellation`1.WaitWithCancellationAsync(CancellationToken cancellationToken)
   at System.Net.Http.HttpConnectionPool.SendWithVersionDetectionAndRetryAsync(HttpRequestMessage request, Boolean async, Boolean doRequestAuth, CancellationToken cancellationToken)
   at System.Net.Http.RedirectHandler.SendAsync(HttpRequestMessage request, Boolean async, CancellationToken cancellationToken)
   at System.Net.WebSockets.WebSocketHandle.ConnectAsync(Uri uri, HttpMessageInvoker invoker, CancellationToken cancellationToken, ClientWebSocketOptions options)
   at System.Net.WebSockets.ClientWebSocket.ConnectAsyncCore(Uri uri, HttpMessageInvoker invoker, CancellationToken cancellationToken)
   at OpenFreq.Common.OpenFreqRtcClient.ConnectInternalAsync(Nullable`1 connectTimeout)
   at OpenFreq.Common.OpenFreqRtcClient.ReconnectAsync()
2026-09-26 15:48:12.196 -04:00 [WRN] [OpenFreq.Common.OpenFreqRtcClient] Reconnect attempt 5 failed
System.Threading.Tasks.TaskCanceledException: A task was canceled.
   at System.Threading.Tasks.TaskCompletionSourceWithCancellation`1.WaitWithCancellationAsync(CancellationToken cancellationToken)
   at System.Net.Http.HttpConnectionPool.SendWithVersionDetectionAndRetryAsync(HttpRequestMessage request, Boolean async, Boolean doRequestAuth, CancellationToken cancellationToken)
   at System.Net.Http.RedirectHandler.SendAsync(HttpRequestMessage request, Boolean async, CancellationToken cancellationToken)
   at System.Net.WebSockets.WebSocketHandle.ConnectAsync(Uri uri, HttpMessageInvoker invoker, CancellationToken cancellationToken, ClientWebSocketOptions options)
   at System.Net.WebSockets.ClientWebSocket.ConnectAsyncCore(Uri uri, HttpMessageInvoker invoker, CancellationToken cancellationToken)
   at OpenFreq.Common.OpenFreqRtcClient.ConnectInternalAsync(Nullable`1 connectTimeout)
   at OpenFreq.Common.OpenFreqRtcClient.ReconnectAsync()
2026-09-26 15:48:27.040 -04:00 [WRN] [OpenFreq.Common.OpenFreqRtcClient] Reconnect attempt 6 failed
System.Threading.Tasks.TaskCanceledException: A task was canceled.
   at System.Threading.Tasks.TaskCompletionSourceWithCancellation`1.WaitWithCancellationAsync(CancellationToken cancellationToken)
   at System.Net.Http.HttpConnectionPool.SendWithVersionDetectionAndRetryAsync(HttpRequestMessage request, Boolean async, Boolean doRequestAuth, CancellationToken cancellationToken)
   at System.Net.Http.RedirectHandler.SendAsync(HttpRequestMessage request, Boolean async, CancellationToken cancellationToken)
   at System.Net.WebSockets.WebSocketHandle.ConnectAsync(Uri uri, HttpMessageInvoker invoker, CancellationToken cancellationToken, ClientWebSocketOptions options)
   at System.Net.WebSockets.ClientWebSocket.ConnectAsyncCore(Uri uri, HttpMessageInvoker invoker, CancellationToken cancellationToken)
   at OpenFreq.Common.OpenFreqRtcClient.ConnectInternalAsync(Nullable`1 connectTimeout)
   at OpenFreq.Common.OpenFreqRtcClient.ReconnectAsync()
2026-09-26 15:48:27.040 -04:00 [ERR] [OpenFreqClient.Services.OpenFreqService] Lost connection to server — reconnect failed after 60s
2026-09-26 15:48:27.041 -04:00 [ERR] [OpenFreqClient.ViewModels.MainWindowViewModel] Lost connection to server
2026-09-26 15:48:27.045 -04:00 [ERR] [OpenFreqClient.ViewModels.MainWindowViewModel] Error: Lost connection to server — reconnect failed after 60s
2026-09-26 15:52:39.273 -04:00 [INF] [] OpenFreq Client 1.1.4 starting
2026-09-26 15:52:39.304 -04:00 [INF] [OpenFreq.Client.NativeMethods.Win32TimerResolution] Timer resolution set to 1 ms
2026-09-26 15:52:39.582 -04:00 [INF] [OpenFreq.Client.Services.FalconRadioSharedMemoryService] Mutex acquired - RCS owner
2026-09-26 15:52:39.583 -04:00 [INF] [OpenFreq.Client.Services.FalconRadioSharedMemoryService] RCS shared memory created, flags cleared
2026-09-26 15:52:39.583 -04:00 [INF] [OpenFreq.Client.Services.FalconRadioSharedMemoryService] RCS status: "AllClear" → "ClientActive"
2026-09-26 15:52:39.584 -04:00 [INF] [OpenFreq.Client.Services.FalconRadioSharedMemoryService] State: "Stopped" → "RcsCreated"
2026-09-26 15:52:39.585 -04:00 [INF] [OpenFreq.Client.Services.FalconRadioSharedMemoryService] Started
2026-09-26 15:52:39.586 -04:00 [INF] [OpenFreq.Client.Services.FalconSharedMemoryService] State: "Stopped" -> "Disconnected"
2026-09-26 15:52:39.586 -04:00 [INF] [OpenFreq.Client.Services.FalconSharedMemoryService] Started
2026-09-26 15:52:39.586 -04:00 [INF] [OpenFreqClient.Services.HotkeyService] HotkeyService started (keyboard support enabled)
2026-09-26 15:52:39.624 -04:00 [INF] [OpenFreqClient.Services.HotkeyService] Acquired joystick: Throttle - HOTAS Warthog (GUID: "b5a2bf50-4685-11ed-8002-444553540000")
2026-09-26 15:52:39.625 -04:00 [INF] [OpenFreqClient.Services.HotkeyService] Acquired joystick: CH PRO PEDALS USB (GUID: "582f57c0-7a0b-11ed-8001-444553540000")
2026-09-26 15:52:39.626 -04:00 [INF] [OpenFreqClient.Services.HotkeyService] Acquired joystick: F16 MFD 2 (GUID: "e98bf5f0-4682-11ed-8002-444553540000")
2026-09-26 15:52:39.627 -04:00 [INF] [OpenFreqClient.Services.HotkeyService] Acquired joystick: F16 MFD 1 (GUID: "e98bf5f0-4682-11ed-8001-444553540000")
2026-09-26 15:52:39.628 -04:00 [INF] [OpenFreqClient.Services.HotkeyService] Acquired joystick: Joystick - HOTAS Warthog (GUID: "b5a04e50-4685-11ed-8001-444553540000")
2026-09-26 15:52:39.628 -04:00 [INF] [OpenFreqClient.Services.HotkeyService] Started joystick polling thread for 5 device(s)
2026-09-26 15:52:39.628 -04:00 [INF] [OpenFreqClient.Services.HotkeyService] DirectInput initialized - joystick support enabled
2026-09-26 15:52:39.673 -04:00 [INF] [OpenFreqClient.AudioService] Device monitoring started
2026-09-26 15:52:39.684 -04:00 [INF] [OpenFreqClient.Services.IvcMonitorService] Monitoring started
2026-09-26 16:00:23.103 -04:00 [INF] [OpenFreqClient.ViewModels.SettingsViewModel] Connection mode changed to "GCI"
2026-09-26 16:00:23.109 -04:00 [INF] [OpenFreq.Client.Services.FalconSharedMemoryService] State: "Disconnected" -> "Stopped"
2026-09-26 16:00:23.109 -04:00 [INF] [OpenFreq.Client.Services.FalconSharedMemoryService] Stopped
2026-09-26 16:00:23.109 -04:00 [INF] [OpenFreq.Client.Services.FalconRadioSharedMemoryService] RCS status: "ClientActive" → "AllClear"
2026-09-26 16:00:23.109 -04:00 [INF] [OpenFreq.Client.Services.FalconRadioSharedMemoryService] State: "RcsCreated" → "Stopped"
2026-09-26 16:00:23.110 -04:00 [INF] [OpenFreq.Client.Services.FalconRadioSharedMemoryService] Stopped
2026-09-26 16:00:23.110 -04:00 [INF] [OpenFreqClient.Services.HotkeyService] Unregistered all 0 "SquelchToggle" hotkeys
2026-09-26 16:23:10.580 -04:00 [INF] [OpenFreqClient.Services.OpenFreqService] Playback Service initialized
2026-09-26 16:23:10.829 -04:00 [INF] [OpenFreq.Common.RtpAudioSender] Initialized
2026-09-26 16:23:10.829 -04:00 [INF] [OpenFreq.Common.RtpAudioSender]   Server: 100.30.236.80:9988
2026-09-26 16:23:10.829 -04:00 [INF] [OpenFreq.Common.RtpAudioSender]   SSRC: 0x53E5B055
2026-09-26 16:23:10.831 -04:00 [INF] [OpenFreq.Common.RtpAudioReceiver] Started on port 51729
2026-09-26 16:23:10.831 -04:00 [INF] [OpenFreq.Common.RtpAudioReceiver]   Initial buffer: 150ms (adaptive, per-SSRC)
2026-09-26 16:23:10.832 -04:00 [INF] [OpenFreq.Common.RtpAudioReceiver] Receive loop started
2026-09-26 16:23:10.853 -04:00 [INF] [OpenFreqClient.Services.OpenFreqService] Capturing from recording device (BASS index 1): Microphone (Arctis 7+)
2026-09-26 16:23:11.092 -04:00 [INF] [OpenFreq.Services.Acmi.AcmiClientService] ACMI status: "Disconnected" -> "Connecting"
2026-09-26 16:23:11.093 -04:00 [INF] [OpenFreq.Services.Acmi.AcmiClientService] Connecting to 100.30.236.80:42674
2026-09-26 16:23:13.271 -04:00 [ERR] [OpenFreq.Services.Acmi.AcmiClientService] Connection error
System.Net.Sockets.SocketException (10061): No connection could be made because the target machine actively refused it.
   at System.Net.Sockets.Socket.AwaitableSocketAsyncEventArgs.ThrowException(SocketError error, CancellationToken cancellationToken)
   at System.Net.Sockets.Socket.AwaitableSocketAsyncEventArgs.System.Threading.Tasks.Sources.IValueTaskSource.GetResult(Int16 token)
   at System.Net.Sockets.TcpClient.CompleteConnectAsync(ValueTask task)
   at OpenFreq.Services.Acmi.AcmiClientService.ConnectionLoopAsync(CancellationToken cancellationToken)
2026-09-26 16:23:13.272 -04:00 [INF] [OpenFreq.Services.Acmi.AcmiClientService] ACMI status: "Connecting" -> "Failed"
2026-09-26 16:23:18.274 -04:00 [INF] [OpenFreq.Services.Acmi.AcmiClientService] ACMI status: "Failed" -> "Connecting"
2026-09-26 16:23:18.274 -04:00 [INF] [OpenFreq.Services.Acmi.AcmiClientService] Connecting to 100.30.236.80:42674
2026-09-26 16:23:20.449 -04:00 [ERR] [OpenFreq.Services.Acmi.AcmiClientService] Connection error
System.Net.Sockets.SocketException (10061): No connection could be made because the target machine actively refused it.
   at System.Net.Sockets.Socket.AwaitableSocketAsyncEventArgs.ThrowException(SocketError error, CancellationToken cancellationToken)
   at System.Net.Sockets.Socket.AwaitableSocketAsyncEventArgs.System.Threading.Tasks.Sources.IValueTaskSource.GetResult(Int16 token)
   at System.Net.Sockets.TcpClient.CompleteConnectAsync(ValueTask task)
   at OpenFreq.Services.Acmi.AcmiClientService.ConnectionLoopAsync(CancellationToken cancellationToken)
2026-09-26 16:23:20.449 -04:00 [INF] [OpenFreq.Services.Acmi.AcmiClientService] ACMI status: "Connecting" -> "Failed"
2026-09-26 16:23:25.449 -04:00 [INF] [OpenFreq.Services.Acmi.AcmiClientService] ACMI status: "Failed" -> "Connecting"
2026-09-26 16:23:25.449 -04:00 [INF] [OpenFreq.Services.Acmi.AcmiClientService] Connecting to 100.30.236.80:42674
2026-09-26 16:23:27.631 -04:00 [ERR] [OpenFreq.Services.Acmi.AcmiClientService] Connection error
System.Net.Sockets.SocketException (10061): No connection could be made because the target machine actively refused it.
   at System.Net.Sockets.Socket.AwaitableSocketAsyncEventArgs.ThrowException(SocketError error, CancellationToken cancellationToken)
   at System.Net.Sockets.Socket.AwaitableSocketAsyncEventArgs.System.Threading.Tasks.Sources.IValueTaskSource.GetResult(Int16 token)
   at System.Net.Sockets.TcpClient.CompleteConnectAsync(ValueTask task)
   at OpenFreq.Services.Acmi.AcmiClientService.ConnectionLoopAsync(CancellationToken cancellationToken)
2026-09-26 16:23:27.631 -04:00 [INF] [OpenFreq.Services.Acmi.AcmiClientService] ACMI status: "Connecting" -> "Failed"
2026-09-26 16:23:31.217 -04:00 [INF] [OpenFreqAudio.RadioPlayback] TuneFrequency 225.000 MHz
2026-09-26 16:23:32.064 -04:00 [INF] [OpenFreqClient.Services.OpenFreqService] PTT start: own radio on 225.000 MHz
2026-09-26 16:23:32.159 -04:00 [INF] [OpenFreqClient.Services.OpenFreqService] PTT end: own radio on 225.000 MHz
2026-09-26 16:23:32.163 -04:00 [INF] [OpenFreqClient.Services.OpenFreqService] TX level over 90ms: mic peak -41.2 dBFS rms -53.8 dBFS | sent peak -41.0 dBFS rms -53.6 dBFS | normalizer on, gain 1.098, gate -36.7 dBFS
2026-09-26 16:23:32.633 -04:00 [INF] [OpenFreq.Services.Acmi.AcmiClientService] ACMI status: "Failed" -> "Connecting"
2026-09-26 16:23:32.633 -04:00 [INF] [OpenFreq.Services.Acmi.AcmiClientService] Connecting to 100.30.236.80:42674
2026-09-26 16:23:34.801 -04:00 [ERR] [OpenFreq.Services.Acmi.AcmiClientService] Connection error
System.Net.Sockets.SocketException (10061): No connection could be made because the target machine actively refused it.
   at System.Net.Sockets.Socket.AwaitableSocketAsyncEventArgs.ThrowException(SocketError error, CancellationToken cancellationToken)
   at System.Net.Sockets.Socket.AwaitableSocketAsyncEventArgs.System.Threading.Tasks.Sources.IValueTaskSource.GetResult(Int16 token)
   at System.Net.Sockets.TcpClient.CompleteConnectAsync(ValueTask task)
   at OpenFreq.Services.Acmi.AcmiClientService.ConnectionLoopAsync(CancellationToken cancellationToken)
2026-09-26 16:23:34.801 -04:00 [INF] [OpenFreq.Services.Acmi.AcmiClientService] ACMI status: "Connecting" -> "Failed"
2026-09-26 16:23:39.803 -04:00 [INF] [OpenFreq.Services.Acmi.AcmiClientService] ACMI status: "Failed" -> "Connecting"
2026-09-26 16:23:39.803 -04:00 [INF] [OpenFreq.Services.Acmi.AcmiClientService] Connecting to 100.30.236.80:42674
2026-09-26 16:23:39.826 -04:00 [INF] [OpenFreqAudio.RadioPlayback] TuneFrequency 339.750 MHz
2026-09-26 16:23:39.855 -04:00 [INF] [OpenFreqAudio.RadioPlayback] Stream '38562a9e-c5a7-4d8e-8e84-ac5f77661794:339750' on 339.750 MHz
2026-09-26 16:23:39.855 -04:00 [INF] [OpenFreqAudio.RadioPlayback] Stream 'fd8e3112-e083-4da8-be92-04d9f9642ebe:339750' on 339.750 MHz
2026-09-26 16:23:39.855 -04:00 [INF] [OpenFreqAudio.RadioPlayback] Stream 'cd4470e2-49f3-4b5d-9822-b17ed0c432a7:339750' on 339.750 MHz
2026-09-26 16:23:39.855 -04:00 [INF] [OpenFreqAudio.RadioPlayback] Stream '2af88464-1ea8-4d04-80ba-d98d4f842617:339750' on 339.750 MHz
2026-09-26 16:23:39.855 -04:00 [INF] [OpenFreqAudio.RadioPlayback] Stream 'bad80b09-e94d-4c75-9eab-c3ffca19bd3b:339750' on 339.750 MHz
2026-09-26 16:23:39.855 -04:00 [INF] [OpenFreqAudio.RadioPlayback] Stream '4c187006-039a-4fcb-b6df-d456875763f7:339750' on 339.750 MHz
2026-09-26 16:23:39.855 -04:00 [INF] [OpenFreqAudio.RadioPlayback] Stream '179a68da-a2bc-45c0-9d2b-9f0af5fa49ea:339750' on 339.750 MHz
2026-09-26 16:23:39.855 -04:00 [INF] [OpenFreqAudio.RadioPlayback] Stream '034f2d4f-8a1e-4d37-b81b-90f8690d9187:339750' on 339.750 MHz
2026-09-26 16:23:39.855 -04:00 [INF] [OpenFreqAudio.RadioPlayback] Stream '3f69df0a-0474-4403-96f9-9167afaa52d9:339750' on 339.750 MHz
2026-09-26 16:23:39.855 -04:00 [INF] [OpenFreqAudio.RadioPlayback] Stream '96d0aaf9-fc04-4ef3-8c64-f95b30259b59:339750' on 339.750 MHz
2026-09-26 16:23:39.855 -04:00 [INF] [OpenFreqAudio.RadioPlayback] Stream '43ff3b58-7576-451b-af7c-3b0c94df56b7:339750' on 339.750 MHz
2026-09-26 16:23:39.855 -04:00 [INF] [OpenFreqAudio.RadioPlayback] Stream 'e406d0a0-64e6-4450-9ec0-300837b7b89a:339750' on 339.750 MHz
2026-09-26 16:23:39.855 -04:00 [INF] [OpenFreqAudio.RadioPlayback] Stream '334bf3fa-605f-4145-a460-1e0fa9526a3d:339750' on 339.750 MHz
2026-09-26 16:23:39.855 -04:00 [INF] [OpenFreqAudio.RadioPlayback] Stream '9c5f9224-8277-4f34-8da9-dbeb707f0e00:339750' on 339.750 MHz
2026-09-26 16:23:39.856 -04:00 [INF] [OpenFreqAudio.RadioPlayback] Stream '0b5a8147-b1fa-4307-a8c3-d1087389de25:339750' on 339.750 MHz
2026-09-26 16:23:39.856 -04:00 [INF] [OpenFreqAudio.RadioPlayback] Stream 'd52d332f-8742-40f6-b985-35a908d32642:339750' on 339.750 MHz
2026-09-26 16:23:39.856 -04:00 [INF] [OpenFreqAudio.RadioPlayback] Stream 'fc74b220-b0a9-42b3-a47d-1c86e24c2b57:339750' on 339.750 MHz
2026-09-26 16:23:39.856 -04:00 [INF] [OpenFreqAudio.RadioPlayback] Stream 'f4461c8b-b37f-4d25-a4cb-5da5ffdcefdc:339750' on 339.750 MHz
2026-09-26 16:23:39.856 -04:00 [INF] [OpenFreqAudio.RadioPlayback] Stream '9ac4a3e8-e935-4564-a9e9-54d417e10880:339750' on 339.750 MHz
2026-09-26 16:23:39.856 -04:00 [INF] [OpenFreqAudio.RadioPlayback] Stream 'b18f6921-3ac5-4bf0-9303-fe45b072bde1:339750' on 339.750 MHz
2026-09-26 16:23:39.856 -04:00 [INF] [OpenFreqAudio.RadioPlayback] Stream 'ee23d6e9-c508-4e2b-9961-9fd28e96aa1e:339750' on 339.750 MHz
2026-09-26 16:23:40.850 -04:00 [INF] [OpenFreqClient.Services.OpenFreqService] PTT start: Stevie (3f69df0a-0474-4403-96f9-9167afaa52d9) on 339.750 MHz, 2D
2026-09-26 16:23:40.867 -04:00 [INF] [OpenFreq.Common.RtpJitterBufferPool] New RTP source: SSRC=5958BBE0
2026-09-26 16:23:40.868 -04:00 [INF] [OpenFreq.Common.RtpJitterBuffer] Manual buffer size: 150ms
2026-09-26 16:23:40.868 -04:00 [INF] [OpenFreq.Common.RtpAudioReceiver] Source joined:  SSRC=5958BBE0
2026-09-26 16:23:40.868 -04:00 [INF] [OpenFreq.Common.RtpJitterBuffer] Initialized: buffer=150ms
2026-09-26 16:23:41.388 -04:00 [INF] [OpenFreqClient.Services.OpenFreqService] PTT start: Kug (e406d0a0-64e6-4450-9ec0-300837b7b89a) on 339.750 MHz, 2D
2026-09-26 16:23:41.405 -04:00 [INF] [OpenFreq.Common.RtpJitterBufferPool] New RTP source: SSRC=141FC2A9
2026-09-26 16:23:41.405 -04:00 [INF] [OpenFreq.Common.RtpJitterBuffer] Manual buffer size: 150ms
2026-09-26 16:23:41.405 -04:00 [INF] [OpenFreq.Common.RtpAudioReceiver] Source joined:  SSRC=141FC2A9
2026-09-26 16:23:41.405 -04:00 [INF] [OpenFreq.Common.RtpJitterBuffer] Initialized: buffer=150ms
2026-09-26 16:23:41.676 -04:00 [INF] [OpenFreqClient.Services.OpenFreqService] PTT end: Stevie (3f69df0a-0474-4403-96f9-9167afaa52d9) on 339.750 MHz, released
2026-09-26 16:23:41.768 -04:00 [INF] [OpenFreqClient.Services.OpenFreqService] PTT end: Kug (e406d0a0-64e6-4450-9ec0-300837b7b89a) on 339.750 MHz, released
2026-09-26 16:23:41.983 -04:00 [ERR] [OpenFreq.Services.Acmi.AcmiClientService] Connection error
System.Net.Sockets.SocketException (10061): No connection could be made because the target machine actively refused it.
   at System.Net.Sockets.Socket.AwaitableSocketAsyncEventArgs.ThrowException(SocketError error, CancellationToken cancellationToken)
   at System.Net.Sockets.Socket.AwaitableSocketAsyncEventArgs.System.Threading.Tasks.Sources.IValueTaskSource.GetResult(Int16 token)
   at System.Net.Sockets.TcpClient.CompleteConnectAsync(ValueTask task)
   at OpenFreq.Services.Acmi.AcmiClientService.ConnectionLoopAsync(CancellationToken cancellationToken)
2026-09-26 16:23:41.983 -04:00 [INF] [OpenFreq.Services.Acmi.AcmiClientService] ACMI status: "Connecting" -> "Failed"
2026-09-26 16:23:43.300 -04:00 [INF] [OpenFreqClient.Services.OpenFreqService] PTT start: Kug (e406d0a0-64e6-4450-9ec0-300837b7b89a) on 339.750 MHz, 2D
2026-09-26 16:23:43.315 -04:00 [INF] [OpenFreq.Common.RtpJitterBuffer] Transmission gap detected (1554ms RTP delta), resetting jitter measurement
2026-09-26 16:23:44.562 -04:00 [INF] [OpenFreqAudio.RadioPlayback] Stream '91c4c764-ac55-4b66-98e4-d070ed54be23:339750' on 339.750 MHz
2026-09-26 16:23:45.008 -04:00 [INF] [OpenFreqClient.Services.OpenFreqService] PTT end: Kug (e406d0a0-64e6-4450-9ec0-300837b7b89a) on 339.750 MHz, released
2026-09-26 16:23:45.060 -04:00 [WRN] [OpenFreqAudio.RadioPlayback] Stream e406d0a0-64e6-4450-9ec0-300837b7b89a:339750 on 339.750 MHz had no samples for 8.6 ms
2026-09-26 16:23:45.277 -04:00 [INF] [OpenFreqClient.Services.OpenFreqService] PTT start: Woody (179a68da-a2bc-45c0-9d2b-9f0af5fa49ea) on 339.750 MHz, 2D
2026-09-26 16:23:45.315 -04:00 [INF] [OpenFreq.Common.RtpJitterBufferPool] New RTP source: SSRC=5B9A0C43
2026-09-26 16:23:45.315 -04:00 [INF] [OpenFreq.Common.RtpJitterBuffer] Manual buffer size: 150ms
2026-09-26 16:23:45.315 -04:00 [INF] [OpenFreq.Common.RtpAudioReceiver] Source joined:  SSRC=5B9A0C43
2026-09-26 16:23:45.315 -04:00 [INF] [OpenFreq.Common.RtpJitterBuffer] Initialized: buffer=150ms
2026-09-26 16:23:45.353 -04:00 [INF] [OpenFreqClient.Services.OpenFreqService] PTT start: Kug (e406d0a0-64e6-4450-9ec0-300837b7b89a) on 339.750 MHz, 2D
2026-09-26 16:23:45.519 -04:00 [WRN] [OpenFreqAudio.RadioPlayback] Stream 179a68da-a2bc-45c0-9d2b-9f0af5fa49ea:339750 on 339.750 MHz had no samples for 4.5 ms
2026-09-26 16:23:45.905 -04:00 [INF] [OpenFreqClient.Services.OpenFreqService] PTT end: Kug (e406d0a0-64e6-4450-9ec0-300837b7b89a) on 339.750 MHz, released
2026-09-26 16:23:46.197 -04:00 [INF] [OpenFreqClient.Services.OpenFreqService] PTT end: Woody (179a68da-a2bc-45c0-9d2b-9f0af5fa49ea) on 339.750 MHz, released
2026-09-26 16:23:46.939 -04:00 [INF] [OpenFreqClient.Services.OpenFreqService] PTT start: Rain (fd8e3112-e083-4da8-be92-04d9f9642ebe) on 339.750 MHz, 2D
2026-09-26 16:23:46.956 -04:00 [INF] [OpenFreq.Common.RtpJitterBufferPool] New RTP source: SSRC=5B49E066
2026-09-26 16:23:46.956 -04:00 [INF] [OpenFreq.Common.RtpJitterBuffer] Manual buffer size: 150ms
2026-09-26 16:23:46.956 -04:00 [INF] [OpenFreq.Common.RtpAudioReceiver] Source joined:  SSRC=5B49E066
2026-09-26 16:23:46.956 -04:00 [INF] [OpenFreq.Common.RtpJitterBuffer] Initialized: buffer=150ms
2026-09-26 16:23:46.982 -04:00 [INF] [OpenFreq.Services.Acmi.AcmiClientService] ACMI status: "Failed" -> "Connecting"
2026-09-26 16:23:46.982 -04:00 [INF] [OpenFreq.Services.Acmi.AcmiClientService] Connecting to 100.30.236.80:42674
2026-09-26 16:23:47.373 -04:00 [INF] [OpenFreqClient.Services.OpenFreqService] PTT end: Rain (fd8e3112-e083-4da8-be92-04d9f9642ebe) on 339.750 MHz, released
2026-09-26 16:23:47.394 -04:00 [INF] [OpenFreqClient.Services.OpenFreqService] PTT start: Woody (179a68da-a2bc-45c0-9d2b-9f0af5fa49ea) on 339.750 MHz, 2D
2026-09-26 16:23:47.408 -04:00 [INF] [OpenFreq.Common.RtpJitterBuffer] Transmission gap detected (1235ms RTP delta), resetting jitter measurement
2026-09-26 16:23:47.598 -04:00 [INF] [OpenFreqClient.Services.OpenFreqService] PTT end: Woody (179a68da-a2bc-45c0-9d2b-9f0af5fa49ea) on 339.750 MHz, released
2026-09-26 16:23:48.576 -04:00 [INF] [OpenFreqClient.Services.OpenFreqService] PTT start: Starlight (bad80b09-e94d-4c75-9eab-c3ffca19bd3b) on 339.750 MHz, 2D
2026-09-26 16:23:48.602 -04:00 [INF] [OpenFreq.Common.RtpJitterBufferPool] New RTP source: SSRC=2D711AA4
2026-09-26 16:23:48.602 -04:00 [INF] [OpenFreq.Common.RtpJitterBuffer] Manual buffer size: 150ms
2026-09-26 16:23:48.602 -04:00 [INF] [OpenFreq.Common.RtpAudioReceiver] Source joined:  SSRC=2D711AA4
2026-09-26 16:23:48.602 -04:00 [INF] [OpenFreq.Common.RtpJitterBuffer] Initialized: buffer=150ms
2026-09-26 16:23:48.914 -04:00 [INF] [OpenFreqClient.Services.OpenFreqService] PTT end: Starlight (bad80b09-e94d-4c75-9eab-c3ffca19bd3b) on 339.750 MHz, released
2026-09-26 16:23:49.152 -04:00 [ERR] [OpenFreq.Services.Acmi.AcmiClientService] Connection error
System.Net.Sockets.SocketException (10061): No connection could be made because the target machine actively refused it.
   at System.Net.Sockets.Socket.AwaitableSocketAsyncEventArgs.ThrowException(SocketError error, CancellationToken cancellationToken)
   at System.Net.Sockets.Socket.AwaitableSocketAsyncEventArgs.System.Threading.Tasks.Sources.IValueTaskSource.GetResult(Int16 token)
   at System.Net.Sockets.TcpClient.CompleteConnectAsync(ValueTask task)
   at OpenFreq.Services.Acmi.AcmiClientService.ConnectionLoopAsync(CancellationToken cancellationToken)
2026-09-26 16:23:49.152 -04:00 [INF] [OpenFreq.Services.Acmi.AcmiClientService] ACMI status: "Connecting" -> "Failed"
2026-09-26 16:23:49.798 -04:00 [INF] [OpenFreqClient.Services.OpenFreqService] PTT start: Wild (d52d332f-8742-40f6-b985-35a908d32642) on 339.750 MHz, 2D
2026-09-26 16:23:49.809 -04:00 [INF] [OpenFreq.Common.RtpJitterBufferPool] New RTP source: SSRC=4B5FD0E8
2026-09-26 16:23:49.809 -04:00 [INF] [OpenFreq.Common.RtpJitterBuffer] Manual buffer size: 150ms
2026-09-26 16:23:49.809 -04:00 [INF] [OpenFreq.Common.RtpAudioReceiver] Source joined:  SSRC=4B5FD0E8
2026-09-26 16:23:49.809 -04:00 [INF] [OpenFreq.Common.RtpJitterBuffer] Initialized: buffer=150ms
2026-09-26 16:23:50.049 -04:00 [WRN] [OpenFreqAudio.RadioPlayback] Stream d52d332f-8742-40f6-b985-35a908d32642:339750 on 339.750 MHz had no samples for 10.0 ms
2026-09-26 16:23:50.856 -04:00 [INF] [OpenFreqClient.Services.OpenFreqService] PTT end: Wild (d52d332f-8742-40f6-b985-35a908d32642) on 339.750 MHz, released
2026-09-26 16:23:51.471 -04:00 [INF] [OpenFreqClient.Services.OpenFreqService] PTT start: Woody (179a68da-a2bc-45c0-9d2b-9f0af5fa49ea) on 339.750 MHz, 2D
2026-09-26 16:23:51.483 -04:00 [INF] [OpenFreq.Common.RtpJitterBuffer] Transmission gap detected (3892ms RTP delta), resetting jitter measurement
2026-09-26 16:23:52.728 -04:00 [INF] [OpenFreqClient.Services.OpenFreqService] PTT end: Woody (179a68da-a2bc-45c0-9d2b-9f0af5fa49ea) on 339.750 MHz, released
2026-09-26 16:23:53.742 -04:00 [INF] [OpenFreqAudio.RadioPlayback] TuneFrequency 280.500 MHz
2026-09-26 16:23:54.152 -04:00 [INF] [OpenFreq.Services.Acmi.AcmiClientService] ACMI status: "Failed" -> "Connecting"
2026-09-26 16:23:54.152 -04:00 [INF] [OpenFreq.Services.Acmi.AcmiClientService] Connecting to 100.30.236.80:42674
2026-09-26 16:23:56.340 -04:00 [ERR] [OpenFreq.Services.Acmi.AcmiClientService] Connection error
System.Net.Sockets.SocketException (10061): No connection could be made because the target machine actively refused it.
   at System.Net.Sockets.Socket.AwaitableSocketAsyncEventArgs.ThrowException(SocketError error, CancellationToken cancellationToken)
   at System.Net.Sockets.Socket.AwaitableSocketAsyncEventArgs.System.Threading.Tasks.Sources.IValueTaskSource.GetResult(Int16 token)
   at System.Net.Sockets.TcpClient.CompleteConnectAsync(ValueTask task)
   at OpenFreq.Services.Acmi.AcmiClientService.ConnectionLoopAsync(CancellationToken cancellationToken)
2026-09-26 16:23:56.340 -04:00 [INF] [OpenFreq.Services.Acmi.AcmiClientService] ACMI status: "Connecting" -> "Failed"
2026-09-26 16:23:58.635 -04:00 [INF] [OpenFreqClient.Services.HotkeyService] Registered "Ptt" hotkey: Throttle - HOTAS Warthog - Button 3 for channel "c0556c39-2d0c-4fdc-814d-5b049e406488"
2026-09-26 16:23:59.824 -04:00 [INF] [OpenFreqClient.Services.HotkeyService] Registered "Ptt" hotkey: Throttle - HOTAS Warthog - Button 5 for channel "19020cd3-568c-420c-917f-7b1e656776a6"
2026-09-26 16:24:01.340 -04:00 [INF] [OpenFreq.Services.Acmi.AcmiClientService] ACMI status: "Failed" -> "Connecting"
2026-09-26 16:24:01.341 -04:00 [INF] [OpenFreq.Services.Acmi.AcmiClientService] Connecting to 100.30.236.80:42674
2026-09-26 16:24:03.522 -04:00 [ERR] [OpenFreq.Services.Acmi.AcmiClientService] Connection error
System.Net.Sockets.SocketException (10061): No connection could be made because the target machine actively refused it.
   at System.Net.Sockets.Socket.AwaitableSocketAsyncEventArgs.ThrowException(SocketError error, CancellationToken cancellationToken)
   at System.Net.Sockets.Socket.AwaitableSocketAsyncEventArgs.System.Threading.Tasks.Sources.IValueTaskSource.GetResult(Int16 token)
   at System.Net.Sockets.TcpClient.CompleteConnectAsync(ValueTask task)
   at OpenFreq.Services.Acmi.AcmiClientService.ConnectionLoopAsync(CancellationToken cancellationToken)
2026-09-26 16:24:03.523 -04:00 [INF] [OpenFreq.Services.Acmi.AcmiClientService] ACMI status: "Connecting" -> "Failed"
2026-09-26 16:24:08.522 -04:00 [INF] [OpenFreq.Services.Acmi.AcmiClientService] ACMI status: "Failed" -> "Connecting"
2026-09-26 16:24:08.522 -04:00 [INF] [OpenFreq.Services.Acmi.AcmiClientService] Connecting to 100.30.236.80:42674
2026-09-26 16:24:10.690 -04:00 [ERR] [OpenFreq.Services.Acmi.AcmiClientService] Connection error
System.Net.Sockets.SocketException (10061): No connection could be made because the target machine actively refused it.
   at System.Net.Sockets.Socket.AwaitableSocketAsyncEventArgs.ThrowException(SocketError error, CancellationToken cancellationToken)
   at System.Net.Sockets.Socket.AwaitableSocketAsyncEventArgs.System.Threading.Tasks.Sources.IValueTaskSource.GetResult(Int16 token)
   at System.Net.Sockets.TcpClient.CompleteConnectAsync(ValueTask task)
   at OpenFreq.Services.Acmi.AcmiClientService.ConnectionLoopAsync(CancellationToken cancellationToken)
2026-09-26 16:24:10.691 -04:00 [INF] [OpenFreq.Services.Acmi.AcmiClientService] ACMI status: "Connecting" -> "Failed"
2026-09-26 16:24:14.196 -04:00 [INF] [OpenFreqClient.Services.OpenFreqService] PTT start: Paintcheck (9c5f9224-8277-4f34-8da9-dbeb707f0e00) on 339.750 MHz, 2D
2026-09-26 16:24:14.208 -04:00 [INF] [OpenFreq.Common.RtpJitterBufferPool] New RTP source: SSRC=7126CAC1
2026-09-26 16:24:14.208 -04:00 [INF] [OpenFreq.Common.RtpJitterBuffer] Manual buffer size: 150ms
2026-09-26 16:24:14.208 -04:00 [INF] [OpenFreq.Common.RtpAudioReceiver] Source joined:  SSRC=7126CAC1
2026-09-26 16:24:14.209 -04:00 [INF] [OpenFreq.Common.RtpJitterBuffer] Initialized: buffer=150ms
2026-09-26 16:24:15.690 -04:00 [INF] [OpenFreq.Services.Acmi.AcmiClientService] ACMI status: "Failed" -> "Connecting"
2026-09-26 16:24:15.690 -04:00 [INF] [OpenFreq.Services.Acmi.AcmiClientService] Connecting to 100.30.236.80:42674
2026-09-26 16:24:15.885 -04:00 [INF] [OpenFreqAudio.RadioPlayback] TuneFrequency 243.000 MHz
2026-09-26 16:24:16.265 -04:00 [INF] [OpenFreqClient.Services.OpenFreqService] PTT end: Paintcheck (9c5f9224-8277-4f34-8da9-dbeb707f0e00) on 339.750 MHz, released
2026-09-26 16:24:16.273 -04:00 [WRN] [OpenFreqAudio.RadioPlayback] Stream 9c5f9224-8277-4f34-8da9-dbeb707f0e00:339750 on 339.750 MHz had no samples for 7.5 ms
2026-09-26 16:24:17.871 -04:00 [ERR] [OpenFreq.Services.Acmi.AcmiClientService] Connection error
System.Net.Sockets.SocketException (10061): No connection could be made because the target machine actively refused it.
   at System.Net.Sockets.Socket.AwaitableSocketAsyncEventArgs.ThrowException(SocketError error, CancellationToken cancellationToken)
   at System.Net.Sockets.Socket.AwaitableSocketAsyncEventArgs.System.Threading.Tasks.Sources.IValueTaskSource.GetResult(Int16 token)
   at System.Net.Sockets.TcpClient.CompleteConnectAsync(ValueTask task)
   at OpenFreq.Services.Acmi.AcmiClientService.ConnectionLoopAsync(CancellationToken cancellationToken)
2026-09-26 16:24:17.871 -04:00 [INF] [OpenFreq.Services.Acmi.AcmiClientService] ACMI status: "Connecting" -> "Failed"
2026-09-26 16:24:18.675 -04:00 [INF] [OpenFreqClient.Services.OpenFreqService] PTT start: own radio on 339.750 MHz
2026-09-26 16:24:19.490 -04:00 [INF] [OpenFreqClient.Services.OpenFreqService] PTT end: own radio on 339.750 MHz
2026-09-26 16:24:19.495 -04:00 [INF] [OpenFreqClient.Services.OpenFreqService] TX level over 810ms: mic peak -21.9 dBFS rms -40.7 dBFS | sent peak -17.4 dBFS rms -36.1 dBFS | normalizer on, gain 4.900, gate -48.7 dBFS
2026-09-26 16:24:21.593 -04:00 [INF] [OpenFreqClient.Services.OpenFreqService] PTT start: Falcon (91c4c764-ac55-4b66-98e4-d070ed54be23) on 339.750 MHz, 2D
2026-09-26 16:24:21.605 -04:00 [INF] [OpenFreq.Common.RtpJitterBufferPool] New RTP source: SSRC=342907E0
2026-09-26 16:24:21.605 -04:00 [INF] [OpenFreq.Common.RtpJitterBuffer] Manual buffer size: 150ms
2026-09-26 16:24:21.606 -04:00 [INF] [OpenFreq.Common.RtpAudioReceiver] Source joined:  SSRC=342907E0
2026-09-26 16:24:21.606 -04:00 [INF] [OpenFreq.Common.RtpJitterBuffer] Initialized: buffer=150ms
2026-09-26 16:24:22.550 -04:00 [INF] [OpenFreqClient.Services.OpenFreqService] PTT end: Falcon (91c4c764-ac55-4b66-98e4-d070ed54be23) on 339.750 MHz, released
2026-09-26 16:24:22.870 -04:00 [INF] [OpenFreq.Services.Acmi.AcmiClientService] ACMI status: "Failed" -> "Connecting"
2026-09-26 16:24:22.871 -04:00 [INF] [OpenFreq.Services.Acmi.AcmiClientService] Connecting to 100.30.236.80:42674
2026-09-26 16:24:22.897 -04:00 [INF] [OpenFreqClient.Services.OpenFreqService] PTT start: Woody (179a68da-a2bc-45c0-9d2b-9f0af5fa49ea) on 339.750 MHz, 2D
2026-09-26 16:24:22.914 -04:00 [INF] [OpenFreq.Common.RtpJitterBuffer] Transmission gap detected (30216ms RTP delta), resetting jitter measurement
2026-09-26 16:24:23.364 -04:00 [INF] [OpenFreqClient.Services.OpenFreqService] PTT end: Woody (179a68da-a2bc-45c0-9d2b-9f0af5fa49ea) on 339.750 MHz, released
2026-09-26 16:24:23.583 -04:00 [INF] [OpenFreqClient.Services.OpenFreqService] PTT start: Woody (179a68da-a2bc-45c0-9d2b-9f0af5fa49ea) on 339.750 MHz, 2D
2026-09-26 16:24:24.641 -04:00 [INF] [OpenFreqClient.Services.OpenFreqService] PTT end: Woody (179a68da-a2bc-45c0-9d2b-9f0af5fa49ea) on 339.750 MHz, released
2026-09-26 16:24:25.053 -04:00 [ERR] [OpenFreq.Services.Acmi.AcmiClientService] Connection error
System.Net.Sockets.SocketException (10061): No connection could be made because the target machine actively refused it.
   at System.Net.Sockets.Socket.AwaitableSocketAsyncEventArgs.ThrowException(SocketError error, CancellationToken cancellationToken)
   at System.Net.Sockets.Socket.AwaitableSocketAsyncEventArgs.System.Threading.Tasks.Sources.IValueTaskSource.GetResult(Int16 token)
   at System.Net.Sockets.TcpClient.CompleteConnectAsync(ValueTask task)
   at OpenFreq.Services.Acmi.AcmiClientService.ConnectionLoopAsync(CancellationToken cancellationToken)
2026-09-26 16:24:25.053 -04:00 [INF] [OpenFreq.Services.Acmi.AcmiClientService] ACMI status: "Connecting" -> "Failed"
2026-09-26 16:24:27.380 -04:00 [INF] [OpenFreqClient.Services.OpenFreqService] PTT start: Paintcheck (9c5f9224-8277-4f34-8da9-dbeb707f0e00) on 339.750 MHz, 2D
2026-09-26 16:24:27.402 -04:00 [INF] [OpenFreq.Common.RtpJitterBuffer] Transmission gap detected (11144ms RTP delta), resetting jitter measurement
2026-09-26 16:24:28.124 -04:00 [INF] [OpenFreqClient.Services.OpenFreqService] PTT end: Paintcheck (9c5f9224-8277-4f34-8da9-dbeb707f0e00) on 339.750 MHz, released
2026-09-26 16:24:28.485 -04:00 [INF] [OpenFreqClient.Services.HotkeyService] Registered "Ptt" hotkey: Keyboard: F3 for channel "dadbfbe0-5931-483d-80e7-3a37d7bc0207"
2026-09-26 16:24:30.053 -04:00 [INF] [OpenFreq.Services.Acmi.AcmiClientService] ACMI status: "Failed" -> "Connecting"
2026-09-26 16:24:30.053 -04:00 [INF] [OpenFreq.Services.Acmi.AcmiClientService] Connecting to 100.30.236.80:42674
2026-09-26 16:24:32.236 -04:00 [ERR] [OpenFreq.Services.Acmi.AcmiClientService] Connection error
System.Net.Sockets.SocketException (10061): No connection could be made because the target machine actively refused it.
   at System.Net.Sockets.Socket.AwaitableSocketAsyncEventArgs.ThrowException(SocketError error, CancellationToken cancellationToken)
   at System.Net.Sockets.Socket.AwaitableSocketAsyncEventArgs.System.Threading.Tasks.Sources.IValueTaskSource.GetResult(Int16 token)
   at System.Net.Sockets.TcpClient.CompleteConnectAsync(ValueTask task)
   at OpenFreq.Services.Acmi.AcmiClientService.ConnectionLoopAsync(CancellationToken cancellationToken)
2026-09-26 16:24:32.236 -04:00 [INF] [OpenFreq.Services.Acmi.AcmiClientService] ACMI status: "Connecting" -> "Failed"
2026-09-26 16:24:32.380 -04:00 [INF] [OpenFreqClient.Services.OpenFreqService] PTT start: own radio on 339.750 MHz
2026-09-26 16:24:32.485 -04:00 [INF] [OpenFreqClient.Services.OpenFreqService] PTT end: own radio on 339.750 MHz
2026-09-26 16:24:32.486 -04:00 [INF] [OpenFreqClient.Services.OpenFreqService] TX level over 100ms: mic peak -56.3 dBFS rms -75.2 dBFS | sent peak -41.2 dBFS rms -60.1 dBFS | normalizer on, gain 7.709, gate -58.7 dBFS
2026-09-26 16:24:32.841 -04:00 [INF] [OpenFreqClient.Services.OpenFreqService] PTT start: own radio on 280.500 MHz
2026-09-26 16:24:32.988 -04:00 [INF] [OpenFreqClient.Services.OpenFreqService] PTT end: own radio on 280.500 MHz
2026-09-26 16:24:32.995 -04:00 [INF] [OpenFreqClient.Services.OpenFreqService] TX level over 150ms: mic peak -46.2 dBFS rms -60.3 dBFS | sent peak -20.3 dBFS rms -34.9 dBFS | normalizer on, gain 21.318, gate -62.9 dBFS
2026-09-26 16:24:33.964 -04:00 [INF] [OpenFreqClient.Services.OpenFreqService] PTT start: own radio on 243.000 MHz
2026-09-26 16:24:34.124 -04:00 [INF] [OpenFreqClient.Services.OpenFreqService] PTT end: own radio on 243.000 MHz
2026-09-26 16:24:34.125 -04:00 [INF] [OpenFreqClient.Services.OpenFreqService] TX level over 160ms: mic peak -33.0 dBFS rms -47.9 dBFS | sent peak -6.5 dBFS rms -21.3 dBFS | normalizer on, gain 21.318, gate -43.8 dBFS
2026-09-26 16:24:37.236 -04:00 [INF] [OpenFreq.Services.Acmi.AcmiClientService] ACMI status: "Failed" -> "Connecting"
2026-09-26 16:24:37.236 -04:00 [INF] [OpenFreq.Services.Acmi.AcmiClientService] Connecting to 100.30.236.80:42674
2026-09-26 16:24:39.407 -04:00 [ERR] [OpenFreq.Services.Acmi.AcmiClientService] Connection error
System.Net.Sockets.SocketException (10061): No connection could be made because the target machine actively refused it.
   at System.Net.Sockets.Socket.AwaitableSocketAsyncEventArgs.ThrowException(SocketError error, CancellationToken cancellationToken)
   at System.Net.Sockets.Socket.AwaitableSocketAsyncEventArgs.System.Threading.Tasks.Sources.IValueTaskSource.GetResult(Int16 token)
   at System.Net.Sockets.TcpClient.CompleteConnectAsync(ValueTask task)
   at OpenFreq.Services.Acmi.AcmiClientService.ConnectionLoopAsync(CancellationToken cancellationToken)
2026-09-26 16:24:39.407 -04:00 [INF] [OpenFreq.Services.Acmi.AcmiClientService] ACMI status: "Connecting" -> "Failed"
2026-09-26 16:24:44.408 -04:00 [INF] [OpenFreq.Services.Acmi.AcmiClientService] ACMI status: "Failed" -> "Connecting"
2026-09-26 16:24:44.408 -04:00 [INF] [OpenFreq.Services.Acmi.AcmiClientService] Connecting to 100.30.236.80:42674
2026-09-26 16:24:46.591 -04:00 [ERR] [OpenFreq.Services.Acmi.AcmiClientService] Connection error
System.Net.Sockets.SocketException (10061): No connection could be made because the target machine actively refused it.
   at System.Net.Sockets.Socket.AwaitableSocketAsyncEventArgs.ThrowException(SocketError error, CancellationToken cancellationToken)
   at System.Net.Sockets.Socket.AwaitableSocketAsyncEventArgs.System.Threading.Tasks.Sources.IValueTaskSource.GetResult(Int16 token)
   at System.Net.Sockets.TcpClient.CompleteConnectAsync(ValueTask task)
   at OpenFreq.Services.Acmi.AcmiClientService.ConnectionLoopAsync(CancellationToken cancellationToken)
2026-09-26 16:24:46.591 -04:00 [INF] [OpenFreq.Services.Acmi.AcmiClientService] ACMI status: "Connecting" -> "Failed"
2026-09-26 16:24:51.592 -04:00 [INF] [OpenFreq.Services.Acmi.AcmiClientService] ACMI status: "Failed" -> "Connecting"
2026-09-26 16:24:51.592 -04:00 [INF] [OpenFreq.Services.Acmi.AcmiClientService] Connecting to 100.30.236.80:42674
2026-09-26 16:24:53.782 -04:00 [ERR] [OpenFreq.Services.Acmi.AcmiClientService] Connection error
System.Net.Sockets.SocketException (10061): No connection could be made because the target machine actively refused it.
   at System.Net.Sockets.Socket.AwaitableSocketAsyncEventArgs.ThrowException(SocketError error, CancellationToken cancellationToken)
   at System.Net.Sockets.Socket.AwaitableSocketAsyncEventArgs.System.Threading.Tasks.Sources.IValueTaskSource.GetResult(Int16 token)
   at System.Net.Sockets.TcpClient.CompleteConnectAsync(ValueTask task)
   at OpenFreq.Services.Acmi.AcmiClientService.ConnectionLoopAsync(CancellationToken cancellationToken)
2026-09-26 16:24:53.783 -04:00 [INF] [OpenFreq.Services.Acmi.AcmiClientService] ACMI status: "Connecting" -> "Failed"
2026-09-26 16:24:58.783 -04:00 [INF] [OpenFreq.Services.Acmi.AcmiClientService] ACMI status: "Failed" -> "Connecting"
2026-09-26 16:24:58.783 -04:00 [INF] [OpenFreq.Services.Acmi.AcmiClientService] Connecting to 100.30.236.80:42674
2026-09-26 16:25:00.958 -04:00 [ERR] [OpenFreq.Services.Acmi.AcmiClientService] Connection error
System.Net.Sockets.SocketException (10061): No connection could be made because the target machine actively refused it.
   at System.Net.Sockets.Socket.AwaitableSocketAsyncEventArgs.ThrowException(SocketError error, CancellationToken cancellationToken)
   at System.Net.Sockets.Socket.AwaitableSocketAsyncEventArgs.System.Threading.Tasks.Sources.IValueTaskSource.GetResult(Int16 token)
   at System.Net.Sockets.TcpClient.CompleteConnectAsync(ValueTask task)
   at OpenFreq.Services.Acmi.AcmiClientService.ConnectionLoopAsync(CancellationToken cancellationToken)
2026-09-26 16:25:00.958 -04:00 [INF] [OpenFreq.Services.Acmi.AcmiClientService] ACMI status: "Connecting" -> "Failed"
2026-09-26 16:25:04.747 -04:00 [INF] [OpenFreqClient.ViewModels.SettingsViewModel] Game mode changed to In-game
2026-09-26 16:25:04.780 -04:00 [INF] [OpenFreqAudio.RadioPlayback] Recording started: C:\Users\FB\Downloads\OpenFreq-Client-v1.1.4-win-x64-portable\recordings\OpenFreq_20260926T202504Z.ogg
2026-09-26 16:25:05.958 -04:00 [INF] [OpenFreq.Services.Acmi.AcmiClientService] ACMI status: "Failed" -> "Connecting"
2026-09-26 16:25:05.958 -04:00 [INF] [OpenFreq.Services.Acmi.AcmiClientService] Connecting to 100.30.236.80:42674
2026-09-26 16:25:08.144 -04:00 [ERR] [OpenFreq.Services.Acmi.AcmiClientService] Connection error
System.Net.Sockets.SocketException (10061): No connection could be made because the target machine actively refused it.
   at System.Net.Sockets.Socket.AwaitableSocketAsyncEventArgs.ThrowException(SocketError error, CancellationToken cancellationToken)
   at System.Net.Sockets.Socket.AwaitableSocketAsyncEventArgs.System.Threading.Tasks.Sources.IValueTaskSource.GetResult(Int16 token)
   at System.Net.Sockets.TcpClient.CompleteConnectAsync(ValueTask task)
   at OpenFreq.Services.Acmi.AcmiClientService.ConnectionLoopAsync(CancellationToken cancellationToken)
2026-09-26 16:25:08.144 -04:00 [INF] [OpenFreq.Services.Acmi.AcmiClientService] ACMI status: "Connecting" -> "Failed"
2026-09-26 16:25:11.765 -04:00 [INF] [OpenFreqClient.Services.OpenFreqService] PTT start: LeHarold (334bf3fa-605f-4145-a460-1e0fa9526a3d) on 339.750 MHz, 2D
2026-09-26 16:25:11.782 -04:00 [INF] [OpenFreq.Common.RtpJitterBufferPool] New RTP source: SSRC=5D682876
2026-09-26 16:25:11.782 -04:00 [INF] [OpenFreq.Common.RtpJitterBuffer] Manual buffer size: 150ms
2026-09-26 16:25:11.783 -04:00 [INF] [OpenFreq.Common.RtpAudioReceiver] Source joined:  SSRC=5D682876
2026-09-26 16:25:11.783 -04:00 [INF] [OpenFreq.Common.RtpJitterBuffer] Initialized: buffer=150ms
2026-09-26 16:25:13.144 -04:00 [INF] [OpenFreq.Services.Acmi.AcmiClientService] ACMI status: "Failed" -> "Connecting"
2026-09-26 16:25:13.144 -04:00 [INF] [OpenFreq.Services.Acmi.AcmiClientService] Connecting to 100.30.236.80:42674
2026-09-26 16:25:14.446 -04:00 [INF] [OpenFreqClient.Services.OpenFreqService] PTT start: own radio on 339.750 MHz
2026-09-26 16:25:15.105 -04:00 [INF] [OpenFreqClient.Services.OpenFreqService] PTT end: LeHarold (334bf3fa-605f-4145-a460-1e0fa9526a3d) on 339.750 MHz, released
2026-09-26 16:25:15.326 -04:00 [ERR] [OpenFreq.Services.Acmi.AcmiClientService] Connection error
System.Net.Sockets.SocketException (10061): No connection could be made because the target machine actively refused it.
   at System.Net.Sockets.Socket.AwaitableSocketAsyncEventArgs.ThrowException(SocketError error, CancellationToken cancellationToken)
   at System.Net.Sockets.Socket.AwaitableSocketAsyncEventArgs.System.Threading.Tasks.Sources.IValueTaskSource.GetResult(Int16 token)
   at System.Net.Sockets.TcpClient.CompleteConnectAsync(ValueTask task)
   at OpenFreq.Services.Acmi.AcmiClientService.ConnectionLoopAsync(CancellationToken cancellationToken)
2026-09-26 16:25:15.327 -04:00 [INF] [OpenFreq.Services.Acmi.AcmiClientService] ACMI status: "Connecting" -> "Failed"
2026-09-26 16:25:16.124 -04:00 [INF] [OpenFreqClient.Services.OpenFreqService] PTT end: own radio on 339.750 MHz
2026-09-26 16:25:16.125 -04:00 [INF] [OpenFreqClient.Services.OpenFreqService] TX level over 1670ms: mic peak -0.9 dBFS rms -21.7 dBFS | sent peak 0.0 dBFS rms -14.7 dBFS | normalizer on, gain 1.430, gate -36.2 dBFS
2026-09-26 16:25:17.054 -04:00 [INF] [OpenFreqClient.Services.OpenFreqService] PTT start: Alligator (2af88464-1ea8-4d04-80ba-d98d4f842617) on 339.750 MHz, 2D
2026-09-26 16:25:17.073 -04:00 [INF] [OpenFreq.Common.RtpJitterBufferPool] New RTP source: SSRC=4EE60C78
2026-09-26 16:25:17.073 -04:00 [INF] [OpenFreq.Common.RtpJitterBuffer] Manual buffer size: 150ms
2026-09-26 16:25:17.073 -04:00 [INF] [OpenFreq.Common.RtpAudioReceiver] Source joined:  SSRC=4EE60C78
2026-09-26 16:25:17.073 -04:00 [INF] [OpenFreq.Common.RtpJitterBuffer] Initialized: buffer=150ms
2026-09-26 16:25:17.912 -04:00 [INF] [OpenFreqClient.Services.OpenFreqService] PTT end: Alligator (2af88464-1ea8-4d04-80ba-d98d4f842617) on 339.750 MHz, released
2026-09-26 16:25:20.327 -04:00 [INF] [OpenFreq.Services.Acmi.AcmiClientService] ACMI status: "Failed" -> "Connecting"
2026-09-26 16:25:20.327 -04:00 [INF] [OpenFreq.Services.Acmi.AcmiClientService] Connecting to 100.30.236.80:42674
2026-09-26 16:25:22.517 -04:00 [ERR] [OpenFreq.Services.Acmi.AcmiClientService] Connection error
System.Net.Sockets.SocketException (10061): No connection could be made because the target machine actively refused it.
   at System.Net.Sockets.Socket.AwaitableSocketAsyncEventArgs.ThrowException(SocketError error, CancellationToken cancellationToken)
   at System.Net.Sockets.Socket.AwaitableSocketAsyncEventArgs.System.Threading.Tasks.Sources.IValueTaskSource.GetResult(Int16 token)
   at System.Net.Sockets.TcpClient.CompleteConnectAsync(ValueTask task)
   at OpenFreq.Services.Acmi.AcmiClientService.ConnectionLoopAsync(CancellationToken cancellationToken)
2026-09-26 16:25:22.517 -04:00 [INF] [OpenFreq.Services.Acmi.AcmiClientService] ACMI status: "Connecting" -> "Failed"
2026-09-26 16:25:25.975 -04:00 [INF] [OpenFreqClient.Services.OpenFreqService] PTT start: Woody (179a68da-a2bc-45c0-9d2b-9f0af5fa49ea) on 339.750 MHz, 2D
2026-09-26 16:25:25.988 -04:00 [INF] [OpenFreq.Common.RtpJitterBuffer] Transmission gap detected (61372ms RTP delta), resetting jitter measurement
2026-09-26 16:25:27.518 -04:00 [INF] [OpenFreq.Services.Acmi.AcmiClientService] ACMI status: "Failed" -> "Connecting"
2026-09-26 16:25:27.518 -04:00 [INF] [OpenFreq.Services.Acmi.AcmiClientService] Connecting to 100.30.236.80:42674
2026-09-26 16:25:27.816 -04:00 [INF] [OpenFreq.Common.RtpJitterBuffer] Late arrival (9ms past slot) — buffer 35→74ms
2026-09-26 16:25:29.623 -04:00 [INF] [OpenFreqClient.Services.OpenFreqService] PTT end: Woody (179a68da-a2bc-45c0-9d2b-9f0af5fa49ea) on 339.750 MHz, released
2026-09-26 16:25:29.691 -04:00 [ERR] [OpenFreq.Services.Acmi.AcmiClientService] Connection error
System.Net.Sockets.SocketException (10061): No connection could be made because the target machine actively refused it.
   at System.Net.Sockets.Socket.AwaitableSocketAsyncEventArgs.ThrowException(SocketError error, CancellationToken cancellationToken)
   at System.Net.Sockets.Socket.AwaitableSocketAsyncEventArgs.System.Threading.Tasks.Sources.IValueTaskSource.GetResult(Int16 token)
   at System.Net.Sockets.TcpClient.CompleteConnectAsync(ValueTask task)
   at OpenFreq.Services.Acmi.AcmiClientService.ConnectionLoopAsync(CancellationToken cancellationToken)
2026-09-26 16:25:29.691 -04:00 [INF] [OpenFreq.Services.Acmi.AcmiClientService] ACMI status: "Connecting" -> "Failed"
2026-09-26 16:25:31.271 -04:00 [INF] [OpenFreqClient.Services.OpenFreqService] PTT start: LeHarold (334bf3fa-605f-4145-a460-1e0fa9526a3d) on 339.750 MHz, 2D
2026-09-26 16:25:31.284 -04:00 [INF] [OpenFreq.Common.RtpJitterBuffer] Transmission gap detected (16206ms RTP delta), resetting jitter measurement
2026-09-26 16:25:32.272 -04:00 [INF] [OpenFreqClient.Services.OpenFreqService] PTT end: LeHarold (334bf3fa-605f-4145-a460-1e0fa9526a3d) on 339.750 MHz, released
2026-09-26 16:25:33.038 -04:00 [INF] [OpenFreqClient.Services.OpenFreqService] PTT start: Falcon (91c4c764-ac55-4b66-98e4-d070ed54be23) on 339.750 MHz, 2D
2026-09-26 16:25:33.051 -04:00 [INF] [OpenFreq.Common.RtpJitterBuffer] Transmission gap detected (70507ms RTP delta), resetting jitter measurement
2026-09-26 16:25:34.691 -04:00 [INF] [OpenFreq.Services.Acmi.AcmiClientService] ACMI status: "Failed" -> "Connecting"
2026-09-26 16:25:34.691 -04:00 [INF] [OpenFreq.Services.Acmi.AcmiClientService] Connecting to 100.30.236.80:42674
2026-09-26 16:25:36.879 -04:00 [ERR] [OpenFreq.Services.Acmi.AcmiClientService] Connection error
System.Net.Sockets.SocketException (10061): No connection could be made because the target machine actively refused it.
   at System.Net.Sockets.Socket.AwaitableSocketAsyncEventArgs.ThrowException(SocketError error, CancellationToken cancellationToken)
   at System.Net.Sockets.Socket.AwaitableSocketAsyncEventArgs.System.Threading.Tasks.Sources.IValueTaskSource.GetResult(Int16 token)
   at System.Net.Sockets.TcpClient.CompleteConnectAsync(ValueTask task)
   at OpenFreq.Services.Acmi.AcmiClientService.ConnectionLoopAsync(CancellationToken cancellationToken)
2026-09-26 16:25:36.879 -04:00 [INF] [OpenFreq.Services.Acmi.AcmiClientService] ACMI status: "Connecting" -> "Failed"
2026-09-26 16:25:36.954 -04:00 [INF] [OpenFreqClient.Services.OpenFreqService] PTT end: Falcon (91c4c764-ac55-4b66-98e4-d070ed54be23) on 339.750 MHz, released
2026-09-26 16:25:37.126 -04:00 [INF] [OpenFreqClient.Services.OpenFreqService] PTT start: Woody (179a68da-a2bc-45c0-9d2b-9f0af5fa49ea) on 339.750 MHz, 2D
2026-09-26 16:25:37.155 -04:00 [INF] [OpenFreq.Common.RtpJitterBuffer] Transmission gap detected (7554ms RTP delta), resetting jitter measurement
2026-09-26 16:25:37.927 -04:00 [INF] [OpenFreqClient.Services.OpenFreqService] PTT end: Woody (179a68da-a2bc-45c0-9d2b-9f0af5fa49ea) on 339.750 MHz, released
2026-09-26 16:25:38.082 -04:00 [INF] [OpenFreqClient.Services.OpenFreqService] PTT start: Falcon (91c4c764-ac55-4b66-98e4-d070ed54be23) on 339.750 MHz, 2D
2026-09-26 16:25:38.094 -04:00 [INF] [OpenFreq.Common.RtpJitterBuffer] Transmission gap detected (1160ms RTP delta), resetting jitter measurement
2026-09-26 16:25:38.560 -04:00 [INF] [OpenFreqClient.Services.OpenFreqService] PTT end: Falcon (91c4c764-ac55-4b66-98e4-d070ed54be23) on 339.750 MHz, released
2026-09-26 16:25:41.308 -04:00 [INF] [OpenFreqClient.Services.OpenFreqService] PTT start: Alligator (2af88464-1ea8-4d04-80ba-d98d4f842617) on 339.750 MHz, 2D
2026-09-26 16:25:41.323 -04:00 [INF] [OpenFreq.Common.RtpJitterBuffer] Transmission gap detected (23430ms RTP delta), resetting jitter measurement
2026-09-26 16:25:41.756 -04:00 [INF] [OpenFreqClient.Services.OpenFreqService] PTT end: Alligator (2af88464-1ea8-4d04-80ba-d98d4f842617) on 339.750 MHz, released
2026-09-26 16:25:41.879 -04:00 [INF] [OpenFreq.Services.Acmi.AcmiClientService] ACMI status: "Failed" -> "Connecting"
2026-09-26 16:25:41.879 -04:00 [INF] [OpenFreq.Services.Acmi.AcmiClientService] Connecting to 100.30.236.80:42674
2026-09-26 16:25:43.385 -04:00 [INF] [OpenFreqClient.Services.OpenFreqService] PTT start: Woody (179a68da-a2bc-45c0-9d2b-9f0af5fa49ea) on 339.750 MHz, 2D
2026-09-26 16:25:43.405 -04:00 [INF] [OpenFreq.Common.RtpJitterBuffer] Transmission gap detected (5495ms RTP delta), resetting jitter measurement
2026-09-26 16:25:43.816 -04:00 [INF] [OpenFreq.Common.RtpJitterBuffer] Late arrival (5ms past slot) — buffer 30→65ms
2026-09-26 16:25:44.061 -04:00 [ERR] [OpenFreq.Services.Acmi.AcmiClientService] Connection error
System.Net.Sockets.SocketException (10061): No connection could be made because the target machine actively refused it.
   at System.Net.Sockets.Socket.AwaitableSocketAsyncEventArgs.ThrowException(SocketError error, CancellationToken cancellationToken)
   at System.Net.Sockets.Socket.AwaitableSocketAsyncEventArgs.System.Threading.Tasks.Sources.IValueTaskSource.GetResult(Int16 token)
   at System.Net.Sockets.TcpClient.CompleteConnectAsync(ValueTask task)
   at OpenFreq.Services.Acmi.AcmiClientService.ConnectionLoopAsync(CancellationToken cancellationToken)
2026-09-26 16:25:44.061 -04:00 [INF] [OpenFreq.Services.Acmi.AcmiClientService] ACMI status: "Connecting" -> "Failed"
2026-09-26 16:25:47.828 -04:00 [INF] [OpenFreqClient.Services.OpenFreqService] PTT end: Woody (179a68da-a2bc-45c0-9d2b-9f0af5fa49ea) on 339.750 MHz, released
2026-09-26 16:25:49.061 -04:00 [INF] [OpenFreq.Services.Acmi.AcmiClientService] ACMI status: "Failed" -> "Connecting"
2026-09-26 16:25:49.061 -04:00 [INF] [OpenFreq.Services.Acmi.AcmiClientService] Connecting to 100.30.236.80:42674
2026-09-26 16:25:50.188 -04:00 [INF] [OpenFreqClient.Services.OpenFreqService] PTT start: Wild (d52d332f-8742-40f6-b985-35a908d32642) on 339.750 MHz, 2D
2026-09-26 16:25:50.208 -04:00 [INF] [OpenFreq.Common.RtpJitterBuffer] Transmission gap detected (119343ms RTP delta), resetting jitter measurement
2026-09-26 16:25:50.999 -04:00 [INF] [OpenFreqClient.Services.OpenFreqService] PTT end: Wild (d52d332f-8742-40f6-b985-35a908d32642) on 339.750 MHz, released
2026-09-26 16:25:51.234 -04:00 [ERR] [OpenFreq.Services.Acmi.AcmiClientService] Connection error
System.Net.Sockets.SocketException (10061): No connection could be made because the target machine actively refused it.
   at System.Net.Sockets.Socket.AwaitableSocketAsyncEventArgs.ThrowException(SocketError error, CancellationToken cancellationToken)
   at System.Net.Sockets.Socket.AwaitableSocketAsyncEventArgs.System.Threading.Tasks.Sources.IValueTaskSource.GetResult(Int16 token)
   at System.Net.Sockets.TcpClient.CompleteConnectAsync(ValueTask task)
   at OpenFreq.Services.Acmi.AcmiClientService.ConnectionLoopAsync(CancellationToken cancellationToken)
2026-09-26 16:25:51.235 -04:00 [INF] [OpenFreq.Services.Acmi.AcmiClientService] ACMI status: "Connecting" -> "Failed"
2026-09-26 16:25:51.668 -04:00 [INF] [OpenFreqClient.Services.OpenFreqService] PTT start: Woody (179a68da-a2bc-45c0-9d2b-9f0af5fa49ea) on 339.750 MHz, 2D
2026-09-26 16:25:51.690 -04:00 [INF] [OpenFreq.Common.RtpJitterBuffer] Transmission gap detected (3878ms RTP delta), resetting jitter measurement
2026-09-26 16:25:52.409 -04:00 [INF] [OpenFreqClient.Services.OpenFreqService] PTT end: Woody (179a68da-a2bc-45c0-9d2b-9f0af5fa49ea) on 339.750 MHz, released
2026-09-26 16:25:52.955 -04:00 [INF] [OpenFreqClient.Services.OpenFreqService] PTT start: own radio on 339.750 MHz
2026-09-26 16:25:53.102 -04:00 [INF] [OpenFreqClient.Services.OpenFreqService] PTT end: own radio on 339.750 MHz
2026-09-26 16:25:53.106 -04:00 [INF] [OpenFreqClient.Services.OpenFreqService] TX level over 150ms: mic peak -67.4 dBFS rms -80.5 dBFS | sent peak -63.5 dBFS rms -77.2 dBFS | normalizer on, gain 1.579, gate -38.9 dBFS
2026-09-26 16:25:54.013 -04:00 [INF] [OpenFreqClient.Services.OpenFreqService] PTT start: MBee (96d0aaf9-fc04-4ef3-8c64-f95b30259b59) on 339.750 MHz, 2D
2026-09-26 16:25:54.020 -04:00 [INF] [OpenFreq.Common.RtpJitterBufferPool] New RTP source: SSRC=27D099D4
2026-09-26 16:25:54.020 -04:00 [INF] [OpenFreq.Common.RtpJitterBuffer] Manual buffer size: 150ms
2026-09-26 16:25:54.020 -04:00 [INF] [OpenFreq.Common.RtpAudioReceiver] Source joined:  SSRC=27D099D4
2026-09-26 16:25:54.020 -04:00 [INF] [OpenFreq.Common.RtpJitterBuffer] Initialized: buffer=150ms
2026-09-26 16:25:54.330 -04:00 [INF] [OpenFreqClient.Services.OpenFreqService] PTT end: MBee (96d0aaf9-fc04-4ef3-8c64-f95b30259b59) on 339.750 MHz, released
2026-09-26 16:25:56.234 -04:00 [INF] [OpenFreq.Services.Acmi.AcmiClientService] ACMI status: "Failed" -> "Connecting"
2026-09-26 16:25:56.234 -04:00 [INF] [OpenFreq.Services.Acmi.AcmiClientService] Connecting to 100.30.236.80:42674
2026-09-26 16:25:58.408 -04:00 [ERR] [OpenFreq.Services.Acmi.AcmiClientService] Connection error
System.Net.Sockets.SocketException (10061): No connection could be made because the target machine actively refused it.
   at System.Net.Sockets.Socket.AwaitableSocketAsyncEventArgs.ThrowException(SocketError error, CancellationToken cancellationToken)
   at System.Net.Sockets.Socket.AwaitableSocketAsyncEventArgs.System.Threading.Tasks.Sources.IValueTaskSource.GetResult(Int16 token)
   at System.Net.Sockets.TcpClient.CompleteConnectAsync(ValueTask task)
   at OpenFreq.Services.Acmi.AcmiClientService.ConnectionLoopAsync(CancellationToken cancellationToken)
2026-09-26 16:25:58.409 -04:00 [INF] [OpenFreq.Services.Acmi.AcmiClientService] ACMI status: "Connecting" -> "Failed"
2026-09-26 16:26:03.409 -04:00 [INF] [OpenFreq.Services.Acmi.AcmiClientService] ACMI status: "Failed" -> "Connecting"
2026-09-26 16:26:03.409 -04:00 [INF] [OpenFreq.Services.Acmi.AcmiClientService] Connecting to 100.30.236.80:42674
2026-09-26 16:26:05.230 -04:00 [INF] [OpenFreq.Client.Services.FalconRadioSharedMemoryService] Stopped
2026-09-26 16:26:05.230 -04:00 [INF] [OpenFreq.Client.Services.FalconSharedMemoryService] Stopped
2026-09-26 16:26:05.235 -04:00 [INF] [OpenFreqClient.Services.HotkeyService] HotkeyService stopped
2026-09-26 16:26:05.239 -04:00 [INF] [OpenFreqClient.Services.ConfigurationService] Saved configuration: C:\Users\FB\Downloads\OpenFreq-Client-v1.1.4-win-x64-portable\OpenFreq.Client.json
2026-09-26 16:26:05.240 -04:00 [INF] [OpenFreqAudio.RadioPlayback] Stopping all streams and cleaning up resources...
2026-09-26 16:26:05.273 -04:00 [INF] [OpenFreq.Client.Services.FalconSharedMemoryService] Stopped
2026-09-26 16:26:05.273 -04:00 [INF] [OpenFreq.Client.Services.FalconRadioSharedMemoryService] Stopped
2026-09-26 16:26:05.273 -04:00 [INF] [OpenFreqClient.AudioService] Device monitoring stopped
2026-09-26 16:26:05.274 -04:00 [INF] [OpenFreqClient.Services.IvcMonitorService] Monitoring stopped
2026-09-26 16:26:05.592 -04:00 [ERR] [OpenFreq.Services.Acmi.AcmiClientService] Connection error
System.Net.Sockets.SocketException (10061): No connection could be made because the target machine actively refused it.
   at System.Net.Sockets.Socket.AwaitableSocketAsyncEventArgs.ThrowException(SocketError error, CancellationToken cancellationToken)
   at System.Net.Sockets.Socket.AwaitableSocketAsyncEventArgs.System.Threading.Tasks.Sources.IValueTaskSource.GetResult(Int16 token)
   at System.Net.Sockets.TcpClient.CompleteConnectAsync(ValueTask task)
   at OpenFreq.Services.Acmi.AcmiClientService.ConnectionLoopAsync(CancellationToken cancellationToken)
2026-09-26 16:26:05.592 -04:00 [INF] [OpenFreq.Services.Acmi.AcmiClientService] ACMI status: "Connecting" -> "Failed"
2026-09-26 16:26:10.592 -04:00 [INF] [OpenFreq.Services.Acmi.AcmiClientService] ACMI status: "Failed" -> "Connecting"
2026-09-26 16:26:10.592 -04:00 [INF] [OpenFreq.Services.Acmi.AcmiClientService] Connecting to 100.30.236.80:42674
2026-09-26 16:26:12.763 -04:00 [ERR] [OpenFreq.Services.Acmi.AcmiClientService] Connection error
System.Net.Sockets.SocketException (10061): No connection could be made because the target machine actively refused it.
   at System.Net.Sockets.Socket.AwaitableSocketAsyncEventArgs.ThrowException(SocketError error, CancellationToken cancellationToken)
   at System.Net.Sockets.Socket.AwaitableSocketAsyncEventArgs.System.Threading.Tasks.Sources.IValueTaskSource.GetResult(Int16 token)
   at System.Net.Sockets.TcpClient.CompleteConnectAsync(ValueTask task)
   at OpenFreq.Services.Acmi.AcmiClientService.ConnectionLoopAsync(CancellationToken cancellationToken)
2026-09-26 16:26:12.763 -04:00 [INF] [OpenFreq.Services.Acmi.AcmiClientService] ACMI status: "Connecting" -> "Failed"
2026-09-26 16:26:17.763 -04:00 [INF] [OpenFreq.Services.Acmi.AcmiClientService] ACMI status: "Failed" -> "Connecting"
2026-09-26 16:26:17.763 -04:00 [INF] [OpenFreq.Services.Acmi.AcmiClientService] Connecting to 100.30.236.80:42674
2026-09-26 16:26:19.886 -04:00 [INF] [OpenFreqClient.Services.OpenFreqService] PTT start: Kug (e406d0a0-64e6-4450-9ec0-300837b7b89a) on 339.750 MHz, 2D
2026-09-26 16:26:19.910 -04:00 [INF] [OpenFreq.Common.RtpJitterBuffer] Transmission gap detected (154010ms RTP delta), resetting jitter measurement
2026-09-26 16:26:19.960 -04:00 [ERR] [OpenFreq.Services.Acmi.AcmiClientService] Connection error
System.Net.Sockets.SocketException (10061): No connection could be made because the target machine actively refused it.
   at System.Net.Sockets.Socket.AwaitableSocketAsyncEventArgs.ThrowException(SocketError error, CancellationToken cancellationToken)
   at System.Net.Sockets.Socket.AwaitableSocketAsyncEventArgs.System.Threading.Tasks.Sources.IValueTaskSource.GetResult(Int16 token)
   at System.Net.Sockets.TcpClient.CompleteConnectAsync(ValueTask task)
   at OpenFreq.Services.Acmi.AcmiClientService.ConnectionLoopAsync(CancellationToken cancellationToken)
2026-09-26 16:26:19.960 -04:00 [INF] [OpenFreq.Services.Acmi.AcmiClientService] ACMI status: "Connecting" -> "Failed"
2026-09-26 16:26:20.659 -04:00 [INF] [OpenFreqClient.Services.OpenFreqService] PTT end: Kug (e406d0a0-64e6-4450-9ec0-300837b7b89a) on 339.750 MHz, released
2026-09-26 16:26:21.282 -04:00 [INF] [OpenFreqClient.Services.OpenFreqService] PTT start: own radio on 339.750 MHz
2026-09-26 16:26:21.428 -04:00 [INF] [OpenFreqClient.Services.OpenFreqService] PTT end: own radio on 339.750 MHz
2026-09-26 16:26:21.437 -04:00 [INF] [OpenFreqClient.Services.OpenFreqService] TX level over 150ms: mic peak -43.2 dBFS rms -57.3 dBFS | sent peak -34.4 dBFS rms -45.4 dBFS | normalizer on, gain 5.064, gate -56.1 dBFS
2026-09-26 16:26:21.720 -04:00 [INF] [OpenFreqClient.Services.OpenFreqService] PTT start: own radio on 280.500 MHz
2026-09-26 16:26:21.951 -04:00 [INF] [OpenFreqClient.Services.OpenFreqService] PTT end: own radio on 280.500 MHz
2026-09-26 16:26:21.959 -04:00 [INF] [OpenFreqClient.Services.OpenFreqService] TX level over 230ms: mic peak -37.1 dBFS rms -52.7 dBFS | sent peak -22.0 dBFS rms -37.5 dBFS | normalizer on, gain 6.335, gate -57.1 dBFS
2026-09-26 16:26:22.990 -04:00 [INF] [OpenFreqClient.Services.OpenFreqService] PTT start: own radio on 243.000 MHz
2026-09-26 16:26:23.078 -04:00 [INF] [OpenFreqClient.Services.OpenFreqService] PTT end: own radio on 243.000 MHz
2026-09-26 16:26:23.088 -04:00 [INF] [OpenFreqClient.Services.OpenFreqService] TX level over 90ms: mic peak -45.4 dBFS rms -62.1 dBFS | sent peak -29.4 dBFS rms -46.1 dBFS | normalizer on, gain 6.335, gate -45.5 dBFS
2026-09-26 16:26:24.960 -04:00 [INF] [OpenFreq.Services.Acmi.AcmiClientService] ACMI status: "Failed" -> "Connecting"
2026-09-26 16:26:24.960 -04:00 [INF] [OpenFreq.Services.Acmi.AcmiClientService] Connecting to 100.30.236.80:42674
2026-09-26 16:26:25.833 -04:00 [INF] [OpenFreqClient.Services.OpenFreqService] PTT start: Alligator (2af88464-1ea8-4d04-80ba-d98d4f842617) on 339.750 MHz, 2D
2026-09-26 16:26:25.850 -04:00 [INF] [OpenFreq.Common.RtpJitterBuffer] Transmission gap detected (44105ms RTP delta), resetting jitter measurement
2026-09-26 16:26:26.506 -04:00 [INF] [OpenFreqClient.Services.OpenFreqService] PTT end: Alligator (2af88464-1ea8-4d04-80ba-d98d4f842617) on 339.750 MHz, released
2026-09-26 16:26:27.128 -04:00 [ERR] [OpenFreq.Services.Acmi.AcmiClientService] Connection error
System.Net.Sockets.SocketException (10061): No connection could be made because the target machine actively refused it.
   at System.Net.Sockets.Socket.AwaitableSocketAsyncEventArgs.ThrowException(SocketError error, CancellationToken cancellationToken)
   at System.Net.Sockets.Socket.AwaitableSocketAsyncEventArgs.System.Threading.Tasks.Sources.IValueTaskSource.GetResult(Int16 token)
   at System.Net.Sockets.TcpClient.CompleteConnectAsync(ValueTask task)
   at OpenFreq.Services.Acmi.AcmiClientService.ConnectionLoopAsync(CancellationToken cancellationToken)
2026-09-26 16:26:27.128 -04:00 [INF] [OpenFreq.Services.Acmi.AcmiClientService] ACMI status: "Connecting" -> "Failed"
2026-09-26 16:26:32.128 -04:00 [INF] [OpenFreq.Services.Acmi.AcmiClientService] ACMI status: "Failed" -> "Connecting"
2026-09-26 16:26:32.128 -04:00 [INF] [OpenFreq.Services.Acmi.AcmiClientService] Connecting to 100.30.236.80:42674
2026-09-26 16:26:34.297 -04:00 [ERR] [OpenFreq.Services.Acmi.AcmiClientService] Connection error
System.Net.Sockets.SocketException (10061): No connection could be made because the target machine actively refused it.
   at System.Net.Sockets.Socket.AwaitableSocketAsyncEventArgs.ThrowException(SocketError error, CancellationToken cancellationToken)
   at System.Net.Sockets.Socket.AwaitableSocketAsyncEventArgs.System.Threading.Tasks.Sources.IValueTaskSource.GetResult(Int16 token)
   at System.Net.Sockets.TcpClient.CompleteConnectAsync(ValueTask task)
   at OpenFreq.Services.Acmi.AcmiClientService.ConnectionLoopAsync(CancellationToken cancellationToken)
2026-09-26 16:26:34.298 -04:00 [INF] [OpenFreq.Services.Acmi.AcmiClientService] ACMI status: "Connecting" -> "Failed"
2026-09-26 16:26:39.299 -04:00 [INF] [OpenFreq.Services.Acmi.AcmiClientService] ACMI status: "Failed" -> "Connecting"
2026-09-26 16:26:39.299 -04:00 [INF] [OpenFreq.Services.Acmi.AcmiClientService] Connecting to 100.30.236.80:42674
2026-09-26 16:26:39.365 -04:00 [INF] [OpenFreq.Services.Acmi.AcmiClientService] Handshake accepted
2026-09-26 16:26:39.365 -04:00 [INF] [OpenFreq.Services.Acmi.AcmiClientService] ACMI handshake successful
2026-09-26 16:26:39.365 -04:00 [INF] [OpenFreq.Services.Acmi.AcmiClientService] ACMI status: "Connecting" -> "Connected"
2026-09-26 16:26:47.414 -04:00 [INF] [OpenFreqClient.ViewModels.SettingsViewModel] Game mode changed to Lobby
2026-09-26 16:26:47.415 -04:00 [INF] [OpenFreqAudio.RadioPlayback] Recording stopped
2026-09-26 16:26:47.982 -04:00 [INF] [OpenFreqClient.ViewModels.SettingsViewModel] Game mode changed to In-game
2026-09-26 16:26:47.983 -04:00 [INF] [OpenFreqAudio.RadioPlayback] Recording started: C:\Users\FB\Downloads\OpenFreq-Client-v1.1.4-win-x64-portable\recordings\OpenFreq_20260926T202647Z.ogg
2026-09-26 16:27:35.513 -04:00 [INF] [OpenFreqAudio.RadioPlayback] Stream '179a68da-a2bc-45c0-9d2b-9f0af5fa49ea:243000' on 243.000 MHz
2026-09-26 16:27:36.613 -04:00 [INF] [OpenFreqAudio.RadioPlayback] Stream 'fd8e3112-e083-4da8-be92-04d9f9642ebe:243000' on 243.000 MHz
2026-09-26 16:27:37.676 -04:00 [INF] [OpenFreqAudio.RadioPlayback] Stream 'd52d332f-8742-40f6-b985-35a908d32642:243000' on 243.000 MHz
2026-09-26 16:27:39.897 -04:00 [INF] [OpenFreqAudio.RadioPlayback] Stream 'bad80b09-e94d-4c75-9eab-c3ffca19bd3b:243000' on 243.000 MHz
2026-09-26 16:27:47.991 -04:00 [INF] [OpenFreqAudio.RadioPlayback] Stream 'bad80b09-e94d-4c75-9eab-c3ffca19bd3b:339750' on 339.750 MHz
2026-09-26 16:27:50.086 -04:00 [INF] [OpenFreqClient.Services.OpenFreqService] PTT start: Razgriz (9ac4a3e8-e935-4564-a9e9-54d417e10880) on 339.750 MHz, 2D
2026-09-26 16:27:50.097 -04:00 [INF] [OpenFreq.Common.RtpJitterBufferPool] New RTP source: SSRC=6B506D7F
2026-09-26 16:27:50.097 -04:00 [INF] [OpenFreq.Common.RtpJitterBuffer] Manual buffer size: 150ms
2026-09-26 16:27:50.097 -04:00 [INF] [OpenFreq.Common.RtpAudioReceiver] Source joined:  SSRC=6B506D7F
2026-09-26 16:27:50.097 -04:00 [INF] [OpenFreq.Common.RtpJitterBuffer] Initialized: buffer=150ms
2026-09-26 16:27:51.757 -04:00 [INF] [OpenFreqClient.Services.OpenFreqService] PTT end: Razgriz (9ac4a3e8-e935-4564-a9e9-54d417e10880) on 339.750 MHz, released
2026-09-26 16:27:54.457 -04:00 [INF] [OpenFreqClient.Services.OpenFreqService] PTT start: Kug (e406d0a0-64e6-4450-9ec0-300837b7b89a) on 339.750 MHz, 2D
2026-09-26 16:27:54.467 -04:00 [INF] [OpenFreq.Common.RtpJitterBuffer] Transmission gap detected (93825ms RTP delta), resetting jitter measurement
2026-09-26 16:27:55.502 -04:00 [INF] [OpenFreqClient.Services.OpenFreqService] PTT end: Kug (e406d0a0-64e6-4450-9ec0-300837b7b89a) on 339.750 MHz, released
2026-09-26 16:27:57.465 -04:00 [INF] [OpenFreqClient.Services.OpenFreqService] PTT start: Razgriz (9ac4a3e8-e935-4564-a9e9-54d417e10880) on 339.750 MHz, 2D
2026-09-26 16:27:57.477 -04:00 [INF] [OpenFreq.Common.RtpJitterBuffer] Transmission gap detected (5739ms RTP delta), resetting jitter measurement
2026-09-26 16:27:59.402 -04:00 [INF] [OpenFreqClient.Services.OpenFreqService] PTT end: Razgriz (9ac4a3e8-e935-4564-a9e9-54d417e10880) on 339.750 MHz, released
2026-09-26 16:28:00.533 -04:00 [INF] [OpenFreq.Common.RtpJitterBuffer] Late arrival (47ms past slot) — buffer 41→118ms
2026-09-26 16:28:00.533 -04:00 [INF] [OpenFreqClient.Services.OpenFreqService] PTT start: Paintcheck (9c5f9224-8277-4f34-8da9-dbeb707f0e00) on 339.750 MHz, 2D
2026-09-26 16:28:00.533 -04:00 [INF] [OpenFreq.Common.RtpJitterBuffer] Transmission gap detected (212332ms RTP delta), resetting jitter measurement
2026-09-26 16:28:00.896 -04:00 [INF] [OpenFreqClient.Services.OpenFreqService] PTT start: Alligator (2af88464-1ea8-4d04-80ba-d98d4f842617) on 339.750 MHz, 2D
2026-09-26 16:28:00.915 -04:00 [INF] [OpenFreq.Common.RtpJitterBuffer] Transmission gap detected (94423ms RTP delta), resetting jitter measurement
2026-09-26 16:28:01.914 -04:00 [INF] [OpenFreqClient.Services.OpenFreqService] PTT end: Alligator (2af88464-1ea8-4d04-80ba-d98d4f842617) on 339.750 MHz, released
2026-09-26 16:28:02.562 -04:00 [INF] [OpenFreqClient.Services.OpenFreqService] PTT end: Paintcheck (9c5f9224-8277-4f34-8da9-dbeb707f0e00) on 339.750 MHz, released
2026-09-26 16:28:03.684 -04:00 [INF] [OpenFreqClient.Services.OpenFreqService] PTT start: Alligator (2af88464-1ea8-4d04-80ba-d98d4f842617) on 339.750 MHz, 2D
2026-09-26 16:28:03.694 -04:00 [INF] [OpenFreq.Common.RtpJitterBuffer] Transmission gap detected (1802ms RTP delta), resetting jitter measurement
2026-09-26 16:28:03.730 -04:00 [INF] [OpenFreqClient.Services.OpenFreqService] PTT start: Razgriz (9ac4a3e8-e935-4564-a9e9-54d417e10880) on 339.750 MHz, 2D
2026-09-26 16:28:03.747 -04:00 [INF] [OpenFreq.Common.RtpJitterBuffer] Transmission gap detected (4345ms RTP delta), resetting jitter measurement
2026-09-26 16:28:04.551 -04:00 [INF] [OpenFreqClient.Services.OpenFreqService] PTT end: Alligator (2af88464-1ea8-4d04-80ba-d98d4f842617) on 339.750 MHz, released
2026-09-26 16:28:05.303 -04:00 [INF] [OpenFreqClient.Services.OpenFreqService] PTT end: Razgriz (9ac4a3e8-e935-4564-a9e9-54d417e10880) on 339.750 MHz, released
2026-09-26 16:28:08.308 -04:00 [INF] [OpenFreqClient.Services.OpenFreqService] PTT start: Razgriz (9ac4a3e8-e935-4564-a9e9-54d417e10880) on 339.750 MHz, 2D
2026-09-26 16:28:08.325 -04:00 [INF] [OpenFreq.Common.RtpJitterBuffer] Transmission gap detected (3039ms RTP delta), resetting jitter measurement
2026-09-26 16:28:10.646 -04:00 [INF] [OpenFreqClient.Services.OpenFreqService] PTT end: Razgriz (9ac4a3e8-e935-4564-a9e9-54d417e10880) on 339.750 MHz, released
2026-09-26 16:28:11.936 -04:00 [INF] [OpenFreqClient.Services.OpenFreqService] PTT start: Paintcheck (9c5f9224-8277-4f34-8da9-dbeb707f0e00) on 339.750 MHz, 2D
2026-09-26 16:28:11.953 -04:00 [INF] [OpenFreq.Common.RtpJitterBuffer] Transmission gap detected (9400ms RTP delta), resetting jitter measurement
2026-09-26 16:28:13.988 -04:00 [INF] [OpenFreqClient.Services.OpenFreqService] PTT end: Paintcheck (9c5f9224-8277-4f34-8da9-dbeb707f0e00) on 339.750 MHz, released
2026-09-26 16:28:14.113 -04:00 [INF] [OpenFreqClient.Services.OpenFreqService] PTT start: Razgriz (9ac4a3e8-e935-4564-a9e9-54d417e10880) on 339.750 MHz, 2D
2026-09-26 16:28:14.128 -04:00 [INF] [OpenFreq.Common.RtpJitterBuffer] Transmission gap detected (3504ms RTP delta), resetting jitter measurement
2026-09-26 16:28:14.470 -04:00 [INF] [OpenFreqClient.Services.OpenFreqService] PTT start: Knight (f4461c8b-b37f-4d25-a4cb-5da5ffdcefdc) on 339.750 MHz, 2D
2026-09-26 16:28:14.483 -04:00 [INF] [OpenFreq.Common.RtpJitterBufferPool] New RTP source: SSRC=4209D5F1
2026-09-26 16:28:14.483 -04:00 [INF] [OpenFreq.Common.RtpJitterBuffer] Manual buffer size: 150ms
2026-09-26 16:28:14.483 -04:00 [INF] [OpenFreq.Common.RtpAudioReceiver] Source joined:  SSRC=4209D5F1
2026-09-26 16:28:14.483 -04:00 [INF] [OpenFreq.Common.RtpJitterBuffer] Initialized: buffer=150ms
2026-09-26 16:28:16.290 -04:00 [INF] [OpenFreqClient.Services.OpenFreqService] PTT end: Razgriz (9ac4a3e8-e935-4564-a9e9-54d417e10880) on 339.750 MHz, released
2026-09-26 16:28:18.713 -04:00 [INF] [OpenFreqClient.Services.OpenFreqService] PTT end: Knight (f4461c8b-b37f-4d25-a4cb-5da5ffdcefdc) on 339.750 MHz, released
2026-09-26 16:28:19.141 -04:00 [INF] [OpenFreqClient.Services.OpenFreqService] PTT start: Kug (e406d0a0-64e6-4450-9ec0-300837b7b89a) on 339.750 MHz, 2D
2026-09-26 16:28:19.148 -04:00 [INF] [OpenFreq.Common.RtpJitterBuffer] Transmission gap detected (23663ms RTP delta), resetting jitter measurement
2026-09-26 16:28:19.206 -04:00 [INF] [OpenFreqClient.Services.OpenFreqService] PTT end: Kug (e406d0a0-64e6-4450-9ec0-300837b7b89a) on 339.750 MHz, released
2026-09-26 16:28:19.206 -04:00 [INF] [OpenFreqAudio.RadioPlayback] Stream 'e406d0a0-64e6-4450-9ec0-300837b7b89a:243000' on 243.000 MHz
2026-09-26 16:28:19.778 -04:00 [INF] [OpenFreqAudio.RadioPlayback] Stream '91c4c764-ac55-4b66-98e4-d070ed54be23:243000' on 243.000 MHz
2026-09-26 16:28:20.613 -04:00 [INF] [OpenFreqClient.Services.OpenFreqService] PTT start: Alligator (2af88464-1ea8-4d04-80ba-d98d4f842617) on 339.750 MHz, 2D
2026-09-26 16:28:20.627 -04:00 [INF] [OpenFreq.Common.RtpJitterBuffer] Transmission gap detected (16085ms RTP delta), resetting jitter measurement
2026-09-26 16:28:22.253 -04:00 [INF] [OpenFreqClient.Services.OpenFreqService] PTT end: Alligator (2af88464-1ea8-4d04-80ba-d98d4f842617) on 339.750 MHz, released
2026-09-26 16:28:23.747 -04:00 [INF] [OpenFreqClient.Services.OpenFreqService] PTT start: Knight (f4461c8b-b37f-4d25-a4cb-5da5ffdcefdc) on 339.750 MHz, 2D
2026-09-26 16:28:23.764 -04:00 [INF] [OpenFreq.Common.RtpJitterBuffer] Transmission gap detected (5057ms RTP delta), resetting jitter measurement
2026-09-26 16:28:23.927 -04:00 [INF] [OpenFreq.Common.RtpJitterBuffer] Late arrival (12ms past slot) — buffer 35→77ms
2026-09-26 16:28:25.509 -04:00 [INF] [OpenFreqClient.Services.OpenFreqService] PTT end: Knight (f4461c8b-b37f-4d25-a4cb-5da5ffdcefdc) on 339.750 MHz, released
2026-09-26 16:28:25.894 -04:00 [INF] [OpenFreqClient.Services.OpenFreqService] PTT start: Razgriz (9ac4a3e8-e935-4564-a9e9-54d417e10880) on 339.750 MHz, 2D
2026-09-26 16:28:25.906 -04:00 [INF] [OpenFreq.Common.RtpJitterBuffer] Transmission gap detected (9622ms RTP delta), resetting jitter measurement
2026-09-26 16:28:26.776 -04:00 [INF] [OpenFreqClient.Services.OpenFreqService] PTT end: Razgriz (9ac4a3e8-e935-4564-a9e9-54d417e10880) on 339.750 MHz, released
2026-09-26 16:28:28.952 -04:00 [INF] [OpenFreqClient.Services.OpenFreqService] PTT start: Alligator (2af88464-1ea8-4d04-80ba-d98d4f842617) on 339.750 MHz, 2D
2026-09-26 16:28:28.972 -04:00 [INF] [OpenFreq.Common.RtpJitterBuffer] Transmission gap detected (6726ms RTP delta), resetting jitter measurement
2026-09-26 16:28:29.817 -04:00 [INF] [OpenFreqClient.Services.OpenFreqService] PTT end: Alligator (2af88464-1ea8-4d04-80ba-d98d4f842617) on 339.750 MHz, released
2026-09-26 16:28:30.855 -04:00 [INF] [OpenFreqClient.Services.OpenFreqService] PTT start: Razgriz (9ac4a3e8-e935-4564-a9e9-54d417e10880) on 339.750 MHz, 2D
2026-09-26 16:28:30.867 -04:00 [INF] [OpenFreq.Common.RtpJitterBuffer] Transmission gap detected (4121ms RTP delta), resetting jitter measurement
2026-09-26 16:28:34.795 -04:00 [INF] [OpenFreqAudio.RadioPlayback] Stream 'cd4470e2-49f3-4b5d-9822-b17ed0c432a7:243000' on 243.000 MHz
2026-09-26 16:28:34.894 -04:00 [INF] [OpenFreqClient.Services.OpenFreqService] PTT end: Razgriz (9ac4a3e8-e935-4564-a9e9-54d417e10880) on 339.750 MHz, released
2026-09-26 16:28:34.960 -04:00 [INF] [OpenFreqAudio.RadioPlayback] Stream '0b5a8147-b1fa-4307-a8c3-d1087389de25:243000' on 243.000 MHz
2026-09-26 16:28:36.136 -04:00 [INF] [OpenFreqAudio.RadioPlayback] Stream '96d0aaf9-fc04-4ef3-8c64-f95b30259b59:243000' on 243.000 MHz
2026-09-26 16:28:37.005 -04:00 [INF] [OpenFreqAudio.RadioPlayback] Stream 'f4461c8b-b37f-4d25-a4cb-5da5ffdcefdc:243000' on 243.000 MHz
2026-09-26 16:28:48.917 -04:00 [INF] [OpenFreqAudio.RadioPlayback] Stream '9ac4a3e8-e935-4564-a9e9-54d417e10880:243000' on 243.000 MHz
2026-09-26 16:28:52.996 -04:00 [INF] [OpenFreqAudio.RadioPlayback] Stream '3f69df0a-0474-4403-96f9-9167afaa52d9:243000' on 243.000 MHz
2026-09-26 16:28:55.062 -04:00 [INF] [OpenFreqAudio.RadioPlayback] Stream '43ff3b58-7576-451b-af7c-3b0c94df56b7:243000' on 243.000 MHz
2026-09-26 16:29:04.293 -04:00 [INF] [OpenFreqAudio.RadioPlayback] Stream 'ee23d6e9-c508-4e2b-9961-9fd28e96aa1e:243000' on 243.000 MHz
2026-09-26 16:29:06.876 -04:00 [INF] [OpenFreqAudio.RadioPlayback] Stream 'b18f6921-3ac5-4bf0-9303-fe45b072bde1:243000' on 243.000 MHz
2026-09-26 16:29:09.854 -04:00 [INF] [OpenFreqAudio.RadioPlayback] Stream '2af88464-1ea8-4d04-80ba-d98d4f842617:243000' on 243.000 MHz
2026-09-26 16:29:34.507 -04:00 [INF] [OpenFreqAudio.RadioPlayback] Stream '9c5f9224-8277-4f34-8da9-dbeb707f0e00:243000' on 243.000 MHz
2026-09-26 16:29:35.689 -04:00 [INF] [OpenFreqAudio.RadioPlayback] Stream '034f2d4f-8a1e-4d37-b81b-90f8690d9187:243000' on 243.000 MHz
2026-09-26 16:29:36.834 -04:00 [INF] [OpenFreqAudio.RadioPlayback] Stream '334bf3fa-605f-4145-a460-1e0fa9526a3d:243000' on 243.000 MHz
2026-09-26 16:30:05.567 -04:00 [INF] [OpenFreqAudio.RadioPlayback] Stream '4c187006-039a-4fcb-b6df-d456875763f7:243000' on 243.000 MHz
2026-09-26 16:30:07.398 -04:00 [INF] [OpenFreqAudio.RadioPlayback] Stream 'fc74b220-b0a9-42b3-a47d-1c86e24c2b57:243000' on 243.000 MHz
2026-09-26 16:30:09.201 -04:00 [INF] [OpenFreqAudio.RadioPlayback] Stream '38562a9e-c5a7-4d8e-8e84-ac5f77661794:243000' on 243.000 MHz
2026-09-26 16:34:20.750 -04:00 [INF] [OpenFreqAudio.RadioPlayback] Stream 'fd8e3112-e083-4da8-be92-04d9f9642ebe:339750' on 339.750 MHz
2026-09-26 16:34:20.986 -04:00 [INF] [OpenFreqAudio.RadioPlayback] Stream 'bad80b09-e94d-4c75-9eab-c3ffca19bd3b:339750' on 339.750 MHz
2026-09-26 16:34:21.245 -04:00 [INF] [OpenFreqAudio.RadioPlayback] Stream 'e406d0a0-64e6-4450-9ec0-300837b7b89a:280500' on 280.500 MHz
2026-09-26 16:34:21.594 -04:00 [INF] [OpenFreqAudio.RadioPlayback] Stream 'bad80b09-e94d-4c75-9eab-c3ffca19bd3b:339750' on 339.750 MHz
2026-09-26 16:34:22.348 -04:00 [INF] [OpenFreqAudio.RadioPlayback] Stream 'bad80b09-e94d-4c75-9eab-c3ffca19bd3b:339750' on 339.750 MHz
2026-09-26 16:34:23.030 -04:00 [INF] [OpenFreqAudio.RadioPlayback] Stream '179a68da-a2bc-45c0-9d2b-9f0af5fa49ea:339750' on 339.750 MHz
2026-09-26 16:34:23.347 -04:00 [INF] [OpenFreqAudio.RadioPlayback] Stream 'd52d332f-8742-40f6-b985-35a908d32642:339750' on 339.750 MHz
2026-09-26 16:34:30.135 -04:00 [INF] [OpenFreqClient.Services.OpenFreqService] PTT start: own radio on 339.750 MHz
2026-09-26 16:34:30.370 -04:00 [INF] [OpenFreqClient.Services.OpenFreqService] PTT end: own radio on 339.750 MHz
2026-09-26 16:34:30.371 -04:00 [INF] [OpenFreqClient.Services.OpenFreqService] TX level over 230ms: mic peak -52.8 dBFS rms -65.7 dBFS | sent peak -36.8 dBFS rms -49.7 dBFS | normalizer on, gain 6.335, gate -54.7 dBFS
2026-09-26 16:34:32.026 -04:00 [INF] [OpenFreqClient.Services.OpenFreqService] PTT start: Woody (179a68da-a2bc-45c0-9d2b-9f0af5fa49ea) on 339.750 MHz, 3D
2026-09-26 16:34:32.050 -04:00 [INF] [OpenFreq.Common.RtpJitterBuffer] Transmission gap detected (519648ms RTP delta), resetting jitter measurement
2026-09-26 16:34:32.050 -04:00 [INF] [OpenFreq.Common.RtpJitterBufferPool] Pruned stale source SSRC=5958BBE0
2026-09-26 16:34:32.050 -04:00 [INF] [OpenFreq.Common.RtpAudioReceiver] Source expired: SSRC=5958BBE0
2026-09-26 16:34:32.051 -04:00 [INF] [OpenFreq.Common.RtpJitterBufferPool] Pruned stale source SSRC=141FC2A9
2026-09-26 16:34:32.051 -04:00 [INF] [OpenFreq.Common.RtpAudioReceiver] Source expired: SSRC=141FC2A9
2026-09-26 16:34:32.051 -04:00 [INF] [OpenFreq.Common.RtpJitterBufferPool] Pruned stale source SSRC=5B49E066
2026-09-26 16:34:32.051 -04:00 [INF] [OpenFreq.Common.RtpAudioReceiver] Source expired: SSRC=5B49E066
2026-09-26 16:34:32.051 -04:00 [INF] [OpenFreq.Common.RtpJitterBufferPool] Pruned stale source SSRC=2D711AA4
2026-09-26 16:34:32.051 -04:00 [INF] [OpenFreq.Common.RtpAudioReceiver] Source expired: SSRC=2D711AA4
2026-09-26 16:34:32.051 -04:00 [INF] [OpenFreq.Common.RtpJitterBufferPool] Pruned stale source SSRC=4B5FD0E8
2026-09-26 16:34:32.051 -04:00 [INF] [OpenFreq.Common.RtpAudioReceiver] Source expired: SSRC=4B5FD0E8
2026-09-26 16:34:32.051 -04:00 [INF] [OpenFreq.Common.RtpJitterBufferPool] Pruned stale source SSRC=7126CAC1
2026-09-26 16:34:32.051 -04:00 [INF] [OpenFreq.Common.RtpAudioReceiver] Source expired: SSRC=7126CAC1
2026-09-26 16:34:32.051 -04:00 [INF] [OpenFreq.Common.RtpJitterBufferPool] Pruned stale source SSRC=342907E0
2026-09-26 16:34:32.051 -04:00 [INF] [OpenFreq.Common.RtpAudioReceiver] Source expired: SSRC=342907E0
2026-09-26 16:34:32.051 -04:00 [INF] [OpenFreq.Common.RtpJitterBufferPool] Pruned stale source SSRC=5D682876
2026-09-26 16:34:32.051 -04:00 [INF] [OpenFreq.Common.RtpAudioReceiver] Source expired: SSRC=5D682876
2026-09-26 16:34:32.051 -04:00 [INF] [OpenFreq.Common.RtpJitterBufferPool] Pruned stale source SSRC=4EE60C78
2026-09-26 16:34:32.051 -04:00 [INF] [OpenFreq.Common.RtpAudioReceiver] Source expired: SSRC=4EE60C78
2026-09-26 16:34:32.051 -04:00 [INF] [OpenFreq.Common.RtpJitterBufferPool] Pruned stale source SSRC=27D099D4
2026-09-26 16:34:32.051 -04:00 [INF] [OpenFreq.Common.RtpAudioReceiver] Source expired: SSRC=27D099D4
2026-09-26 16:34:32.051 -04:00 [INF] [OpenFreq.Common.RtpJitterBufferPool] Pruned stale source SSRC=6B506D7F
2026-09-26 16:34:32.051 -04:00 [INF] [OpenFreq.Common.RtpAudioReceiver] Source expired: SSRC=6B506D7F
2026-09-26 16:34:32.051 -04:00 [INF] [OpenFreq.Common.RtpJitterBufferPool] Pruned stale source SSRC=4209D5F1
2026-09-26 16:34:32.051 -04:00 [INF] [OpenFreq.Common.RtpAudioReceiver] Source expired: SSRC=4209D5F1
2026-09-26 16:34:32.126 -04:00 [INF] [OpenFreqClient.Services.OpenFreqService] RX 339.750 MHz from Woody (179a68da-a2bc-45c0-9d2b-9f0af5fa49ea): -95.2 dBm, SNR 11.8 dB, FSPL 135.2 dB, terrain 0.0 dB, 405.7 km, tx 2534 m / rx 7928 m MSL
2026-09-26 16:34:33.192 -04:00 [INF] [OpenFreqClient.Services.OpenFreqService] PTT end: Woody (179a68da-a2bc-45c0-9d2b-9f0af5fa49ea) on 339.750 MHz, released
2026-09-26 16:34:33.644 -04:00 [INF] [OpenFreqClient.Services.OpenFreqService] PTT start: Rain (fd8e3112-e083-4da8-be92-04d9f9642ebe) on 339.750 MHz, 3D
2026-09-26 16:34:33.666 -04:00 [INF] [OpenFreq.Common.RtpJitterBufferPool] New RTP source: SSRC=5B49E066
2026-09-26 16:34:33.666 -04:00 [INF] [OpenFreq.Common.RtpJitterBuffer] Manual buffer size: 150ms
2026-09-26 16:34:33.666 -04:00 [INF] [OpenFreq.Common.RtpAudioReceiver] Source joined:  SSRC=5B49E066
2026-09-26 16:34:33.666 -04:00 [INF] [OpenFreq.Common.RtpJitterBuffer] Initialized: buffer=150ms
2026-09-26 16:34:33.817 -04:00 [INF] [OpenFreqClient.Services.OpenFreqService] RX 339.750 MHz from Rain (fd8e3112-e083-4da8-be92-04d9f9642ebe): -95.2 dBm, SNR 11.8 dB, FSPL 135.2 dB, terrain 0.0 dB, 406.3 km, tx 2236 m / rx 7928 m MSL
2026-09-26 16:34:33.952 -04:00 [INF] [OpenFreqClient.Services.OpenFreqService] PTT end: Rain (fd8e3112-e083-4da8-be92-04d9f9642ebe) on 339.750 MHz, released
2026-09-26 16:34:34.017 -04:00 [WRN] [OpenFreqAudio.RadioPlayback] Stream fd8e3112-e083-4da8-be92-04d9f9642ebe:339750 on 339.750 MHz had no samples for 18.6 ms
2026-09-26 16:34:35.103 -04:00 [INF] [OpenFreqClient.Services.OpenFreqService] PTT start: Starlight (bad80b09-e94d-4c75-9eab-c3ffca19bd3b) on 339.750 MHz, 3D
2026-09-26 16:34:35.122 -04:00 [INF] [OpenFreq.Common.RtpJitterBufferPool] New RTP source: SSRC=2D711AA4
2026-09-26 16:34:35.122 -04:00 [INF] [OpenFreq.Common.RtpJitterBuffer] Manual buffer size: 150ms
2026-09-26 16:34:35.122 -04:00 [INF] [OpenFreq.Common.RtpAudioReceiver] Source joined:  SSRC=2D711AA4
2026-09-26 16:34:35.122 -04:00 [INF] [OpenFreq.Common.RtpJitterBuffer] Initialized: buffer=150ms
2026-09-26 16:34:35.273 -04:00 [INF] [OpenFreqClient.Services.OpenFreqService] RX 339.750 MHz from Starlight (bad80b09-e94d-4c75-9eab-c3ffca19bd3b): -95.3 dBm, SNR 11.7 dB, FSPL 135.3 dB, terrain 0.0 dB, 410.9 km, tx 2002 m / rx 7928 m MSL
2026-09-26 16:34:35.296 -04:00 [INF] [OpenFreqClient.Services.OpenFreqService] PTT end: Starlight (bad80b09-e94d-4c75-9eab-c3ffca19bd3b) on 339.750 MHz, released
2026-09-26 16:34:36.110 -04:00 [INF] [OpenFreqClient.Services.OpenFreqService] PTT start: Wild (d52d332f-8742-40f6-b985-35a908d32642) on 339.750 MHz, 3D
2026-09-26 16:34:36.126 -04:00 [INF] [OpenFreq.Common.RtpJitterBufferPool] New RTP source: SSRC=4B5FD0E8
2026-09-26 16:34:36.126 -04:00 [INF] [OpenFreq.Common.RtpJitterBuffer] Manual buffer size: 150ms
2026-09-26 16:34:36.126 -04:00 [INF] [OpenFreq.Common.RtpAudioReceiver] Source joined:  SSRC=4B5FD0E8
2026-09-26 16:34:36.126 -04:00 [INF] [OpenFreq.Common.RtpJitterBuffer] Initialized: buffer=150ms
2026-09-26 16:34:36.276 -04:00 [INF] [OpenFreqClient.Services.OpenFreqService] RX 339.750 MHz from Wild (d52d332f-8742-40f6-b985-35a908d32642): -95.4 dBm, SNR 11.6 dB, FSPL 135.4 dB, terrain 0.0 dB, 411.1 km, tx 2053 m / rx 7928 m MSL
2026-09-26 16:34:36.670 -04:00 [INF] [OpenFreqClient.Services.OpenFreqService] PTT end: Wild (d52d332f-8742-40f6-b985-35a908d32642) on 339.750 MHz, released
2026-09-26 16:34:37.256 -04:00 [INF] [OpenFreqClient.Services.OpenFreqService] PTT start: own radio on 339.750 MHz
2026-09-26 16:34:37.548 -04:00 [INF] [OpenFreqClient.Services.OpenFreqService] PTT end: own radio on 339.750 MHz
2026-09-26 16:34:37.550 -04:00 [INF] [OpenFreqClient.Services.OpenFreqService] TX level over 290ms: mic peak -0.5 dBFS rms -17.2 dBFS | sent peak 0.0 dBFS rms -9.9 dBFS | normalizer on, gain 1.619, gate -55.8 dBFS
2026-09-26 16:34:39.947 -04:00 [INF] [OpenFreqClient.Services.OpenFreqService] PTT start: Woody (179a68da-a2bc-45c0-9d2b-9f0af5fa49ea) on 339.750 MHz, 3D
2026-09-26 16:34:39.972 -04:00 [INF] [OpenFreq.Common.RtpJitterBuffer] Transmission gap detected (6800ms RTP delta), resetting jitter measurement
2026-09-26 16:34:40.023 -04:00 [INF] [OpenFreqClient.Services.OpenFreqService] RX 339.750 MHz from Woody (179a68da-a2bc-45c0-9d2b-9f0af5fa49ea): -95.2 dBm, SNR 11.8 dB, FSPL 135.2 dB, terrain 0.0 dB, 405.2 km, tx 2861 m / rx 7928 m MSL
2026-09-26 16:34:42.828 -04:00 [INF] [OpenFreq.Common.RtpJitterBuffer] Late arrival (5ms past slot) — buffer 56→91ms
2026-09-26 16:34:49.248 -04:00 [INF] [OpenFreqClient.Services.OpenFreqService] PTT end: Woody (179a68da-a2bc-45c0-9d2b-9f0af5fa49ea) on 339.750 MHz, released
2026-09-26 16:34:50.267 -04:00 [INF] [OpenFreqClient.Services.OpenFreqService] PTT start: own radio on 339.750 MHz
2026-09-26 16:34:51.501 -04:00 [INF] [OpenFreqClient.Services.OpenFreqService] PTT end: own radio on 339.750 MHz
2026-09-26 16:34:51.511 -04:00 [INF] [OpenFreqClient.Services.OpenFreqService] TX level over 1240ms: mic peak -0.4 dBFS rms -17.5 dBFS | sent peak 0.0 dBFS rms -19.9 dBFS | normalizer on, gain 1.304, gate -50.2 dBFS
2026-09-26 16:34:52.652 -04:00 [INF] [OpenFreqClient.Services.OpenFreqService] PTT start: Woody (179a68da-a2bc-45c0-9d2b-9f0af5fa49ea) on 339.750 MHz, 3D
2026-09-26 16:34:52.669 -04:00 [INF] [OpenFreq.Common.RtpJitterBuffer] Transmission gap detected (3444ms RTP delta), resetting jitter measurement
2026-09-26 16:34:52.722 -04:00 [INF] [OpenFreqClient.Services.OpenFreqService] RX 339.750 MHz from Woody (179a68da-a2bc-45c0-9d2b-9f0af5fa49ea): -95.2 dBm, SNR 11.8 dB, FSPL 135.2 dB, terrain 0.0 dB, 404.5 km, tx 3434 m / rx 7928 m MSL
2026-09-26 16:34:55.786 -04:00 [INF] [OpenFreq.Common.RtpJitterBuffer] Late arrival (4ms past slot) — buffer 52→85ms
2026-09-26 16:34:56.256 -04:00 [INF] [OpenFreqAudio.RadioPlayback] Stream '91c4c764-ac55-4b66-98e4-d070ed54be23:339750' on 339.750 MHz
2026-09-26 16:34:57.417 -04:00 [INF] [OpenFreqAudio.RadioPlayback] Stream '91c4c764-ac55-4b66-98e4-d070ed54be23:280500' on 280.500 MHz
2026-09-26 16:34:57.850 -04:00 [INF] [OpenFreq.Common.RtpJitterBuffer] Late arrival (14ms past slot) — buffer 85→130ms
2026-09-26 16:34:58.085 -04:00 [INF] [OpenFreqAudio.RadioPlayback] Stream '91c4c764-ac55-4b66-98e4-d070ed54be23:280500' on 280.500 MHz
2026-09-26 16:35:00.639 -04:00 [INF] [OpenFreqClient.Services.OpenFreqService] PTT end: Woody (179a68da-a2bc-45c0-9d2b-9f0af5fa49ea) on 339.750 MHz, released
2026-09-26 16:35:04.511 -04:00 [INF] [OpenFreqClient.Services.OpenFreqService] PTT start: Falcon (91c4c764-ac55-4b66-98e4-d070ed54be23) on 280.500 MHz, 3D
2026-09-26 16:35:04.524 -04:00 [INF] [OpenFreq.Common.RtpJitterBufferPool] New RTP source: SSRC=342907E0
2026-09-26 16:35:04.524 -04:00 [INF] [OpenFreq.Common.RtpJitterBuffer] Manual buffer size: 150ms
2026-09-26 16:35:04.524 -04:00 [INF] [OpenFreq.Common.RtpAudioReceiver] Source joined:  SSRC=342907E0
2026-09-26 16:35:04.524 -04:00 [INF] [OpenFreq.Common.RtpJitterBuffer] Initialized: buffer=150ms
2026-09-26 16:35:04.674 -04:00 [INF] [OpenFreqClient.Services.OpenFreqService] RX 280.500 MHz from Falcon (91c4c764-ac55-4b66-98e4-d070ed54be23): -88.5 dBm, SNR 18.5 dB, FSPL 128.5 dB, terrain 0.0 dB, 227.5 km, tx 2047 m / rx 9147 m MSL
2026-09-26 16:35:05.789 -04:00 [INF] [OpenFreqClient.Services.OpenFreqService] PTT end: Falcon (91c4c764-ac55-4b66-98e4-d070ed54be23) on 280.500 MHz, released
2026-09-26 16:35:06.523 -04:00 [INF] [OpenFreqClient.Services.OpenFreqService] PTT start: Kug (e406d0a0-64e6-4450-9ec0-300837b7b89a) on 280.500 MHz, 3D
2026-09-26 16:35:06.546 -04:00 [INF] [OpenFreq.Common.RtpJitterBufferPool] New RTP source: SSRC=141FC2A9
2026-09-26 16:35:06.546 -04:00 [INF] [OpenFreq.Common.RtpJitterBuffer] Manual buffer size: 150ms
2026-09-26 16:35:06.546 -04:00 [INF] [OpenFreq.Common.RtpAudioReceiver] Source joined:  SSRC=141FC2A9
2026-09-26 16:35:06.546 -04:00 [INF] [OpenFreq.Common.RtpJitterBuffer] Initialized: buffer=150ms
2026-09-26 16:35:06.696 -04:00 [INF] [OpenFreqClient.Services.OpenFreqService] RX 280.500 MHz from Kug (e406d0a0-64e6-4450-9ec0-300837b7b89a): -88.6 dBm, SNR 18.4 dB, FSPL 128.6 dB, terrain 0.0 dB, 227.8 km, tx 1768 m / rx 9147 m MSL
2026-09-26 16:35:06.747 -04:00 [WRN] [OpenFreqAudio.RadioPlayback] Stream e406d0a0-64e6-4450-9ec0-300837b7b89a:280500 on 280.500 MHz had no samples for 10.6 ms
2026-09-26 16:35:07.082 -04:00 [INF] [OpenFreqClient.Services.OpenFreqService] PTT end: Kug (e406d0a0-64e6-4450-9ec0-300837b7b89a) on 280.500 MHz, released
2026-09-26 16:35:12.178 -04:00 [INF] [OpenFreqClient.Services.OpenFreqService] PTT start: own radio on 280.500 MHz
2026-09-26 16:35:12.314 -04:00 [INF] [OpenFreqClient.Services.OpenFreqService] PTT start: Falcon (91c4c764-ac55-4b66-98e4-d070ed54be23) on 280.500 MHz, 3D
2026-09-26 16:35:12.325 -04:00 [INF] [OpenFreq.Common.RtpJitterBuffer] Transmission gap detected (6533ms RTP delta), resetting jitter measurement
2026-09-26 16:35:12.555 -04:00 [INF] [OpenFreqClient.Services.OpenFreqService] PTT end: own radio on 280.500 MHz
2026-09-26 16:35:12.561 -04:00 [INF] [OpenFreqClient.Services.OpenFreqService] RX 280.500 MHz from Falcon (91c4c764-ac55-4b66-98e4-d070ed54be23): -88.5 dBm, SNR 18.5 dB, FSPL 128.5 dB, terrain 0.0 dB, 227.5 km, tx 2225 m / rx 9147 m MSL
2026-09-26 16:35:12.562 -04:00 [INF] [OpenFreqClient.Services.OpenFreqService] TX level over 380ms: mic peak -3.5 dBFS rms -20.1 dBFS | sent peak 0.0 dBFS rms -11.4 dBFS | normalizer on, gain 1.109, gate -63.3 dBFS
2026-09-26 16:35:16.709 -04:00 [INF] [OpenFreqClient.Services.OpenFreqService] PTT end: Falcon (91c4c764-ac55-4b66-98e4-d070ed54be23) on 280.500 MHz, released
2026-09-26 16:35:23.310 -04:00 [INF] [OpenFreqClient.Services.OpenFreqService] PTT start: own radio on 280.500 MHz
2026-09-26 16:35:26.284 -04:00 [INF] [OpenFreqClient.Services.OpenFreqService] PTT end: own radio on 280.500 MHz
2026-09-26 16:35:26.291 -04:00 [INF] [OpenFreqClient.Services.OpenFreqService] TX level over 2980ms: mic peak -0.1 dBFS rms -19.2 dBFS | sent peak 0.0 dBFS rms -18.0 dBFS | normalizer on, gain 1.335, gate -61.6 dBFS
2026-09-26 16:35:26.346 -04:00 [INF] [OpenFreqClient.Services.OpenFreqService] PTT start: own radio on 280.500 MHz
2026-09-26 16:35:26.410 -04:00 [INF] [OpenFreqClient.Services.OpenFreqService] PTT end: own radio on 280.500 MHz
2026-09-26 16:35:26.411 -04:00 [INF] [OpenFreqClient.Services.OpenFreqService] TX level over 60ms: mic peak -68.7 dBFS rms -78.2 dBFS | sent peak -62.7 dBFS rms -73.4 dBFS | normalizer on, gain 2.550, gate -62.2 dBFS
2026-09-26 16:35:27.552 -04:00 [INF] [OpenFreqClient.Services.OpenFreqService] PTT start: Falcon (91c4c764-ac55-4b66-98e4-d070ed54be23) on 280.500 MHz, 3D
2026-09-26 16:35:27.585 -04:00 [INF] [OpenFreq.Common.RtpJitterBuffer] Transmission gap detected (10868ms RTP delta), resetting jitter measurement
2026-09-26 16:35:27.616 -04:00 [INF] [OpenFreqClient.Services.OpenFreqService] RX 280.500 MHz from Falcon (91c4c764-ac55-4b66-98e4-d070ed54be23): -88.6 dBm, SNR 18.4 dB, FSPL 128.6 dB, terrain 0.0 dB, 227.7 km, tx 2563 m / rx 9147 m MSL
2026-09-26 16:35:27.707 -04:00 [WRN] [OpenFreqAudio.RadioPlayback] Stream 91c4c764-ac55-4b66-98e4-d070ed54be23:280500 on 280.500 MHz had no samples for 10.0 ms
2026-09-26 16:35:28.656 -04:00 [INF] [OpenFreqClient.Services.OpenFreqService] PTT end: Falcon (91c4c764-ac55-4b66-98e4-d070ed54be23) on 280.500 MHz, released
2026-09-26 16:35:35.777 -04:00 [INF] [OpenFreqAudio.RadioPlayback] Stream 'f4461c8b-b37f-4d25-a4cb-5da5ffdcefdc:339750' on 339.750 MHz
2026-09-26 16:35:36.674 -04:00 [INF] [OpenFreqAudio.RadioPlayback] Stream 'cd4470e2-49f3-4b5d-9822-b17ed0c432a7:280500' on 280.500 MHz
2026-09-26 16:35:36.817 -04:00 [INF] [OpenFreqAudio.RadioPlayback] Stream '0b5a8147-b1fa-4307-a8c3-d1087389de25:339750' on 339.750 MHz
2026-09-26 16:35:37.990 -04:00 [INF] [OpenFreqAudio.RadioPlayback] Stream 'f4461c8b-b37f-4d25-a4cb-5da5ffdcefdc:280500' on 280.500 MHz
2026-09-26 16:35:38.452 -04:00 [INF] [OpenFreqAudio.RadioPlayback] Stream '0b5a8147-b1fa-4307-a8c3-d1087389de25:280500' on 280.500 MHz
2026-09-26 16:35:40.477 -04:00 [INF] [OpenFreqAudio.RadioPlayback] Stream '96d0aaf9-fc04-4ef3-8c64-f95b30259b59:280500' on 280.500 MHz
2026-09-26 16:35:46.253 -04:00 [INF] [OpenFreqClient.Services.OpenFreqService] PTT start: Krieger (0b5a8147-b1fa-4307-a8c3-d1087389de25) on 280.500 MHz, 3D
2026-09-26 16:35:46.261 -04:00 [INF] [OpenFreq.Common.RtpJitterBufferPool] New RTP source: SSRC=117123B1
2026-09-26 16:35:46.261 -04:00 [INF] [OpenFreq.Common.RtpJitterBuffer] Manual buffer size: 150ms
2026-09-26 16:35:46.261 -04:00 [INF] [OpenFreq.Common.RtpAudioReceiver] Source joined:  SSRC=117123B1
2026-09-26 16:35:46.261 -04:00 [INF] [OpenFreq.Common.RtpJitterBuffer] Initialized: buffer=150ms
2026-09-26 16:35:46.412 -04:00 [INF] [OpenFreqClient.Services.OpenFreqService] RX 280.500 MHz from Krieger (0b5a8147-b1fa-4307-a8c3-d1087389de25): -91.2 dBm, SNR 15.8 dB, FSPL 131.2 dB, terrain 0.0 dB, 307.7 km, tx 461 m / rx 9147 m MSL
2026-09-26 16:35:47.877 -04:00 [INF] [OpenFreqClient.Services.OpenFreqService] PTT end: Krieger (0b5a8147-b1fa-4307-a8c3-d1087389de25) on 280.500 MHz, released
2026-09-26 16:35:48.052 -04:00 [INF] [OpenFreqClient.Services.OpenFreqService] PTT start: Knight (f4461c8b-b37f-4d25-a4cb-5da5ffdcefdc) on 280.500 MHz, 3D
2026-09-26 16:35:48.073 -04:00 [INF] [OpenFreq.Common.RtpJitterBufferPool] New RTP source: SSRC=4209D5F1
2026-09-26 16:35:48.073 -04:00 [INF] [OpenFreq.Common.RtpJitterBuffer] Manual buffer size: 150ms
2026-09-26 16:35:48.073 -04:00 [INF] [OpenFreq.Common.RtpAudioReceiver] Source joined:  SSRC=4209D5F1
2026-09-26 16:35:48.073 -04:00 [INF] [OpenFreq.Common.RtpJitterBuffer] Initialized: buffer=150ms
2026-09-26 16:35:48.223 -04:00 [INF] [OpenFreqClient.Services.OpenFreqService] RX 280.500 MHz from Knight (f4461c8b-b37f-4d25-a4cb-5da5ffdcefdc): -91.1 dBm, SNR 15.9 dB, FSPL 131.1 dB, terrain 0.0 dB, 305.3 km, tx 355 m / rx 9147 m MSL
2026-09-26 16:35:48.521 -04:00 [INF] [OpenFreqClient.Services.OpenFreqService] PTT end: Knight (f4461c8b-b37f-4d25-a4cb-5da5ffdcefdc) on 280.500 MHz, released
2026-09-26 16:35:48.988 -04:00 [INF] [OpenFreqClient.Services.OpenFreqService] PTT start: MBee (96d0aaf9-fc04-4ef3-8c64-f95b30259b59) on 280.500 MHz, 3D
2026-09-26 16:35:48.999 -04:00 [INF] [OpenFreq.Common.RtpJitterBufferPool] New RTP source: SSRC=27D099D4
2026-09-26 16:35:48.999 -04:00 [INF] [OpenFreq.Common.RtpJitterBuffer] Manual buffer size: 150ms
2026-09-26 16:35:48.999 -04:00 [INF] [OpenFreq.Common.RtpAudioReceiver] Source joined:  SSRC=27D099D4
2026-09-26 16:35:48.999 -04:00 [INF] [OpenFreq.Common.RtpJitterBuffer] Initialized: buffer=150ms
2026-09-26 16:35:49.150 -04:00 [INF] [OpenFreqClient.Services.OpenFreqService] RX 280.500 MHz from MBee (96d0aaf9-fc04-4ef3-8c64-f95b30259b59): -91.1 dBm, SNR 15.9 dB, FSPL 131.1 dB, terrain 0.0 dB, 304.0 km, tx 323 m / rx 9147 m MSL
2026-09-26 16:35:49.206 -04:00 [INF] [OpenFreqClient.Services.OpenFreqService] PTT end: MBee (96d0aaf9-fc04-4ef3-8c64-f95b30259b59) on 280.500 MHz, released
2026-09-26 16:35:49.217 -04:00 [WRN] [OpenFreqAudio.RadioPlayback] Stream 96d0aaf9-fc04-4ef3-8c64-f95b30259b59:280500 on 280.500 MHz had no samples for 10.0 ms
2026-09-26 16:35:51.148 -04:00 [INF] [OpenFreqClient.Services.OpenFreqService] PTT start: Zag (cd4470e2-49f3-4b5d-9822-b17ed0c432a7) on 280.500 MHz, 3D
2026-09-26 16:35:51.161 -04:00 [INF] [OpenFreq.Common.RtpJitterBufferPool] New RTP source: SSRC=49C3CA24
2026-09-26 16:35:51.161 -04:00 [INF] [OpenFreq.Common.RtpJitterBuffer] Manual buffer size: 150ms
2026-09-26 16:35:51.161 -04:00 [INF] [OpenFreq.Common.RtpAudioReceiver] Source joined:  SSRC=49C3CA24
2026-09-26 16:35:51.161 -04:00 [INF] [OpenFreq.Common.RtpJitterBuffer] Initialized: buffer=150ms
2026-09-26 16:35:51.311 -04:00 [INF] [OpenFreqClient.Services.OpenFreqService] RX 280.500 MHz from Zag (cd4470e2-49f3-4b5d-9822-b17ed0c432a7): -91.0 dBm, SNR 16.0 dB, FSPL 131.0 dB, terrain 0.0 dB, 303.0 km, tx 232 m / rx 9147 m MSL
2026-09-26 16:35:52.054 -04:00 [INF] [OpenFreqClient.Services.OpenFreqService] PTT end: Zag (cd4470e2-49f3-4b5d-9822-b17ed0c432a7) on 280.500 MHz, released
2026-09-26 16:35:53.558 -04:00 [INF] [OpenFreqClient.Services.OpenFreqService] PTT start: Krieger (0b5a8147-b1fa-4307-a8c3-d1087389de25) on 280.500 MHz, 3D
2026-09-26 16:35:53.568 -04:00 [INF] [OpenFreq.Common.RtpJitterBuffer] Transmission gap detected (5712ms RTP delta), resetting jitter measurement
2026-09-26 16:35:53.623 -04:00 [INF] [OpenFreqClient.Services.OpenFreqService] RX 280.500 MHz from Krieger (0b5a8147-b1fa-4307-a8c3-d1087389de25): -91.2 dBm, SNR 15.8 dB, FSPL 131.2 dB, terrain 0.0 dB, 309.1 km, tx 564 m / rx 9147 m MSL
2026-09-26 16:35:55.837 -04:00 [WRN] [OpenFreqAudio.RadioPlayback] Stream 0b5a8147-b1fa-4307-a8c3-d1087389de25:280500 on 280.500 MHz had no samples for 10.1 ms
2026-09-26 16:36:01.349 -04:00 [INF] [OpenFreqClient.Services.OpenFreqService] PTT end: Krieger (0b5a8147-b1fa-4307-a8c3-d1087389de25) on 280.500 MHz, released
2026-09-26 16:36:02.559 -04:00 [INF] [OpenFreqClient.Services.OpenFreqService] PTT start: own radio on 280.500 MHz
2026-09-26 16:36:04.973 -04:00 [INF] [OpenFreqClient.Services.OpenFreqService] PTT end: own radio on 280.500 MHz
2026-09-26 16:36:04.983 -04:00 [INF] [OpenFreqClient.Services.OpenFreqService] TX level over 2420ms: mic peak -0.2 dBFS rms -19.5 dBFS | sent peak 0.0 dBFS rms -14.9 dBFS | normalizer on, gain 1.719, gate -71.2 dBFS
2026-09-26 16:36:07.237 -04:00 [INF] [OpenFreqClient.Services.OpenFreqService] PTT start: Krieger (0b5a8147-b1fa-4307-a8c3-d1087389de25) on 280.500 MHz, 3D
2026-09-26 16:36:07.253 -04:00 [INF] [OpenFreq.Common.RtpJitterBuffer] Transmission gap detected (5920ms RTP delta), resetting jitter measurement
2026-09-26 16:36:07.295 -04:00 [INF] [OpenFreqClient.Services.OpenFreqService] RX 280.500 MHz from Krieger (0b5a8147-b1fa-4307-a8c3-d1087389de25): -91.3 dBm, SNR 15.7 dB, FSPL 131.3 dB, terrain 0.0 dB, 311.9 km, tx 765 m / rx 9147 m MSL
2026-09-26 16:36:07.557 -04:00 [INF] [OpenFreqClient.Services.OpenFreqService] PTT end: Krieger (0b5a8147-b1fa-4307-a8c3-d1087389de25) on 280.500 MHz, released
2026-09-26 16:36:23.130 -04:00 [INF] [OpenFreqAudio.RadioPlayback] Stream '9ac4a3e8-e935-4564-a9e9-54d417e10880:280500' on 280.500 MHz
2026-09-26 16:36:23.448 -04:00 [INF] [OpenFreqAudio.RadioPlayback] Stream '43ff3b58-7576-451b-af7c-3b0c94df56b7:280500' on 280.500 MHz
2026-09-26 16:36:25.531 -04:00 [INF] [OpenFreqAudio.RadioPlayback] Stream '9ac4a3e8-e935-4564-a9e9-54d417e10880:339750' on 339.750 MHz
2026-09-26 16:36:26.969 -04:00 [INF] [OpenFreqAudio.RadioPlayback] Stream '9ac4a3e8-e935-4564-a9e9-54d417e10880:280500' on 280.500 MHz
2026-09-26 16:36:27.249 -04:00 [INF] [OpenFreqAudio.RadioPlayback] Stream '3f69df0a-0474-4403-96f9-9167afaa52d9:280500' on 280.500 MHz
2026-09-26 16:36:28.925 -04:00 [INF] [OpenFreqClient.Services.OpenFreqService] PTT start: Razgriz (9ac4a3e8-e935-4564-a9e9-54d417e10880) on 280.500 MHz, 3D
2026-09-26 16:36:28.938 -04:00 [INF] [OpenFreq.Common.RtpJitterBufferPool] New RTP source: SSRC=6B506D7F
2026-09-26 16:36:28.938 -04:00 [INF] [OpenFreq.Common.RtpJitterBuffer] Manual buffer size: 150ms
2026-09-26 16:36:28.938 -04:00 [INF] [OpenFreq.Common.RtpAudioReceiver] Source joined:  SSRC=6B506D7F
2026-09-26 16:36:28.938 -04:00 [INF] [OpenFreq.Common.RtpJitterBuffer] Initialized: buffer=150ms
2026-09-26 16:36:29.088 -04:00 [INF] [OpenFreqClient.Services.OpenFreqService] RX 280.500 MHz from Razgriz (9ac4a3e8-e935-4564-a9e9-54d417e10880): -91.0 dBm, SNR 16.0 dB, FSPL 131.0 dB, terrain 0.0 dB, 303.3 km, tx 397 m / rx 9147 m MSL
2026-09-26 16:36:29.252 -04:00 [WRN] [OpenFreqAudio.RadioPlayback] Stream 9ac4a3e8-e935-4564-a9e9-54d417e10880:280500 on 280.500 MHz had no samples for 14.8 ms
2026-09-26 16:36:30.282 -04:00 [INF] [OpenFreqClient.Services.OpenFreqService] PTT end: Razgriz (9ac4a3e8-e935-4564-a9e9-54d417e10880) on 280.500 MHz, released
2026-09-26 16:36:32.218 -04:00 [INF] [OpenFreqClient.Services.OpenFreqService] PTT start: Stevie (3f69df0a-0474-4403-96f9-9167afaa52d9) on 280.500 MHz, 3D
2026-09-26 16:36:32.229 -04:00 [INF] [OpenFreq.Common.RtpJitterBufferPool] New RTP source: SSRC=5958BBE0
2026-09-26 16:36:32.229 -04:00 [INF] [OpenFreq.Common.RtpJitterBuffer] Manual buffer size: 150ms
2026-09-26 16:36:32.229 -04:00 [INF] [OpenFreq.Common.RtpAudioReceiver] Source joined:  SSRC=5958BBE0
2026-09-26 16:36:32.229 -04:00 [INF] [OpenFreq.Common.RtpJitterBuffer] Initialized: buffer=150ms
2026-09-26 16:36:32.380 -04:00 [INF] [OpenFreqClient.Services.OpenFreqService] RX 280.500 MHz from Stevie (3f69df0a-0474-4403-96f9-9167afaa52d9): -91.1 dBm, SNR 15.9 dB, FSPL 131.1 dB, terrain 0.0 dB, 303.9 km, tx 303 m / rx 9147 m MSL
2026-09-26 16:36:32.572 -04:00 [WRN] [OpenFreqAudio.RadioPlayback] Stream 3f69df0a-0474-4403-96f9-9167afaa52d9:280500 on 280.500 MHz had no samples for 14.0 ms
2026-09-26 16:36:33.319 -04:00 [INF] [OpenFreqClient.Services.OpenFreqService] PTT end: Stevie (3f69df0a-0474-4403-96f9-9167afaa52d9) on 280.500 MHz, released
2026-09-26 16:36:34.246 -04:00 [INF] [OpenFreqClient.Services.OpenFreqService] PTT start: SkyFox (43ff3b58-7576-451b-af7c-3b0c94df56b7) on 280.500 MHz, 3D
2026-09-26 16:36:34.261 -04:00 [INF] [OpenFreq.Common.RtpJitterBufferPool] New RTP source: SSRC=63D7FB4B
2026-09-26 16:36:34.261 -04:00 [INF] [OpenFreq.Common.RtpJitterBuffer] Manual buffer size: 150ms
2026-09-26 16:36:34.262 -04:00 [INF] [OpenFreq.Common.RtpAudioReceiver] Source joined:  SSRC=63D7FB4B
2026-09-26 16:36:34.262 -04:00 [INF] [OpenFreq.Common.RtpJitterBuffer] Initialized: buffer=150ms
2026-09-26 16:36:34.412 -04:00 [INF] [OpenFreqClient.Services.OpenFreqService] RX 280.500 MHz from SkyFox (43ff3b58-7576-451b-af7c-3b0c94df56b7): -91.0 dBm, SNR 16.0 dB, FSPL 131.0 dB, terrain 0.0 dB, 302.5 km, tx 264 m / rx 9147 m MSL
2026-09-26 16:36:35.120 -04:00 [INF] [OpenFreqClient.Services.OpenFreqService] PTT end: SkyFox (43ff3b58-7576-451b-af7c-3b0c94df56b7) on 280.500 MHz, released
2026-09-26 16:36:37.164 -04:00 [INF] [OpenFreqClient.Services.OpenFreqService] PTT start: Razgriz (9ac4a3e8-e935-4564-a9e9-54d417e10880) on 280.500 MHz, 3D
2026-09-26 16:36:37.178 -04:00 [INF] [OpenFreq.Common.RtpJitterBuffer] Transmission gap detected (6900ms RTP delta), resetting jitter measurement
2026-09-26 16:36:37.242 -04:00 [INF] [OpenFreqClient.Services.OpenFreqService] RX 280.500 MHz from Razgriz (9ac4a3e8-e935-4564-a9e9-54d417e10880): -91.4 dBm, SNR 15.6 dB, FSPL 131.1 dB, terrain 0.0 dB, 304.0 km, tx 550 m / rx 9147 m MSL
2026-09-26 16:36:37.353 -04:00 [WRN] [OpenFreqAudio.RadioPlayback] Stream 9ac4a3e8-e935-4564-a9e9-54d417e10880:280500 on 280.500 MHz had no samples for 11.0 ms
2026-09-26 16:36:38.863 -04:00 [INF] [OpenFreqClient.Services.OpenFreqService] PTT end: Razgriz (9ac4a3e8-e935-4564-a9e9-54d417e10880) on 280.500 MHz, released
2026-09-26 16:36:41.668 -04:00 [INF] [OpenFreqClient.Services.OpenFreqService] PTT start: own radio on 280.500 MHz
2026-09-26 16:36:42.192 -04:00 [INF] [OpenFreqClient.Services.OpenFreqService] PTT end: own radio on 280.500 MHz
2026-09-26 16:36:42.193 -04:00 [INF] [OpenFreqClient.Services.OpenFreqService] TX level over 520ms: mic peak -5.6 dBFS rms -24.9 dBFS | sent peak 0.0 dBFS rms -12.9 dBFS | normalizer on, gain 1.476, gate -62.9 dBFS
2026-09-26 16:36:51.644 -04:00 [INF] [OpenFreqClient.Services.OpenFreqService] PTT start: own radio on 280.500 MHz
2026-09-26 16:36:55.060 -04:00 [INF] [OpenFreqClient.Services.OpenFreqService] PTT end: own radio on 280.500 MHz
2026-09-26 16:36:55.063 -04:00 [INF] [OpenFreqClient.Services.OpenFreqService] TX level over 3410ms: mic peak -0.2 dBFS rms -20.9 dBFS | sent peak 0.0 dBFS rms -19.0 dBFS | normalizer on, gain 6.151, gate -55.7 dBFS
2026-09-26 16:37:10.412 -04:00 [INF] [OpenFreqClient.Services.OpenFreqService] PTT start: Woody (179a68da-a2bc-45c0-9d2b-9f0af5fa49ea) on 339.750 MHz, 3D
2026-09-26 16:37:10.440 -04:00 [INF] [OpenFreq.Common.RtpJitterBuffer] Transmission gap detected (129814ms RTP delta), resetting jitter measurement
2026-09-26 16:37:10.490 -04:00 [INF] [OpenFreqClient.Services.OpenFreqService] RX 339.750 MHz from Woody (179a68da-a2bc-45c0-9d2b-9f0af5fa49ea): -91.7 dBm, SNR 15.3 dB, FSPL 131.7 dB, terrain 0.0 dB, 269.7 km, tx 7700 m / rx 9147 m MSL
2026-09-26 16:37:11.756 -04:00 [INF] [OpenFreqClient.Services.OpenFreqService] PTT end: Woody (179a68da-a2bc-45c0-9d2b-9f0af5fa49ea) on 339.750 MHz, released
2026-09-26 16:37:15.527 -04:00 [INF] [OpenFreqAudio.RadioPlayback] Stream '034f2d4f-8a1e-4d37-b81b-90f8690d9187:280500' on 280.500 MHz
2026-09-26 16:37:21.689 -04:00 [INF] [OpenFreqAudio.RadioPlayback] Stream '334bf3fa-605f-4145-a460-1e0fa9526a3d:280500' on 280.500 MHz
2026-09-26 16:37:28.516 -04:00 [INF] [OpenFreqAudio.RadioPlayback] Stream '9c5f9224-8277-4f34-8da9-dbeb707f0e00:280500' on 280.500 MHz
2026-09-26 16:37:36.340 -04:00 [INF] [OpenFreqClient.Services.OpenFreqService] PTT start: Paintcheck (9c5f9224-8277-4f34-8da9-dbeb707f0e00) on 280.500 MHz, 3D
2026-09-26 16:37:36.359 -04:00 [INF] [OpenFreq.Common.RtpJitterBufferPool] New RTP source: SSRC=7126CAC1
2026-09-26 16:37:36.360 -04:00 [INF] [OpenFreq.Common.RtpJitterBuffer] Manual buffer size: 150ms
2026-09-26 16:37:36.360 -04:00 [INF] [OpenFreq.Common.RtpAudioReceiver] Source joined:  SSRC=7126CAC1
2026-09-26 16:37:36.360 -04:00 [INF] [OpenFreq.Common.RtpJitterBuffer] Initialized: buffer=150ms
2026-09-26 16:37:36.510 -04:00 [INF] [OpenFreqClient.Services.OpenFreqService] RX 280.500 MHz from Paintcheck (9c5f9224-8277-4f34-8da9-dbeb707f0e00): -88.5 dBm, SNR 18.5 dB, FSPL 128.5 dB, terrain 0.0 dB, 226.2 km, tx 1115 m / rx 9147 m MSL
2026-09-26 16:37:37.623 -04:00 [INF] [OpenFreqClient.Services.OpenFreqService] PTT end: Paintcheck (9c5f9224-8277-4f34-8da9-dbeb707f0e00) on 280.500 MHz, released
2026-09-26 16:37:37.663 -04:00 [WRN] [OpenFreqAudio.RadioPlayback] Stream 9c5f9224-8277-4f34-8da9-dbeb707f0e00:280500 on 280.500 MHz had no samples for 5.3 ms
2026-09-26 16:37:38.372 -04:00 [INF] [OpenFreqClient.Services.OpenFreqService] PTT start: Komier (034f2d4f-8a1e-4d37-b81b-90f8690d9187) on 280.500 MHz, 3D
2026-09-26 16:37:38.382 -04:00 [INF] [OpenFreq.Common.RtpJitterBufferPool] New RTP source: SSRC=422B9AF3
2026-09-26 16:37:38.382 -04:00 [INF] [OpenFreq.Common.RtpJitterBuffer] Manual buffer size: 150ms
2026-09-26 16:37:38.382 -04:00 [INF] [OpenFreq.Common.RtpAudioReceiver] Source joined:  SSRC=422B9AF3
2026-09-26 16:37:38.382 -04:00 [INF] [OpenFreq.Common.RtpJitterBuffer] Initialized: buffer=150ms
2026-09-26 16:37:38.533 -04:00 [INF] [OpenFreqClient.Services.OpenFreqService] RX 280.500 MHz from Komier (034f2d4f-8a1e-4d37-b81b-90f8690d9187): -88.4 dBm, SNR 18.6 dB, FSPL 128.4 dB, terrain 0.0 dB, 224.5 km, tx 680 m / rx 9147 m MSL
2026-09-26 16:37:38.919 -04:00 [INF] [OpenFreqClient.Services.OpenFreqService] PTT end: Komier (034f2d4f-8a1e-4d37-b81b-90f8690d9187) on 280.500 MHz, released
2026-09-26 16:37:39.699 -04:00 [INF] [OpenFreqClient.Services.OpenFreqService] PTT start: LeHarold (334bf3fa-605f-4145-a460-1e0fa9526a3d) on 280.500 MHz, 3D
2026-09-26 16:37:39.710 -04:00 [INF] [OpenFreq.Common.RtpJitterBufferPool] New RTP source: SSRC=5D682876
2026-09-26 16:37:39.710 -04:00 [INF] [OpenFreq.Common.RtpJitterBuffer] Manual buffer size: 150ms
2026-09-26 16:37:39.710 -04:00 [INF] [OpenFreq.Common.RtpAudioReceiver] Source joined:  SSRC=5D682876
2026-09-26 16:37:39.710 -04:00 [INF] [OpenFreq.Common.RtpJitterBuffer] Initialized: buffer=150ms
2026-09-26 16:37:39.860 -04:00 [INF] [OpenFreqClient.Services.OpenFreqService] RX 280.500 MHz from LeHarold (334bf3fa-605f-4145-a460-1e0fa9526a3d): -88.4 dBm, SNR 18.6 dB, FSPL 128.4 dB, terrain 0.0 dB, 223.8 km, tx 614 m / rx 9147 m MSL
2026-09-26 16:37:39.974 -04:00 [WRN] [OpenFreqAudio.RadioPlayback] Stream 334bf3fa-605f-4145-a460-1e0fa9526a3d:280500 on 280.500 MHz had no samples for 10.0 ms
2026-09-26 16:37:40.498 -04:00 [INF] [OpenFreqClient.Services.OpenFreqService] PTT end: LeHarold (334bf3fa-605f-4145-a460-1e0fa9526a3d) on 280.500 MHz, released
2026-09-26 16:37:41.463 -04:00 [INF] [OpenFreqClient.Services.OpenFreqService] PTT start: own radio on 280.500 MHz
2026-09-26 16:37:41.714 -04:00 [INF] [OpenFreqClient.Services.OpenFreqService] PTT end: own radio on 280.500 MHz
2026-09-26 16:37:41.715 -04:00 [INF] [OpenFreqClient.Services.OpenFreqService] TX level over 250ms: mic peak -4.8 dBFS rms -20.3 dBFS | sent peak 0.0 dBFS rms -10.3 dBFS | normalizer on, gain 2.107, gate -56.0 dBFS
2026-09-26 16:38:02.944 -04:00 [INF] [OpenFreqClient.Services.OpenFreqService] PTT start: own radio on 280.500 MHz
2026-09-26 16:38:05.791 -04:00 [INF] [OpenFreqClient.Services.OpenFreqService] PTT end: own radio on 280.500 MHz
2026-09-26 16:38:05.795 -04:00 [INF] [OpenFreqClient.Services.OpenFreqService] TX level over 2850ms: mic peak 0.0 dBFS rms -19.1 dBFS | sent peak 0.0 dBFS rms -21.0 dBFS | normalizer on, gain 2.209, gate -36.1 dBFS
2026-09-26 16:38:35.866 -04:00 [INF] [OpenFreqClient.Services.OpenFreqService] PTT start: own radio on 280.500 MHz
2026-09-26 16:38:37.041 -04:00 [INF] [OpenFreqClient.Services.OpenFreqService] PTT end: own radio on 280.500 MHz
2026-09-26 16:38:37.047 -04:00 [INF] [OpenFreqClient.Services.OpenFreqService] TX level over 1170ms: mic peak -0.2 dBFS rms -19.2 dBFS | sent peak 0.0 dBFS rms -12.4 dBFS | normalizer on, gain 0.551, gate -64.9 dBFS
2026-09-26 16:38:50.416 -04:00 [INF] [OpenFreqClient.Services.OpenFreqService] PTT start: own radio on 339.750 MHz
2026-09-26 16:38:51.320 -04:00 [INF] [OpenFreq.Common.RtpJitterBuffer] Transmission gap detected (132452ms RTP delta), resetting jitter measurement
2026-09-26 16:38:51.320 -04:00 [INF] [OpenFreqClient.Services.OpenFreqService] PTT start: Razgriz (9ac4a3e8-e935-4564-a9e9-54d417e10880) on 280.500 MHz, 3D
2026-09-26 16:38:51.346 -04:00 [INF] [OpenFreqClient.Services.OpenFreqService] RX 280.500 MHz from Razgriz (9ac4a3e8-e935-4564-a9e9-54d417e10880): -90.4 dBm, SNR 16.6 dB, FSPL 130.4 dB, terrain 0.0 dB, 281.3 km, tx 2680 m / rx 9147 m MSL
2026-09-26 16:38:51.918 -04:00 [INF] [OpenFreqClient.Services.OpenFreqService] PTT end: own radio on 339.750 MHz
2026-09-26 16:38:51.926 -04:00 [INF] [OpenFreqClient.Services.OpenFreqService] TX level over 1500ms: mic peak -0.9 dBFS rms -21.9 dBFS | sent peak 0.0 dBFS rms -17.2 dBFS | normalizer on, gain 2.136, gate -58.4 dBFS
2026-09-26 16:38:52.880 -04:00 [INF] [OpenFreqClient.Services.OpenFreqService] PTT end: Razgriz (9ac4a3e8-e935-4564-a9e9-54d417e10880) on 280.500 MHz, released
2026-09-26 16:38:57.710 -04:00 [INF] [OpenFreqClient.Services.OpenFreqService] PTT start: Woody (179a68da-a2bc-45c0-9d2b-9f0af5fa49ea) on 339.750 MHz, 3D
2026-09-26 16:38:57.733 -04:00 [INF] [OpenFreq.Common.RtpJitterBuffer] Transmission gap detected (105975ms RTP delta), resetting jitter measurement
2026-09-26 16:38:57.788 -04:00 [INF] [OpenFreqClient.Services.OpenFreqService] RX 339.750 MHz from Woody (179a68da-a2bc-45c0-9d2b-9f0af5fa49ea): -91.3 dBm, SNR 15.7 dB, FSPL 131.3 dB, terrain 0.0 dB, 257.8 km, tx 9805 m / rx 9147 m MSL
2026-09-26 16:38:57.845 -04:00 [INF] [OpenFreq.Common.RtpJitterBuffer] Late arrival (17ms past slot) — buffer 69→116ms
2026-09-26 16:38:59.743 -04:00 [INF] [OpenFreqClient.Services.OpenFreqService] PTT start: Razgriz (9ac4a3e8-e935-4564-a9e9-54d417e10880) on 280.500 MHz, 3D
2026-09-26 16:38:59.759 -04:00 [INF] [OpenFreq.Common.RtpJitterBuffer] Transmission gap detected (6888ms RTP delta), resetting jitter measurement
2026-09-26 16:38:59.796 -04:00 [INF] [OpenFreqClient.Services.OpenFreqService] RX 280.500 MHz from Razgriz (9ac4a3e8-e935-4564-a9e9-54d417e10880): -90.3 dBm, SNR 16.7 dB, FSPL 130.3 dB, terrain 0.0 dB, 279.7 km, tx 2730 m / rx 9147 m MSL
2026-09-26 16:39:00.044 -04:00 [INF] [OpenFreq.Common.RtpJitterBuffer] Late arrival (8ms past slot) — buffer 39→77ms
2026-09-26 16:39:00.226 -04:00 [WRN] [OpenFreqAudio.RadioPlayback] Stream 9ac4a3e8-e935-4564-a9e9-54d417e10880:280500 on 280.500 MHz had no samples for 14.6 ms
2026-09-26 16:39:00.526 -04:00 [INF] [OpenFreqClient.Services.OpenFreqService] PTT end: Razgriz (9ac4a3e8-e935-4564-a9e9-54d417e10880) on 280.500 MHz, released
2026-09-26 16:39:01.952 -04:00 [INF] [OpenFreqClient.Services.OpenFreqService] PTT end: Woody (179a68da-a2bc-45c0-9d2b-9f0af5fa49ea) on 339.750 MHz, released
2026-09-26 16:39:02.695 -04:00 [INF] [OpenFreqClient.Services.OpenFreqService] PTT start: Paintcheck (9c5f9224-8277-4f34-8da9-dbeb707f0e00) on 280.500 MHz, 3D
2026-09-26 16:39:02.712 -04:00 [INF] [OpenFreq.Common.RtpJitterBuffer] Transmission gap detected (85093ms RTP delta), resetting jitter measurement
2026-09-26 16:39:02.770 -04:00 [INF] [OpenFreqClient.Services.OpenFreqService] RX 280.500 MHz from Paintcheck (9c5f9224-8277-4f34-8da9-dbeb707f0e00): -88.5 dBm, SNR 18.5 dB, FSPL 128.5 dB, terrain 0.0 dB, 227.4 km, tx 3077 m / rx 9147 m MSL
2026-09-26 16:39:05.815 -04:00 [INF] [OpenFreqClient.Services.OpenFreqService] PTT end: Paintcheck (9c5f9224-8277-4f34-8da9-dbeb707f0e00) on 280.500 MHz, released
2026-09-26 16:39:08.478 -04:00 [INF] [OpenFreqClient.Services.OpenFreqService] PTT start: own radio on 280.500 MHz
2026-09-26 16:39:11.954 -04:00 [INF] [OpenFreqClient.Services.OpenFreqService] PTT end: own radio on 280.500 MHz
2026-09-26 16:39:11.957 -04:00 [INF] [OpenFreqClient.Services.OpenFreqService] TX level over 3470ms: mic peak -0.1 dBFS rms -15.6 dBFS | sent peak 0.0 dBFS rms -15.9 dBFS | normalizer on, gain 4.272, gate -65.5 dBFS
2026-09-26 16:39:16.111 -04:00 [INF] [OpenFreqClient.Services.OpenFreqService] PTT start: own radio on 280.500 MHz
2026-09-26 16:39:18.074 -04:00 [INF] [OpenFreqClient.Services.OpenFreqService] PTT end: own radio on 280.500 MHz
2026-09-26 16:39:18.076 -04:00 [INF] [OpenFreqClient.Services.OpenFreqService] TX level over 1960ms: mic peak 0.0 dBFS rms -14.3 dBFS | sent peak 0.0 dBFS rms -14.2 dBFS | normalizer on, gain 1.054, gate -44.3 dBFS
2026-09-26 16:39:18.694 -04:00 [INF] [OpenFreqClient.Services.OpenFreqService] PTT start: Paintcheck (9c5f9224-8277-4f34-8da9-dbeb707f0e00) on 280.500 MHz, 3D
2026-09-26 16:39:18.712 -04:00 [INF] [OpenFreq.Common.RtpJitterBuffer] Transmission gap detected (12899ms RTP delta), resetting jitter measurement
2026-09-26 16:39:18.749 -04:00 [INF] [OpenFreqClient.Services.OpenFreqService] RX 280.500 MHz from Paintcheck (9c5f9224-8277-4f34-8da9-dbeb707f0e00): -88.5 dBm, SNR 18.5 dB, FSPL 128.5 dB, terrain 0.0 dB, 227.5 km, tx 3522 m / rx 9147 m MSL
2026-09-26 16:39:19.139 -04:00 [INF] [OpenFreq.Common.RtpJitterBuffer] Late arrival (169ms past slot) — buffer 39→238ms
2026-09-26 16:39:20.006 -04:00 [INF] [OpenFreqClient.Services.OpenFreqService] PTT end: Paintcheck (9c5f9224-8277-4f34-8da9-dbeb707f0e00) on 280.500 MHz, released
2026-09-26 16:39:26.408 -04:00 [INF] [OpenFreqClient.Services.OpenFreqService] PTT start: Woody (179a68da-a2bc-45c0-9d2b-9f0af5fa49ea) on 339.750 MHz, 3D
2026-09-26 16:39:26.416 -04:00 [INF] [OpenFreq.Common.RtpJitterBuffer] Transmission gap detected (24474ms RTP delta), resetting jitter measurement
2026-09-26 16:39:26.477 -04:00 [INF] [OpenFreqClient.Services.OpenFreqService] RX 339.750 MHz from Woody (179a68da-a2bc-45c0-9d2b-9f0af5fa49ea): -91.2 dBm, SNR 15.8 dB, FSPL 131.2 dB, terrain 0.0 dB, 254.7 km, tx 9855 m / rx 9147 m MSL
2026-09-26 16:39:27.859 -04:00 [INF] [OpenFreq.Common.RtpJitterBuffer] Late arrival (2ms past slot) — buffer 84→116ms
2026-09-26 16:39:28.962 -04:00 [INF] [OpenFreqClient.Services.OpenFreqService] PTT end: Woody (179a68da-a2bc-45c0-9d2b-9f0af5fa49ea) on 339.750 MHz, released
2026-09-26 16:39:33.521 -04:00 [INF] [OpenFreqClient.Services.OpenFreqService] PTT start: own radio on 339.750 MHz
2026-09-26 16:39:35.553 -04:00 [INF] [OpenFreqClient.Services.OpenFreqService] PTT end: own radio on 339.750 MHz
2026-09-26 16:39:35.559 -04:00 [INF] [OpenFreqClient.Services.OpenFreqService] TX level over 2030ms: mic peak 0.0 dBFS rms -13.3 dBFS | sent peak 0.0 dBFS rms -18.9 dBFS | normalizer on, gain 0.771, gate -42.3 dBFS
2026-09-26 16:39:40.350 -04:00 [INF] [OpenFreqClient.Services.OpenFreqService] PTT start: Woody (179a68da-a2bc-45c0-9d2b-9f0af5fa49ea) on 339.750 MHz, 3D
2026-09-26 16:39:40.366 -04:00 [INF] [OpenFreq.Common.RtpJitterBuffer] Transmission gap detected (11407ms RTP delta), resetting jitter measurement
2026-09-26 16:39:40.366 -04:00 [INF] [OpenFreq.Common.RtpJitterBufferPool] Pruned stale source SSRC=4B5FD0E8
2026-09-26 16:39:40.366 -04:00 [INF] [OpenFreq.Common.RtpAudioReceiver] Source expired: SSRC=4B5FD0E8
2026-09-26 16:39:40.366 -04:00 [INF] [OpenFreq.Common.RtpJitterBufferPool] Pruned stale source SSRC=2D711AA4
2026-09-26 16:39:40.366 -04:00 [INF] [OpenFreq.Common.RtpAudioReceiver] Source expired: SSRC=2D711AA4
2026-09-26 16:39:40.366 -04:00 [INF] [OpenFreq.Common.RtpJitterBufferPool] Pruned stale source SSRC=5B49E066
2026-09-26 16:39:40.366 -04:00 [INF] [OpenFreq.Common.RtpAudioReceiver] Source expired: SSRC=5B49E066
2026-09-26 16:39:40.458 -04:00 [INF] [OpenFreqClient.Services.OpenFreqService] RX 339.750 MHz from Woody (179a68da-a2bc-45c0-9d2b-9f0af5fa49ea): -83.3 dBm, SNR 23.7 dB, FSPL 123.3 dB, terrain 0.0 dB, 103.0 km, tx 9880 m / rx 9147 m MSL
2026-09-26 16:39:41.841 -04:00 [INF] [OpenFreqClient.Services.OpenFreqService] PTT end: Woody (179a68da-a2bc-45c0-9d2b-9f0af5fa49ea) on 339.750 MHz, released
2026-09-26 16:39:42.852 -04:00 [INF] [OpenFreqClient.Services.OpenFreqService] PTT start: own radio on 339.750 MHz
2026-09-26 16:39:45.308 -04:00 [INF] [OpenFreqClient.Services.OpenFreqService] PTT end: own radio on 339.750 MHz
2026-09-26 16:39:45.317 -04:00 [INF] [OpenFreqClient.Services.OpenFreqService] TX level over 2460ms: mic peak 0.0 dBFS rms -11.2 dBFS | sent peak 0.0 dBFS rms -18.5 dBFS | normalizer on, gain 0.698, gate -44.8 dBFS
2026-09-26 16:39:46.111 -04:00 [INF] [OpenFreqClient.Services.OpenFreqService] PTT start: Woody (179a68da-a2bc-45c0-9d2b-9f0af5fa49ea) on 339.750 MHz, 3D
2026-09-26 16:39:46.127 -04:00 [INF] [OpenFreq.Common.RtpJitterBuffer] Transmission gap detected (4286ms RTP delta), resetting jitter measurement
2026-09-26 16:39:46.178 -04:00 [INF] [OpenFreqClient.Services.OpenFreqService] RX 339.750 MHz from Woody (179a68da-a2bc-45c0-9d2b-9f0af5fa49ea): -83.2 dBm, SNR 23.8 dB, FSPL 123.2 dB, terrain 0.0 dB, 101.3 km, tx 9873 m / rx 9147 m MSL
2026-09-26 16:39:46.244 -04:00 [WRN] [OpenFreqAudio.RadioPlayback] Stream 179a68da-a2bc-45c0-9d2b-9f0af5fa49ea:339750 on 339.750 MHz had no samples for 5.3 ms
2026-09-26 16:39:46.583 -04:00 [INF] [OpenFreqClient.Services.OpenFreqService] PTT end: Woody (179a68da-a2bc-45c0-9d2b-9f0af5fa49ea) on 339.750 MHz, released
2026-09-26 16:39:48.372 -04:00 [INF] [OpenFreqAudio.RadioPlayback] Stream '2af88464-1ea8-4d04-80ba-d98d4f842617:339750' on 339.750 MHz
2026-09-26 16:39:49.507 -04:00 [INF] [OpenFreqAudio.RadioPlayback] Stream '2af88464-1ea8-4d04-80ba-d98d4f842617:280500' on 280.500 MHz
2026-09-26 16:39:50.154 -04:00 [INF] [OpenFreqAudio.RadioPlayback] Stream 'b18f6921-3ac5-4bf0-9303-fe45b072bde1:280500' on 280.500 MHz
2026-09-26 16:39:52.222 -04:00 [INF] [OpenFreqClient.Services.OpenFreqService] PTT start: own radio on 280.500 MHz
2026-09-26 16:39:54.383 -04:00 [INF] [OpenFreqClient.Services.OpenFreqService] PTT end: own radio on 280.500 MHz
2026-09-26 16:39:54.389 -04:00 [INF] [OpenFreqClient.Services.OpenFreqService] TX level over 2160ms: mic peak -0.1 dBFS rms -16.7 dBFS | sent peak 0.0 dBFS rms -15.4 dBFS | normalizer on, gain 1.688, gate -59.6 dBFS
2026-09-26 16:39:54.527 -04:00 [INF] [OpenFreqAudio.RadioPlayback] Stream 'ee23d6e9-c508-4e2b-9961-9fd28e96aa1e:339750' on 339.750 MHz
2026-09-26 16:39:55.689 -04:00 [INF] [OpenFreqAudio.RadioPlayback] Stream 'ee23d6e9-c508-4e2b-9961-9fd28e96aa1e:280500' on 280.500 MHz
2026-09-26 16:39:55.965 -04:00 [INF] [OpenFreqClient.Services.OpenFreqService] PTT start: Alligator (2af88464-1ea8-4d04-80ba-d98d4f842617) on 280.500 MHz, 3D
2026-09-26 16:39:55.984 -04:00 [INF] [OpenFreq.Common.RtpJitterBufferPool] New RTP source: SSRC=4EE60C78
2026-09-26 16:39:55.984 -04:00 [INF] [OpenFreq.Common.RtpJitterBuffer] Manual buffer size: 150ms
2026-09-26 16:39:55.984 -04:00 [INF] [OpenFreq.Common.RtpAudioReceiver] Source joined:  SSRC=4EE60C78
2026-09-26 16:39:55.984 -04:00 [INF] [OpenFreq.Common.RtpJitterBuffer] Initialized: buffer=150ms
2026-09-26 16:39:56.134 -04:00 [INF] [OpenFreqClient.Services.OpenFreqService] RX 280.500 MHz from Alligator (2af88464-1ea8-4d04-80ba-d98d4f842617): -84.3 dBm, SNR 22.7 dB, FSPL 124.3 dB, terrain 0.0 dB, 139.9 km, tx 6334 m / rx 9147 m MSL
2026-09-26 16:39:56.203 -04:00 [WRN] [OpenFreqAudio.RadioPlayback] Stream 2af88464-1ea8-4d04-80ba-d98d4f842617:280500 on 280.500 MHz had no samples for 9.4 ms
2026-09-26 16:39:57.647 -04:00 [INF] [OpenFreqClient.Services.OpenFreqService] PTT end: Alligator (2af88464-1ea8-4d04-80ba-d98d4f842617) on 280.500 MHz, released
2026-09-26 16:39:58.767 -04:00 [INF] [OpenFreqClient.Services.OpenFreqService] PTT start: Turcu (ee23d6e9-c508-4e2b-9961-9fd28e96aa1e) on 280.500 MHz, 3D
2026-09-26 16:39:58.781 -04:00 [INF] [OpenFreq.Common.RtpJitterBufferPool] New RTP source: SSRC=28207B19
2026-09-26 16:39:58.781 -04:00 [INF] [OpenFreq.Common.RtpJitterBuffer] Manual buffer size: 150ms
2026-09-26 16:39:58.781 -04:00 [INF] [OpenFreq.Common.RtpAudioReceiver] Source joined:  SSRC=28207B19
2026-09-26 16:39:58.781 -04:00 [INF] [OpenFreq.Common.RtpJitterBuffer] Initialized: buffer=150ms
2026-09-26 16:39:58.931 -04:00 [INF] [OpenFreqClient.Services.OpenFreqService] RX 280.500 MHz from Turcu (ee23d6e9-c508-4e2b-9961-9fd28e96aa1e): -84.3 dBm, SNR 22.7 dB, FSPL 124.3 dB, terrain 0.0 dB, 139.8 km, tx 6322 m / rx 9147 m MSL
2026-09-26 16:39:59.534 -04:00 [INF] [OpenFreqClient.Services.OpenFreqService] PTT end: Turcu (ee23d6e9-c508-4e2b-9961-9fd28e96aa1e) on 280.500 MHz, released
2026-09-26 16:40:00.438 -04:00 [INF] [OpenFreq.Common.RtpJitterBufferPool] New RTP source: SSRC=32E104A6
2026-09-26 16:40:00.438 -04:00 [INF] [OpenFreqClient.Services.OpenFreqService] PTT start: Joe (b18f6921-3ac5-4bf0-9303-fe45b072bde1) on 280.500 MHz, 3D
2026-09-26 16:40:00.438 -04:00 [INF] [OpenFreq.Common.RtpJitterBuffer] Manual buffer size: 150ms
2026-09-26 16:40:00.439 -04:00 [INF] [OpenFreq.Common.RtpAudioReceiver] Source joined:  SSRC=32E104A6
2026-09-26 16:40:00.439 -04:00 [INF] [OpenFreq.Common.RtpJitterBuffer] Initialized: buffer=150ms
2026-09-26 16:40:00.589 -04:00 [INF] [OpenFreqClient.Services.OpenFreqService] RX 280.500 MHz from Joe (b18f6921-3ac5-4bf0-9303-fe45b072bde1): -84.5 dBm, SNR 22.5 dB, FSPL 124.5 dB, terrain 0.0 dB, 142.1 km, tx 6389 m / rx 9147 m MSL
2026-09-26 16:40:01.168 -04:00 [INF] [OpenFreqClient.Services.OpenFreqService] PTT end: Joe (b18f6921-3ac5-4bf0-9303-fe45b072bde1) on 280.500 MHz, released
2026-09-26 16:40:02.114 -04:00 [INF] [OpenFreqClient.Services.OpenFreqService] PTT start: Alligator (2af88464-1ea8-4d04-80ba-d98d4f842617) on 280.500 MHz, 3D
2026-09-26 16:40:02.130 -04:00 [INF] [OpenFreq.Common.RtpJitterBuffer] Transmission gap detected (4490ms RTP delta), resetting jitter measurement
2026-09-26 16:40:02.200 -04:00 [INF] [OpenFreqClient.Services.OpenFreqService] RX 280.500 MHz from Alligator (2af88464-1ea8-4d04-80ba-d98d4f842617): -84.2 dBm, SNR 22.8 dB, FSPL 124.2 dB, terrain 0.0 dB, 138.7 km, tx 6334 m / rx 9147 m MSL
2026-09-26 16:40:03.039 -04:00 [INF] [OpenFreqAudio.RadioPlayback] Stream '4c187006-039a-4fcb-b6df-d456875763f7:280500' on 280.500 MHz
2026-09-26 16:40:03.263 -04:00 [WRN] [OpenFreqAudio.RadioPlayback] Stream 2af88464-1ea8-4d04-80ba-d98d4f842617:280500 on 280.500 MHz had no samples for 3.9 ms
2026-09-26 16:40:03.653 -04:00 [INF] [OpenFreqClient.Services.OpenFreqService] PTT end: Alligator (2af88464-1ea8-4d04-80ba-d98d4f842617) on 280.500 MHz, released
2026-09-26 16:40:03.873 -04:00 [INF] [OpenFreqClient.Services.OpenFreqService] PTT start: Alligator (2af88464-1ea8-4d04-80ba-d98d4f842617) on 280.500 MHz, 3D
2026-09-26 16:40:03.975 -04:00 [INF] [OpenFreqAudio.RadioPlayback] Stream '91c4c764-ac55-4b66-98e4-d070ed54be23:280500' on 280.500 MHz
2026-09-26 16:40:04.390 -04:00 [INF] [OpenFreqAudio.RadioPlayback] Stream 'fc74b220-b0a9-42b3-a47d-1c86e24c2b57:280500' on 280.500 MHz
2026-09-26 16:40:05.750 -04:00 [INF] [OpenFreqAudio.RadioPlayback] Stream '38562a9e-c5a7-4d8e-8e84-ac5f77661794:280500' on 280.500 MHz
2026-09-26 16:40:06.866 -04:00 [INF] [OpenFreq.Common.RtpJitterBuffer] Late arrival (124ms past slot) — buffer 55→208ms
2026-09-26 16:40:07.070 -04:00 [INF] [OpenFreq.Common.RtpJitterBufferPool] Pruned stale source SSRC=141FC2A9
2026-09-26 16:40:07.070 -04:00 [INF] [OpenFreq.Common.RtpAudioReceiver] Source expired: SSRC=141FC2A9
2026-09-26 16:40:07.531 -04:00 [INF] [OpenFreqClient.Services.OpenFreqService] PTT end: Alligator (2af88464-1ea8-4d04-80ba-d98d4f842617) on 280.500 MHz, released
2026-09-26 16:40:08.862 -04:00 [INF] [OpenFreqClient.Services.OpenFreqService] PTT start: own radio on 280.500 MHz
2026-09-26 16:40:11.670 -04:00 [INF] [OpenFreqClient.Services.OpenFreqService] PTT end: own radio on 280.500 MHz
2026-09-26 16:40:11.679 -04:00 [INF] [OpenFreqClient.Services.OpenFreqService] TX level over 2810ms: mic peak -0.0 dBFS rms -16.2 dBFS | sent peak 0.0 dBFS rms -19.2 dBFS | normalizer on, gain 2.149, gate -47.7 dBFS
2026-09-26 16:40:12.950 -04:00 [INF] [OpenFreqClient.Services.OpenFreqService] PTT start: Alligator (2af88464-1ea8-4d04-80ba-d98d4f842617) on 280.500 MHz, 3D
2026-09-26 16:40:12.965 -04:00 [INF] [OpenFreq.Common.RtpJitterBuffer] Transmission gap detected (5430ms RTP delta), resetting jitter measurement
2026-09-26 16:40:13.141 -04:00 [INF] [OpenFreqClient.Services.OpenFreqService] RX 280.500 MHz from Alligator (2af88464-1ea8-4d04-80ba-d98d4f842617): -84.1 dBm, SNR 22.9 dB, FSPL 124.1 dB, terrain 0.0 dB, 136.6 km, tx 6334 m / rx 9147 m MSL
2026-09-26 16:40:13.452 -04:00 [INF] [OpenFreqClient.Services.OpenFreqService] PTT end: Alligator (2af88464-1ea8-4d04-80ba-d98d4f842617) on 280.500 MHz, released
2026-09-26 16:40:29.223 -04:00 [INF] [OpenFreqClient.Services.OpenFreqService] PTT start: own radio on 280.500 MHz
2026-09-26 16:40:30.999 -04:00 [INF] [OpenFreqClient.Services.OpenFreqService] PTT end: own radio on 280.500 MHz
2026-09-26 16:40:30.999 -04:00 [INF] [OpenFreqClient.Services.OpenFreqService] TX level over 1770ms: mic peak -0.0 dBFS rms -17.7 dBFS | sent peak 0.0 dBFS rms -15.4 dBFS | normalizer on, gain 1.733, gate -56.4 dBFS
2026-09-26 16:40:31.814 -04:00 [INF] [OpenFreqClient.Services.OpenFreqService] PTT start: Paintcheck (9c5f9224-8277-4f34-8da9-dbeb707f0e00) on 280.500 MHz, 3D
2026-09-26 16:40:31.833 -04:00 [INF] [OpenFreq.Common.RtpJitterBuffer] Transmission gap detected (71840ms RTP delta), resetting jitter measurement
2026-09-26 16:40:31.833 -04:00 [INF] [OpenFreq.Common.RtpJitterBufferPool] Pruned stale source SSRC=342907E0
2026-09-26 16:40:31.833 -04:00 [INF] [OpenFreq.Common.RtpAudioReceiver] Source expired: SSRC=342907E0
2026-09-26 16:40:32.057 -04:00 [INF] [OpenFreqClient.Services.OpenFreqService] RX 280.500 MHz from Paintcheck (9c5f9224-8277-4f34-8da9-dbeb707f0e00): -85.2 dBm, SNR 21.8 dB, FSPL 125.2 dB, terrain 0.0 dB, 154.3 km, tx 5494 m / rx 9147 m MSL
2026-09-26 16:40:32.287 -04:00 [WRN] [OpenFreqAudio.RadioPlayback] Stream 9c5f9224-8277-4f34-8da9-dbeb707f0e00:280500 on 280.500 MHz had no samples for 9.0 ms
2026-09-26 16:40:34.230 -04:00 [INF] [OpenFreqClient.Services.OpenFreqService] PTT end: Paintcheck (9c5f9224-8277-4f34-8da9-dbeb707f0e00) on 280.500 MHz, released
2026-09-26 16:40:34.846 -04:00 [INF] [OpenFreqClient.Services.OpenFreqService] PTT start: own radio on 280.500 MHz
2026-09-26 16:40:34.952 -04:00 [INF] [OpenFreqClient.Services.OpenFreqService] PTT end: own radio on 280.500 MHz
2026-09-26 16:40:34.959 -04:00 [INF] [OpenFreqClient.Services.OpenFreqService] TX level over 110ms: mic peak -45.1 dBFS rms -60.7 dBFS | sent peak -37.1 dBFS rms -52.4 dBFS | normalizer on, gain 2.999, gate -50.3 dBFS
2026-09-26 16:40:35.035 -04:00 [INF] [OpenFreqClient.Services.OpenFreqService] PTT start: own radio on 280.500 MHz
2026-09-26 16:40:35.119 -04:00 [INF] [OpenFreqClient.Services.OpenFreqService] PTT end: own radio on 280.500 MHz
2026-09-26 16:40:35.128 -04:00 [INF] [OpenFreqClient.Services.OpenFreqService] TX level over 90ms: mic peak -45.5 dBFS rms -64.2 dBFS | sent peak -36.0 dBFS rms -54.7 dBFS | normalizer on, gain 2.999, gate -51.1 dBFS
2026-09-26 16:40:38.941 -04:00 [INF] [OpenFreqClient.Services.OpenFreqService] PTT start: Polaris (4c187006-039a-4fcb-b6df-d456875763f7) on 280.500 MHz, 3D
2026-09-26 16:40:38.963 -04:00 [INF] [OpenFreq.Common.RtpJitterBufferPool] New RTP source: SSRC=2BF943CC
2026-09-26 16:40:38.963 -04:00 [INF] [OpenFreq.Common.RtpJitterBuffer] Manual buffer size: 150ms
2026-09-26 16:40:38.963 -04:00 [INF] [OpenFreq.Common.RtpAudioReceiver] Source joined:  SSRC=2BF943CC
2026-09-26 16:40:38.963 -04:00 [INF] [OpenFreq.Common.RtpJitterBuffer] Initialized: buffer=150ms
2026-09-26 16:40:39.114 -04:00 [INF] [OpenFreqClient.Services.OpenFreqService] RX 280.500 MHz from Polaris (4c187006-039a-4fcb-b6df-d456875763f7): -86.6 dBm, SNR 20.4 dB, FSPL 126.6 dB, terrain 0.0 dB, 182.1 km, tx 2393 m / rx 9147 m MSL
2026-09-26 16:40:41.389 -04:00 [INF] [OpenFreqClient.Services.OpenFreqService] PTT end: Polaris (4c187006-039a-4fcb-b6df-d456875763f7) on 280.500 MHz, released
2026-09-26 16:40:42.042 -04:00 [INF] [OpenFreqClient.Services.OpenFreqService] PTT start: Sk8r (fc74b220-b0a9-42b3-a47d-1c86e24c2b57) on 280.500 MHz, 3D
2026-09-26 16:40:42.059 -04:00 [INF] [OpenFreq.Common.RtpJitterBufferPool] New RTP source: SSRC=240CDF59
2026-09-26 16:40:42.059 -04:00 [INF] [OpenFreq.Common.RtpJitterBuffer] Manual buffer size: 150ms
2026-09-26 16:40:42.059 -04:00 [INF] [OpenFreq.Common.RtpAudioReceiver] Source joined:  SSRC=240CDF59
2026-09-26 16:40:42.059 -04:00 [INF] [OpenFreq.Common.RtpJitterBuffer] Initialized: buffer=150ms
2026-09-26 16:40:42.210 -04:00 [INF] [OpenFreqClient.Services.OpenFreqService] RX 280.500 MHz from Sk8r (fc74b220-b0a9-42b3-a47d-1c86e24c2b57): -86.6 dBm, SNR 20.4 dB, FSPL 126.6 dB, terrain 0.0 dB, 181.4 km, tx 2393 m / rx 9147 m MSL
2026-09-26 16:40:42.569 -04:00 [INF] [OpenFreqClient.Services.OpenFreqService] PTT end: Sk8r (fc74b220-b0a9-42b3-a47d-1c86e24c2b57) on 280.500 MHz, released
2026-09-26 16:40:43.234 -04:00 [INF] [OpenFreqClient.Services.OpenFreqService] PTT start: armapirx (38562a9e-c5a7-4d8e-8e84-ac5f77661794) on 280.500 MHz, 3D
2026-09-26 16:40:43.260 -04:00 [INF] [OpenFreq.Common.RtpJitterBufferPool] New RTP source: SSRC=0B91D305
2026-09-26 16:40:43.260 -04:00 [INF] [OpenFreq.Common.RtpJitterBuffer] Manual buffer size: 150ms
2026-09-26 16:40:43.260 -04:00 [INF] [OpenFreq.Common.RtpAudioReceiver] Source joined:  SSRC=0B91D305
2026-09-26 16:40:43.260 -04:00 [INF] [OpenFreq.Common.RtpJitterBuffer] Initialized: buffer=150ms
2026-09-26 16:40:43.411 -04:00 [INF] [OpenFreqClient.Services.OpenFreqService] RX 280.500 MHz from armapirx (38562a9e-c5a7-4d8e-8e84-ac5f77661794): -86.6 dBm, SNR 20.4 dB, FSPL 126.6 dB, terrain 0.0 dB, 182.6 km, tx 2340 m / rx 9147 m MSL
2026-09-26 16:40:44.081 -04:00 [INF] [OpenFreqClient.Services.OpenFreqService] PTT end: armapirx (38562a9e-c5a7-4d8e-8e84-ac5f77661794) on 280.500 MHz, released
2026-09-26 16:40:45.390 -04:00 [INF] [OpenFreqClient.Services.OpenFreqService] PTT start: Polaris (4c187006-039a-4fcb-b6df-d456875763f7) on 280.500 MHz, 3D
2026-09-26 16:40:45.445 -04:00 [INF] [OpenFreq.Common.RtpJitterBuffer] Transmission gap detected (4028ms RTP delta), resetting jitter measurement
2026-09-26 16:40:45.451 -04:00 [INF] [OpenFreqClient.Services.OpenFreqService] RX 280.500 MHz from Polaris (4c187006-039a-4fcb-b6df-d456875763f7): -86.5 dBm, SNR 20.5 dB, FSPL 126.5 dB, terrain 0.0 dB, 180.7 km, tx 2399 m / rx 9147 m MSL
2026-09-26 16:40:47.464 -04:00 [INF] [OpenFreq.Common.RtpJitterBuffer] Late arrival (156ms past slot) — buffer 37→223ms
2026-09-26 16:40:48.351 -04:00 [INF] [OpenFreqClient.Services.OpenFreqService] PTT end: Polaris (4c187006-039a-4fcb-b6df-d456875763f7) on 280.500 MHz, released
2026-09-26 16:40:48.514 -04:00 [INF] [OpenFreq.Common.RtpJitterBufferPool] Pruned stale source SSRC=4209D5F1
2026-09-26 16:40:48.514 -04:00 [INF] [OpenFreq.Common.RtpAudioReceiver] Source expired: SSRC=4209D5F1
2026-09-26 16:40:49.056 -04:00 [INF] [OpenFreqClient.Services.OpenFreqService] PTT start: own radio on 280.500 MHz
2026-09-26 16:40:51.108 -04:00 [INF] [OpenFreqClient.Services.OpenFreqService] PTT end: own radio on 280.500 MHz
2026-09-26 16:40:51.109 -04:00 [INF] [OpenFreqClient.Services.OpenFreqService] TX level over 2050ms: mic peak -0.1 dBFS rms -14.8 dBFS | sent peak 0.0 dBFS rms -15.5 dBFS | normalizer on, gain 0.843, gate -61.1 dBFS
2026-09-26 16:40:51.989 -04:00 [INF] [OpenFreqClient.Services.OpenFreqService] PTT start: own radio on 280.500 MHz
2026-09-26 16:40:52.010 -04:00 [INF] [OpenFreqClient.Services.OpenFreqService] PTT end: own radio on 280.500 MHz
2026-09-26 16:40:52.011 -04:00 [INF] [OpenFreqClient.Services.OpenFreqService] TX level over 10ms: mic peak -40.9 dBFS rms -47.4 dBFS | sent peak -42.3 dBFS rms -48.8 dBFS | normalizer on, gain 0.857, gate -27.8 dBFS
2026-09-26 16:41:15.399 -04:00 [INF] [OpenFreqClient.Services.OpenFreqService] PTT start: own radio on 280.500 MHz
2026-09-26 16:41:20.714 -04:00 [INF] [OpenFreqClient.Services.OpenFreqService] PTT end: own radio on 280.500 MHz
2026-09-26 16:41:20.719 -04:00 [INF] [OpenFreqClient.Services.OpenFreqService] TX level over 5320ms: mic peak -0.0 dBFS rms -15.6 dBFS | sent peak 0.0 dBFS rms -14.7 dBFS | normalizer on, gain 0.541, gate -67.5 dBFS
2026-09-26 16:41:23.911 -04:00 [INF] [OpenFreqClient.Services.OpenFreqService] PTT start: own radio on 280.500 MHz
2026-09-26 16:41:23.953 -04:00 [INF] [OpenFreqClient.Services.OpenFreqService] PTT end: own radio on 280.500 MHz
2026-09-26 16:41:23.961 -04:00 [INF] [OpenFreqClient.Services.OpenFreqService] TX level over 40ms: mic peak -60.5 dBFS rms -75.9 dBFS | sent peak -66.2 dBFS rms -82.1 dBFS | normalizer on, gain 0.549, gate -22.1 dBFS
2026-09-26 16:41:34.462 -04:00 [INF] [OpenFreqClient.Services.OpenFreqService] PTT start: own radio on 339.750 MHz
2026-09-26 16:41:36.863 -04:00 [INF] [OpenFreqClient.Services.OpenFreqService] PTT start: Falcon (91c4c764-ac55-4b66-98e4-d070ed54be23) on 280.500 MHz, 3D
2026-09-26 16:41:36.886 -04:00 [INF] [OpenFreq.Common.RtpJitterBufferPool] New RTP source: SSRC=342907E0
2026-09-26 16:41:36.886 -04:00 [INF] [OpenFreq.Common.RtpJitterBuffer] Manual buffer size: 150ms
2026-09-26 16:41:36.886 -04:00 [INF] [OpenFreq.Common.RtpAudioReceiver] Source joined:  SSRC=342907E0
2026-09-26 16:41:36.886 -04:00 [INF] [OpenFreq.Common.RtpJitterBuffer] Initialized: buffer=150ms
2026-09-26 16:41:36.886 -04:00 [INF] [OpenFreq.Common.RtpJitterBufferPool] Pruned stale source SSRC=63D7FB4B
2026-09-26 16:41:36.886 -04:00 [INF] [OpenFreq.Common.RtpAudioReceiver] Source expired: SSRC=63D7FB4B
2026-09-26 16:41:36.886 -04:00 [INF] [OpenFreq.Common.RtpJitterBufferPool] Pruned stale source SSRC=5958BBE0
2026-09-26 16:41:36.886 -04:00 [INF] [OpenFreq.Common.RtpAudioReceiver] Source expired: SSRC=5958BBE0
2026-09-26 16:41:36.886 -04:00 [INF] [OpenFreq.Common.RtpJitterBufferPool] Pruned stale source SSRC=49C3CA24
2026-09-26 16:41:36.886 -04:00 [INF] [OpenFreq.Common.RtpAudioReceiver] Source expired: SSRC=49C3CA24
2026-09-26 16:41:36.886 -04:00 [INF] [OpenFreq.Common.RtpJitterBufferPool] Pruned stale source SSRC=27D099D4
2026-09-26 16:41:36.886 -04:00 [INF] [OpenFreq.Common.RtpAudioReceiver] Source expired: SSRC=27D099D4
2026-09-26 16:41:36.886 -04:00 [INF] [OpenFreq.Common.RtpJitterBufferPool] Pruned stale source SSRC=117123B1
2026-09-26 16:41:36.886 -04:00 [INF] [OpenFreq.Common.RtpAudioReceiver] Source expired: SSRC=117123B1
2026-09-26 16:41:37.036 -04:00 [INF] [OpenFreqClient.Services.OpenFreqService] RX 280.500 MHz from Falcon (91c4c764-ac55-4b66-98e4-d070ed54be23): -79.1 dBm, SNR 27.9 dB, FSPL 119.1 dB, terrain 0.0 dB, 77.0 km, tx 7435 m / rx 9147 m MSL
2026-09-26 16:41:37.559 -04:00 [INF] [OpenFreqClient.Services.OpenFreqService] PTT end: own radio on 339.750 MHz
2026-09-26 16:41:37.561 -04:00 [INF] [OpenFreqClient.Services.OpenFreqService] TX level over 3090ms: mic peak -0.1 dBFS rms -13.1 dBFS | sent peak 0.0 dBFS rms -11.8 dBFS | normalizer on, gain 0.352, gate -68.3 dBFS
2026-09-26 16:41:40.453 -04:00 [INF] [OpenFreqClient.Services.OpenFreqService] PTT end: Falcon (91c4c764-ac55-4b66-98e4-d070ed54be23) on 280.500 MHz, released
2026-09-26 16:41:41.732 -04:00 [INF] [OpenFreqClient.Services.OpenFreqService] PTT start: Woody (179a68da-a2bc-45c0-9d2b-9f0af5fa49ea) on 339.750 MHz, 3D
2026-09-26 16:41:41.741 -04:00 [INF] [OpenFreq.Common.RtpJitterBuffer] Transmission gap detected (115180ms RTP delta), resetting jitter measurement
2026-09-26 16:41:41.794 -04:00 [INF] [OpenFreqClient.Services.OpenFreqService] RX 339.750 MHz from Woody (179a68da-a2bc-45c0-9d2b-9f0af5fa49ea): -79.7 dBm, SNR 27.3 dB, FSPL 119.7 dB, terrain 0.0 dB, 68.2 km, tx 10046 m / rx 9147 m MSL
2026-09-26 16:41:41.881 -04:00 [INF] [OpenFreqClient.Services.OpenFreqService] PTT start: own radio on 339.750 MHz
2026-09-26 16:41:42.175 -04:00 [INF] [OpenFreqClient.Services.OpenFreqService] PTT end: own radio on 339.750 MHz
2026-09-26 16:41:42.181 -04:00 [INF] [OpenFreqClient.Services.OpenFreqService] TX level over 290ms: mic peak -52.0 dBFS rms -70.6 dBFS | sent peak -54.2 dBFS rms -70.3 dBFS | normalizer on, gain 7.904, gate -70.6 dBFS
2026-09-26 16:41:42.528 -04:00 [WRN] [OpenFreqAudio.RadioPlayback] Stream 179a68da-a2bc-45c0-9d2b-9f0af5fa49ea:339750 on 339.750 MHz had no samples for 10.5 ms
2026-09-26 16:41:42.832 -04:00 [INF] [OpenFreqClient.Services.OpenFreqService] PTT end: Woody (179a68da-a2bc-45c0-9d2b-9f0af5fa49ea) on 339.750 MHz, released
2026-09-26 16:41:43.451 -04:00 [INF] [OpenFreqClient.Services.OpenFreqService] PTT start: own radio on 339.750 MHz
2026-09-26 16:41:51.627 -04:00 [INF] [OpenFreqClient.Services.OpenFreqService] PTT end: own radio on 339.750 MHz
2026-09-26 16:41:51.631 -04:00 [INF] [OpenFreqClient.Services.OpenFreqService] TX level over 8170ms: mic peak -0.1 dBFS rms -16.2 dBFS | sent peak 0.0 dBFS rms -16.0 dBFS | normalizer on, gain 5.851, gate -62.3 dBFS
2026-09-26 16:41:52.554 -04:00 [INF] [OpenFreqClient.Services.OpenFreqService] PTT start: Woody (179a68da-a2bc-45c0-9d2b-9f0af5fa49ea) on 339.750 MHz, 3D
2026-09-26 16:41:52.556 -04:00 [INF] [OpenFreq.Common.RtpJitterBuffer] Transmission gap detected (9737ms RTP delta), resetting jitter measurement
2026-09-26 16:41:52.619 -04:00 [INF] [OpenFreqClient.Services.OpenFreqService] RX 339.750 MHz from Woody (179a68da-a2bc-45c0-9d2b-9f0af5fa49ea): -79.5 dBm, SNR 27.5 dB, FSPL 119.5 dB, terrain 0.0 dB, 66.0 km, tx 9968 m / rx 9147 m MSL
2026-09-26 16:41:54.213 -04:00 [INF] [OpenFreqClient.Services.OpenFreqService] PTT end: Woody (179a68da-a2bc-45c0-9d2b-9f0af5fa49ea) on 339.750 MHz, released
2026-09-26 16:41:57.557 -04:00 [INF] [OpenFreqClient.Services.OpenFreqService] PTT start: own radio on 339.750 MHz
2026-09-26 16:41:58.353 -04:00 [INF] [OpenFreqClient.Services.OpenFreqService] PTT end: own radio on 339.750 MHz
2026-09-26 16:41:58.362 -04:00 [INF] [OpenFreqClient.Services.OpenFreqService] TX level over 800ms: mic peak -0.1 dBFS rms -13.9 dBFS | sent peak 0.0 dBFS rms -10.2 dBFS | normalizer on, gain 1.381, gate -65.9 dBFS
2026-09-26 16:41:59.834 -04:00 [INF] [OpenFreqClient.Services.OpenFreqService] PTT start: own radio on 280.500 MHz
2026-09-26 16:42:00.802 -04:00 [INF] [OpenFreqClient.Services.OpenFreqService] PTT end: own radio on 280.500 MHz
2026-09-26 16:42:00.811 -04:00 [INF] [OpenFreqClient.Services.OpenFreqService] TX level over 970ms: mic peak -0.1 dBFS rms -16.7 dBFS | sent peak 0.0 dBFS rms -16.4 dBFS | normalizer on, gain 1.863, gate -50.7 dBFS
2026-09-26 16:42:17.291 -04:00 [INF] [OpenFreqClient.Services.OpenFreqService] PTT start: Alligator (2af88464-1ea8-4d04-80ba-d98d4f842617) on 280.500 MHz, 3D
2026-09-26 16:42:17.308 -04:00 [INF] [OpenFreq.Common.RtpJitterBuffer] Transmission gap detected (123864ms RTP delta), resetting jitter measurement
2026-09-26 16:42:17.436 -04:00 [INF] [OpenFreqClient.Services.OpenFreqService] RX 280.500 MHz from Alligator (2af88464-1ea8-4d04-80ba-d98d4f842617): -82.7 dBm, SNR 24.3 dB, FSPL 122.7 dB, terrain 0.0 dB, 115.9 km, tx 6333 m / rx 9147 m MSL
2026-09-26 16:42:18.641 -04:00 [INF] [OpenFreqClient.Services.OpenFreqService] PTT end: Alligator (2af88464-1ea8-4d04-80ba-d98d4f842617) on 280.500 MHz, released
2026-09-26 16:42:20.570 -04:00 [INF] [OpenFreqClient.Services.OpenFreqService] PTT start: own radio on 280.500 MHz
2026-09-26 16:42:20.946 -04:00 [INF] [OpenFreqClient.Services.OpenFreqService] PTT end: own radio on 280.500 MHz
2026-09-26 16:42:20.951 -04:00 [INF] [OpenFreqClient.Services.OpenFreqService] TX level over 380ms: mic peak -3.0 dBFS rms -22.8 dBFS | sent peak 0.0 dBFS rms -18.0 dBFS | normalizer on, gain 1.156, gate -41.4 dBFS
2026-09-26 16:42:34.499 -04:00 [INF] [OpenFreqClient.Services.OpenFreqService] PTT start: Krieger (0b5a8147-b1fa-4307-a8c3-d1087389de25) on 280.500 MHz, 3D
2026-09-26 16:42:34.555 -04:00 [INF] [OpenFreq.Common.RtpJitterBufferPool] New RTP source: SSRC=117123B1
2026-09-26 16:42:34.555 -04:00 [INF] [OpenFreq.Common.RtpJitterBuffer] Manual buffer size: 150ms
2026-09-26 16:42:34.555 -04:00 [INF] [OpenFreq.Common.RtpAudioReceiver] Source joined:  SSRC=117123B1
2026-09-26 16:42:34.555 -04:00 [INF] [OpenFreq.Common.RtpJitterBuffer] Initialized: buffer=150ms
2026-09-26 16:42:34.705 -04:00 [INF] [OpenFreqClient.Services.OpenFreqService] RX 280.500 MHz from Krieger (0b5a8147-b1fa-4307-a8c3-d1087389de25): -83.2 dBm, SNR 23.8 dB, FSPL 123.2 dB, terrain 0.0 dB, 122.5 km, tx 6062 m / rx 9147 m MSL
2026-09-26 16:42:36.621 -04:00 [INF] [OpenFreqClient.Services.OpenFreqService] PTT end: Krieger (0b5a8147-b1fa-4307-a8c3-d1087389de25) on 280.500 MHz, released
2026-09-26 16:42:38.405 -04:00 [INF] [OpenFreqClient.Services.OpenFreqService] PTT start: Razgriz (9ac4a3e8-e935-4564-a9e9-54d417e10880) on 280.500 MHz, 3D
2026-09-26 16:42:38.418 -04:00 [INF] [OpenFreq.Common.RtpJitterBuffer] Transmission gap detected (217901ms RTP delta), resetting jitter measurement
2026-09-26 16:42:38.494 -04:00 [INF] [OpenFreqClient.Services.OpenFreqService] RX 280.500 MHz from Razgriz (9ac4a3e8-e935-4564-a9e9-54d417e10880): -82.8 dBm, SNR 24.2 dB, FSPL 122.8 dB, terrain 0.0 dB, 117.2 km, tx 4901 m / rx 9147 m MSL
2026-09-26 16:42:38.607 -04:00 [INF] [OpenFreq.Common.RtpJitterBuffer] Late arrival (33ms past slot) — buffer 75→138ms
2026-09-26 16:42:38.915 -04:00 [INF] [OpenFreq.Common.RtpJitterBufferPool] Pruned stale source SSRC=422B9AF3
2026-09-26 16:42:38.915 -04:00 [INF] [OpenFreq.Common.RtpAudioReceiver] Source expired: SSRC=422B9AF3
2026-09-26 16:42:40.497 -04:00 [INF] [OpenFreq.Common.RtpJitterBufferPool] Pruned stale source SSRC=5D682876
2026-09-26 16:42:40.497 -04:00 [INF] [OpenFreq.Common.RtpAudioReceiver] Source expired: SSRC=5D682876
2026-09-26 16:42:40.659 -04:00 [INF] [OpenFreqClient.Services.OpenFreqService] PTT end: Razgriz (9ac4a3e8-e935-4564-a9e9-54d417e10880) on 280.500 MHz, released
2026-09-26 16:42:42.145 -04:00 [INF] [OpenFreqClient.Services.OpenFreqService] PTT start: Krieger (0b5a8147-b1fa-4307-a8c3-d1087389de25) on 280.500 MHz, 3D
2026-09-26 16:42:42.159 -04:00 [INF] [OpenFreq.Common.RtpJitterBuffer] Transmission gap detected (5547ms RTP delta), resetting jitter measurement
2026-09-26 16:42:42.229 -04:00 [INF] [OpenFreqClient.Services.OpenFreqService] RX 280.500 MHz from Krieger (0b5a8147-b1fa-4307-a8c3-d1087389de25): -83.1 dBm, SNR 23.9 dB, FSPL 123.1 dB, terrain 0.0 dB, 121.8 km, tx 6132 m / rx 9147 m MSL
2026-09-26 16:42:43.611 -04:00 [INF] [OpenFreqClient.Services.OpenFreqService] PTT end: Krieger (0b5a8147-b1fa-4307-a8c3-d1087389de25) on 280.500 MHz, released
2026-09-26 16:42:53.425 -04:00 [INF] [OpenFreqClient.Services.OpenFreqService] PTT start: own radio on 339.750 MHz
2026-09-26 16:42:54.953 -04:00 [INF] [OpenFreqClient.Services.OpenFreqService] PTT end: own radio on 339.750 MHz
2026-09-26 16:42:54.962 -04:00 [INF] [OpenFreqClient.Services.OpenFreqService] TX level over 1530ms: mic peak 0.0 dBFS rms -16.4 dBFS | sent peak 0.0 dBFS rms -16.1 dBFS | normalizer on, gain 3.884, gate -58.7 dBFS
2026-09-26 16:42:57.576 -04:00 [INF] [OpenFreqClient.Services.OpenFreqService] PTT start: Paintcheck (9c5f9224-8277-4f34-8da9-dbeb707f0e00) on 280.500 MHz, 3D
2026-09-26 16:42:57.599 -04:00 [INF] [OpenFreq.Common.RtpJitterBuffer] Transmission gap detected (143380ms RTP delta), resetting jitter measurement
2026-09-26 16:42:57.638 -04:00 [INF] [OpenFreqClient.Services.OpenFreqService] RX 280.500 MHz from Paintcheck (9c5f9224-8277-4f34-8da9-dbeb707f0e00): -83.1 dBm, SNR 23.9 dB, FSPL 123.1 dB, terrain 0.0 dB, 121.5 km, tx 5243 m / rx 9147 m MSL
2026-09-26 16:42:57.707 -04:00 [WRN] [OpenFreqAudio.RadioPlayback] Stream 9c5f9224-8277-4f34-8da9-dbeb707f0e00:280500 on 280.500 MHz had no samples for 10.1 ms
2026-09-26 16:42:58.041 -04:00 [INF] [OpenFreqClient.Services.OpenFreqService] PTT start: Woody (179a68da-a2bc-45c0-9d2b-9f0af5fa49ea) on 339.750 MHz, 3D
2026-09-26 16:42:58.057 -04:00 [INF] [OpenFreq.Common.RtpJitterBuffer] Transmission gap detected (63848ms RTP delta), resetting jitter measurement
2026-09-26 16:42:58.111 -04:00 [INF] [OpenFreqClient.Services.OpenFreqService] RX 339.750 MHz from Woody (179a68da-a2bc-45c0-9d2b-9f0af5fa49ea): -80.5 dBm, SNR 26.5 dB, FSPL 120.5 dB, terrain 0.0 dB, 74.6 km, tx 9873 m / rx 9147 m MSL
2026-09-26 16:42:58.824 -04:00 [INF] [OpenFreqClient.Services.OpenFreqService] PTT end: Paintcheck (9c5f9224-8277-4f34-8da9-dbeb707f0e00) on 280.500 MHz, released
2026-09-26 16:42:59.090 -04:00 [INF] [OpenFreqClient.Services.OpenFreqService] PTT end: Woody (179a68da-a2bc-45c0-9d2b-9f0af5fa49ea) on 339.750 MHz, released
2026-09-26 16:43:24.325 -04:00 [INF] [OpenFreqClient.Services.OpenFreqService] PTT start: own radio on 280.500 MHz
2026-09-26 16:43:27.444 -04:00 [INF] [OpenFreqClient.Services.OpenFreqService] PTT end: own radio on 280.500 MHz
2026-09-26 16:43:27.453 -04:00 [INF] [OpenFreqClient.Services.OpenFreqService] TX level over 3120ms: mic peak -0.3 dBFS rms -18.5 dBFS | sent peak 0.0 dBFS rms -14.6 dBFS | normalizer on, gain 3.035, gate -65.3 dBFS
2026-09-26 16:43:30.875 -04:00 [INF] [OpenFreqClient.Services.OpenFreqService] PTT start: Falcon (91c4c764-ac55-4b66-98e4-d070ed54be23) on 280.500 MHz, 3D
2026-09-26 16:43:30.885 -04:00 [INF] [OpenFreq.Common.RtpJitterBuffer] Transmission gap detected (110440ms RTP delta), resetting jitter measurement
2026-09-26 16:43:30.937 -04:00 [INF] [OpenFreqClient.Services.OpenFreqService] RX 280.500 MHz from Falcon (91c4c764-ac55-4b66-98e4-d070ed54be23): -75.9 dBm, SNR 31.1 dB, FSPL 115.9 dB, terrain 0.0 dB, 52.9 km, tx 7384 m / rx 9147 m MSL
2026-09-26 16:43:32.864 -04:00 [INF] [OpenFreqClient.Services.OpenFreqService] PTT end: Falcon (91c4c764-ac55-4b66-98e4-d070ed54be23) on 280.500 MHz, released
2026-09-26 16:43:32.933 -04:00 [INF] [OpenFreqClient.Services.OpenFreqService] PTT start: own radio on 280.500 MHz
2026-09-26 16:43:33.559 -04:00 [INF] [OpenFreqClient.Services.OpenFreqService] PTT end: own radio on 280.500 MHz
2026-09-26 16:43:33.563 -04:00 [INF] [OpenFreqClient.Services.OpenFreqService] TX level over 630ms: mic peak -0.0 dBFS rms -14.8 dBFS | sent peak 0.0 dBFS rms -8.6 dBFS | normalizer on, gain 1.311, gate -74.0 dBFS
2026-09-26 16:43:42.367 -04:00 [INF] [OpenFreqClient.Services.OpenFreqService] PTT start: own radio on 280.500 MHz
2026-09-26 16:43:44.058 -04:00 [INF] [OpenFreqClient.Services.OpenFreqService] PTT end: own radio on 280.500 MHz
2026-09-26 16:43:44.063 -04:00 [INF] [OpenFreqClient.Services.OpenFreqService] TX level over 1690ms: mic peak 0.0 dBFS rms -11.2 dBFS | sent peak 0.0 dBFS rms -13.1 dBFS | normalizer on, gain 0.379, gate -69.6 dBFS
2026-09-26 16:43:46.089 -04:00 [INF] [OpenFreqClient.Services.OpenFreqService] PTT start: own radio on 280.500 MHz
2026-09-26 16:43:46.131 -04:00 [INF] [OpenFreqClient.Services.OpenFreqService] PTT end: own radio on 280.500 MHz
2026-09-26 16:43:46.134 -04:00 [INF] [OpenFreqClient.Services.OpenFreqService] TX level over 40ms: mic peak -57.6 dBFS rms -69.1 dBFS | sent peak -66.2 dBFS rms -78.2 dBFS | normalizer on, gain 0.386, gate -21.3 dBFS
2026-09-26 16:43:55.120 -04:00 [INF] [OpenFreqClient.Services.OpenFreqService] PTT start: own radio on 280.500 MHz
2026-09-26 16:43:56.817 -04:00 [INF] [OpenFreqClient.Services.OpenFreqService] PTT end: own radio on 280.500 MHz
2026-09-26 16:43:56.824 -04:00 [INF] [OpenFreqClient.Services.OpenFreqService] TX level over 1700ms: mic peak -0.1 dBFS rms -18.6 dBFS | sent peak 0.0 dBFS rms -21.1 dBFS | normalizer on, gain 2.552, gate -42.4 dBFS
2026-09-26 16:43:58.890 -04:00 [INF] [OpenFreqClient.Services.OpenFreqService] PTT start: own radio on 339.750 MHz
2026-09-26 16:44:06.666 -04:00 [INF] [OpenFreqClient.Services.OpenFreqService] PTT end: own radio on 339.750 MHz
2026-09-26 16:44:06.674 -04:00 [INF] [OpenFreqClient.Services.OpenFreqService] TX level over 7780ms: mic peak -0.1 dBFS rms -16.2 dBFS | sent peak 0.0 dBFS rms -17.8 dBFS | normalizer on, gain 2.552, gate -63.6 dBFS
2026-09-26 16:44:10.579 -04:00 [INF] [OpenFreqClient.Services.OpenFreqService] PTT start: Polaris (4c187006-039a-4fcb-b6df-d456875763f7) on 280.500 MHz, 3D
2026-09-26 16:44:10.595 -04:00 [INF] [OpenFreq.Common.RtpJitterBuffer] Transmission gap detected (202245ms RTP delta), resetting jitter measurement
2026-09-26 16:44:10.777 -04:00 [INF] [OpenFreqClient.Services.OpenFreqService] RX 280.500 MHz from Polaris (4c187006-039a-4fcb-b6df-d456875763f7): -83.4 dBm, SNR 23.6 dB, FSPL 123.4 dB, terrain 0.0 dB, 125.6 km, tx 5588 m / rx 9147 m MSL
2026-09-26 16:44:12.469 -04:00 [INF] [OpenFreqClient.Services.OpenFreqService] PTT end: Polaris (4c187006-039a-4fcb-b6df-d456875763f7) on 280.500 MHz, released
2026-09-26 16:44:20.501 -04:00 [INF] [OpenFreqClient.Services.OpenFreqService] PTT start: own radio on 339.750 MHz
2026-09-26 16:44:28.217 -04:00 [INF] [OpenFreqClient.Services.OpenFreqService] PTT end: own radio on 339.750 MHz
2026-09-26 16:44:28.226 -04:00 [INF] [OpenFreqClient.Services.OpenFreqService] TX level over 7720ms: mic peak -0.2 dBFS rms -17.9 dBFS | sent peak 0.0 dBFS rms -16.9 dBFS | normalizer on, gain 1.746, gate -62.0 dBFS
2026-09-26 16:44:42.789 -04:00 [INF] [OpenFreqClient.Services.OpenFreqService] PTT start: own radio on 339.750 MHz
2026-09-26 16:44:46.282 -04:00 [INF] [OpenFreqClient.Services.OpenFreqService] PTT end: own radio on 339.750 MHz
2026-09-26 16:44:46.285 -04:00 [INF] [OpenFreqClient.Services.OpenFreqService] TX level over 3490ms: mic peak -0.2 dBFS rms -16.0 dBFS | sent peak 0.0 dBFS rms -14.4 dBFS | normalizer on, gain 1.500, gate -75.1 dBFS
2026-09-26 16:44:47.830 -04:00 [INF] [OpenFreqClient.Services.OpenFreqService] PTT start: Starlight (bad80b09-e94d-4c75-9eab-c3ffca19bd3b) on 339.750 MHz, 3D
2026-09-26 16:44:47.853 -04:00 [INF] [OpenFreq.Common.RtpJitterBufferPool] New RTP source: SSRC=2D711AA4
2026-09-26 16:44:47.853 -04:00 [INF] [OpenFreq.Common.RtpJitterBuffer] Manual buffer size: 150ms
2026-09-26 16:44:47.853 -04:00 [INF] [OpenFreq.Common.RtpAudioReceiver] Source joined:  SSRC=2D711AA4
2026-09-26 16:44:47.853 -04:00 [INF] [OpenFreq.Common.RtpJitterBuffer] Initialized: buffer=150ms
2026-09-26 16:44:48.003 -04:00 [INF] [OpenFreqClient.Services.OpenFreqService] RX 339.750 MHz from Starlight (bad80b09-e94d-4c75-9eab-c3ffca19bd3b): -80.7 dBm, SNR 26.3 dB, FSPL 120.7 dB, terrain 0.0 dB, 76.5 km, tx 9821 m / rx 9147 m MSL
2026-09-26 16:44:48.220 -04:00 [INF] [OpenFreqClient.Services.OpenFreqService] PTT end: Starlight (bad80b09-e94d-4c75-9eab-c3ffca19bd3b) on 339.750 MHz, released
2026-09-26 16:44:49.022 -04:00 [INF] [OpenFreqClient.Services.OpenFreqService] PTT start: Wild (d52d332f-8742-40f6-b985-35a908d32642) on 339.750 MHz, 3D
2026-09-26 16:44:49.041 -04:00 [INF] [OpenFreq.Common.RtpJitterBufferPool] New RTP source: SSRC=4B5FD0E8
2026-09-26 16:44:49.041 -04:00 [INF] [OpenFreq.Common.RtpJitterBuffer] Manual buffer size: 150ms
2026-09-26 16:44:49.041 -04:00 [INF] [OpenFreq.Common.RtpAudioReceiver] Source joined:  SSRC=4B5FD0E8
2026-09-26 16:44:49.041 -04:00 [INF] [OpenFreq.Common.RtpJitterBuffer] Initialized: buffer=150ms
2026-09-26 16:44:49.191 -04:00 [INF] [OpenFreqClient.Services.OpenFreqService] RX 339.750 MHz from Wild (d52d332f-8742-40f6-b985-35a908d32642): -80.9 dBm, SNR 26.1 dB, FSPL 120.9 dB, terrain 0.0 dB, 77.9 km, tx 10417 m / rx 9147 m MSL
2026-09-26 16:44:49.854 -04:00 [INF] [OpenFreqClient.Services.OpenFreqService] PTT end: Wild (d52d332f-8742-40f6-b985-35a908d32642) on 339.750 MHz, released
2026-09-26 16:44:52.882 -04:00 [INF] [OpenFreq.Common.RtpJitterBuffer] Transmission gap detected (3041ms RTP delta), resetting jitter measurement
2026-09-26 16:44:52.882 -04:00 [INF] [OpenFreqClient.Services.OpenFreqService] PTT start: Wild (d52d332f-8742-40f6-b985-35a908d32642) on 339.750 MHz, 3D
2026-09-26 16:44:52.964 -04:00 [INF] [OpenFreqClient.Services.OpenFreqService] RX 339.750 MHz from Wild (d52d332f-8742-40f6-b985-35a908d32642): -80.8 dBm, SNR 26.2 dB, FSPL 120.8 dB, terrain 0.0 dB, 77.3 km, tx 10639 m / rx 9147 m MSL
2026-09-26 16:44:54.200 -04:00 [INF] [OpenFreqClient.Services.OpenFreqService] PTT end: Wild (d52d332f-8742-40f6-b985-35a908d32642) on 339.750 MHz, released
2026-09-26 16:45:04.754 -04:00 [INF] [OpenFreqClient.Services.OpenFreqService] PTT start: own radio on 339.750 MHz
2026-09-26 16:45:07.788 -04:00 [INF] [OpenFreqClient.Services.OpenFreqService] PTT end: own radio on 339.750 MHz
2026-09-26 16:45:07.795 -04:00 [INF] [OpenFreqClient.Services.OpenFreqService] TX level over 3040ms: mic peak -0.2 dBFS rms -16.4 dBFS | sent peak 0.0 dBFS rms -15.3 dBFS | normalizer on, gain 1.159, gate -70.4 dBFS
2026-09-26 16:45:09.054 -04:00 [INF] [OpenFreqClient.Services.OpenFreqService] PTT start: Woody (179a68da-a2bc-45c0-9d2b-9f0af5fa49ea) on 339.750 MHz, 3D
2026-09-26 16:45:09.079 -04:00 [INF] [OpenFreq.Common.RtpJitterBuffer] Transmission gap detected (130020ms RTP delta), resetting jitter measurement
2026-09-26 16:45:09.079 -04:00 [INF] [OpenFreq.Common.RtpJitterBufferPool] Pruned stale source SSRC=32E104A6
2026-09-26 16:45:09.079 -04:00 [INF] [OpenFreq.Common.RtpAudioReceiver] Source expired: SSRC=32E104A6
2026-09-26 16:45:09.079 -04:00 [INF] [OpenFreq.Common.RtpJitterBufferPool] Pruned stale source SSRC=28207B19
2026-09-26 16:45:09.079 -04:00 [INF] [OpenFreq.Common.RtpAudioReceiver] Source expired: SSRC=28207B19
2026-09-26 16:45:09.131 -04:00 [INF] [OpenFreqClient.Services.OpenFreqService] RX 339.750 MHz from Woody (179a68da-a2bc-45c0-9d2b-9f0af5fa49ea): -78.7 dBm, SNR 28.3 dB, FSPL 118.7 dB, terrain 0.0 dB, 60.5 km, tx 10055 m / rx 9147 m MSL
2026-09-26 16:45:10.407 -04:00 [INF] [OpenFreqClient.Services.OpenFreqService] PTT end: Woody (179a68da-a2bc-45c0-9d2b-9f0af5fa49ea) on 339.750 MHz, released
2026-09-26 16:45:12.063 -04:00 [INF] [OpenFreqClient.Services.OpenFreqService] PTT start: Woody (179a68da-a2bc-45c0-9d2b-9f0af5fa49ea) on 339.750 MHz, 3D
2026-09-26 16:45:12.079 -04:00 [INF] [OpenFreq.Common.RtpJitterBuffer] Transmission gap detected (1689ms RTP delta), resetting jitter measurement
2026-09-26 16:45:12.146 -04:00 [INF] [OpenFreqClient.Services.OpenFreqService] RX 339.750 MHz from Woody (179a68da-a2bc-45c0-9d2b-9f0af5fa49ea): -78.6 dBm, SNR 28.4 dB, FSPL 118.6 dB, terrain 0.0 dB, 59.6 km, tx 10050 m / rx 9147 m MSL
2026-09-26 16:45:12.623 -04:00 [INF] [OpenFreqClient.Services.OpenFreqService] PTT end: Woody (179a68da-a2bc-45c0-9d2b-9f0af5fa49ea) on 339.750 MHz, released
2026-09-26 16:45:13.957 -04:00 [INF] [OpenFreq.Common.RtpJitterBuffer] Transmission gap detected (19754ms RTP delta), resetting jitter measurement
2026-09-26 16:45:13.957 -04:00 [INF] [OpenFreqClient.Services.OpenFreqService] PTT start: Wild (d52d332f-8742-40f6-b985-35a908d32642) on 339.750 MHz, 3D
2026-09-26 16:45:13.982 -04:00 [INF] [OpenFreqClient.Services.OpenFreqService] RX 339.750 MHz from Wild (d52d332f-8742-40f6-b985-35a908d32642): -80.6 dBm, SNR 26.4 dB, FSPL 120.6 dB, terrain 0.0 dB, 74.9 km, tx 12742 m / rx 9147 m MSL
2026-09-26 16:45:14.153 -04:00 [WRN] [OpenFreqAudio.RadioPlayback] Stream d52d332f-8742-40f6-b985-35a908d32642:339750 on 339.750 MHz had no samples for 11.0 ms
2026-09-26 16:45:14.343 -04:00 [INF] [OpenFreqClient.Services.OpenFreqService] PTT start: Woody (179a68da-a2bc-45c0-9d2b-9f0af5fa49ea) on 339.750 MHz, 3D
2026-09-26 16:45:14.366 -04:00 [INF] [OpenFreq.Common.RtpJitterBuffer] Transmission gap detected (1752ms RTP delta), resetting jitter measurement
2026-09-26 16:45:14.415 -04:00 [INF] [OpenFreqClient.Services.OpenFreqService] RX 339.750 MHz from Woody (179a68da-a2bc-45c0-9d2b-9f0af5fa49ea): -78.5 dBm, SNR 28.5 dB, FSPL 118.5 dB, terrain 0.0 dB, 58.9 km, tx 10048 m / rx 9147 m MSL
2026-09-26 16:45:14.743 -04:00 [INF] [OpenFreqClient.Services.OpenFreqService] PTT end: Woody (179a68da-a2bc-45c0-9d2b-9f0af5fa49ea) on 339.750 MHz, released
2026-09-26 16:45:16.016 -04:00 [INF] [OpenFreqClient.Services.OpenFreqService] PTT end: Wild (d52d332f-8742-40f6-b985-35a908d32642) on 339.750 MHz, released
2026-09-26 16:45:16.631 -04:00 [INF] [OpenFreqClient.Services.OpenFreqService] PTT start: Woody (179a68da-a2bc-45c0-9d2b-9f0af5fa49ea) on 339.750 MHz, 3D
2026-09-26 16:45:16.647 -04:00 [INF] [OpenFreq.Common.RtpJitterBuffer] Transmission gap detected (1927ms RTP delta), resetting jitter measurement
2026-09-26 16:45:16.698 -04:00 [INF] [OpenFreqClient.Services.OpenFreqService] RX 339.750 MHz from Woody (179a68da-a2bc-45c0-9d2b-9f0af5fa49ea): -78.4 dBm, SNR 28.6 dB, FSPL 118.4 dB, terrain 0.0 dB, 58.2 km, tx 10048 m / rx 9147 m MSL
2026-09-26 16:45:22.579 -04:00 [INF] [OpenFreqClient.Services.OpenFreqService] PTT end: Woody (179a68da-a2bc-45c0-9d2b-9f0af5fa49ea) on 339.750 MHz, released
2026-09-26 16:45:24.514 -04:00 [INF] [OpenFreqClient.Services.OpenFreqService] PTT start: own radio on 339.750 MHz
2026-09-26 16:45:24.985 -04:00 [INF] [OpenFreq.Common.RtpJitterBuffer] Transmission gap detected (2416ms RTP delta), resetting jitter measurement
2026-09-26 16:45:25.012 -04:00 [INF] [OpenFreqClient.Services.OpenFreqService] PTT start: Woody (179a68da-a2bc-45c0-9d2b-9f0af5fa49ea) on 339.750 MHz, 3D
2026-09-26 16:45:25.041 -04:00 [INF] [OpenFreqClient.Services.OpenFreqService] PTT end: Woody (179a68da-a2bc-45c0-9d2b-9f0af5fa49ea) on 339.750 MHz, released
2026-09-26 16:45:26.443 -04:00 [INF] [OpenFreqClient.Services.OpenFreqService] PTT end: own radio on 339.750 MHz
2026-09-26 16:45:26.447 -04:00 [INF] [OpenFreqClient.Services.OpenFreqService] TX level over 1930ms: mic peak -0.1 dBFS rms -15.1 dBFS | sent peak 0.0 dBFS rms -14.9 dBFS | normalizer on, gain 3.113, gate -67.6 dBFS
2026-09-26 16:45:28.374 -04:00 [INF] [OpenFreqClient.Services.OpenFreqService] PTT start: Starlight (bad80b09-e94d-4c75-9eab-c3ffca19bd3b) on 339.750 MHz, 3D
2026-09-26 16:45:28.392 -04:00 [INF] [OpenFreq.Common.RtpJitterBuffer] Transmission gap detected (40184ms RTP delta), resetting jitter measurement
2026-09-26 16:45:28.524 -04:00 [INF] [OpenFreqClient.Services.OpenFreqService] RX 339.750 MHz from Starlight (bad80b09-e94d-4c75-9eab-c3ffca19bd3b): -81.8 dBm, SNR 25.2 dB, FSPL 121.8 dB, terrain 0.0 dB, 86.8 km, tx 10240 m / rx 9147 m MSL
2026-09-26 16:45:29.957 -04:00 [INF] [OpenFreqClient.Services.OpenFreqService] PTT end: Starlight (bad80b09-e94d-4c75-9eab-c3ffca19bd3b) on 339.750 MHz, released
2026-09-26 16:45:36.596 -04:00 [INF] [OpenFreqClient.Services.OpenFreqService] PTT start: own radio on 339.750 MHz
2026-09-26 16:45:39.878 -04:00 [INF] [OpenFreqClient.Services.OpenFreqService] PTT end: own radio on 339.750 MHz
2026-09-26 16:45:39.887 -04:00 [INF] [OpenFreqClient.Services.OpenFreqService] TX level over 3290ms: mic peak -0.1 dBFS rms -15.8 dBFS | sent peak 0.0 dBFS rms -13.7 dBFS | normalizer on, gain 5.034, gate -86.5 dBFS
2026-09-26 16:45:56.913 -04:00 [INF] [OpenFreqClient.Services.OpenFreqService] PTT start: own radio on 280.500 MHz
2026-09-26 16:46:00.896 -04:00 [INF] [OpenFreqClient.Services.OpenFreqService] PTT start: Woody (179a68da-a2bc-45c0-9d2b-9f0af5fa49ea) on 339.750 MHz, 3D
2026-09-26 16:46:00.896 -04:00 [INF] [OpenFreq.Common.RtpJitterBuffer] Transmission gap detected (35860ms RTP delta), resetting jitter measurement
2026-09-26 16:46:00.896 -04:00 [INF] [OpenFreq.Common.RtpJitterBufferPool] Pruned stale source SSRC=240CDF59
2026-09-26 16:46:00.896 -04:00 [INF] [OpenFreq.Common.RtpAudioReceiver] Source expired: SSRC=240CDF59
2026-09-26 16:46:00.896 -04:00 [INF] [OpenFreq.Common.RtpJitterBufferPool] Pruned stale source SSRC=0B91D305
2026-09-26 16:46:00.896 -04:00 [INF] [OpenFreq.Common.RtpAudioReceiver] Source expired: SSRC=0B91D305
2026-09-26 16:46:00.963 -04:00 [INF] [OpenFreqClient.Services.OpenFreqService] RX 339.750 MHz from Woody (179a68da-a2bc-45c0-9d2b-9f0af5fa49ea): -76.2 dBm, SNR 30.8 dB, FSPL 116.2 dB, terrain 0.0 dB, 45.6 km, tx 12600 m / rx 9147 m MSL
2026-09-26 16:46:02.070 -04:00 [INF] [OpenFreqClient.Services.OpenFreqService] PTT end: own radio on 280.500 MHz
2026-09-26 16:46:02.077 -04:00 [INF] [OpenFreqClient.Services.OpenFreqService] TX level over 5160ms: mic peak 0.0 dBFS rms -13.7 dBFS | sent peak 0.0 dBFS rms -14.6 dBFS | normalizer on, gain 0.903, gate -62.0 dBFS
2026-09-26 16:46:04.595 -04:00 [INF] [OpenFreqClient.Services.OpenFreqService] PTT end: Woody (179a68da-a2bc-45c0-9d2b-9f0af5fa49ea) on 339.750 MHz, released
2026-09-26 16:46:05.153 -04:00 [INF] [OpenFreqClient.Services.OpenFreqService] PTT start: Wild (d52d332f-8742-40f6-b985-35a908d32642) on 339.750 MHz, 3D
2026-09-26 16:46:05.164 -04:00 [INF] [OpenFreq.Common.RtpJitterBuffer] Transmission gap detected (49152ms RTP delta), resetting jitter measurement
2026-09-26 16:46:05.207 -04:00 [INF] [OpenFreqClient.Services.OpenFreqService] RX 339.750 MHz from Wild (d52d332f-8742-40f6-b985-35a908d32642): -79.1 dBm, SNR 27.9 dB, FSPL 119.1 dB, terrain 0.0 dB, 63.2 km, tx 6636 m / rx 9147 m MSL
2026-09-26 16:46:06.258 -04:00 [INF] [OpenFreqClient.Services.OpenFreqService] PTT end: Wild (d52d332f-8742-40f6-b985-35a908d32642) on 339.750 MHz, released
2026-09-26 16:46:06.430 -04:00 [INF] [OpenFreqClient.Services.OpenFreqService] PTT start: Falcon (91c4c764-ac55-4b66-98e4-d070ed54be23) on 280.500 MHz, 3D
2026-09-26 16:46:06.449 -04:00 [INF] [OpenFreq.Common.RtpJitterBuffer] Transmission gap detected (153613ms RTP delta), resetting jitter measurement
2026-09-26 16:46:06.483 -04:00 [INF] [OpenFreqClient.Services.OpenFreqService] RX 280.500 MHz from Falcon (91c4c764-ac55-4b66-98e4-d070ed54be23): -79.9 dBm, SNR 27.1 dB, FSPL 119.9 dB, terrain 0.0 dB, 83.7 km, tx 7349 m / rx 9147 m MSL
2026-09-26 16:46:09.211 -04:00 [INF] [OpenFreqClient.Services.OpenFreqService] PTT end: Falcon (91c4c764-ac55-4b66-98e4-d070ed54be23) on 280.500 MHz, released
2026-09-26 16:46:10.109 -04:00 [INF] [OpenFreq.Common.RtpJitterBuffer] Transmission gap detected (40151ms RTP delta), resetting jitter measurement
2026-09-26 16:46:10.109 -04:00 [INF] [OpenFreqClient.Services.OpenFreqService] PTT start: Starlight (bad80b09-e94d-4c75-9eab-c3ffca19bd3b) on 339.750 MHz, 3D
2026-09-26 16:46:10.163 -04:00 [INF] [OpenFreqClient.Services.OpenFreqService] RX 339.750 MHz from Starlight (bad80b09-e94d-4c75-9eab-c3ffca19bd3b): -82.9 dBm, SNR 24.1 dB, FSPL 122.9 dB, terrain 0.0 dB, 97.9 km, tx 10954 m / rx 9147 m MSL
2026-09-26 16:46:12.012 -04:00 [INF] [OpenFreqClient.Services.OpenFreqService] PTT start: Alligator (2af88464-1ea8-4d04-80ba-d98d4f842617) on 280.500 MHz, 3D
2026-09-26 16:46:12.028 -04:00 [INF] [OpenFreq.Common.RtpJitterBuffer] Transmission gap detected (233399ms RTP delta), resetting jitter measurement
2026-09-26 16:46:12.096 -04:00 [INF] [OpenFreqClient.Services.OpenFreqService] RX 280.500 MHz from Alligator (2af88464-1ea8-4d04-80ba-d98d4f842617): -82.5 dBm, SNR 24.5 dB, FSPL 122.5 dB, terrain 0.0 dB, 114.0 km, tx 6335 m / rx 9147 m MSL
2026-09-26 16:46:12.150 -04:00 [INF] [OpenFreqClient.Services.OpenFreqService] PTT end: Starlight (bad80b09-e94d-4c75-9eab-c3ffca19bd3b) on 339.750 MHz, released
2026-09-26 16:46:13.203 -04:00 [INF] [OpenFreqClient.Services.OpenFreqService] PTT end: Alligator (2af88464-1ea8-4d04-80ba-d98d4f842617) on 280.500 MHz, released
2026-09-26 16:46:16.477 -04:00 [INF] [OpenFreqClient.Services.OpenFreqService] PTT start: own radio on 339.750 MHz
2026-09-26 16:46:21.858 -04:00 [INF] [OpenFreqClient.Services.OpenFreqService] PTT end: own radio on 339.750 MHz
2026-09-26 16:46:21.858 -04:00 [INF] [OpenFreqClient.Services.OpenFreqService] TX level over 5370ms: mic peak 0.0 dBFS rms -16.0 dBFS | sent peak 0.0 dBFS rms -16.6 dBFS | normalizer on, gain 0.759, gate -78.7 dBFS
2026-09-26 16:46:23.260 -04:00 [INF] [OpenFreqClient.Services.OpenFreqService] PTT start: Starlight (bad80b09-e94d-4c75-9eab-c3ffca19bd3b) on 339.750 MHz, 3D
2026-09-26 16:46:23.273 -04:00 [INF] [OpenFreq.Common.RtpJitterBuffer] Transmission gap detected (11128ms RTP delta), resetting jitter measurement
2026-09-26 16:46:23.321 -04:00 [INF] [OpenFreqClient.Services.OpenFreqService] RX 339.750 MHz from Starlight (bad80b09-e94d-4c75-9eab-c3ffca19bd3b): -82.9 dBm, SNR 24.1 dB, FSPL 122.9 dB, terrain 0.0 dB, 98.5 km, tx 10904 m / rx 9147 m MSL
2026-09-26 16:46:24.918 -04:00 [INF] [OpenFreq.Common.RtpJitterBuffer] Late arrival (57ms past slot) — buffer 44→131ms
2026-09-26 16:46:25.510 -04:00 [INF] [OpenFreqClient.Services.OpenFreqService] PTT end: Starlight (bad80b09-e94d-4c75-9eab-c3ffca19bd3b) on 339.750 MHz, released
2026-09-26 16:46:26.691 -04:00 [INF] [OpenFreq.Common.RtpJitterBuffer] Transmission gap detected (13500ms RTP delta), resetting jitter measurement
2026-09-26 16:46:26.692 -04:00 [INF] [OpenFreqClient.Services.OpenFreqService] PTT start: Alligator (2af88464-1ea8-4d04-80ba-d98d4f842617) on 280.500 MHz, 3D
2026-09-26 16:46:26.752 -04:00 [INF] [OpenFreqClient.Services.OpenFreqService] RX 280.500 MHz from Alligator (2af88464-1ea8-4d04-80ba-d98d4f842617): -82.7 dBm, SNR 24.3 dB, FSPL 122.7 dB, terrain 0.0 dB, 116.0 km, tx 6327 m / rx 9147 m MSL
2026-09-26 16:46:27.051 -04:00 [INF] [OpenFreq.Common.RtpJitterBuffer] Late arrival (39ms past slot) — buffer 70→139ms
2026-09-26 16:46:27.793 -04:00 [INF] [OpenFreqClient.Services.OpenFreqService] PTT end: Alligator (2af88464-1ea8-4d04-80ba-d98d4f842617) on 280.500 MHz, released
2026-09-26 16:46:27.960 -04:00 [INF] [OpenFreqClient.Services.OpenFreqService] PTT start: Starlight (bad80b09-e94d-4c75-9eab-c3ffca19bd3b) on 339.750 MHz, 3D
2026-09-26 16:46:27.983 -04:00 [INF] [OpenFreq.Common.RtpJitterBuffer] Transmission gap detected (2465ms RTP delta), resetting jitter measurement
2026-09-26 16:46:28.085 -04:00 [INF] [OpenFreqClient.Services.OpenFreqService] RX 339.750 MHz from Starlight (bad80b09-e94d-4c75-9eab-c3ffca19bd3b): -82.9 dBm, SNR 24.1 dB, FSPL 122.9 dB, terrain 0.0 dB, 98.0 km, tx 10901 m / rx 9147 m MSL
2026-09-26 16:46:28.113 -04:00 [WRN] [OpenFreqAudio.RadioPlayback] Stream bad80b09-e94d-4c75-9eab-c3ffca19bd3b:339750 on 339.750 MHz had no samples for 9.5 ms
2026-09-26 16:46:29.688 -04:00 [INF] [OpenFreqClient.Services.OpenFreqService] PTT end: Starlight (bad80b09-e94d-4c75-9eab-c3ffca19bd3b) on 339.750 MHz, released
2026-09-26 16:46:32.327 -04:00 [INF] [OpenFreqClient.Services.OpenFreqService] PTT start: Rain (fd8e3112-e083-4da8-be92-04d9f9642ebe) on 339.750 MHz, 3D
2026-09-26 16:46:32.336 -04:00 [INF] [OpenFreq.Common.RtpJitterBufferPool] New RTP source: SSRC=5B49E066
2026-09-26 16:46:32.336 -04:00 [INF] [OpenFreq.Common.RtpJitterBuffer] Manual buffer size: 150ms
2026-09-26 16:46:32.336 -04:00 [INF] [OpenFreq.Common.RtpAudioReceiver] Source joined:  SSRC=5B49E066
2026-09-26 16:46:32.336 -04:00 [INF] [OpenFreq.Common.RtpJitterBuffer] Initialized: buffer=150ms
2026-09-26 16:46:32.486 -04:00 [INF] [OpenFreqClient.Services.OpenFreqService] RX 339.750 MHz from Rain (fd8e3112-e083-4da8-be92-04d9f9642ebe): -78.6 dBm, SNR 28.4 dB, FSPL 118.6 dB, terrain 0.0 dB, 59.7 km, tx 10371 m / rx 9147 m MSL
2026-09-26 16:46:37.298 -04:00 [INF] [OpenFreqClient.Services.OpenFreqService] PTT end: Rain (fd8e3112-e083-4da8-be92-04d9f9642ebe) on 339.750 MHz, released
2026-09-26 16:46:40.679 -04:00 [INF] [OpenFreqClient.Services.OpenFreqService] PTT start: Starlight (bad80b09-e94d-4c75-9eab-c3ffca19bd3b) on 339.750 MHz, 3D
2026-09-26 16:46:40.696 -04:00 [INF] [OpenFreq.Common.RtpJitterBuffer] Transmission gap detected (11020ms RTP delta), resetting jitter measurement
2026-09-26 16:46:40.756 -04:00 [INF] [OpenFreqClient.Services.OpenFreqService] RX 339.750 MHz from Starlight (bad80b09-e94d-4c75-9eab-c3ffca19bd3b): -82.7 dBm, SNR 24.3 dB, FSPL 122.7 dB, terrain 0.0 dB, 95.3 km, tx 11032 m / rx 9147 m MSL
2026-09-26 16:46:40.783 -04:00 [WRN] [OpenFreqAudio.RadioPlayback] Stream bad80b09-e94d-4c75-9eab-c3ffca19bd3b:339750 on 339.750 MHz had no samples for 10.5 ms
2026-09-26 16:46:43.543 -04:00 [INF] [OpenFreqClient.Services.OpenFreqService] PTT end: Starlight (bad80b09-e94d-4c75-9eab-c3ffca19bd3b) on 339.750 MHz, released
2026-09-26 16:46:45.748 -04:00 [INF] [OpenFreqClient.Services.OpenFreqService] PTT start: own radio on 339.750 MHz
2026-09-26 16:46:51.470 -04:00 [INF] [OpenFreqClient.Services.OpenFreqService] PTT end: own radio on 339.750 MHz
2026-09-26 16:46:51.479 -04:00 [INF] [OpenFreqClient.Services.OpenFreqService] TX level over 5720ms: mic peak 0.0 dBFS rms -13.5 dBFS | sent peak 0.0 dBFS rms -15.9 dBFS | normalizer on, gain 0.521, gate -68.1 dBFS
2026-09-26 16:46:52.965 -04:00 [INF] [OpenFreqClient.Services.OpenFreqService] PTT start: Rain (fd8e3112-e083-4da8-be92-04d9f9642ebe) on 339.750 MHz, 3D
2026-09-26 16:46:52.975 -04:00 [INF] [OpenFreq.Common.RtpJitterBuffer] Transmission gap detected (15679ms RTP delta), resetting jitter measurement
2026-09-26 16:46:53.028 -04:00 [INF] [OpenFreqClient.Services.OpenFreqService] RX 339.750 MHz from Rain (fd8e3112-e083-4da8-be92-04d9f9642ebe): -78.1 dBm, SNR 28.9 dB, FSPL 118.1 dB, terrain 0.0 dB, 56.5 km, tx 10613 m / rx 9147 m MSL
2026-09-26 16:46:54.728 -04:00 [WRN] [OpenFreqAudio.RadioPlayback] Stream fd8e3112-e083-4da8-be92-04d9f9642ebe:339750 on 339.750 MHz had no samples for 10.1 ms
2026-09-26 16:46:57.604 -04:00 [INF] [OpenFreqClient.Services.OpenFreqService] PTT end: Rain (fd8e3112-e083-4da8-be92-04d9f9642ebe) on 339.750 MHz, released
2026-09-26 16:47:06.259 -04:00 [INF] [OpenFreqClient.Services.OpenFreqService] PTT start: Woody (179a68da-a2bc-45c0-9d2b-9f0af5fa49ea) on 339.750 MHz, 3D
2026-09-26 16:47:06.303 -04:00 [INF] [OpenFreq.Common.RtpJitterBuffer] Transmission gap detected (61716ms RTP delta), resetting jitter measurement
2026-09-26 16:47:06.329 -04:00 [INF] [OpenFreqClient.Services.OpenFreqService] RX 339.750 MHz from Woody (179a68da-a2bc-45c0-9d2b-9f0af5fa49ea): -75.8 dBm, SNR 31.2 dB, FSPL 115.8 dB, terrain 0.0 dB, 43.5 km, tx 6425 m / rx 9147 m MSL
2026-09-26 16:47:06.611 -04:00 [INF] [OpenFreq.Common.RtpJitterBuffer] Late arrival (2ms past slot) — buffer 78→109ms
2026-09-26 16:47:08.423 -04:00 [INF] [OpenFreqClient.Services.OpenFreqService] PTT end: Woody (179a68da-a2bc-45c0-9d2b-9f0af5fa49ea) on 339.750 MHz, released
2026-09-26 16:47:08.983 -04:00 [INF] [OpenFreqClient.Services.OpenFreqService] PTT start: Rain (fd8e3112-e083-4da8-be92-04d9f9642ebe) on 339.750 MHz, 3D
2026-09-26 16:47:09.003 -04:00 [INF] [OpenFreq.Common.RtpJitterBuffer] Transmission gap detected (11396ms RTP delta), resetting jitter measurement
2026-09-26 16:47:09.049 -04:00 [INF] [OpenFreqClient.Services.OpenFreqService] RX 339.750 MHz from Rain (fd8e3112-e083-4da8-be92-04d9f9642ebe): -77.3 dBm, SNR 29.7 dB, FSPL 117.3 dB, terrain 0.0 dB, 51.6 km, tx 11113 m / rx 9147 m MSL
2026-09-26 16:47:09.509 -04:00 [INF] [OpenFreq.Common.RtpJitterBuffer] Late arrival (2ms past slot) — buffer 57→88ms
2026-09-26 16:47:10.383 -04:00 [INF] [OpenFreq.Common.RtpJitterBuffer] Late arrival (80ms past slot) — buffer 73→182ms
2026-09-26 16:47:12.103 -04:00 [INF] [OpenFreqClient.Services.OpenFreqService] PTT end: Rain (fd8e3112-e083-4da8-be92-04d9f9642ebe) on 339.750 MHz, released
2026-09-26 16:47:12.349 -04:00 [WRN] [OpenFreqAudio.RadioPlayback] Stream fd8e3112-e083-4da8-be92-04d9f9642ebe:339750 on 339.750 MHz had no samples for 15.1 ms
2026-09-26 16:47:12.793 -04:00 [INF] [OpenFreqClient.Services.OpenFreqService] PTT start: own radio on 339.750 MHz
2026-09-26 16:47:13.337 -04:00 [INF] [OpenFreqClient.Services.OpenFreqService] PTT end: own radio on 339.750 MHz
2026-09-26 16:47:13.339 -04:00 [INF] [OpenFreqClient.Services.OpenFreqService] TX level over 540ms: mic peak -25.1 dBFS rms -43.3 dBFS | sent peak -21.4 dBFS rms -39.7 dBFS | normalizer on, gain 17.095, gate -68.2 dBFS
2026-09-26 16:47:14.190 -04:00 [INF] [OpenFreqClient.Services.OpenFreqService] PTT start: Woody (179a68da-a2bc-45c0-9d2b-9f0af5fa49ea) on 339.750 MHz, 3D
2026-09-26 16:47:14.206 -04:00 [INF] [OpenFreq.Common.RtpJitterBuffer] Transmission gap detected (5784ms RTP delta), resetting jitter measurement
2026-09-26 16:47:14.265 -04:00 [INF] [OpenFreqClient.Services.OpenFreqService] RX 339.750 MHz from Woody (179a68da-a2bc-45c0-9d2b-9f0af5fa49ea): -76.2 dBm, SNR 30.8 dB, FSPL 116.2 dB, terrain 0.0 dB, 45.3 km, tx 6361 m / rx 9147 m MSL
2026-09-26 16:47:16.266 -04:00 [INF] [OpenFreqClient.Services.OpenFreqService] PTT end: Woody (179a68da-a2bc-45c0-9d2b-9f0af5fa49ea) on 339.750 MHz, released
2026-09-26 16:47:21.783 -04:00 [INF] [OpenFreqClient.Services.OpenFreqService] PTT start: own radio on 339.750 MHz
2026-09-26 16:47:24.946 -04:00 [INF] [OpenFreqClient.Services.OpenFreqService] PTT end: own radio on 339.750 MHz
2026-09-26 16:47:24.949 -04:00 [INF] [OpenFreqClient.Services.OpenFreqService] TX level over 3160ms: mic peak -0.2 dBFS rms -18.5 dBFS | sent peak 0.0 dBFS rms -14.2 dBFS | normalizer on, gain 1.465, gate -66.4 dBFS
2026-09-26 16:47:26.206 -04:00 [INF] [OpenFreqClient.Services.OpenFreqService] PTT start: Krieger (0b5a8147-b1fa-4307-a8c3-d1087389de25) on 280.500 MHz, 3D
2026-09-26 16:47:26.221 -04:00 [INF] [OpenFreq.Common.RtpJitterBuffer] Transmission gap detected (282604ms RTP delta), resetting jitter measurement
2026-09-26 16:47:26.287 -04:00 [INF] [OpenFreqClient.Services.OpenFreqService] RX 280.500 MHz from Krieger (0b5a8147-b1fa-4307-a8c3-d1087389de25): -76.1 dBm, SNR 30.9 dB, FSPL 116.1 dB, terrain 0.0 dB, 54.6 km, tx 6793 m / rx 9147 m MSL
2026-09-26 16:47:27.739 -04:00 [WRN] [OpenFreqAudio.RadioPlayback] Stream 0b5a8147-b1fa-4307-a8c3-d1087389de25:280500 on 280.500 MHz had no samples for 11.0 ms
2026-09-26 16:47:28.155 -04:00 [INF] [OpenFreqClient.Services.OpenFreqService] PTT end: Krieger (0b5a8147-b1fa-4307-a8c3-d1087389de25) on 280.500 MHz, released
2026-09-26 16:47:31.789 -04:00 [INF] [OpenFreqClient.Services.OpenFreqService] PTT start: Paintcheck (9c5f9224-8277-4f34-8da9-dbeb707f0e00) on 280.500 MHz, 3D
2026-09-26 16:47:31.800 -04:00 [INF] [OpenFreq.Common.RtpJitterBuffer] Transmission gap detected (272989ms RTP delta), resetting jitter measurement
2026-09-26 16:47:31.850 -04:00 [INF] [OpenFreqClient.Services.OpenFreqService] RX 280.500 MHz from Paintcheck (9c5f9224-8277-4f34-8da9-dbeb707f0e00): -78.0 dBm, SNR 29.0 dB, FSPL 118.0 dB, terrain 0.0 dB, 67.8 km, tx 5392 m / rx 9147 m MSL
2026-09-26 16:47:33.821 -04:00 [INF] [OpenFreqClient.Services.OpenFreqService] PTT end: Paintcheck (9c5f9224-8277-4f34-8da9-dbeb707f0e00) on 280.500 MHz, released
2026-09-26 16:47:35.474 -04:00 [INF] [OpenFreqClient.Services.OpenFreqService] PTT start: own radio on 280.500 MHz
2026-09-26 16:47:38.605 -04:00 [INF] [OpenFreqClient.Services.OpenFreqService] PTT start: Rain (fd8e3112-e083-4da8-be92-04d9f9642ebe) on 339.750 MHz, 3D
2026-09-26 16:47:38.619 -04:00 [INF] [OpenFreq.Common.RtpJitterBuffer] Transmission gap detected (26522ms RTP delta), resetting jitter measurement
2026-09-26 16:47:38.701 -04:00 [INF] [OpenFreqClient.Services.OpenFreqService] RX 339.750 MHz from Rain (fd8e3112-e083-4da8-be92-04d9f9642ebe): -75.6 dBm, SNR 31.4 dB, FSPL 115.6 dB, terrain 0.0 dB, 42.4 km, tx 12654 m / rx 9147 m MSL
2026-09-26 16:47:39.862 -04:00 [INF] [OpenFreqClient.Services.OpenFreqService] PTT end: own radio on 280.500 MHz
2026-09-26 16:47:39.869 -04:00 [INF] [OpenFreqClient.Services.OpenFreqService] TX level over 4390ms: mic peak 0.0 dBFS rms -11.7 dBFS | sent peak 0.0 dBFS rms -13.8 dBFS | normalizer on, gain 0.407, gate -63.0 dBFS
2026-09-26 16:47:39.968 -04:00 [WRN] [OpenFreqAudio.RadioPlayback] Stream fd8e3112-e083-4da8-be92-04d9f9642ebe:339750 on 339.750 MHz had no samples for 18.5 ms
2026-09-26 16:47:40.239 -04:00 [INF] [OpenFreqClient.Services.OpenFreqService] PTT start: own radio on 280.500 MHz
2026-09-26 16:47:40.321 -04:00 [INF] [OpenFreqClient.Services.OpenFreqService] PTT end: own radio on 280.500 MHz
2026-09-26 16:47:40.329 -04:00 [INF] [OpenFreqClient.Services.OpenFreqService] TX level over 80ms: mic peak -17.6 dBFS rms -32.8 dBFS | sent peak -25.4 dBFS rms -40.6 dBFS | normalizer on, gain 0.408, gate -16.1 dBFS
2026-09-26 16:47:40.661 -04:00 [INF] [OpenFreq.Common.RtpJitterBufferPool] Pruned stale source SSRC=6B506D7F
2026-09-26 16:47:40.661 -04:00 [INF] [OpenFreq.Common.RtpAudioReceiver] Source expired: SSRC=6B506D7F
2026-09-26 16:47:41.692 -04:00 [INF] [OpenFreqClient.Services.OpenFreqService] PTT end: Rain (fd8e3112-e083-4da8-be92-04d9f9642ebe) on 339.750 MHz, released
2026-09-26 16:47:43.245 -04:00 [INF] [OpenFreqClient.Services.OpenFreqService] PTT start: Starlight (bad80b09-e94d-4c75-9eab-c3ffca19bd3b) on 339.750 MHz, 3D
2026-09-26 16:47:43.263 -04:00 [INF] [OpenFreq.Common.RtpJitterBuffer] Transmission gap detected (59704ms RTP delta), resetting jitter measurement
2026-09-26 16:47:43.281 -04:00 [INF] [OpenFreqClient.Services.OpenFreqService] RX 339.750 MHz from Starlight (bad80b09-e94d-4c75-9eab-c3ffca19bd3b): -81.2 dBm, SNR 25.8 dB, FSPL 121.2 dB, terrain 0.0 dB, 80.8 km, tx 12718 m / rx 9147 m MSL
2026-09-26 16:47:46.478 -04:00 [INF] [OpenFreqClient.Services.OpenFreqService] PTT end: Starlight (bad80b09-e94d-4c75-9eab-c3ffca19bd3b) on 339.750 MHz, released
2026-09-26 16:47:46.644 -04:00 [INF] [OpenFreqClient.Services.OpenFreqService] PTT start: Alligator (2af88464-1ea8-4d04-80ba-d98d4f842617) on 280.500 MHz, 3D
2026-09-26 16:47:46.665 -04:00 [INF] [OpenFreq.Common.RtpJitterBuffer] Transmission gap detected (78868ms RTP delta), resetting jitter measurement
2026-09-26 16:47:46.772 -04:00 [INF] [OpenFreqClient.Services.OpenFreqService] RX 280.500 MHz from Alligator (2af88464-1ea8-4d04-80ba-d98d4f842617): -83.1 dBm, SNR 23.9 dB, FSPL 123.1 dB, terrain 0.0 dB, 121.2 km, tx 6322 m / rx 9147 m MSL
2026-09-26 16:47:48.306 -04:00 [INF] [OpenFreqClient.Services.OpenFreqService] PTT end: Alligator (2af88464-1ea8-4d04-80ba-d98d4f842617) on 280.500 MHz, released
2026-09-26 16:47:48.561 -04:00 [INF] [OpenFreqClient.Services.OpenFreqService] PTT start: own radio on 339.750 MHz
2026-09-26 16:47:53.311 -04:00 [INF] [OpenFreqClient.Services.OpenFreqService] PTT end: own radio on 339.750 MHz
2026-09-26 16:47:53.321 -04:00 [INF] [OpenFreqClient.Services.OpenFreqService] TX level over 4750ms: mic peak 0.0 dBFS rms -11.6 dBFS | sent peak 0.0 dBFS rms -16.2 dBFS | normalizer on, gain 3.204, gate -69.3 dBFS
2026-09-26 16:47:53.454 -04:00 [INF] [OpenFreqClient.Services.OpenFreqService] PTT start: Falcon (91c4c764-ac55-4b66-98e4-d070ed54be23) on 280.500 MHz, 3D
2026-09-26 16:47:53.488 -04:00 [INF] [OpenFreq.Common.RtpJitterBuffer] Transmission gap detected (104263ms RTP delta), resetting jitter measurement
2026-09-26 16:47:53.517 -04:00 [INF] [OpenFreqClient.Services.OpenFreqService] RX 280.500 MHz from Falcon (91c4c764-ac55-4b66-98e4-d070ed54be23): -77.3 dBm, SNR 29.7 dB, FSPL 117.3 dB, terrain 0.0 dB, 62.1 km, tx 7480 m / rx 9147 m MSL
2026-09-26 16:47:53.807 -04:00 [WRN] [OpenFreqAudio.RadioPlayback] Stream 91c4c764-ac55-4b66-98e4-d070ed54be23:280500 on 280.500 MHz had no samples for 9.5 ms
2026-09-26 16:47:54.557 -04:00 [INF] [OpenFreqClient.Services.OpenFreqService] PTT end: Falcon (91c4c764-ac55-4b66-98e4-d070ed54be23) on 280.500 MHz, released
2026-09-26 16:47:54.746 -04:00 [INF] [OpenFreqClient.Services.OpenFreqService] PTT start: Starlight (bad80b09-e94d-4c75-9eab-c3ffca19bd3b) on 339.750 MHz, 3D
2026-09-26 16:47:54.765 -04:00 [INF] [OpenFreq.Common.RtpJitterBuffer] Transmission gap detected (8300ms RTP delta), resetting jitter measurement
2026-09-26 16:47:54.811 -04:00 [INF] [OpenFreqClient.Services.OpenFreqService] RX 339.750 MHz from Starlight (bad80b09-e94d-4c75-9eab-c3ffca19bd3b): -81.1 dBm, SNR 25.9 dB, FSPL 121.1 dB, terrain 0.0 dB, 79.7 km, tx 12082 m / rx 9147 m MSL
2026-09-26 16:47:55.084 -04:00 [INF] [OpenFreqClient.Services.OpenFreqService] PTT end: Starlight (bad80b09-e94d-4c75-9eab-c3ffca19bd3b) on 339.750 MHz, released
2026-09-26 16:47:59.294 -04:00 [INF] [OpenFreqClient.Services.OpenFreqService] PTT start: own radio on 280.500 MHz
2026-09-26 16:48:06.259 -04:00 [INF] [OpenFreqClient.Services.OpenFreqService] PTT end: own radio on 280.500 MHz
2026-09-26 16:48:06.260 -04:00 [INF] [OpenFreqClient.Services.OpenFreqService] TX level over 6960ms: mic peak 0.0 dBFS rms -11.7 dBFS | sent peak 0.0 dBFS rms -14.9 dBFS | normalizer on, gain 1.329, gate -78.5 dBFS
2026-09-26 16:48:11.464 -04:00 [INF] [OpenFreqClient.Services.OpenFreqService] PTT start: Falcon (91c4c764-ac55-4b66-98e4-d070ed54be23) on 280.500 MHz, 3D
2026-09-26 16:48:11.470 -04:00 [INF] [OpenFreq.Common.RtpJitterBuffer] Transmission gap detected (16920ms RTP delta), resetting jitter measurement
2026-09-26 16:48:11.517 -04:00 [INF] [OpenFreqClient.Services.OpenFreqService] RX 280.500 MHz from Falcon (91c4c764-ac55-4b66-98e4-d070ed54be23): -76.4 dBm, SNR 30.6 dB, FSPL 116.4 dB, terrain 0.0 dB, 56.3 km, tx 7865 m / rx 9147 m MSL
2026-09-26 16:48:11.747 -04:00 [WRN] [OpenFreqAudio.RadioPlayback] Stream 91c4c764-ac55-4b66-98e4-d070ed54be23:280500 on 280.500 MHz had no samples for 10.1 ms
2026-09-26 16:48:13.536 -04:00 [INF] [OpenFreqClient.Services.OpenFreqService] PTT end: Falcon (91c4c764-ac55-4b66-98e4-d070ed54be23) on 280.500 MHz, released
2026-09-26 16:48:14.066 -04:00 [INF] [OpenFreqClient.Services.OpenFreqService] PTT start: Rain (fd8e3112-e083-4da8-be92-04d9f9642ebe) on 339.750 MHz, 3D
2026-09-26 16:48:14.078 -04:00 [INF] [OpenFreq.Common.RtpJitterBuffer] Transmission gap detected (32397ms RTP delta), resetting jitter measurement
2026-09-26 16:48:14.137 -04:00 [INF] [OpenFreqClient.Services.OpenFreqService] RX 339.750 MHz from Rain (fd8e3112-e083-4da8-be92-04d9f9642ebe): -73.9 dBm, SNR 33.1 dB, FSPL 113.9 dB, terrain 0.0 dB, 34.9 km, tx 10835 m / rx 9147 m MSL
2026-09-26 16:48:14.283 -04:00 [INF] [OpenFreq.Common.RtpJitterBuffer] Late arrival (7ms past slot) — buffer 67→104ms
2026-09-26 16:48:16.705 -04:00 [INF] [OpenFreqClient.Services.OpenFreqService] PTT end: Rain (fd8e3112-e083-4da8-be92-04d9f9642ebe) on 339.750 MHz, released
2026-09-26 16:48:21.469 -04:00 [INF] [OpenFreqClient.Services.OpenFreqService] PTT start: own radio on 339.750 MHz
2026-09-26 16:48:28.427 -04:00 [INF] [OpenFreqClient.Services.OpenFreqService] PTT end: own radio on 339.750 MHz
2026-09-26 16:48:28.431 -04:00 [INF] [OpenFreqClient.Services.OpenFreqService] TX level over 6960ms: mic peak 0.0 dBFS rms -12.5 dBFS | sent peak 0.0 dBFS rms -13.4 dBFS | normalizer on, gain 1.529, gate -71.0 dBFS
2026-09-26 16:48:28.930 -04:00 [INF] [OpenFreqClient.Services.OpenFreqService] PTT start: Rain (fd8e3112-e083-4da8-be92-04d9f9642ebe) on 339.750 MHz, 3D
2026-09-26 16:48:28.943 -04:00 [INF] [OpenFreq.Common.RtpJitterBuffer] Transmission gap detected (12244ms RTP delta), resetting jitter measurement
2026-09-26 16:48:28.992 -04:00 [INF] [OpenFreqClient.Services.OpenFreqService] RX 339.750 MHz from Rain (fd8e3112-e083-4da8-be92-04d9f9642ebe): -73.3 dBm, SNR 33.7 dB, FSPL 113.3 dB, terrain 0.0 dB, 32.5 km, tx 9712 m / rx 9147 m MSL
2026-09-26 16:48:30.555 -04:00 [INF] [OpenFreq.Common.RtpJitterBuffer] Late arrival (3ms past slot) — buffer 58→92ms
2026-09-26 16:48:31.675 -04:00 [INF] [OpenFreqClient.Services.OpenFreqService] PTT end: Rain (fd8e3112-e083-4da8-be92-04d9f9642ebe) on 339.750 MHz, released
2026-09-26 16:48:32.864 -04:00 [INF] [OpenFreqClient.Services.OpenFreqService] PTT start: Falcon (91c4c764-ac55-4b66-98e4-d070ed54be23) on 280.500 MHz, 3D
2026-09-26 16:48:32.876 -04:00 [INF] [OpenFreq.Common.RtpJitterBuffer] Transmission gap detected (19347ms RTP delta), resetting jitter measurement
2026-09-26 16:48:32.919 -04:00 [INF] [OpenFreqClient.Services.OpenFreqService] RX 280.500 MHz from Falcon (91c4c764-ac55-4b66-98e4-d070ed54be23): -75.3 dBm, SNR 31.7 dB, FSPL 115.3 dB, terrain 0.0 dB, 49.6 km, tx 8310 m / rx 9147 m MSL
2026-09-26 16:48:36.386 -04:00 [INF] [OpenFreq.Common.RtpJitterBuffer] Late arrival (7ms past slot) — buffer 49→86ms
2026-09-26 16:48:38.768 -04:00 [WRN] [OpenFreqAudio.RadioPlayback] Stream 91c4c764-ac55-4b66-98e4-d070ed54be23:280500 on 280.500 MHz had no samples for 10.5 ms
2026-09-26 16:48:39.677 -04:00 [INF] [OpenFreqClient.Services.OpenFreqService] PTT end: Falcon (91c4c764-ac55-4b66-98e4-d070ed54be23) on 280.500 MHz, released
2026-09-26 16:48:40.566 -04:00 [INF] [OpenFreqClient.Services.OpenFreqService] PTT start: Woody (179a68da-a2bc-45c0-9d2b-9f0af5fa49ea) on 339.750 MHz, 3D
2026-09-26 16:48:40.600 -04:00 [INF] [OpenFreq.Common.RtpJitterBuffer] Transmission gap detected (84323ms RTP delta), resetting jitter measurement
2026-09-26 16:48:40.626 -04:00 [INF] [OpenFreqClient.Services.OpenFreqService] RX 339.750 MHz from Woody (179a68da-a2bc-45c0-9d2b-9f0af5fa49ea): -78.3 dBm, SNR 28.7 dB, FSPL 118.3 dB, terrain 0.0 dB, 58.0 km, tx 9635 m / rx 9147 m MSL
2026-09-26 16:48:40.727 -04:00 [WRN] [OpenFreqAudio.RadioPlayback] Stream 179a68da-a2bc-45c0-9d2b-9f0af5fa49ea:339750 on 339.750 MHz had no samples for 19.6 ms
2026-09-26 16:48:41.808 -04:00 [INF] [OpenFreq.Common.RtpJitterBuffer] Late arrival (3ms past slot) — buffer 87→120ms
2026-09-26 16:48:41.901 -04:00 [INF] [OpenFreqClient.Services.OpenFreqService] PTT end: Woody (179a68da-a2bc-45c0-9d2b-9f0af5fa49ea) on 339.750 MHz, released
2026-09-26 16:48:42.493 -04:00 [INF] [OpenFreqClient.Services.OpenFreqService] PTT start: own radio on 280.500 MHz
2026-09-26 16:48:42.926 -04:00 [INF] [OpenFreqClient.Services.OpenFreqService] PTT start: Woody (179a68da-a2bc-45c0-9d2b-9f0af5fa49ea) on 339.750 MHz, 3D
2026-09-26 16:48:42.934 -04:00 [INF] [OpenFreq.Common.RtpJitterBuffer] Transmission gap detected (1049ms RTP delta), resetting jitter measurement
2026-09-26 16:48:43.024 -04:00 [INF] [OpenFreqClient.Services.OpenFreqService] RX 339.750 MHz from Woody (179a68da-a2bc-45c0-9d2b-9f0af5fa49ea): -78.3 dBm, SNR 28.7 dB, FSPL 118.3 dB, terrain 0.0 dB, 57.9 km, tx 9692 m / rx 9147 m MSL
2026-09-26 16:48:43.651 -04:00 [INF] [OpenFreqClient.Services.OpenFreqService] PTT end: Woody (179a68da-a2bc-45c0-9d2b-9f0af5fa49ea) on 339.750 MHz, released
2026-09-26 16:48:44.145 -04:00 [INF] [OpenFreqClient.Services.OpenFreqService] PTT start: Rain (fd8e3112-e083-4da8-be92-04d9f9642ebe) on 339.750 MHz, 3D
2026-09-26 16:48:44.163 -04:00 [INF] [OpenFreq.Common.RtpJitterBuffer] Transmission gap detected (12495ms RTP delta), resetting jitter measurement
2026-09-26 16:48:44.211 -04:00 [INF] [OpenFreqClient.Services.OpenFreqService] RX 339.750 MHz from Rain (fd8e3112-e083-4da8-be92-04d9f9642ebe): -72.8 dBm, SNR 34.2 dB, FSPL 112.8 dB, terrain 0.0 dB, 30.8 km, tx 9498 m / rx 9147 m MSL
2026-09-26 16:48:44.354 -04:00 [INF] [OpenFreqClient.Services.OpenFreqService] PTT end: own radio on 280.500 MHz
2026-09-26 16:48:44.361 -04:00 [INF] [OpenFreqClient.Services.OpenFreqService] TX level over 1860ms: mic peak 0.0 dBFS rms -11.6 dBFS | sent peak 0.0 dBFS rms -12.1 dBFS | normalizer on, gain 1.474, gate -70.2 dBFS
2026-09-26 16:48:45.713 -04:00 [INF] [OpenFreqClient.Services.OpenFreqService] PTT start: Falcon (91c4c764-ac55-4b66-98e4-d070ed54be23) on 280.500 MHz, 3D
2026-09-26 16:48:45.727 -04:00 [INF] [OpenFreq.Common.RtpJitterBuffer] Transmission gap detected (6048ms RTP delta), resetting jitter measurement
2026-09-26 16:48:45.772 -04:00 [INF] [OpenFreqClient.Services.OpenFreqService] RX 280.500 MHz from Falcon (91c4c764-ac55-4b66-98e4-d070ed54be23): -74.6 dBm, SNR 32.4 dB, FSPL 114.6 dB, terrain 0.0 dB, 45.8 km, tx 8670 m / rx 9147 m MSL
2026-09-26 16:48:46.010 -04:00 [INF] [OpenFreqClient.Services.OpenFreqService] PTT end: Rain (fd8e3112-e083-4da8-be92-04d9f9642ebe) on 339.750 MHz, released
2026-09-26 16:48:47.617 -04:00 [INF] [OpenFreqClient.Services.OpenFreqService] PTT end: Falcon (91c4c764-ac55-4b66-98e4-d070ed54be23) on 280.500 MHz, released
2026-09-26 16:48:50.058 -04:00 [INF] [OpenFreqClient.Services.OpenFreqService] PTT start: Starlight (bad80b09-e94d-4c75-9eab-c3ffca19bd3b) on 339.750 MHz, 3D
2026-09-26 16:48:50.076 -04:00 [INF] [OpenFreq.Common.RtpJitterBuffer] Transmission gap detected (54990ms RTP delta), resetting jitter measurement
2026-09-26 16:48:50.120 -04:00 [INF] [OpenFreqClient.Services.OpenFreqService] RX 339.750 MHz from Starlight (bad80b09-e94d-4c75-9eab-c3ffca19bd3b): -81.4 dBm, SNR 25.6 dB, FSPL 121.4 dB, terrain 0.0 dB, 82.7 km, tx 6899 m / rx 9147 m MSL
2026-09-26 16:48:53.945 -04:00 [INF] [OpenFreqClient.Services.OpenFreqService] PTT end: Starlight (bad80b09-e94d-4c75-9eab-c3ffca19bd3b) on 339.750 MHz, released
2026-09-26 16:48:54.020 -04:00 [INF] [OpenFreqClient.Services.OpenFreqService] PTT start: own radio on 339.750 MHz
2026-09-26 16:48:54.561 -04:00 [INF] [OpenFreqClient.Services.OpenFreqService] PTT end: own radio on 339.750 MHz
2026-09-26 16:48:54.571 -04:00 [INF] [OpenFreqClient.Services.OpenFreqService] TX level over 550ms: mic peak -51.3 dBFS rms -68.5 dBFS | sent peak -33.0 dBFS rms -52.1 dBFS | normalizer on, gain 11.893, gate -62.5 dBFS
2026-09-26 16:48:55.402 -04:00 [INF] [OpenFreqClient.Services.OpenFreqService] PTT start: own radio on 339.750 MHz
2026-09-26 16:48:55.423 -04:00 [INF] [OpenFreqClient.Services.OpenFreqService] PTT end: own radio on 339.750 MHz
2026-09-26 16:48:55.431 -04:00 [INF] [OpenFreqClient.Services.OpenFreqService] TX level over 20ms: mic peak -84.3 dBFS rms -96.2 dBFS | sent peak -63.1 dBFS rms -75.3 dBFS | normalizer on, gain 11.893, gate -69.4 dBFS
2026-09-26 16:48:55.528 -04:00 [INF] [OpenFreqClient.Services.OpenFreqService] PTT start: own radio on 339.750 MHz
2026-09-26 16:48:55.927 -04:00 [INF] [OpenFreqClient.Services.OpenFreqService] PTT end: own radio on 339.750 MHz
2026-09-26 16:48:55.931 -04:00 [INF] [OpenFreqClient.Services.OpenFreqService] TX level over 400ms: mic peak -53.7 dBFS rms -80.3 dBFS | sent peak -32.2 dBFS rms -58.9 dBFS | normalizer on, gain 11.893, gate -70.8 dBFS
2026-09-26 16:48:56.392 -04:00 [INF] [OpenFreqClient.Services.OpenFreqService] PTT start: own radio on 339.750 MHz
2026-09-26 16:49:01.468 -04:00 [INF] [OpenFreqClient.Services.OpenFreqService] PTT end: own radio on 339.750 MHz
2026-09-26 16:49:01.471 -04:00 [INF] [OpenFreqClient.Services.OpenFreqService] TX level over 5070ms: mic peak -0.0 dBFS rms -12.2 dBFS | sent peak 0.0 dBFS rms -15.3 dBFS | normalizer on, gain 1.160, gate -77.3 dBFS
2026-09-26 16:49:04.224 -04:00 [INF] [OpenFreqClient.Services.OpenFreqService] PTT start: Woody (179a68da-a2bc-45c0-9d2b-9f0af5fa49ea) on 339.750 MHz, 3D
2026-09-26 16:49:04.240 -04:00 [INF] [OpenFreq.Common.RtpJitterBuffer] Transmission gap detected (20577ms RTP delta), resetting jitter measurement
2026-09-26 16:49:04.311 -04:00 [INF] [OpenFreqClient.Services.OpenFreqService] RX 339.750 MHz from Woody (179a68da-a2bc-45c0-9d2b-9f0af5fa49ea): -77.5 dBm, SNR 29.5 dB, FSPL 117.5 dB, terrain 0.0 dB, 52.8 km, tx 10520 m / rx 9147 m MSL
2026-09-26 16:49:05.428 -04:00 [INF] [OpenFreqClient.Services.OpenFreqService] PTT end: Woody (179a68da-a2bc-45c0-9d2b-9f0af5fa49ea) on 339.750 MHz, released
2026-09-26 16:49:09.456 -04:00 [INF] [OpenFreqClient.Services.OpenFreqService] PTT start: own radio on 280.500 MHz
2026-09-26 16:49:18.738 -04:00 [INF] [OpenFreqClient.Services.OpenFreqService] PTT end: own radio on 280.500 MHz
2026-09-26 16:49:18.743 -04:00 [INF] [OpenFreqClient.Services.OpenFreqService] TX level over 9280ms: mic peak 0.0 dBFS rms -13.3 dBFS | sent peak 0.0 dBFS rms -15.4 dBFS | normalizer on, gain 2.134, gate -61.0 dBFS
2026-09-26 16:49:19.524 -04:00 [INF] [OpenFreqClient.Services.OpenFreqService] PTT start: Wild (d52d332f-8742-40f6-b985-35a908d32642) on 339.750 MHz, 3D
2026-09-26 16:49:19.538 -04:00 [INF] [OpenFreq.Common.RtpJitterBuffer] Transmission gap detected (193288ms RTP delta), resetting jitter measurement
2026-09-26 16:49:19.538 -04:00 [INF] [OpenFreq.Common.RtpJitterBufferPool] Pruned stale source SSRC=2BF943CC
2026-09-26 16:49:19.538 -04:00 [INF] [OpenFreq.Common.RtpAudioReceiver] Source expired: SSRC=2BF943CC
2026-09-26 16:49:19.582 -04:00 [INF] [OpenFreqClient.Services.OpenFreqService] RX 339.750 MHz from Wild (d52d332f-8742-40f6-b985-35a908d32642): -81.5 dBm, SNR 25.5 dB, FSPL 121.5 dB, terrain 0.0 dB, 83.2 km, tx 11725 m / rx 9147 m MSL
2026-09-26 16:49:20.304 -04:00 [INF] [OpenFreqClient.Services.OpenFreqService] PTT start: Falcon (91c4c764-ac55-4b66-98e4-d070ed54be23) on 280.500 MHz, 3D
2026-09-26 16:49:20.317 -04:00 [INF] [OpenFreq.Common.RtpJitterBuffer] Transmission gap detected (32712ms RTP delta), resetting jitter measurement
2026-09-26 16:49:20.365 -04:00 [INF] [OpenFreqClient.Services.OpenFreqService] RX 280.500 MHz from Falcon (91c4c764-ac55-4b66-98e4-d070ed54be23): -72.5 dBm, SNR 34.5 dB, FSPL 112.5 dB, terrain 0.0 dB, 35.8 km, tx 9650 m / rx 9147 m MSL
2026-09-26 16:49:20.846 -04:00 [INF] [OpenFreq.Common.RtpJitterBuffer] Late arrival (5ms past slot) — buffer 44→79ms
2026-09-26 16:49:22.126 -04:00 [INF] [OpenFreqClient.Services.OpenFreqService] PTT end: Falcon (91c4c764-ac55-4b66-98e4-d070ed54be23) on 280.500 MHz, released
2026-09-26 16:49:23.636 -04:00 [INF] [OpenFreqClient.Services.OpenFreqService] PTT end: Wild (d52d332f-8742-40f6-b985-35a908d32642) on 339.750 MHz, released
2026-09-26 16:49:25.739 -04:00 [INF] [OpenFreqClient.Services.OpenFreqService] PTT start: own radio on 280.500 MHz
2026-09-26 16:49:28.672 -04:00 [INF] [OpenFreqClient.Services.OpenFreqService] PTT end: own radio on 280.500 MHz
2026-09-26 16:49:28.674 -04:00 [INF] [OpenFreqClient.Services.OpenFreqService] TX level over 2930ms: mic peak 0.0 dBFS rms -13.4 dBFS | sent peak 0.0 dBFS rms -15.9 dBFS | normalizer on, gain 1.336, gate -52.9 dBFS
2026-09-26 16:49:34.014 -04:00 [INF] [OpenFreqClient.Services.OpenFreqService] PTT start: Woody (179a68da-a2bc-45c0-9d2b-9f0af5fa49ea) on 339.750 MHz, 3D
2026-09-26 16:49:34.029 -04:00 [INF] [OpenFreq.Common.RtpJitterBuffer] Transmission gap detected (28631ms RTP delta), resetting jitter measurement
2026-09-26 16:49:34.094 -04:00 [INF] [OpenFreqClient.Services.OpenFreqService] RX 339.750 MHz from Woody (179a68da-a2bc-45c0-9d2b-9f0af5fa49ea): -76.0 dBm, SNR 31.0 dB, FSPL 116.0 dB, terrain 0.0 dB, 44.3 km, tx 12432 m / rx 9147 m MSL
2026-09-26 16:49:35.140 -04:00 [INF] [OpenFreqClient.Services.OpenFreqService] PTT start: Falcon (91c4c764-ac55-4b66-98e4-d070ed54be23) on 280.500 MHz, 3D
2026-09-26 16:49:35.164 -04:00 [INF] [OpenFreq.Common.RtpJitterBuffer] Transmission gap detected (13032ms RTP delta), resetting jitter measurement
2026-09-26 16:49:35.198 -04:00 [INF] [OpenFreqClient.Services.OpenFreqService] RX 280.500 MHz from Falcon (91c4c764-ac55-4b66-98e4-d070ed54be23): -71.4 dBm, SNR 35.6 dB, FSPL 111.4 dB, terrain 0.0 dB, 31.7 km, tx 10017 m / rx 9147 m MSL
2026-09-26 16:49:36.207 -04:00 [INF] [OpenFreqClient.Services.OpenFreqService] PTT end: Falcon (91c4c764-ac55-4b66-98e4-d070ed54be23) on 280.500 MHz, released
2026-09-26 16:49:37.519 -04:00 [INF] [OpenFreq.Common.RtpJitterBuffer] Late arrival (25ms past slot) — buffer 99→155ms
2026-09-26 16:49:37.519 -04:00 [INF] [OpenFreqClient.Services.OpenFreqService] PTT end: Woody (179a68da-a2bc-45c0-9d2b-9f0af5fa49ea) on 339.750 MHz, released
2026-09-26 16:49:38.709 -04:00 [INF] [OpenFreqClient.Services.OpenFreqService] PTT start: own radio on 339.750 MHz
2026-09-26 16:49:46.726 -04:00 [INF] [OpenFreqClient.Services.OpenFreqService] PTT end: own radio on 339.750 MHz
2026-09-26 16:49:46.734 -04:00 [INF] [OpenFreqClient.Services.OpenFreqService] TX level over 8020ms: mic peak 0.0 dBFS rms -13.3 dBFS | sent peak 0.0 dBFS rms -15.4 dBFS | normalizer on, gain 1.057, gate -78.0 dBFS
2026-09-26 16:49:48.092 -04:00 [INF] [OpenFreqClient.Services.OpenFreqService] PTT start: Starlight (bad80b09-e94d-4c75-9eab-c3ffca19bd3b) on 339.750 MHz, 3D
2026-09-26 16:49:48.108 -04:00 [INF] [OpenFreq.Common.RtpJitterBuffer] Transmission gap detected (54171ms RTP delta), resetting jitter measurement
2026-09-26 16:49:48.149 -04:00 [INF] [OpenFreqClient.Services.OpenFreqService] RX 339.750 MHz from Starlight (bad80b09-e94d-4c75-9eab-c3ffca19bd3b): -81.8 dBm, SNR 25.2 dB, FSPL 121.8 dB, terrain 0.0 dB, 86.0 km, tx 8092 m / rx 9147 m MSL
2026-09-26 16:49:48.714 -04:00 [INF] [OpenFreqClient.Services.OpenFreqService] PTT end: Starlight (bad80b09-e94d-4c75-9eab-c3ffca19bd3b) on 339.750 MHz, released
2026-09-26 16:49:49.052 -04:00 [INF] [OpenFreqClient.Services.OpenFreqService] PTT start: Wild (d52d332f-8742-40f6-b985-35a908d32642) on 339.750 MHz, 3D
2026-09-26 16:49:49.068 -04:00 [INF] [OpenFreq.Common.RtpJitterBuffer] Transmission gap detected (25442ms RTP delta), resetting jitter measurement
2026-09-26 16:49:49.096 -04:00 [INF] [OpenFreqClient.Services.OpenFreqService] RX 339.750 MHz from Wild (d52d332f-8742-40f6-b985-35a908d32642): -80.7 dBm, SNR 26.3 dB, FSPL 120.7 dB, terrain 0.0 dB, 76.5 km, tx 8637 m / rx 9147 m MSL
2026-09-26 16:49:50.814 -04:00 [INF] [OpenFreqClient.Services.OpenFreqService] PTT end: Wild (d52d332f-8742-40f6-b985-35a908d32642) on 339.750 MHz, released
2026-09-26 16:49:51.507 -04:00 [INF] [OpenFreqClient.Services.OpenFreqService] PTT start: own radio on 339.750 MHz
2026-09-26 16:49:51.735 -04:00 [INF] [OpenFreqClient.Services.OpenFreqService] PTT start: Rain (fd8e3112-e083-4da8-be92-04d9f9642ebe) on 339.750 MHz, 3D
2026-09-26 16:49:51.755 -04:00 [INF] [OpenFreq.Common.RtpJitterBuffer] Transmission gap detected (65751ms RTP delta), resetting jitter measurement
2026-09-26 16:49:51.970 -04:00 [INF] [OpenFreqClient.Services.OpenFreqService] PTT end: Rain (fd8e3112-e083-4da8-be92-04d9f9642ebe) on 339.750 MHz, released
2026-09-26 16:49:52.929 -04:00 [INF] [OpenFreqClient.Services.OpenFreqService] PTT end: own radio on 339.750 MHz
2026-09-26 16:49:52.933 -04:00 [INF] [OpenFreqClient.Services.OpenFreqService] TX level over 1420ms: mic peak -0.1 dBFS rms -12.4 dBFS | sent peak 0.0 dBFS rms -14.4 dBFS | normalizer on, gain 0.321, gate -59.5 dBFS
2026-09-26 16:49:54.411 -04:00 [INF] [OpenFreqClient.Services.OpenFreqService] PTT start: Falcon (91c4c764-ac55-4b66-98e4-d070ed54be23) on 280.500 MHz, 3D
2026-09-26 16:49:54.421 -04:00 [INF] [OpenFreq.Common.RtpJitterBuffer] Transmission gap detected (18244ms RTP delta), resetting jitter measurement
2026-09-26 16:49:54.425 -04:00 [INF] [OpenFreqClient.Services.OpenFreqService] PTT start: Starlight (bad80b09-e94d-4c75-9eab-c3ffca19bd3b) on 339.750 MHz, 3D
2026-09-26 16:49:54.459 -04:00 [INF] [OpenFreq.Common.RtpJitterBuffer] Transmission gap detected (5736ms RTP delta), resetting jitter measurement
2026-09-26 16:49:54.467 -04:00 [INF] [OpenFreqClient.Services.OpenFreqService] RX 280.500 MHz from Falcon (91c4c764-ac55-4b66-98e4-d070ed54be23): -70.2 dBm, SNR 36.8 dB, FSPL 110.2 dB, terrain 0.0 dB, 27.4 km, tx 10638 m / rx 9147 m MSL
2026-09-26 16:49:54.497 -04:00 [INF] [OpenFreqClient.Services.OpenFreqService] RX 339.750 MHz from Starlight (bad80b09-e94d-4c75-9eab-c3ffca19bd3b): -81.6 dBm, SNR 25.4 dB, FSPL 121.6 dB, terrain 0.0 dB, 84.8 km, tx 8433 m / rx 9147 m MSL
2026-09-26 16:49:55.786 -04:00 [INF] [OpenFreqClient.Services.OpenFreqService] PTT end: Starlight (bad80b09-e94d-4c75-9eab-c3ffca19bd3b) on 339.750 MHz, released
2026-09-26 16:49:56.407 -04:00 [INF] [OpenFreqClient.Services.OpenFreqService] PTT start: Rain (fd8e3112-e083-4da8-be92-04d9f9642ebe) on 339.750 MHz, 3D
2026-09-26 16:49:56.426 -04:00 [INF] [OpenFreq.Common.RtpJitterBuffer] Transmission gap detected (4452ms RTP delta), resetting jitter measurement
2026-09-26 16:49:56.467 -04:00 [INF] [OpenFreqClient.Services.OpenFreqService] RX 339.750 MHz from Rain (fd8e3112-e083-4da8-be92-04d9f9642ebe): -76.4 dBm, SNR 30.6 dB, FSPL 116.4 dB, terrain 0.0 dB, 46.4 km, tx 8684 m / rx 9147 m MSL
2026-09-26 16:49:57.208 -04:00 [WRN] [OpenFreqAudio.RadioPlayback] Stream fd8e3112-e083-4da8-be92-04d9f9642ebe:339750 on 339.750 MHz had no samples for 15.0 ms
2026-09-26 16:49:57.655 -04:00 [INF] [OpenFreqClient.Services.OpenFreqService] PTT end: Falcon (91c4c764-ac55-4b66-98e4-d070ed54be23) on 280.500 MHz, released
2026-09-26 16:49:57.763 -04:00 [INF] [OpenFreqClient.Services.OpenFreqService] PTT end: Rain (fd8e3112-e083-4da8-be92-04d9f9642ebe) on 339.750 MHz, released
2026-09-26 16:50:02.915 -04:00 [INF] [OpenFreq.Common.RtpJitterBuffer] Transmission gap detected (25421ms RTP delta), resetting jitter measurement
2026-09-26 16:50:02.915 -04:00 [INF] [OpenFreqClient.Services.OpenFreqService] PTT start: Woody (179a68da-a2bc-45c0-9d2b-9f0af5fa49ea) on 339.750 MHz, 3D
2026-09-26 16:50:03.024 -04:00 [INF] [OpenFreqClient.Services.OpenFreqService] RX 339.750 MHz from Woody (179a68da-a2bc-45c0-9d2b-9f0af5fa49ea): -74.1 dBm, SNR 32.9 dB, FSPL 114.1 dB, terrain 0.0 dB, 35.7 km, tx 9602 m / rx 9147 m MSL
2026-09-26 16:50:08.809 -04:00 [INF] [OpenFreqClient.Services.OpenFreqService] PTT end: Woody (179a68da-a2bc-45c0-9d2b-9f0af5fa49ea) on 339.750 MHz, released
2026-09-26 16:50:09.262 -04:00 [INF] [OpenFreqClient.Services.OpenFreqService] PTT start: own radio on 339.750 MHz
2026-09-26 16:50:14.480 -04:00 [INF] [OpenFreqClient.Services.OpenFreqService] PTT end: own radio on 339.750 MHz
2026-09-26 16:50:14.483 -04:00 [INF] [OpenFreqClient.Services.OpenFreqService] TX level over 5220ms: mic peak -0.1 dBFS rms -13.5 dBFS | sent peak 0.0 dBFS rms -18.4 dBFS | normalizer on, gain 1.221, gate -67.3 dBFS
2026-09-26 16:50:16.062 -04:00 [INF] [OpenFreqClient.Services.OpenFreqService] PTT start: Woody (179a68da-a2bc-45c0-9d2b-9f0af5fa49ea) on 339.750 MHz, 3D
2026-09-26 16:50:16.068 -04:00 [INF] [OpenFreq.Common.RtpJitterBuffer] Transmission gap detected (7267ms RTP delta), resetting jitter measurement
2026-09-26 16:50:16.131 -04:00 [INF] [OpenFreqClient.Services.OpenFreqService] RX 339.750 MHz from Woody (179a68da-a2bc-45c0-9d2b-9f0af5fa49ea): -73.0 dBm, SNR 34.0 dB, FSPL 113.0 dB, terrain 0.0 dB, 31.2 km, tx 8485 m / rx 9147 m MSL
2026-09-26 16:50:16.263 -04:00 [WRN] [OpenFreqAudio.RadioPlayback] Stream 179a68da-a2bc-45c0-9d2b-9f0af5fa49ea:339750 on 339.750 MHz had no samples for 14.6 ms
2026-09-26 16:50:17.643 -04:00 [INF] [OpenFreqClient.Services.OpenFreqService] PTT end: Woody (179a68da-a2bc-45c0-9d2b-9f0af5fa49ea) on 339.750 MHz, released
2026-09-26 16:50:18.731 -04:00 [INF] [OpenFreqClient.Services.OpenFreqService] PTT start: own radio on 339.750 MHz
2026-09-26 16:50:20.237 -04:00 [INF] [OpenFreqClient.Services.OpenFreqService] PTT end: own radio on 339.750 MHz
2026-09-26 16:50:20.244 -04:00 [INF] [OpenFreqClient.Services.OpenFreqService] TX level over 1510ms: mic peak -0.1 dBFS rms -10.5 dBFS | sent peak 0.0 dBFS rms -16.0 dBFS | normalizer on, gain 0.205, gate -52.2 dBFS
2026-09-26 16:50:20.382 -04:00 [INF] [OpenFreqClient.Services.OpenFreqService] PTT start: own radio on 280.500 MHz
2026-09-26 16:50:20.614 -04:00 [INF] [OpenFreqClient.Services.OpenFreqService] PTT end: own radio on 280.500 MHz
2026-09-26 16:50:20.623 -04:00 [INF] [OpenFreqClient.Services.OpenFreqService] TX level over 240ms: mic peak -0.1 dBFS rms -10.7 dBFS | sent peak -9.8 dBFS rms -21.1 dBFS | normalizer on, gain 0.250, gate -28.6 dBFS
2026-09-26 16:50:20.656 -04:00 [INF] [OpenFreqClient.Services.OpenFreqService] PTT start: own radio on 280.500 MHz
2026-09-26 16:50:20.780 -04:00 [INF] [OpenFreqClient.Services.OpenFreqService] PTT end: own radio on 280.500 MHz
2026-09-26 16:50:20.783 -04:00 [INF] [OpenFreqClient.Services.OpenFreqService] TX level over 120ms: mic peak 0.0 dBFS rms -9.3 dBFS | sent peak -12.2 dBFS rms -21.6 dBFS | normalizer on, gain 0.233, gate -15.5 dBFS
2026-09-26 16:50:23.895 -04:00 [INF] [OpenFreqClient.Services.OpenFreqService] PTT start: Falcon (91c4c764-ac55-4b66-98e4-d070ed54be23) on 280.500 MHz, 3D
2026-09-26 16:50:23.905 -04:00 [INF] [OpenFreq.Common.RtpJitterBuffer] Transmission gap detected (26268ms RTP delta), resetting jitter measurement
2026-09-26 16:50:23.952 -04:00 [INF] [OpenFreqClient.Services.OpenFreqService] RX 280.500 MHz from Falcon (91c4c764-ac55-4b66-98e4-d070ed54be23): -67.1 dBm, SNR 39.9 dB, FSPL 107.1 dB, terrain 0.0 dB, 19.3 km, tx 8474 m / rx 9147 m MSL
2026-09-26 16:50:23.983 -04:00 [WRN] [OpenFreqAudio.RadioPlayback] Stream 91c4c764-ac55-4b66-98e4-d070ed54be23:280500 on 280.500 MHz had no samples for 11.0 ms
2026-09-26 16:50:24.866 -04:00 [INF] [OpenFreqClient.Services.OpenFreqService] PTT end: Falcon (91c4c764-ac55-4b66-98e4-d070ed54be23) on 280.500 MHz, released
2026-09-26 16:50:25.319 -04:00 [INF] [OpenFreqClient.Services.OpenFreqService] PTT start: own radio on 280.500 MHz
2026-09-26 16:50:25.339 -04:00 [INF] [OpenFreqClient.Services.OpenFreqService] PTT end: own radio on 280.500 MHz
2026-09-26 16:50:25.343 -04:00 [INF] [OpenFreqClient.Services.OpenFreqService] TX level over 20ms: mic peak -59.2 dBFS rms -66.0 dBFS | sent peak -72.2 dBFS rms -79.6 dBFS | normalizer on, gain 0.233, gate -11.6 dBFS
2026-09-26 16:50:28.707 -04:00 [INF] [OpenFreqClient.Services.OpenFreqService] PTT start: own radio on 280.500 MHz
2026-09-26 16:50:28.736 -04:00 [INF] [OpenFreqClient.Services.OpenFreqService] PTT start: Krieger (0b5a8147-b1fa-4307-a8c3-d1087389de25) on 280.500 MHz, 3D
2026-09-26 16:50:28.748 -04:00 [INF] [OpenFreq.Common.RtpJitterBuffer] Transmission gap detected (180607ms RTP delta), resetting jitter measurement
2026-09-26 16:50:29.894 -04:00 [INF] [OpenFreqClient.Services.OpenFreqService] PTT end: Krieger (0b5a8147-b1fa-4307-a8c3-d1087389de25) on 280.500 MHz, released
2026-09-26 16:50:30.855 -04:00 [INF] [OpenFreqClient.Services.OpenFreqService] PTT end: own radio on 280.500 MHz
2026-09-26 16:50:30.863 -04:00 [INF] [OpenFreqClient.Services.OpenFreqService] TX level over 2150ms: mic peak 0.0 dBFS rms -13.0 dBFS | sent peak 0.0 dBFS rms -15.2 dBFS | normalizer on, gain 2.158, gate -60.1 dBFS
2026-09-26 16:50:36.730 -04:00 [INF] [OpenFreqClient.Services.OpenFreqService] PTT start: own radio on 339.750 MHz
2026-09-26 16:50:38.273 -04:00 [INF] [OpenFreqClient.Services.OpenFreqService] PTT start: Falcon (91c4c764-ac55-4b66-98e4-d070ed54be23) on 280.500 MHz, 3D
2026-09-26 16:50:38.286 -04:00 [INF] [OpenFreq.Common.RtpJitterBuffer] Transmission gap detected (13424ms RTP delta), resetting jitter measurement
2026-09-26 16:50:38.337 -04:00 [INF] [OpenFreqClient.Services.OpenFreqService] RX 280.500 MHz from Falcon (91c4c764-ac55-4b66-98e4-d070ed54be23): -66.6 dBm, SNR 40.4 dB, FSPL 106.6 dB, terrain 0.0 dB, 18.2 km, tx 6370 m / rx 9147 m MSL
2026-09-26 16:50:40.793 -04:00 [INF] [OpenFreqClient.Services.OpenFreqService] PTT end: Falcon (91c4c764-ac55-4b66-98e4-d070ed54be23) on 280.500 MHz, released
2026-09-26 16:50:41.671 -04:00 [INF] [OpenFreqClient.Services.OpenFreqService] PTT end: own radio on 339.750 MHz
2026-09-26 16:50:41.675 -04:00 [INF] [OpenFreqClient.Services.OpenFreqService] TX level over 4940ms: mic peak 0.0 dBFS rms -11.9 dBFS | sent peak 0.0 dBFS rms -16.6 dBFS | normalizer on, gain 1.118, gate -53.2 dBFS
2026-09-26 16:50:43.781 -04:00 [INF] [OpenFreqClient.Services.OpenFreqService] PTT start: own radio on 339.750 MHz
2026-09-26 16:50:45.077 -04:00 [INF] [OpenFreqClient.Services.OpenFreqService] PTT end: own radio on 339.750 MHz
2026-09-26 16:50:45.085 -04:00 [INF] [OpenFreqClient.Services.OpenFreqService] TX level over 1300ms: mic peak -0.1 dBFS rms -16.2 dBFS | sent peak 0.0 dBFS rms -16.6 dBFS | normalizer on, gain 0.605, gate -62.5 dBFS
2026-09-26 16:50:45.790 -04:00 [INF] [OpenFreqClient.Services.OpenFreqService] PTT start: own radio on 339.750 MHz
2026-09-26 16:50:47.405 -04:00 [INF] [OpenFreqClient.Services.OpenFreqService] PTT end: own radio on 339.750 MHz
2026-09-26 16:50:47.415 -04:00 [INF] [OpenFreqClient.Services.OpenFreqService] TX level over 1620ms: mic peak -0.1 dBFS rms -13.4 dBFS | sent peak 0.0 dBFS rms -15.2 dBFS | normalizer on, gain 1.819, gate -55.9 dBFS
2026-09-26 16:50:47.906 -04:00 [INF] [OpenFreqClient.Services.OpenFreqService] PTT start: own radio on 280.500 MHz
2026-09-26 16:50:49.430 -04:00 [INF] [OpenFreqClient.Services.OpenFreqService] PTT end: own radio on 280.500 MHz
2026-09-26 16:50:49.435 -04:00 [INF] [OpenFreqClient.Services.OpenFreqService] TX level over 1520ms: mic peak -0.1 dBFS rms -13.3 dBFS | sent peak 0.0 dBFS rms -14.6 dBFS | normalizer on, gain 1.838, gate -58.6 dBFS
2026-09-26 16:50:51.834 -04:00 [INF] [OpenFreqClient.Services.OpenFreqService] PTT start: Falcon (91c4c764-ac55-4b66-98e4-d070ed54be23) on 280.500 MHz, 3D
2026-09-26 16:50:51.846 -04:00 [INF] [OpenFreq.Common.RtpJitterBuffer] Transmission gap detected (11212ms RTP delta), resetting jitter measurement
2026-09-26 16:50:51.886 -04:00 [INF] [OpenFreqClient.Services.OpenFreqService] RX 280.500 MHz from Falcon (91c4c764-ac55-4b66-98e4-d070ed54be23): -68.0 dBm, SNR 39.0 dB, FSPL 108.0 dB, terrain 0.0 dB, 21.5 km, tx 4881 m / rx 9147 m MSL
2026-09-26 16:50:52.528 -04:00 [INF] [OpenFreqClient.Services.OpenFreqService] PTT end: Falcon (91c4c764-ac55-4b66-98e4-d070ed54be23) on 280.500 MHz, released
2026-09-26 16:50:59.765 -04:00 [INF] [OpenFreqClient.Services.OpenFreqService] PTT start: own radio on 339.750 MHz
2026-09-26 16:51:16.971 -04:00 [INF] [OpenFreqClient.Services.OpenFreqService] PTT end: own radio on 339.750 MHz
2026-09-26 16:51:16.975 -04:00 [INF] [OpenFreqClient.Services.OpenFreqService] TX level over 17200ms: mic peak 0.0 dBFS rms -15.3 dBFS | sent peak 0.0 dBFS rms -20.3 dBFS | normalizer on, gain 1.393, gate -38.4 dBFS
2026-09-26 16:51:17.991 -04:00 [INF] [OpenFreqClient.Services.OpenFreqService] PTT start: Rain (fd8e3112-e083-4da8-be92-04d9f9642ebe) on 339.750 MHz, 3D
2026-09-26 16:51:18.004 -04:00 [INF] [OpenFreq.Common.RtpJitterBuffer] Transmission gap detected (80245ms RTP delta), resetting jitter measurement
2026-09-26 16:51:18.058 -04:00 [INF] [OpenFreqClient.Services.OpenFreqService] RX 339.750 MHz from Rain (fd8e3112-e083-4da8-be92-04d9f9642ebe): -74.4 dBm, SNR 32.6 dB, FSPL 114.4 dB, terrain 0.0 dB, 37.0 km, tx 10446 m / rx 9147 m MSL
2026-09-26 16:51:19.532 -04:00 [WRN] [OpenFreqAudio.RadioPlayback] Stream fd8e3112-e083-4da8-be92-04d9f9642ebe:339750 on 339.750 MHz had no samples for 10.0 ms
2026-09-26 16:51:21.922 -04:00 [INF] [OpenFreqClient.Services.OpenFreqService] PTT end: Rain (fd8e3112-e083-4da8-be92-04d9f9642ebe) on 339.750 MHz, released
2026-09-26 16:51:22.003 -04:00 [INF] [OpenFreqClient.Services.OpenFreqService] PTT start: own radio on 339.750 MHz
2026-09-26 16:51:22.940 -04:00 [INF] [OpenFreqClient.Services.OpenFreqService] PTT end: own radio on 339.750 MHz
2026-09-26 16:51:22.945 -04:00 [INF] [OpenFreqClient.Services.OpenFreqService] TX level over 940ms: mic peak -0.2 dBFS rms -14.4 dBFS | sent peak 0.0 dBFS rms -12.0 dBFS | normalizer on, gain 0.437, gate -64.6 dBFS
2026-09-26 16:51:23.550 -04:00 [INF] [OpenFreqClient.Services.OpenFreqService] PTT start: Krieger (0b5a8147-b1fa-4307-a8c3-d1087389de25) on 280.500 MHz, 3D
2026-09-26 16:51:23.566 -04:00 [INF] [OpenFreq.Common.RtpJitterBuffer] Transmission gap detected (53677ms RTP delta), resetting jitter measurement
2026-09-26 16:51:23.630 -04:00 [INF] [OpenFreqClient.Services.OpenFreqService] RX 280.500 MHz from Krieger (0b5a8147-b1fa-4307-a8c3-d1087389de25): -72.4 dBm, SNR 34.6 dB, FSPL 112.4 dB, terrain 0.0 dB, 35.3 km, tx 6793 m / rx 9147 m MSL
2026-09-26 16:51:28.012 -04:00 [WRN] [OpenFreqAudio.RadioPlayback] Stream 0b5a8147-b1fa-4307-a8c3-d1087389de25:280500 on 280.500 MHz had no samples for 5.7 ms
2026-09-26 16:51:28.171 -04:00 [INF] [OpenFreqAudio.RadioPlayback] Stream 'bad80b09-e94d-4c75-9eab-c3ffca19bd3b:339750' on 339.750 MHz
2026-09-26 16:51:28.411 -04:00 [INF] [OpenFreqClient.Services.OpenFreqService] PTT end: Krieger (0b5a8147-b1fa-4307-a8c3-d1087389de25) on 280.500 MHz, released
2026-09-26 16:51:30.061 -04:00 [INF] [OpenFreqClient.Services.OpenFreqService] PTT start: own radio on 280.500 MHz
2026-09-26 16:51:30.999 -04:00 [INF] [OpenFreqClient.Services.OpenFreqService] PTT start: Rain (fd8e3112-e083-4da8-be92-04d9f9642ebe) on 339.750 MHz, 3D
2026-09-26 16:51:31.008 -04:00 [INF] [OpenFreq.Common.RtpJitterBuffer] Transmission gap detected (9420ms RTP delta), resetting jitter measurement
2026-09-26 16:51:31.046 -04:00 [INF] [OpenFreqClient.Services.OpenFreqService] RX 339.750 MHz from Rain (fd8e3112-e083-4da8-be92-04d9f9642ebe): -73.8 dBm, SNR 33.2 dB, FSPL 113.8 dB, terrain 0.0 dB, 34.2 km, tx 10453 m / rx 9147 m MSL
2026-09-26 16:51:31.710 -04:00 [INF] [OpenFreqClient.Services.OpenFreqService] PTT end: own radio on 280.500 MHz
2026-09-26 16:51:31.716 -04:00 [INF] [OpenFreqClient.Services.OpenFreqService] TX level over 1650ms: mic peak -0.2 dBFS rms -13.1 dBFS | sent peak 0.0 dBFS rms -13.9 dBFS | normalizer on, gain 0.433, gate -72.7 dBFS
2026-09-26 16:51:32.275 -04:00 [INF] [OpenFreq.Common.RtpJitterBuffer] Late arrival (30ms past slot) — buffer 49→109ms
2026-09-26 16:51:34.482 -04:00 [INF] [OpenFreqClient.Services.OpenFreqService] PTT end: Rain (fd8e3112-e083-4da8-be92-04d9f9642ebe) on 339.750 MHz, released
2026-09-26 16:51:41.641 -04:00 [INF] [OpenFreqAudio.RadioPlayback] Stream 'bad80b09-e94d-4c75-9eab-c3ffca19bd3b:243000' on 243.000 MHz
2026-09-26 16:51:43.852 -04:00 [INF] [OpenFreqClient.Services.OpenFreqService] PTT start: own radio on 280.500 MHz
2026-09-26 16:51:46.133 -04:00 [INF] [OpenFreqClient.Services.OpenFreqService] PTT end: own radio on 280.500 MHz
2026-09-26 16:51:46.136 -04:00 [INF] [OpenFreqClient.Services.OpenFreqService] TX level over 2280ms: mic peak -0.1 dBFS rms -14.1 dBFS | sent peak 0.0 dBFS rms -15.2 dBFS | normalizer on, gain 0.494, gate -60.9 dBFS
2026-09-26 16:51:46.344 -04:00 [INF] [OpenFreqClient.Services.OpenFreqService] PTT start: own radio on 280.500 MHz
2026-09-26 16:51:46.365 -04:00 [INF] [OpenFreqClient.Services.OpenFreqService] PTT end: own radio on 280.500 MHz
2026-09-26 16:51:46.366 -04:00 [INF] [OpenFreqClient.Services.OpenFreqService] TX level over 20ms: mic peak -57.1 dBFS rms -66.0 dBFS | sent peak -63.9 dBFS rms -72.8 dBFS | normalizer on, gain 0.471, gate -17.3 dBFS
2026-09-26 16:51:48.042 -04:00 [INF] [OpenFreqClient.Services.OpenFreqService] PTT start: Woody (179a68da-a2bc-45c0-9d2b-9f0af5fa49ea) on 339.750 MHz, 3D
2026-09-26 16:51:48.083 -04:00 [INF] [OpenFreq.Common.RtpJitterBuffer] Transmission gap detected (90424ms RTP delta), resetting jitter measurement
2026-09-26 16:51:48.123 -04:00 [INF] [OpenFreqClient.Services.OpenFreqService] RX 339.750 MHz from Woody (179a68da-a2bc-45c0-9d2b-9f0af5fa49ea): -75.9 dBm, SNR 31.1 dB, FSPL 115.9 dB, terrain 0.0 dB, 43.8 km, tx 11382 m / rx 9147 m MSL
2026-09-26 16:51:48.584 -04:00 [INF] [OpenFreqClient.Services.OpenFreqService] PTT start: own radio on 280.500 MHz
2026-09-26 16:51:48.604 -04:00 [INF] [OpenFreqClient.Services.OpenFreqService] PTT end: own radio on 280.500 MHz
2026-09-26 16:51:48.605 -04:00 [INF] [OpenFreqClient.Services.OpenFreqService] TX level over 20ms: mic peak -29.1 dBFS rms -36.7 dBFS | sent peak -35.6 dBFS rms -43.2 dBFS | normalizer on, gain 0.472, gate -15.1 dBFS
2026-09-26 16:51:49.930 -04:00 [INF] [OpenFreqClient.Services.OpenFreqService] PTT end: Woody (179a68da-a2bc-45c0-9d2b-9f0af5fa49ea) on 339.750 MHz, released
2026-09-26 16:51:52.277 -04:00 [INF] [OpenFreqClient.Services.OpenFreqService] PTT start: Razgriz (9ac4a3e8-e935-4564-a9e9-54d417e10880) on 280.500 MHz, 3D
2026-09-26 16:51:52.289 -04:00 [INF] [OpenFreq.Common.RtpJitterBufferPool] New RTP source: SSRC=6B506D7F
2026-09-26 16:51:52.290 -04:00 [INF] [OpenFreq.Common.RtpJitterBuffer] Manual buffer size: 150ms
2026-09-26 16:51:52.290 -04:00 [INF] [OpenFreq.Common.RtpAudioReceiver] Source joined:  SSRC=6B506D7F
2026-09-26 16:51:52.290 -04:00 [INF] [OpenFreq.Common.RtpJitterBuffer] Initialized: buffer=150ms
2026-09-26 16:51:52.440 -04:00 [INF] [OpenFreqClient.Services.OpenFreqService] RX 280.500 MHz from Razgriz (9ac4a3e8-e935-4564-a9e9-54d417e10880): -72.4 dBm, SNR 34.6 dB, FSPL 112.4 dB, terrain 0.0 dB, 35.4 km, tx 7377 m / rx 9147 m MSL
2026-09-26 16:51:52.650 -04:00 [INF] [OpenFreqClient.Services.OpenFreqService] PTT start: Alligator (2af88464-1ea8-4d04-80ba-d98d4f842617) on 280.500 MHz, 3D
2026-09-26 16:51:52.651 -04:00 [INF] [OpenFreq.Common.RtpJitterBuffer] Transmission gap detected (244345ms RTP delta), resetting jitter measurement
2026-09-26 16:51:52.698 -04:00 [INF] [OpenFreqClient.Services.OpenFreqService] RX 280.500 MHz from Alligator (2af88464-1ea8-4d04-80ba-d98d4f842617): -78.2 dBm, SNR 28.8 dB, FSPL 118.2 dB, terrain 0.0 dB, 68.9 km, tx 6313 m / rx 9147 m MSL
2026-09-26 16:51:54.034 -04:00 [INF] [OpenFreqClient.Services.OpenFreqService] PTT end: Razgriz (9ac4a3e8-e935-4564-a9e9-54d417e10880) on 280.500 MHz, released
2026-09-26 16:51:54.764 -04:00 [INF] [OpenFreqClient.Services.OpenFreqService] PTT end: Alligator (2af88464-1ea8-4d04-80ba-d98d4f842617) on 280.500 MHz, released
2026-09-26 16:51:59.777 -04:00 [INF] [OpenFreqClient.Services.OpenFreqService] PTT start: Paintcheck (9c5f9224-8277-4f34-8da9-dbeb707f0e00) on 280.500 MHz, 3D
2026-09-26 16:51:59.795 -04:00 [INF] [OpenFreq.Common.RtpJitterBuffer] Transmission gap detected (265963ms RTP delta), resetting jitter measurement
2026-09-26 16:51:59.830 -04:00 [INF] [OpenFreqClient.Services.OpenFreqService] RX 280.500 MHz from Paintcheck (9c5f9224-8277-4f34-8da9-dbeb707f0e00): -74.4 dBm, SNR 32.6 dB, FSPL 114.4 dB, terrain 0.0 dB, 44.6 km, tx 5197 m / rx 9147 m MSL
2026-09-26 16:52:03.394 -04:00 [INF] [OpenFreqClient.Services.OpenFreqService] PTT end: Paintcheck (9c5f9224-8277-4f34-8da9-dbeb707f0e00) on 280.500 MHz, released
2026-09-26 16:52:03.816 -04:00 [INF] [OpenFreqClient.Services.OpenFreqService] PTT start: own radio on 280.500 MHz
2026-09-26 16:52:05.927 -04:00 [INF] [OpenFreqClient.Services.OpenFreqService] PTT end: own radio on 280.500 MHz
2026-09-26 16:52:05.936 -04:00 [INF] [OpenFreqClient.Services.OpenFreqService] TX level over 2110ms: mic peak -0.0 dBFS rms -12.9 dBFS | sent peak 0.0 dBFS rms -16.8 dBFS | normalizer on, gain 0.740, gate -68.5 dBFS
2026-09-26 16:52:05.948 -04:00 [INF] [OpenFreqClient.Services.OpenFreqService] PTT start: own radio on 280.500 MHz
2026-09-26 16:52:06.030 -04:00 [INF] [OpenFreqClient.Services.OpenFreqService] PTT end: own radio on 280.500 MHz
2026-09-26 16:52:06.036 -04:00 [INF] [OpenFreqClient.Services.OpenFreqService] TX level over 80ms: mic peak -11.6 dBFS rms -22.4 dBFS | sent peak -14.2 dBFS rms -25.0 dBFS | normalizer on, gain 0.759, gate -29.8 dBFS
2026-09-26 16:52:06.051 -04:00 [INF] [OpenFreqClient.Services.OpenFreqService] PTT start: own radio on 280.500 MHz
2026-09-26 16:52:06.093 -04:00 [INF] [OpenFreqClient.Services.OpenFreqService] PTT end: own radio on 280.500 MHz
2026-09-26 16:52:06.096 -04:00 [INF] [OpenFreqClient.Services.OpenFreqService] TX level over 40ms: mic peak -32.2 dBFS rms -42.4 dBFS | sent peak -34.6 dBFS rms -44.7 dBFS | normalizer on, gain 0.803, gate -29.8 dBFS
2026-09-26 16:52:06.217 -04:00 [INF] [OpenFreqClient.Services.OpenFreqService] PTT start: own radio on 280.500 MHz
2026-09-26 16:52:06.238 -04:00 [INF] [OpenFreqClient.Services.OpenFreqService] PTT end: own radio on 280.500 MHz
2026-09-26 16:52:06.246 -04:00 [INF] [OpenFreqClient.Services.OpenFreqService] TX level over 20ms: mic peak -71.2 dBFS rms -77.3 dBFS | sent peak -73.4 dBFS rms -80.0 dBFS | normalizer on, gain 0.844, gate -31.7 dBFS
2026-09-26 16:52:13.910 -04:00 [INF] [OpenFreq.Common.RtpJitterBuffer] Transmission gap detected (81372ms RTP delta), resetting jitter measurement
2026-09-26 16:52:13.910 -04:00 [INF] [OpenFreqClient.Services.OpenFreqService] PTT start: Falcon (91c4c764-ac55-4b66-98e4-d070ed54be23) on 280.500 MHz, 3D
2026-09-26 16:52:13.944 -04:00 [INF] [OpenFreqClient.Services.OpenFreqService] RX 280.500 MHz from Falcon (91c4c764-ac55-4b66-98e4-d070ed54be23): -72.5 dBm, SNR 34.5 dB, FSPL 112.5 dB, terrain 0.0 dB, 35.7 km, tx 7016 m / rx 9147 m MSL
2026-09-26 16:52:15.169 -04:00 [INF] [OpenFreqClient.Services.OpenFreqService] PTT end: Falcon (91c4c764-ac55-4b66-98e4-d070ed54be23) on 280.500 MHz, released
2026-09-26 16:52:18.615 -04:00 [INF] [OpenFreqClient.Services.OpenFreqService] PTT start: own radio on 280.500 MHz
2026-09-26 16:52:23.228 -04:00 [INF] [OpenFreqClient.Services.OpenFreqService] PTT end: own radio on 280.500 MHz
2026-09-26 16:52:23.236 -04:00 [INF] [OpenFreqClient.Services.OpenFreqService] TX level over 4620ms: mic peak 0.0 dBFS rms -14.5 dBFS | sent peak 0.0 dBFS rms -17.3 dBFS | normalizer on, gain 1.976, gate -52.8 dBFS
2026-09-26 16:52:24.578 -04:00 [INF] [OpenFreqClient.Services.OpenFreqService] PTT start: Knight (f4461c8b-b37f-4d25-a4cb-5da5ffdcefdc) on 280.500 MHz, 3D
2026-09-26 16:52:24.592 -04:00 [INF] [OpenFreq.Common.RtpJitterBufferPool] New RTP source: SSRC=4209D5F1
2026-09-26 16:52:24.592 -04:00 [INF] [OpenFreq.Common.RtpJitterBuffer] Manual buffer size: 150ms
2026-09-26 16:52:24.592 -04:00 [INF] [OpenFreq.Common.RtpAudioReceiver] Source joined:  SSRC=4209D5F1
2026-09-26 16:52:24.592 -04:00 [INF] [OpenFreq.Common.RtpJitterBuffer] Initialized: buffer=150ms
2026-09-26 16:52:24.743 -04:00 [INF] [OpenFreqClient.Services.OpenFreqService] RX 280.500 MHz from Knight (f4461c8b-b37f-4d25-a4cb-5da5ffdcefdc): -68.9 dBm, SNR 38.1 dB, FSPL 108.9 dB, terrain 0.0 dB, 23.7 km, tx 6701 m / rx 9147 m MSL
2026-09-26 16:52:26.644 -04:00 [INF] [OpenFreqClient.Services.OpenFreqService] PTT end: Knight (f4461c8b-b37f-4d25-a4cb-5da5ffdcefdc) on 280.500 MHz, released
2026-09-26 16:52:28.082 -04:00 [INF] [OpenFreqClient.Services.OpenFreqService] PTT start: own radio on 339.750 MHz
2026-09-26 16:52:33.478 -04:00 [INF] [OpenFreqClient.Services.OpenFreqService] PTT end: own radio on 339.750 MHz
2026-09-26 16:52:33.488 -04:00 [INF] [OpenFreqClient.Services.OpenFreqService] TX level over 5400ms: mic peak -0.2 dBFS rms -16.4 dBFS | sent peak 0.0 dBFS rms -17.3 dBFS | normalizer on, gain 3.031, gate -57.0 dBFS
2026-09-26 16:52:35.380 -04:00 [INF] [OpenFreqClient.Services.OpenFreqService] PTT start: Wild (d52d332f-8742-40f6-b985-35a908d32642) on 339.750 MHz, 3D
2026-09-26 16:52:35.393 -04:00 [INF] [OpenFreq.Common.RtpJitterBuffer] Transmission gap detected (164588ms RTP delta), resetting jitter measurement
2026-09-26 16:52:35.445 -04:00 [INF] [OpenFreqClient.Services.OpenFreqService] RX 339.750 MHz from Wild (d52d332f-8742-40f6-b985-35a908d32642): -83.1 dBm, SNR 23.9 dB, FSPL 123.1 dB, terrain 0.0 dB, 100.1 km, tx 9733 m / rx 9147 m MSL
2026-09-26 16:52:37.141 -04:00 [INF] [OpenFreqClient.Services.OpenFreqService] PTT end: Wild (d52d332f-8742-40f6-b985-35a908d32642) on 339.750 MHz, released
2026-09-26 16:52:38.417 -04:00 [INF] [OpenFreqClient.Services.OpenFreqService] PTT start: Knight (f4461c8b-b37f-4d25-a4cb-5da5ffdcefdc) on 280.500 MHz, 3D
2026-09-26 16:52:38.441 -04:00 [INF] [OpenFreq.Common.RtpJitterBuffer] Transmission gap detected (11800ms RTP delta), resetting jitter measurement
2026-09-26 16:52:38.479 -04:00 [INF] [OpenFreqClient.Services.OpenFreqService] RX 280.500 MHz from Knight (f4461c8b-b37f-4d25-a4cb-5da5ffdcefdc): -67.8 dBm, SNR 39.2 dB, FSPL 107.8 dB, terrain 0.0 dB, 20.8 km, tx 6717 m / rx 9147 m MSL
2026-09-26 16:52:41.221 -04:00 [INF] [OpenFreqClient.Services.OpenFreqService] PTT end: Knight (f4461c8b-b37f-4d25-a4cb-5da5ffdcefdc) on 280.500 MHz, released
2026-09-26 16:52:47.455 -04:00 [INF] [OpenFreqClient.Services.OpenFreqService] PTT start: own radio on 339.750 MHz
2026-09-26 16:52:52.648 -04:00 [INF] [OpenFreqClient.Services.OpenFreqService] PTT end: own radio on 339.750 MHz
2026-09-26 16:52:52.657 -04:00 [INF] [OpenFreqClient.Services.OpenFreqService] TX level over 5200ms: mic peak 0.0 dBFS rms -13.3 dBFS | sent peak 0.0 dBFS rms -18.2 dBFS | normalizer on, gain 1.144, gate -46.7 dBFS
2026-09-26 16:52:58.086 -04:00 [INF] [OpenFreqClient.Services.OpenFreqService] PTT start: own radio on 339.750 MHz
2026-09-26 16:52:58.600 -04:00 [INF] [OpenFreqClient.Services.OpenFreqService] PTT start: Wild (d52d332f-8742-40f6-b985-35a908d32642) on 339.750 MHz, 3D
2026-09-26 16:52:58.614 -04:00 [INF] [OpenFreq.Common.RtpJitterBuffer] Transmission gap detected (21480ms RTP delta), resetting jitter measurement
2026-09-26 16:52:59.979 -04:00 [INF] [OpenFreqClient.Services.OpenFreqService] PTT end: Wild (d52d332f-8742-40f6-b985-35a908d32642) on 339.750 MHz, released
2026-09-26 16:53:01.449 -04:00 [INF] [OpenFreqClient.Services.OpenFreqService] PTT start: Falcon (91c4c764-ac55-4b66-98e4-d070ed54be23) on 280.500 MHz, 3D
2026-09-26 16:53:01.466 -04:00 [INF] [OpenFreq.Common.RtpJitterBuffer] Transmission gap detected (46308ms RTP delta), resetting jitter measurement
2026-09-26 16:53:01.511 -04:00 [INF] [OpenFreqClient.Services.OpenFreqService] RX 280.500 MHz from Falcon (91c4c764-ac55-4b66-98e4-d070ed54be23): -69.5 dBm, SNR 37.5 dB, FSPL 109.5 dB, terrain 0.0 dB, 25.4 km, tx 6979 m / rx 9147 m MSL
2026-09-26 16:53:02.387 -04:00 [INF] [OpenFreqClient.Services.OpenFreqService] PTT end: own radio on 339.750 MHz
2026-09-26 16:53:02.398 -04:00 [INF] [OpenFreqClient.Services.OpenFreqService] TX level over 4310ms: mic peak 0.0 dBFS rms -14.3 dBFS | sent peak 0.0 dBFS rms -18.8 dBFS | normalizer on, gain 1.646, gate -55.0 dBFS
2026-09-26 16:53:05.153 -04:00 [INF] [OpenFreqClient.Services.OpenFreqService] PTT start: Woody (179a68da-a2bc-45c0-9d2b-9f0af5fa49ea) on 339.750 MHz, 3D
2026-09-26 16:53:05.181 -04:00 [INF] [OpenFreq.Common.RtpJitterBuffer] Transmission gap detected (75264ms RTP delta), resetting jitter measurement
2026-09-26 16:53:05.230 -04:00 [INF] [OpenFreqClient.Services.OpenFreqService] RX 339.750 MHz from Woody (179a68da-a2bc-45c0-9d2b-9f0af5fa49ea): -72.3 dBm, SNR 34.7 dB, FSPL 112.3 dB, terrain 0.0 dB, 29.0 km, tx 10695 m / rx 9147 m MSL
2026-09-26 16:53:08.139 -04:00 [INF] [OpenFreqClient.Services.OpenFreqService] PTT end: Falcon (91c4c764-ac55-4b66-98e4-d070ed54be23) on 280.500 MHz, released
2026-09-26 16:53:08.990 -04:00 [INF] [OpenFreqClient.Services.OpenFreqService] PTT start: own radio on 280.500 MHz
2026-09-26 16:53:09.350 -04:00 [INF] [OpenFreqClient.Services.OpenFreqService] PTT end: Woody (179a68da-a2bc-45c0-9d2b-9f0af5fa49ea) on 339.750 MHz, released
2026-09-26 16:53:09.468 -04:00 [INF] [OpenFreqClient.Services.OpenFreqService] PTT end: own radio on 280.500 MHz
2026-09-26 16:53:09.469 -04:00 [INF] [OpenFreqClient.Services.OpenFreqService] TX level over 470ms: mic peak -0.1 dBFS rms -13.9 dBFS | sent peak 0.0 dBFS rms -14.2 dBFS | normalizer on, gain 0.409, gate -45.7 dBFS
2026-09-26 16:53:09.909 -04:00 [INF] [OpenFreqClient.Services.OpenFreqService] PTT start: own radio on 339.750 MHz
2026-09-26 16:53:15.686 -04:00 [INF] [OpenFreqClient.Services.OpenFreqService] PTT end: own radio on 339.750 MHz
2026-09-26 16:53:15.688 -04:00 [INF] [OpenFreqClient.Services.OpenFreqService] TX level over 5770ms: mic peak 0.0 dBFS rms -12.8 dBFS | sent peak -4.2 dBFS rms -21.7 dBFS | normalizer on, gain 0.861, gate -29.4 dBFS
2026-09-26 16:53:25.963 -04:00 [INF] [OpenFreqClient.Services.OpenFreqService] PTT start: own radio on 339.750 MHz
2026-09-26 16:53:27.434 -04:00 [INF] [OpenFreqClient.Services.OpenFreqService] PTT end: own radio on 339.750 MHz
2026-09-26 16:53:27.438 -04:00 [INF] [OpenFreqClient.Services.OpenFreqService] TX level over 1470ms: mic peak -0.1 dBFS rms -16.0 dBFS | sent peak 0.0 dBFS rms -11.5 dBFS | normalizer on, gain 0.894, gate -77.4 dBFS
2026-09-26 16:53:30.338 -04:00 [INF] [OpenFreqClient.Services.OpenFreqService] PTT start: own radio on 339.750 MHz
2026-09-26 16:53:32.265 -04:00 [INF] [OpenFreqClient.Services.OpenFreqService] PTT end: own radio on 339.750 MHz
2026-09-26 16:53:32.268 -04:00 [INF] [OpenFreqClient.Services.OpenFreqService] TX level over 1920ms: mic peak -0.0 dBFS rms -17.4 dBFS | sent peak 0.0 dBFS rms -11.1 dBFS | normalizer on, gain 0.831, gate -75.9 dBFS
2026-09-26 16:53:32.928 -04:00 [INF] [OpenFreqClient.Services.OpenFreqService] PTT start: Woody (179a68da-a2bc-45c0-9d2b-9f0af5fa49ea) on 339.750 MHz, 3D
2026-09-26 16:53:32.934 -04:00 [INF] [OpenFreq.Common.RtpJitterBuffer] Transmission gap detected (23601ms RTP delta), resetting jitter measurement
2026-09-26 16:53:32.981 -04:00 [INF] [OpenFreqClient.Services.OpenFreqService] RX 339.750 MHz from Woody (179a68da-a2bc-45c0-9d2b-9f0af5fa49ea): -69.6 dBm, SNR 37.4 dB, FSPL 109.6 dB, terrain 0.0 dB, 21.3 km, tx 10714 m / rx 9147 m MSL
2026-09-26 16:53:34.778 -04:00 [INF] [OpenFreqClient.Services.OpenFreqService] PTT end: Woody (179a68da-a2bc-45c0-9d2b-9f0af5fa49ea) on 339.750 MHz, released
2026-09-26 16:53:35.134 -04:00 [INF] [OpenFreqClient.Services.OpenFreqService] PTT start: Polaris (4c187006-039a-4fcb-b6df-d456875763f7) on 280.500 MHz, 3D
2026-09-26 16:53:35.160 -04:00 [INF] [OpenFreq.Common.RtpJitterBufferPool] New RTP source: SSRC=2BF943CC
2026-09-26 16:53:35.160 -04:00 [INF] [OpenFreq.Common.RtpJitterBuffer] Manual buffer size: 150ms
2026-09-26 16:53:35.160 -04:00 [INF] [OpenFreq.Common.RtpAudioReceiver] Source joined:  SSRC=2BF943CC
2026-09-26 16:53:35.160 -04:00 [INF] [OpenFreq.Common.RtpJitterBuffer] Initialized: buffer=150ms
2026-09-26 16:53:35.310 -04:00 [INF] [OpenFreqClient.Services.OpenFreqService] RX 280.500 MHz from Polaris (4c187006-039a-4fcb-b6df-d456875763f7): -77.2 dBm, SNR 29.8 dB, FSPL 117.2 dB, terrain 0.0 dB, 61.5 km, tx 5639 m / rx 9147 m MSL
2026-09-26 16:53:35.778 -04:00 [INF] [OpenFreqClient.Services.OpenFreqService] PTT end: Polaris (4c187006-039a-4fcb-b6df-d456875763f7) on 280.500 MHz, released
2026-09-26 16:53:36.198 -04:00 [INF] [OpenFreqClient.Services.OpenFreqService] PTT start: Polaris (4c187006-039a-4fcb-b6df-d456875763f7) on 280.500 MHz, 3D
2026-09-26 16:53:36.388 -04:00 [INF] [OpenFreqClient.Services.OpenFreqService] PTT start: Woody (179a68da-a2bc-45c0-9d2b-9f0af5fa49ea) on 339.750 MHz, 3D
2026-09-26 16:53:36.389 -04:00 [INF] [OpenFreq.Common.RtpJitterBuffer] Transmission gap detected (1619ms RTP delta), resetting jitter measurement
2026-09-26 16:53:36.432 -04:00 [INF] [OpenFreqClient.Services.OpenFreqService] RX 339.750 MHz from Woody (179a68da-a2bc-45c0-9d2b-9f0af5fa49ea): -69.3 dBm, SNR 37.7 dB, FSPL 109.3 dB, terrain 0.0 dB, 20.5 km, tx 10909 m / rx 9147 m MSL
2026-09-26 16:53:36.523 -04:00 [INF] [OpenFreqClient.Services.OpenFreqService] PTT end: Woody (179a68da-a2bc-45c0-9d2b-9f0af5fa49ea) on 339.750 MHz, released
2026-09-26 16:53:36.817 -04:00 [INF] [OpenFreqClient.Services.OpenFreqService] PTT start: Kug (e406d0a0-64e6-4450-9ec0-300837b7b89a) on 280.500 MHz, 3D
2026-09-26 16:53:36.824 -04:00 [INF] [OpenFreq.Common.RtpJitterBufferPool] New RTP source: SSRC=141FC2A9
2026-09-26 16:53:36.824 -04:00 [INF] [OpenFreq.Common.RtpJitterBuffer] Manual buffer size: 150ms
2026-09-26 16:53:36.824 -04:00 [INF] [OpenFreq.Common.RtpAudioReceiver] Source joined:  SSRC=141FC2A9
2026-09-26 16:53:36.824 -04:00 [INF] [OpenFreq.Common.RtpJitterBuffer] Initialized: buffer=150ms
2026-09-26 16:53:36.962 -04:00 [INF] [OpenFreqClient.Services.OpenFreqService] PTT start: Woody (179a68da-a2bc-45c0-9d2b-9f0af5fa49ea) on 339.750 MHz, 3D
2026-09-26 16:53:36.974 -04:00 [INF] [OpenFreqClient.Services.OpenFreqService] RX 280.500 MHz from Kug (e406d0a0-64e6-4450-9ec0-300837b7b89a): -71.0 dBm, SNR 36.0 dB, FSPL 111.0 dB, terrain 0.0 dB, 30.3 km, tx 8845 m / rx 9147 m MSL
2026-09-26 16:53:37.128 -04:00 [WRN] [OpenFreqAudio.RadioPlayback] Stream e406d0a0-64e6-4450-9ec0-300837b7b89a:280500 on 280.500 MHz had no samples for 14.6 ms
2026-09-26 16:53:37.338 -04:00 [WRN] [OpenFreqAudio.RadioPlayback] Stream 179a68da-a2bc-45c0-9d2b-9f0af5fa49ea:339750 on 339.750 MHz had no samples for 15.1 ms
2026-09-26 16:53:37.919 -04:00 [INF] [OpenFreqClient.Services.OpenFreqService] PTT end: Polaris (4c187006-039a-4fcb-b6df-d456875763f7) on 280.500 MHz, released
2026-09-26 16:53:39.270 -04:00 [INF] [OpenFreq.Common.RtpJitterBuffer] Late arrival (4ms past slot) — buffer 103→137ms
2026-09-26 16:53:40.980 -04:00 [INF] [OpenFreqClient.Services.OpenFreqService] PTT end: Woody (179a68da-a2bc-45c0-9d2b-9f0af5fa49ea) on 339.750 MHz, released
2026-09-26 16:53:41.421 -04:00 [INF] [OpenFreqClient.Services.OpenFreqService] PTT end: Kug (e406d0a0-64e6-4450-9ec0-300837b7b89a) on 280.500 MHz, released
2026-09-26 16:53:43.058 -04:00 [INF] [OpenFreqClient.Services.OpenFreqService] PTT start: Polaris (4c187006-039a-4fcb-b6df-d456875763f7) on 280.500 MHz, 3D
2026-09-26 16:53:43.078 -04:00 [INF] [OpenFreq.Common.RtpJitterBuffer] Transmission gap detected (5164ms RTP delta), resetting jitter measurement
2026-09-26 16:53:43.125 -04:00 [INF] [OpenFreqClient.Services.OpenFreqService] RX 280.500 MHz from Polaris (4c187006-039a-4fcb-b6df-d456875763f7): -77.1 dBm, SNR 29.9 dB, FSPL 117.1 dB, terrain 0.0 dB, 61.1 km, tx 5623 m / rx 9147 m MSL
2026-09-26 16:53:44.011 -04:00 [INF] [OpenFreq.Common.RtpJitterBuffer] Late arrival (6ms past slot) — buffer 45→81ms
2026-09-26 16:53:44.688 -04:00 [INF] [OpenFreqClient.Services.OpenFreqService] PTT end: Polaris (4c187006-039a-4fcb-b6df-d456875763f7) on 280.500 MHz, released
2026-09-26 16:53:46.096 -04:00 [INF] [OpenFreqClient.Services.OpenFreqService] PTT start: own radio on 280.500 MHz
2026-09-26 16:53:49.744 -04:00 [INF] [OpenFreqClient.Services.OpenFreqService] PTT end: own radio on 280.500 MHz
2026-09-26 16:53:49.750 -04:00 [INF] [OpenFreqClient.Services.OpenFreqService] TX level over 3650ms: mic peak 0.0 dBFS rms -11.9 dBFS | sent peak 0.0 dBFS rms -17.5 dBFS | normalizer on, gain 0.666, gate -52.4 dBFS
2026-09-26 16:53:53.116 -04:00 [INF] [OpenFreq.Common.RtpJitterBuffer] Transmission gap detected (109712ms RTP delta), resetting jitter measurement
2026-09-26 16:53:53.116 -04:00 [INF] [OpenFreqClient.Services.OpenFreqService] PTT start: Paintcheck (9c5f9224-8277-4f34-8da9-dbeb707f0e00) on 280.500 MHz, 3D
2026-09-26 16:53:53.143 -04:00 [INF] [OpenFreqClient.Services.OpenFreqService] RX 280.500 MHz from Paintcheck (9c5f9224-8277-4f34-8da9-dbeb707f0e00): -64.0 dBm, SNR 43.0 dB, FSPL 104.0 dB, terrain 0.0 dB, 13.4 km, tx 5346 m / rx 9147 m MSL
2026-09-26 16:53:56.601 -04:00 [INF] [OpenFreqClient.Services.OpenFreqService] PTT start: Wild (d52d332f-8742-40f6-b985-35a908d32642) on 339.750 MHz, 3D
2026-09-26 16:53:56.619 -04:00 [INF] [OpenFreq.Common.RtpJitterBuffer] Transmission gap detected (56640ms RTP delta), resetting jitter measurement
2026-09-26 16:53:56.659 -04:00 [INF] [OpenFreqClient.Services.OpenFreqService] RX 339.750 MHz from Wild (d52d332f-8742-40f6-b985-35a908d32642): -81.6 dBm, SNR 25.4 dB, FSPL 121.6 dB, terrain 0.0 dB, 84.0 km, tx 12842 m / rx 9147 m MSL
2026-09-26 16:53:56.904 -04:00 [INF] [OpenFreq.Common.RtpJitterBuffer] Late arrival (1ms past slot) — buffer 49→79ms
2026-09-26 16:53:57.382 -04:00 [INF] [OpenFreqClient.Services.OpenFreqService] PTT start: own radio on 280.500 MHz
2026-09-26 16:53:57.507 -04:00 [INF] [OpenFreqClient.Services.OpenFreqService] PTT end: own radio on 280.500 MHz
2026-09-26 16:53:57.509 -04:00 [INF] [OpenFreqClient.Services.OpenFreqService] TX level over 120ms: mic peak -56.3 dBFS rms -73.1 dBFS | sent peak -58.3 dBFS rms -75.0 dBFS | normalizer on, gain 1.468, gate -69.9 dBFS
2026-09-26 16:53:57.540 -04:00 [INF] [OpenFreq.Common.RtpJitterBuffer] Late arrival (21ms past slot) — buffer 51→103ms
2026-09-26 16:53:57.700 -04:00 [INF] [OpenFreqClient.Services.OpenFreqService] PTT end: Paintcheck (9c5f9224-8277-4f34-8da9-dbeb707f0e00) on 280.500 MHz, released
2026-09-26 16:53:58.260 -04:00 [INF] [OpenFreqClient.Services.OpenFreqService] PTT start: own radio on 280.500 MHz
2026-09-26 16:53:59.084 -04:00 [INF] [OpenFreqClient.Services.OpenFreqService] PTT end: Wild (d52d332f-8742-40f6-b985-35a908d32642) on 339.750 MHz, released
2026-09-26 16:53:59.308 -04:00 [INF] [OpenFreqClient.Services.OpenFreqService] PTT start: Wild (d52d332f-8742-40f6-b985-35a908d32642) on 339.750 MHz, 3D
2026-09-26 16:54:00.539 -04:00 [INF] [OpenFreqClient.Services.OpenFreqService] PTT end: Wild (d52d332f-8742-40f6-b985-35a908d32642) on 339.750 MHz, released
2026-09-26 16:54:02.255 -04:00 [INF] [OpenFreqClient.Services.OpenFreqService] PTT end: own radio on 280.500 MHz
2026-09-26 16:54:02.259 -04:00 [INF] [OpenFreqClient.Services.OpenFreqService] TX level over 3990ms: mic peak 0.0 dBFS rms -9.5 dBFS | sent peak 0.0 dBFS rms -15.0 dBFS | normalizer on, gain 0.494, gate -63.1 dBFS
2026-09-26 16:54:04.389 -04:00 [INF] [OpenFreqClient.Services.OpenFreqService] PTT start: own radio on 339.750 MHz
2026-09-26 16:54:08.284 -04:00 [INF] [OpenFreqClient.Services.OpenFreqService] PTT end: own radio on 339.750 MHz
2026-09-26 16:54:08.289 -04:00 [INF] [OpenFreqClient.Services.OpenFreqService] TX level over 3890ms: mic peak 0.0 dBFS rms -12.4 dBFS | sent peak 0.0 dBFS rms -17.3 dBFS | normalizer on, gain 1.548, gate -51.2 dBFS
2026-09-26 16:54:13.324 -04:00 [INF] [OpenFreqClient.Services.OpenFreqService] PTT start: Krieger (0b5a8147-b1fa-4307-a8c3-d1087389de25) on 280.500 MHz, 3D
2026-09-26 16:54:13.345 -04:00 [INF] [OpenFreq.Common.RtpJitterBuffer] Transmission gap detected (164940ms RTP delta), resetting jitter measurement
2026-09-26 16:54:13.410 -04:00 [INF] [OpenFreqClient.Services.OpenFreqService] RX 280.500 MHz from Krieger (0b5a8147-b1fa-4307-a8c3-d1087389de25): -68.1 dBm, SNR 38.9 dB, FSPL 108.1 dB, terrain 0.0 dB, 21.6 km, tx 6324 m / rx 9147 m MSL
2026-09-26 16:54:14.258 -04:00 [INF] [OpenFreqClient.Services.OpenFreqService] PTT end: Krieger (0b5a8147-b1fa-4307-a8c3-d1087389de25) on 280.500 MHz, released
2026-09-26 16:54:20.278 -04:00 [INF] [OpenFreqClient.Services.OpenFreqService] PTT start: MBee (96d0aaf9-fc04-4ef3-8c64-f95b30259b59) on 280.500 MHz, 3D
2026-09-26 16:54:20.289 -04:00 [INF] [OpenFreq.Common.RtpJitterBufferPool] New RTP source: SSRC=27D099D4
2026-09-26 16:54:20.289 -04:00 [INF] [OpenFreq.Common.RtpJitterBuffer] Manual buffer size: 150ms
2026-09-26 16:54:20.289 -04:00 [INF] [OpenFreq.Common.RtpAudioReceiver] Source joined:  SSRC=27D099D4
2026-09-26 16:54:20.289 -04:00 [INF] [OpenFreq.Common.RtpJitterBuffer] Initialized: buffer=150ms
2026-09-26 16:54:20.439 -04:00 [INF] [OpenFreqClient.Services.OpenFreqService] RX 280.500 MHz from MBee (96d0aaf9-fc04-4ef3-8c64-f95b30259b59): -64.5 dBm, SNR 42.5 dB, FSPL 104.5 dB, terrain 0.0 dB, 14.3 km, tx 6843 m / rx 9147 m MSL
2026-09-26 16:54:20.864 -04:00 [INF] [OpenFreqClient.Services.OpenFreqService] PTT end: MBee (96d0aaf9-fc04-4ef3-8c64-f95b30259b59) on 280.500 MHz, released
2026-09-26 16:54:25.002 -04:00 [INF] [OpenFreqClient.Services.OpenFreqService] PTT start: own radio on 280.500 MHz
2026-09-26 16:54:26.048 -04:00 [INF] [OpenFreqClient.Services.OpenFreqService] PTT end: own radio on 280.500 MHz
2026-09-26 16:54:26.050 -04:00 [INF] [OpenFreqClient.Services.OpenFreqService] TX level over 1040ms: mic peak -0.0 dBFS rms -12.7 dBFS | sent peak 0.0 dBFS rms -11.5 dBFS | normalizer on, gain 0.508, gate -65.8 dBFS
2026-09-26 16:54:29.854 -04:00 [INF] [OpenFreqClient.Services.OpenFreqService] PTT start: own radio on 280.500 MHz
2026-09-26 16:54:29.896 -04:00 [INF] [OpenFreqClient.Services.OpenFreqService] PTT end: own radio on 280.500 MHz
2026-09-26 16:54:29.901 -04:00 [INF] [OpenFreqClient.Services.OpenFreqService] TX level over 40ms: mic peak -21.1 dBFS rms -36.5 dBFS | sent peak -26.9 dBFS rms -42.4 dBFS | normalizer on, gain 0.508, gate -13.8 dBFS
2026-09-26 16:54:30.274 -04:00 [INF] [OpenFreqClient.Services.OpenFreqService] PTT start: Razgriz (9ac4a3e8-e935-4564-a9e9-54d417e10880) on 280.500 MHz, 3D
2026-09-26 16:54:30.290 -04:00 [INF] [OpenFreq.Common.RtpJitterBuffer] Transmission gap detected (156260ms RTP delta), resetting jitter measurement
2026-09-26 16:54:30.337 -04:00 [INF] [OpenFreqClient.Services.OpenFreqService] RX 280.500 MHz from Razgriz (9ac4a3e8-e935-4564-a9e9-54d417e10880): -68.1 dBm, SNR 38.9 dB, FSPL 108.1 dB, terrain 0.0 dB, 21.6 km, tx 8012 m / rx 9147 m MSL
2026-09-26 16:54:30.464 -04:00 [INF] [OpenFreqClient.Services.OpenFreqService] PTT end: Razgriz (9ac4a3e8-e935-4564-a9e9-54d417e10880) on 280.500 MHz, released
2026-09-26 16:54:30.567 -04:00 [WRN] [OpenFreqAudio.RadioPlayback] Stream 9ac4a3e8-e935-4564-a9e9-54d417e10880:280500 on 280.500 MHz had no samples for 10.0 ms
2026-09-26 16:54:32.722 -04:00 [INF] [OpenFreqClient.Services.OpenFreqService] PTT start: Rain (fd8e3112-e083-4da8-be92-04d9f9642ebe) on 339.750 MHz, 3D
2026-09-26 16:54:32.735 -04:00 [INF] [OpenFreq.Common.RtpJitterBuffer] Transmission gap detected (178253ms RTP delta), resetting jitter measurement
2026-09-26 16:54:32.801 -04:00 [INF] [OpenFreqClient.Services.OpenFreqService] RX 339.750 MHz from Rain (fd8e3112-e083-4da8-be92-04d9f9642ebe): -73.6 dBm, SNR 33.4 dB, FSPL 113.6 dB, terrain 0.0 dB, 33.7 km, tx 10141 m / rx 9147 m MSL
2026-09-26 16:54:37.322 -04:00 [INF] [OpenFreqClient.Services.OpenFreqService] PTT end: Rain (fd8e3112-e083-4da8-be92-04d9f9642ebe) on 339.750 MHz, released
2026-09-26 16:54:37.955 -04:00 [INF] [OpenFreqClient.Services.OpenFreqService] PTT start: own radio on 339.750 MHz
2026-09-26 16:54:39.021 -04:00 [INF] [OpenFreqClient.Services.OpenFreqService] PTT start: Razgriz (9ac4a3e8-e935-4564-a9e9-54d417e10880) on 280.500 MHz, 3D
2026-09-26 16:54:39.031 -04:00 [INF] [OpenFreq.Common.RtpJitterBuffer] Transmission gap detected (8577ms RTP delta), resetting jitter measurement
2026-09-26 16:54:39.071 -04:00 [INF] [OpenFreqClient.Services.OpenFreqService] RX 280.500 MHz from Razgriz (9ac4a3e8-e935-4564-a9e9-54d417e10880): -68.1 dBm, SNR 38.9 dB, FSPL 108.1 dB, terrain 0.0 dB, 21.6 km, tx 8450 m / rx 9147 m MSL
2026-09-26 16:54:39.420 -04:00 [INF] [OpenFreq.Common.RtpJitterBuffer] Late arrival (9ms past slot) — buffer 45→84ms
2026-09-26 16:54:40.529 -04:00 [INF] [OpenFreqClient.Services.OpenFreqService] PTT end: Razgriz (9ac4a3e8-e935-4564-a9e9-54d417e10880) on 280.500 MHz, released
2026-09-26 16:54:41.221 -04:00 [INF] [OpenFreqClient.Services.OpenFreqService] PTT start: Knight (f4461c8b-b37f-4d25-a4cb-5da5ffdcefdc) on 280.500 MHz, 3D
2026-09-26 16:54:41.235 -04:00 [INF] [OpenFreq.Common.RtpJitterBuffer] Transmission gap detected (120019ms RTP delta), resetting jitter measurement
2026-09-26 16:54:41.282 -04:00 [INF] [OpenFreqClient.Services.OpenFreqService] RX 280.500 MHz from Knight (f4461c8b-b37f-4d25-a4cb-5da5ffdcefdc): -69.6 dBm, SNR 37.4 dB, FSPL 109.6 dB, terrain 0.0 dB, 25.5 km, tx 1434 m / rx 9147 m MSL
2026-09-26 16:54:41.387 -04:00 [INF] [OpenFreqClient.Services.OpenFreqService] PTT end: own radio on 339.750 MHz
2026-09-26 16:54:41.390 -04:00 [INF] [OpenFreqClient.Services.OpenFreqService] TX level over 3430ms: mic peak 0.0 dBFS rms -11.6 dBFS | sent peak 0.0 dBFS rms -18.4 dBFS | normalizer on, gain 1.156, gate -57.0 dBFS
2026-09-26 16:54:42.478 -04:00 [INF] [OpenFreqClient.Services.OpenFreqService] PTT end: Knight (f4461c8b-b37f-4d25-a4cb-5da5ffdcefdc) on 280.500 MHz, released
2026-09-26 16:54:43.281 -04:00 [INF] [OpenFreqClient.Services.OpenFreqService] PTT start: Woody (179a68da-a2bc-45c0-9d2b-9f0af5fa49ea) on 339.750 MHz, 3D
2026-09-26 16:54:43.282 -04:00 [INF] [OpenFreq.Common.RtpJitterBuffer] Transmission gap detected (62341ms RTP delta), resetting jitter measurement
2026-09-26 16:54:43.359 -04:00 [INF] [OpenFreqClient.Services.OpenFreqService] RX 339.750 MHz from Woody (179a68da-a2bc-45c0-9d2b-9f0af5fa49ea): -71.2 dBm, SNR 35.8 dB, FSPL 111.2 dB, terrain 0.0 dB, 25.4 km, tx 7811 m / rx 9147 m MSL
2026-09-26 16:54:44.528 -04:00 [INF] [OpenFreq.Common.RtpJitterBuffer] Late arrival (29ms past slot) — buffer 115→174ms
2026-09-26 16:54:44.628 -04:00 [WRN] [OpenFreqAudio.RadioPlayback] Stream 179a68da-a2bc-45c0-9d2b-9f0af5fa49ea:339750 on 339.750 MHz had no samples for 10.0 ms
2026-09-26 16:54:46.034 -04:00 [INF] [OpenFreqClient.Services.OpenFreqService] PTT start: Falcon (91c4c764-ac55-4b66-98e4-d070ed54be23) on 280.500 MHz, 3D
2026-09-26 16:54:46.044 -04:00 [INF] [OpenFreq.Common.RtpJitterBuffer] Transmission gap detected (97916ms RTP delta), resetting jitter measurement
2026-09-26 16:54:46.090 -04:00 [INF] [OpenFreqClient.Services.OpenFreqService] RX 280.500 MHz from Falcon (91c4c764-ac55-4b66-98e4-d070ed54be23): -70.7 dBm, SNR 36.3 dB, FSPL 110.7 dB, terrain 0.0 dB, 29.0 km, tx 8037 m / rx 9147 m MSL
2026-09-26 16:54:46.513 -04:00 [INF] [OpenFreqClient.Services.OpenFreqService] PTT end: Woody (179a68da-a2bc-45c0-9d2b-9f0af5fa49ea) on 339.750 MHz, released
2026-09-26 16:54:48.911 -04:00 [INF] [OpenFreqClient.Services.OpenFreqService] PTT end: Falcon (91c4c764-ac55-4b66-98e4-d070ed54be23) on 280.500 MHz, released
2026-09-26 16:54:49.881 -04:00 [INF] [OpenFreqClient.Services.OpenFreqService] PTT start: Rain (fd8e3112-e083-4da8-be92-04d9f9642ebe) on 339.750 MHz, 3D
2026-09-26 16:54:49.902 -04:00 [INF] [OpenFreq.Common.RtpJitterBuffer] Transmission gap detected (12589ms RTP delta), resetting jitter measurement
2026-09-26 16:54:49.969 -04:00 [INF] [OpenFreqClient.Services.OpenFreqService] RX 339.750 MHz from Rain (fd8e3112-e083-4da8-be92-04d9f9642ebe): -73.1 dBm, SNR 33.9 dB, FSPL 113.1 dB, terrain 0.0 dB, 31.6 km, tx 10439 m / rx 9147 m MSL
2026-09-26 16:54:51.060 -04:00 [INF] [OpenFreqClient.Services.OpenFreqService] PTT end: Rain (fd8e3112-e083-4da8-be92-04d9f9642ebe) on 339.750 MHz, released
2026-09-26 16:55:02.042 -04:00 [INF] [OpenFreqClient.Services.OpenFreqService] PTT start: own radio on 280.500 MHz
2026-09-26 16:55:03.339 -04:00 [INF] [OpenFreqClient.Services.OpenFreqService] PTT end: own radio on 280.500 MHz
2026-09-26 16:55:03.340 -04:00 [INF] [OpenFreqClient.Services.OpenFreqService] TX level over 1290ms: mic peak -0.1 dBFS rms -12.5 dBFS | sent peak 0.0 dBFS rms -14.7 dBFS | normalizer on, gain 0.378, gate -52.3 dBFS
2026-09-26 16:55:03.507 -04:00 [INF] [OpenFreqClient.Services.OpenFreqService] PTT start: own radio on 339.750 MHz
2026-09-26 16:55:04.287 -04:00 [INF] [OpenFreqClient.Services.OpenFreqService] PTT start: Falcon (91c4c764-ac55-4b66-98e4-d070ed54be23) on 280.500 MHz, 3D
2026-09-26 16:55:04.311 -04:00 [INF] [OpenFreq.Common.RtpJitterBuffer] Transmission gap detected (15396ms RTP delta), resetting jitter measurement
2026-09-26 16:55:04.311 -04:00 [INF] [OpenFreq.Common.RtpJitterBufferPool] Pruned stale source SSRC=2D711AA4
2026-09-26 16:55:04.311 -04:00 [INF] [OpenFreq.Common.RtpAudioReceiver] Source expired: SSRC=2D711AA4
2026-09-26 16:55:04.349 -04:00 [INF] [OpenFreqClient.Services.OpenFreqService] RX 280.500 MHz from Falcon (91c4c764-ac55-4b66-98e4-d070ed54be23): -72.3 dBm, SNR 34.7 dB, FSPL 112.3 dB, terrain 0.0 dB, 34.9 km, tx 6644 m / rx 9147 m MSL
2026-09-26 16:55:04.909 -04:00 [INF] [OpenFreqClient.Services.OpenFreqService] PTT end: own radio on 339.750 MHz
2026-09-26 16:55:04.912 -04:00 [INF] [OpenFreqClient.Services.OpenFreqService] TX level over 1400ms: mic peak -0.1 dBFS rms -15.2 dBFS | sent peak -1.0 dBFS rms -21.1 dBFS | normalizer on, gain 0.648, gate -36.0 dBFS
2026-09-26 16:55:05.023 -04:00 [INF] [OpenFreqClient.Services.OpenFreqService] PTT end: Falcon (91c4c764-ac55-4b66-98e4-d070ed54be23) on 280.500 MHz, released
2026-09-26 16:55:05.593 -04:00 [INF] [OpenFreqClient.Services.OpenFreqService] PTT start: Rain (fd8e3112-e083-4da8-be92-04d9f9642ebe) on 339.750 MHz, 3D
2026-09-26 16:55:05.614 -04:00 [INF] [OpenFreq.Common.RtpJitterBuffer] Transmission gap detected (14591ms RTP delta), resetting jitter measurement
2026-09-26 16:55:05.661 -04:00 [INF] [OpenFreqClient.Services.OpenFreqService] RX 339.750 MHz from Rain (fd8e3112-e083-4da8-be92-04d9f9642ebe): -72.8 dBm, SNR 34.2 dB, FSPL 112.8 dB, terrain 0.0 dB, 30.6 km, tx 10664 m / rx 9147 m MSL
2026-09-26 16:55:07.895 -04:00 [INF] [OpenFreqClient.Services.OpenFreqService] PTT end: Rain (fd8e3112-e083-4da8-be92-04d9f9642ebe) on 339.750 MHz, released
2026-09-26 16:55:10.844 -04:00 [INF] [OpenFreqClient.Services.OpenFreqService] PTT start: Paintcheck (9c5f9224-8277-4f34-8da9-dbeb707f0e00) on 280.500 MHz, 3D
2026-09-26 16:55:10.858 -04:00 [INF] [OpenFreq.Common.RtpJitterBuffer] Transmission gap detected (73165ms RTP delta), resetting jitter measurement
2026-09-26 16:55:10.915 -04:00 [INF] [OpenFreqClient.Services.OpenFreqService] RX 280.500 MHz from Paintcheck (9c5f9224-8277-4f34-8da9-dbeb707f0e00): -57.0 dBm, SNR 50.0 dB, FSPL 97.0 dB, terrain 0.0 dB, 6.0 km, tx 4848 m / rx 9147 m MSL
2026-09-26 16:55:13.645 -04:00 [INF] [OpenFreqClient.Services.OpenFreqService] PTT end: Paintcheck (9c5f9224-8277-4f34-8da9-dbeb707f0e00) on 280.500 MHz, released
2026-09-26 16:55:15.252 -04:00 [INF] [OpenFreqClient.Services.OpenFreqService] PTT start: own radio on 280.500 MHz
2026-09-26 16:55:15.983 -04:00 [INF] [OpenFreqClient.Services.OpenFreqService] PTT end: own radio on 280.500 MHz
2026-09-26 16:55:15.992 -04:00 [INF] [OpenFreqClient.Services.OpenFreqService] TX level over 730ms: mic peak -0.2 dBFS rms -16.2 dBFS | sent peak 0.0 dBFS rms -15.7 dBFS | normalizer on, gain 2.050, gate -82.9 dBFS
2026-09-26 16:55:18.071 -04:00 [INF] [OpenFreqClient.Services.OpenFreqService] PTT start: Woody (179a68da-a2bc-45c0-9d2b-9f0af5fa49ea) on 339.750 MHz, 3D
2026-09-26 16:55:18.093 -04:00 [INF] [OpenFreq.Common.RtpJitterBuffer] Transmission gap detected (31578ms RTP delta), resetting jitter measurement
2026-09-26 16:55:18.150 -04:00 [INF] [OpenFreqClient.Services.OpenFreqService] RX 339.750 MHz from Woody (179a68da-a2bc-45c0-9d2b-9f0af5fa49ea): -73.4 dBm, SNR 33.6 dB, FSPL 113.4 dB, terrain 0.0 dB, 33.0 km, tx 9255 m / rx 9147 m MSL
2026-09-26 16:55:20.128 -04:00 [WRN] [OpenFreqAudio.RadioPlayback] Stream 179a68da-a2bc-45c0-9d2b-9f0af5fa49ea:339750 on 339.750 MHz had no samples for 10.0 ms
2026-09-26 16:55:20.882 -04:00 [INF] [OpenFreqClient.Services.OpenFreqService] PTT end: Woody (179a68da-a2bc-45c0-9d2b-9f0af5fa49ea) on 339.750 MHz, released
2026-09-26 16:55:22.546 -04:00 [INF] [OpenFreqClient.Services.OpenFreqService] PTT start: own radio on 339.750 MHz
2026-09-26 16:55:25.061 -04:00 [INF] [OpenFreqClient.Services.OpenFreqService] PTT end: own radio on 339.750 MHz
2026-09-26 16:55:25.062 -04:00 [INF] [OpenFreqClient.Services.OpenFreqService] TX level over 2510ms: mic peak -0.0 dBFS rms -15.1 dBFS | sent peak 0.0 dBFS rms -12.9 dBFS | normalizer on, gain 0.923, gate -75.8 dBFS
2026-09-26 16:55:27.429 -04:00 [INF] [OpenFreqClient.Services.OpenFreqService] PTT start: own radio on 280.500 MHz
2026-09-26 16:55:30.563 -04:00 [INF] [OpenFreqClient.Services.OpenFreqService] PTT end: own radio on 280.500 MHz
2026-09-26 16:55:30.572 -04:00 [INF] [OpenFreqClient.Services.OpenFreqService] TX level over 3140ms: mic peak -0.1 dBFS rms -14.0 dBFS | sent peak 0.0 dBFS rms -14.9 dBFS | normalizer on, gain 0.957, gate -83.9 dBFS
2026-09-26 16:56:04.304 -04:00 [INF] [OpenFreqClient.Services.OpenFreqService] PTT start: own radio on 339.750 MHz
2026-09-26 16:56:09.803 -04:00 [INF] [OpenFreqClient.Services.OpenFreqService] PTT end: own radio on 339.750 MHz
2026-09-26 16:56:09.812 -04:00 [INF] [OpenFreqClient.Services.OpenFreqService] TX level over 5500ms: mic peak -0.0 dBFS rms -17.1 dBFS | sent peak 0.0 dBFS rms -16.0 dBFS | normalizer on, gain 3.833, gate -63.1 dBFS
2026-09-26 16:56:10.378 -04:00 [INF] [OpenFreqClient.Services.OpenFreqService] PTT start: Rain (fd8e3112-e083-4da8-be92-04d9f9642ebe) on 339.750 MHz, 3D
2026-09-26 16:56:10.395 -04:00 [INF] [OpenFreq.Common.RtpJitterBuffer] Transmission gap detected (62502ms RTP delta), resetting jitter measurement
2026-09-26 16:56:10.463 -04:00 [INF] [OpenFreqClient.Services.OpenFreqService] RX 339.750 MHz from Rain (fd8e3112-e083-4da8-be92-04d9f9642ebe): -68.1 dBm, SNR 38.9 dB, FSPL 108.1 dB, terrain 0.0 dB, 17.8 km, tx 9888 m / rx 9147 m MSL
2026-09-26 16:56:11.565 -04:00 [INF] [OpenFreqClient.Services.OpenFreqService] PTT end: Rain (fd8e3112-e083-4da8-be92-04d9f9642ebe) on 339.750 MHz, released
2026-09-26 16:56:11.587 -04:00 [WRN] [OpenFreqAudio.RadioPlayback] Stream fd8e3112-e083-4da8-be92-04d9f9642ebe:339750 on 339.750 MHz had no samples for 19.6 ms
2026-09-26 16:56:13.633 -04:00 [INF] [OpenFreqClient.Services.OpenFreqService] PTT start: Wild (d52d332f-8742-40f6-b985-35a908d32642) on 339.750 MHz, 3D
2026-09-26 16:56:13.637 -04:00 [INF] [OpenFreq.Common.RtpJitterBuffer] Transmission gap detected (133115ms RTP delta), resetting jitter measurement
2026-09-26 16:56:13.685 -04:00 [INF] [OpenFreqClient.Services.OpenFreqService] RX 339.750 MHz from Wild (d52d332f-8742-40f6-b985-35a908d32642): -81.1 dBm, SNR 25.9 dB, FSPL 121.1 dB, terrain 0.0 dB, 80.1 km, tx 10442 m / rx 9147 m MSL
2026-09-26 16:56:15.279 -04:00 [INF] [OpenFreq.Common.RtpJitterBuffer] Late arrival (34ms past slot) — buffer 58→122ms
2026-09-26 16:56:15.739 -04:00 [INF] [OpenFreqClient.Services.OpenFreqService] PTT end: Wild (d52d332f-8742-40f6-b985-35a908d32642) on 339.750 MHz, released
2026-09-26 16:56:23.749 -04:00 [INF] [OpenFreqClient.Services.OpenFreqService] PTT start: own radio on 339.750 MHz
2026-09-26 16:56:24.793 -04:00 [INF] [OpenFreqClient.Services.OpenFreqService] PTT end: own radio on 339.750 MHz
2026-09-26 16:56:24.803 -04:00 [INF] [OpenFreqClient.Services.OpenFreqService] TX level over 1050ms: mic peak -2.8 dBFS rms -19.2 dBFS | sent peak 0.0 dBFS rms -11.8 dBFS | normalizer on, gain 1.784, gate -13.7 dBFS
2026-09-26 16:56:25.925 -04:00 [INF] [OpenFreqClient.Services.OpenFreqService] PTT start: own radio on 280.500 MHz
2026-09-26 16:56:27.310 -04:00 [INF] [OpenFreqClient.Services.OpenFreqService] PTT end: own radio on 280.500 MHz
2026-09-26 16:56:27.313 -04:00 [INF] [OpenFreqClient.Services.OpenFreqService] TX level over 1380ms: mic peak -0.1 dBFS rms -16.4 dBFS | sent peak -1.3 dBFS rms -19.5 dBFS | normalizer on, gain 0.898, gate -29.9 dBFS
2026-09-26 16:56:28.565 -04:00 [INF] [OpenFreqClient.Services.OpenFreqService] PTT start: own radio on 280.500 MHz
2026-09-26 16:56:32.835 -04:00 [INF] [OpenFreqClient.Services.OpenFreqService] PTT end: own radio on 280.500 MHz
2026-09-26 16:56:32.843 -04:00 [INF] [OpenFreqClient.Services.OpenFreqService] TX level over 4270ms: mic peak -0.0 dBFS rms -11.7 dBFS | sent peak 0.0 dBFS rms -19.0 dBFS | normalizer on, gain 0.489, gate -46.4 dBFS
2026-09-26 16:56:33.738 -04:00 [INF] [OpenFreqClient.Services.OpenFreqService] PTT start: own radio on 339.750 MHz
2026-09-26 16:56:37.294 -04:00 [INF] [OpenFreqClient.Services.OpenFreqService] PTT end: own radio on 339.750 MHz
2026-09-26 16:56:37.304 -04:00 [INF] [OpenFreqClient.Services.OpenFreqService] TX level over 3560ms: mic peak 0.0 dBFS rms -14.5 dBFS | sent peak 0.0 dBFS rms -19.2 dBFS | normalizer on, gain 1.496, gate -51.3 dBFS
2026-09-26 16:56:40.329 -04:00 [INF] [OpenFreqClient.Services.OpenFreqService] PTT start: Falcon (91c4c764-ac55-4b66-98e4-d070ed54be23) on 280.500 MHz, 3D
2026-09-26 16:56:40.352 -04:00 [INF] [OpenFreq.Common.RtpJitterBuffer] Transmission gap detected (95332ms RTP delta), resetting jitter measurement
2026-09-26 16:56:40.380 -04:00 [INF] [OpenFreqClient.Services.OpenFreqService] RX 280.500 MHz from Falcon (91c4c764-ac55-4b66-98e4-d070ed54be23): -70.2 dBm, SNR 36.8 dB, FSPL 110.2 dB, terrain 0.0 dB, 27.5 km, tx 5765 m / rx 9147 m MSL
2026-09-26 16:56:40.580 -04:00 [INF] [OpenFreqClient.Services.OpenFreqService] PTT start: Woody (179a68da-a2bc-45c0-9d2b-9f0af5fa49ea) on 339.750 MHz, 3D
2026-09-26 16:56:40.617 -04:00 [INF] [OpenFreq.Common.RtpJitterBuffer] Transmission gap detected (79734ms RTP delta), resetting jitter measurement
2026-09-26 16:56:40.661 -04:00 [INF] [OpenFreqClient.Services.OpenFreqService] RX 339.750 MHz from Woody (179a68da-a2bc-45c0-9d2b-9f0af5fa49ea): -65.5 dBm, SNR 41.5 dB, FSPL 105.5 dB, terrain 0.0 dB, 13.2 km, tx 10169 m / rx 9147 m MSL
2026-09-26 16:56:41.699 -04:00 [INF] [OpenFreqClient.Services.OpenFreqService] PTT end: Woody (179a68da-a2bc-45c0-9d2b-9f0af5fa49ea) on 339.750 MHz, released
2026-09-26 16:56:41.810 -04:00 [INF] [OpenFreqClient.Services.OpenFreqService] PTT end: Falcon (91c4c764-ac55-4b66-98e4-d070ed54be23) on 280.500 MHz, released
2026-09-26 16:56:45.539 -04:00 [INF] [OpenFreqClient.Services.OpenFreqService] PTT start: Alligator (2af88464-1ea8-4d04-80ba-d98d4f842617) on 280.500 MHz, 3D
2026-09-26 16:56:45.571 -04:00 [INF] [OpenFreq.Common.RtpJitterBuffer] Transmission gap detected (290776ms RTP delta), resetting jitter measurement
2026-09-26 16:56:45.572 -04:00 [INF] [OpenFreqClient.Services.OpenFreqService] RX 280.500 MHz from Alligator (2af88464-1ea8-4d04-80ba-d98d4f842617): -60.9 dBm, SNR 46.1 dB, FSPL 100.9 dB, terrain 0.0 dB, 9.4 km, tx 6401 m / rx 9147 m MSL
2026-09-26 16:56:45.646 -04:00 [INF] [OpenFreq.Common.RtpJitterBuffer] Transmission gap detected (123165ms RTP delta), resetting jitter measurement
2026-09-26 16:56:45.647 -04:00 [INF] [OpenFreqClient.Services.OpenFreqService] PTT start: Knight (f4461c8b-b37f-4d25-a4cb-5da5ffdcefdc) on 280.500 MHz, 3D
2026-09-26 16:56:45.658 -04:00 [INF] [OpenFreqClient.Services.OpenFreqService] RX 280.500 MHz from Knight (f4461c8b-b37f-4d25-a4cb-5da5ffdcefdc): -74.5 dBm, SNR 32.5 dB, FSPL 114.5 dB, terrain 0.0 dB, 45.2 km, tx 4638 m / rx 9147 m MSL
2026-09-26 16:56:46.206 -04:00 [INF] [OpenFreq.Common.RtpJitterBuffer] Late arrival (54ms past slot) — buffer 61→145ms
2026-09-26 16:56:46.206 -04:00 [INF] [OpenFreq.Common.RtpJitterBuffer] Late arrival (28ms past slot) — buffer 40→98ms
2026-09-26 16:56:46.964 -04:00 [INF] [OpenFreqClient.Services.OpenFreqService] PTT end: Alligator (2af88464-1ea8-4d04-80ba-d98d4f842617) on 280.500 MHz, released
2026-09-26 16:56:47.696 -04:00 [INF] [OpenFreqClient.Services.OpenFreqService] PTT end: Knight (f4461c8b-b37f-4d25-a4cb-5da5ffdcefdc) on 280.500 MHz, released
2026-09-26 16:56:49.071 -04:00 [INF] [OpenFreqClient.Services.OpenFreqService] PTT start: SkyFox (43ff3b58-7576-451b-af7c-3b0c94df56b7) on 280.500 MHz, 3D
2026-09-26 16:56:49.073 -04:00 [INF] [OpenFreq.Common.RtpJitterBufferPool] New RTP source: SSRC=63D7FB4B
2026-09-26 16:56:49.073 -04:00 [INF] [OpenFreq.Common.RtpJitterBuffer] Manual buffer size: 150ms
2026-09-26 16:56:49.073 -04:00 [INF] [OpenFreq.Common.RtpAudioReceiver] Source joined:  SSRC=63D7FB4B
2026-09-26 16:56:49.073 -04:00 [INF] [OpenFreq.Common.RtpJitterBuffer] Initialized: buffer=150ms
2026-09-26 16:56:49.224 -04:00 [INF] [OpenFreqClient.Services.OpenFreqService] RX 280.500 MHz from SkyFox (43ff3b58-7576-451b-af7c-3b0c94df56b7): -75.0 dBm, SNR 32.0 dB, FSPL 115.0 dB, terrain 0.0 dB, 47.6 km, tx 6993 m / rx 9147 m MSL
2026-09-26 16:56:52.761 -04:00 [INF] [OpenFreqClient.Services.OpenFreqService] PTT end: SkyFox (43ff3b58-7576-451b-af7c-3b0c94df56b7) on 280.500 MHz, released
2026-09-26 16:57:00.495 -04:00 [INF] [OpenFreqClient.Services.OpenFreqService] PTT start: Wild (d52d332f-8742-40f6-b985-35a908d32642) on 339.750 MHz, 3D
2026-09-26 16:57:00.510 -04:00 [INF] [OpenFreq.Common.RtpJitterBuffer] Transmission gap detected (44766ms RTP delta), resetting jitter measurement
2026-09-26 16:57:00.595 -04:00 [INF] [OpenFreqClient.Services.OpenFreqService] RX 339.750 MHz from Wild (d52d332f-8742-40f6-b985-35a908d32642): -81.3 dBm, SNR 25.7 dB, FSPL 121.3 dB, terrain 0.0 dB, 81.8 km, tx 10507 m / rx 9147 m MSL
2026-09-26 16:57:02.677 -04:00 [INF] [OpenFreqClient.Services.OpenFreqService] PTT start: Falcon (91c4c764-ac55-4b66-98e4-d070ed54be23) on 280.500 MHz, 3D
2026-09-26 16:57:02.689 -04:00 [INF] [OpenFreq.Common.RtpJitterBuffer] Transmission gap detected (20892ms RTP delta), resetting jitter measurement
2026-09-26 16:57:02.745 -04:00 [INF] [OpenFreqClient.Services.OpenFreqService] RX 280.500 MHz from Falcon (91c4c764-ac55-4b66-98e4-d070ed54be23): -69.2 dBm, SNR 37.8 dB, FSPL 109.2 dB, terrain 0.0 dB, 24.6 km, tx 5675 m / rx 9147 m MSL
2026-09-26 16:57:04.334 -04:00 [INF] [OpenFreqClient.Services.OpenFreqService] PTT end: Wild (d52d332f-8742-40f6-b985-35a908d32642) on 339.750 MHz, released
2026-09-26 16:57:07.045 -04:00 [INF] [OpenFreqClient.Services.OpenFreqService] PTT end: Falcon (91c4c764-ac55-4b66-98e4-d070ed54be23) on 280.500 MHz, released
2026-09-26 16:57:07.885 -04:00 [INF] [OpenFreqClient.Services.OpenFreqService] PTT start: own radio on 339.750 MHz
2026-09-26 16:57:09.495 -04:00 [INF] [OpenFreqClient.Services.OpenFreqService] PTT end: own radio on 339.750 MHz
2026-09-26 16:57:09.504 -04:00 [INF] [OpenFreqClient.Services.OpenFreqService] TX level over 1610ms: mic peak -0.0 dBFS rms -13.4 dBFS | sent peak 0.0 dBFS rms -12.1 dBFS | normalizer on, gain 0.887, gate -74.9 dBFS
2026-09-26 16:57:11.711 -04:00 [INF] [OpenFreqClient.Services.OpenFreqService] PTT start: own radio on 280.500 MHz
2026-09-26 16:57:13.725 -04:00 [INF] [OpenFreqClient.Services.OpenFreqService] PTT end: own radio on 280.500 MHz
2026-09-26 16:57:13.734 -04:00 [INF] [OpenFreqClient.Services.OpenFreqService] TX level over 2020ms: mic peak -0.1 dBFS rms -14.2 dBFS | sent peak 0.0 dBFS rms -16.9 dBFS | normalizer on, gain 6.898, gate -60.5 dBFS
2026-09-26 16:57:13.830 -04:00 [INF] [OpenFreqClient.Services.OpenFreqService] PTT start: own radio on 280.500 MHz
2026-09-26 16:57:13.871 -04:00 [INF] [OpenFreqClient.Services.OpenFreqService] PTT end: own radio on 280.500 MHz
2026-09-26 16:57:13.874 -04:00 [INF] [OpenFreqClient.Services.OpenFreqService] TX level over 40ms: mic peak -65.7 dBFS rms -75.2 dBFS | sent peak -48.9 dBFS rms -58.5 dBFS | normalizer on, gain 6.898, gate -61.5 dBFS
2026-09-26 16:57:14.477 -04:00 [INF] [OpenFreqClient.Services.OpenFreqService] PTT start: Woody (179a68da-a2bc-45c0-9d2b-9f0af5fa49ea) on 339.750 MHz, 3D
2026-09-26 16:57:14.496 -04:00 [INF] [OpenFreq.Common.RtpJitterBuffer] Transmission gap detected (32807ms RTP delta), resetting jitter measurement
2026-09-26 16:57:14.546 -04:00 [INF] [OpenFreqClient.Services.OpenFreqService] RX 339.750 MHz from Woody (179a68da-a2bc-45c0-9d2b-9f0af5fa49ea): -57.1 dBm, SNR 49.9 dB, FSPL 97.1 dB, terrain 0.0 dB, 5.0 km, tx 10838 m / rx 9147 m MSL
2026-09-26 16:57:14.889 -04:00 [INF] [OpenFreq.Common.RtpJitterBuffer] Late arrival (3ms past slot) — buffer 103→136ms
2026-09-26 16:57:17.146 -04:00 [INF] [OpenFreqClient.Services.OpenFreqService] PTT end: Woody (179a68da-a2bc-45c0-9d2b-9f0af5fa49ea) on 339.750 MHz, released
2026-09-26 16:57:18.579 -04:00 [INF] [OpenFreqClient.Services.OpenFreqService] PTT start: Falcon (91c4c764-ac55-4b66-98e4-d070ed54be23) on 280.500 MHz, 3D
2026-09-26 16:57:18.600 -04:00 [INF] [OpenFreq.Common.RtpJitterBuffer] Transmission gap detected (11566ms RTP delta), resetting jitter measurement
2026-09-26 16:57:18.649 -04:00 [INF] [OpenFreqClient.Services.OpenFreqService] RX 280.500 MHz from Falcon (91c4c764-ac55-4b66-98e4-d070ed54be23): -69.4 dBm, SNR 37.6 dB, FSPL 109.4 dB, terrain 0.0 dB, 25.1 km, tx 5757 m / rx 9147 m MSL
2026-09-26 16:57:19.383 -04:00 [INF] [OpenFreqClient.Services.OpenFreqService] PTT end: Falcon (91c4c764-ac55-4b66-98e4-d070ed54be23) on 280.500 MHz, released
2026-09-26 16:57:21.012 -04:00 [INF] [OpenFreqClient.Services.OpenFreqService] PTT start: Woody (179a68da-a2bc-45c0-9d2b-9f0af5fa49ea) on 339.750 MHz, 3D
2026-09-26 16:57:21.059 -04:00 [INF] [OpenFreq.Common.RtpJitterBuffer] Transmission gap detected (3904ms RTP delta), resetting jitter measurement
2026-09-26 16:57:21.109 -04:00 [INF] [OpenFreqClient.Services.OpenFreqService] RX 339.750 MHz from Woody (179a68da-a2bc-45c0-9d2b-9f0af5fa49ea): -57.0 dBm, SNR 50.0 dB, FSPL 97.0 dB, terrain 0.0 dB, 5.0 km, tx 11325 m / rx 9147 m MSL
2026-09-26 16:57:22.038 -04:00 [INF] [OpenFreqClient.Services.OpenFreqService] PTT end: Woody (179a68da-a2bc-45c0-9d2b-9f0af5fa49ea) on 339.750 MHz, released
2026-09-26 16:57:33.522 -04:00 [INF] [OpenFreqClient.Services.OpenFreqService] PTT start: own radio on 280.500 MHz
2026-09-26 16:57:34.608 -04:00 [INF] [OpenFreqClient.Services.OpenFreqService] PTT end: own radio on 280.500 MHz
2026-09-26 16:57:34.616 -04:00 [INF] [OpenFreqClient.Services.OpenFreqService] TX level over 1090ms: mic peak -0.9 dBFS rms -19.6 dBFS | sent peak 0.0 dBFS rms -14.9 dBFS | normalizer on, gain 0.735, gate -39.5 dBFS
2026-09-26 16:57:35.111 -04:00 [INF] [OpenFreqClient.Services.OpenFreqService] PTT start: own radio on 339.750 MHz
2026-09-26 16:57:36.174 -04:00 [INF] [OpenFreqClient.Services.OpenFreqService] PTT end: own radio on 339.750 MHz
2026-09-26 16:57:36.174 -04:00 [INF] [OpenFreqClient.Services.OpenFreqService] TX level over 1060ms: mic peak -1.5 dBFS rms -22.1 dBFS | sent peak -3.2 dBFS rms -22.9 dBFS | normalizer on, gain 0.987, gate -38.6 dBFS
2026-09-26 16:57:37.015 -04:00 [INF] [OpenFreqClient.Services.OpenFreqService] PTT start: Falcon (91c4c764-ac55-4b66-98e4-d070ed54be23) on 280.500 MHz, 3D
2026-09-26 16:57:37.027 -04:00 [INF] [OpenFreq.Common.RtpJitterBuffer] Transmission gap detected (17651ms RTP delta), resetting jitter measurement
2026-09-26 16:57:37.076 -04:00 [INF] [OpenFreqClient.Services.OpenFreqService] RX 280.500 MHz from Falcon (91c4c764-ac55-4b66-98e4-d070ed54be23): -69.9 dBm, SNR 37.1 dB, FSPL 109.9 dB, terrain 0.0 dB, 26.6 km, tx 6729 m / rx 9147 m MSL
2026-09-26 16:57:37.224 -04:00 [INF] [OpenFreq.Common.RtpJitterBuffer] Late arrival (8ms past slot) — buffer 74→111ms
2026-09-26 16:57:40.788 -04:00 [INF] [OpenFreqClient.Services.OpenFreqService] PTT end: Falcon (91c4c764-ac55-4b66-98e4-d070ed54be23) on 280.500 MHz, released
2026-09-26 16:57:41.444 -04:00 [INF] [OpenFreqClient.Services.OpenFreqService] PTT start: Rain (fd8e3112-e083-4da8-be92-04d9f9642ebe) on 339.750 MHz, 3D
2026-09-26 16:57:41.459 -04:00 [INF] [OpenFreq.Common.RtpJitterBuffer] Transmission gap detected (89901ms RTP delta), resetting jitter measurement
2026-09-26 16:57:41.510 -04:00 [INF] [OpenFreqClient.Services.OpenFreqService] RX 339.750 MHz from Rain (fd8e3112-e083-4da8-be92-04d9f9642ebe): -68.5 dBm, SNR 38.5 dB, FSPL 108.5 dB, terrain 0.0 dB, 18.6 km, tx 9900 m / rx 9147 m MSL
2026-09-26 16:57:43.668 -04:00 [INF] [OpenFreqClient.Services.OpenFreqService] PTT end: Rain (fd8e3112-e083-4da8-be92-04d9f9642ebe) on 339.750 MHz, released
2026-09-26 16:57:51.655 -04:00 [INF] [OpenFreqClient.Services.OpenFreqService] PTT start: own radio on 339.750 MHz
2026-09-26 16:57:53.941 -04:00 [INF] [OpenFreqClient.Services.OpenFreqService] PTT end: own radio on 339.750 MHz
2026-09-26 16:57:53.944 -04:00 [INF] [OpenFreqClient.Services.OpenFreqService] TX level over 2280ms: mic peak -0.2 dBFS rms -16.3 dBFS | sent peak 0.0 dBFS rms -15.7 dBFS | normalizer on, gain 1.425, gate -60.0 dBFS
2026-09-26 16:57:54.466 -04:00 [INF] [OpenFreqClient.Services.OpenFreqService] PTT start: own radio on 280.500 MHz
2026-09-26 16:57:56.033 -04:00 [INF] [OpenFreqClient.Services.OpenFreqService] PTT end: own radio on 280.500 MHz
2026-09-26 16:57:56.035 -04:00 [INF] [OpenFreqClient.Services.OpenFreqService] TX level over 1560ms: mic peak -0.1 dBFS rms -19.6 dBFS | sent peak 0.0 dBFS rms -15.1 dBFS | normalizer on, gain 8.168, gate -63.2 dBFS
2026-09-26 16:57:57.089 -04:00 [INF] [OpenFreqClient.Services.OpenFreqService] PTT start: Woody (179a68da-a2bc-45c0-9d2b-9f0af5fa49ea) on 339.750 MHz, 3D
2026-09-26 16:57:57.110 -04:00 [INF] [OpenFreq.Common.RtpJitterBuffer] Transmission gap detected (35125ms RTP delta), resetting jitter measurement
2026-09-26 16:57:57.178 -04:00 [INF] [OpenFreqClient.Services.OpenFreqService] RX 339.750 MHz from Woody (179a68da-a2bc-45c0-9d2b-9f0af5fa49ea): -63.6 dBm, SNR 43.4 dB, FSPL 103.6 dB, terrain 0.0 dB, 10.6 km, tx 8444 m / rx 9147 m MSL
2026-09-26 16:57:57.802 -04:00 [INF] [OpenFreq.Common.RtpJitterBuffer] Late arrival (190ms past slot) — buffer 120→340ms
2026-09-26 16:57:57.903 -04:00 [WRN] [OpenFreqAudio.RadioPlayback] Stream 179a68da-a2bc-45c0-9d2b-9f0af5fa49ea:339750 on 339.750 MHz had no samples for 11.0 ms
2026-09-26 16:57:59.940 -04:00 [INF] [OpenFreqClient.Services.OpenFreqService] PTT start: Alligator (2af88464-1ea8-4d04-80ba-d98d4f842617) on 280.500 MHz, 3D
2026-09-26 16:57:59.969 -04:00 [INF] [OpenFreq.Common.RtpJitterBuffer] Transmission gap detected (72995ms RTP delta), resetting jitter measurement
2026-09-26 16:58:00.042 -04:00 [INF] [OpenFreqClient.Services.OpenFreqService] RX 280.500 MHz from Alligator (2af88464-1ea8-4d04-80ba-d98d4f842617): -69.2 dBm, SNR 37.8 dB, FSPL 109.2 dB, terrain 0.0 dB, 24.5 km, tx 2876 m / rx 9147 m MSL
2026-09-26 16:58:00.073 -04:00 [WRN] [OpenFreqAudio.RadioPlayback] Stream 2af88464-1ea8-4d04-80ba-d98d4f842617:280500 on 280.500 MHz had no samples for 10.6 ms
2026-09-26 16:58:00.965 -04:00 [INF] [OpenFreqClient.Services.OpenFreqService] PTT end: Alligator (2af88464-1ea8-4d04-80ba-d98d4f842617) on 280.500 MHz, released
2026-09-26 16:58:01.313 -04:00 [INF] [OpenFreqClient.Services.OpenFreqService] PTT start: Alligator (2af88464-1ea8-4d04-80ba-d98d4f842617) on 280.500 MHz, 3D
2026-09-26 16:58:01.649 -04:00 [INF] [OpenFreqClient.Services.OpenFreqService] PTT end: Woody (179a68da-a2bc-45c0-9d2b-9f0af5fa49ea) on 339.750 MHz, released
2026-09-26 16:58:02.353 -04:00 [INF] [OpenFreqClient.Services.OpenFreqService] PTT end: Alligator (2af88464-1ea8-4d04-80ba-d98d4f842617) on 280.500 MHz, released
2026-09-26 16:58:03.615 -04:00 [INF] [OpenFreqClient.Services.OpenFreqService] PTT start: own radio on 280.500 MHz
2026-09-26 16:58:05.896 -04:00 [INF] [OpenFreqClient.Services.OpenFreqService] PTT end: own radio on 280.500 MHz
2026-09-26 16:58:05.906 -04:00 [INF] [OpenFreqClient.Services.OpenFreqService] TX level over 2290ms: mic peak -0.0 dBFS rms -15.1 dBFS | sent peak 0.0 dBFS rms -12.9 dBFS | normalizer on, gain 0.569, gate -69.9 dBFS
2026-09-26 16:58:06.086 -04:00 [INF] [OpenFreqClient.Services.OpenFreqService] PTT start: own radio on 280.500 MHz
2026-09-26 16:58:06.313 -04:00 [INF] [OpenFreqClient.Services.OpenFreqService] PTT end: own radio on 280.500 MHz
2026-09-26 16:58:06.315 -04:00 [INF] [OpenFreqClient.Services.OpenFreqService] TX level over 220ms: mic peak -5.7 dBFS rms -21.4 dBFS | sent peak -10.6 dBFS rms -26.3 dBFS | normalizer on, gain 0.575, gate -19.8 dBFS
2026-09-26 16:58:06.668 -04:00 [INF] [OpenFreqClient.Services.OpenFreqService] PTT start: own radio on 280.500 MHz
2026-09-26 16:58:06.709 -04:00 [INF] [OpenFreqClient.Services.OpenFreqService] PTT end: own radio on 280.500 MHz
2026-09-26 16:58:06.717 -04:00 [INF] [OpenFreqClient.Services.OpenFreqService] TX level over 40ms: mic peak -30.1 dBFS rms -44.1 dBFS | sent peak -35.0 dBFS rms -48.9 dBFS | normalizer on, gain 0.575, gate -14.0 dBFS
2026-09-26 16:58:07.881 -04:00 [INF] [OpenFreqClient.Services.OpenFreqService] PTT start: own radio on 280.500 MHz
2026-09-26 16:58:07.923 -04:00 [INF] [OpenFreqClient.Services.OpenFreqService] PTT end: own radio on 280.500 MHz
2026-09-26 16:58:07.926 -04:00 [INF] [OpenFreqClient.Services.OpenFreqService] TX level over 40ms: mic peak -76.3 dBFS rms -84.3 dBFS | sent peak -84.3 dBFS rms -92.0 dBFS | normalizer on, gain 0.575, gate -25.0 dBFS
2026-09-26 16:58:08.696 -04:00 [INF] [OpenFreqClient.Services.OpenFreqService] PTT start: own radio on 280.500 MHz
2026-09-26 16:58:09.154 -04:00 [INF] [OpenFreqClient.Services.OpenFreqService] PTT end: own radio on 280.500 MHz
2026-09-26 16:58:09.156 -04:00 [INF] [OpenFreqClient.Services.OpenFreqService] TX level over 450ms: mic peak -4.3 dBFS rms -21.3 dBFS | sent peak -7.4 dBFS rms -24.6 dBFS | normalizer on, gain 0.655, gate -36.3 dBFS
2026-09-26 16:58:16.536 -04:00 [INF] [OpenFreqAudio.RadioPlayback] Stream 'bad80b09-e94d-4c75-9eab-c3ffca19bd3b:339750' on 339.750 MHz
2026-09-26 16:58:26.449 -04:00 [INF] [OpenFreqClient.Services.OpenFreqService] PTT start: Woody (179a68da-a2bc-45c0-9d2b-9f0af5fa49ea) on 339.750 MHz, 3D
2026-09-26 16:58:26.459 -04:00 [INF] [OpenFreq.Common.RtpJitterBuffer] Transmission gap detected (24804ms RTP delta), resetting jitter measurement
2026-09-26 16:58:26.516 -04:00 [INF] [OpenFreqClient.Services.OpenFreqService] RX 339.750 MHz from Woody (179a68da-a2bc-45c0-9d2b-9f0af5fa49ea): -68.5 dBm, SNR 38.5 dB, FSPL 108.5 dB, terrain 0.0 dB, 18.7 km, tx 8943 m / rx 9147 m MSL
2026-09-26 16:58:32.612 -04:00 [INF] [OpenFreqClient.Services.OpenFreqService] PTT start: Kug (e406d0a0-64e6-4450-9ec0-300837b7b89a) on 280.500 MHz, 3D
2026-09-26 16:58:32.634 -04:00 [INF] [OpenFreq.Common.RtpJitterBuffer] Transmission gap detected (291200ms RTP delta), resetting jitter measurement
2026-09-26 16:58:32.648 -04:00 [INF] [OpenFreqClient.Services.OpenFreqService] RX 280.500 MHz from Kug (e406d0a0-64e6-4450-9ec0-300837b7b89a): -68.8 dBm, SNR 38.2 dB, FSPL 108.8 dB, terrain 0.0 dB, 23.4 km, tx 5918 m / rx 9147 m MSL
2026-09-26 16:58:32.714 -04:00 [INF] [OpenFreqClient.Services.OpenFreqService] PTT end: Woody (179a68da-a2bc-45c0-9d2b-9f0af5fa49ea) on 339.750 MHz, released
2026-09-26 16:58:32.760 -04:00 [INF] [OpenFreqClient.Services.OpenFreqService] PTT start: Polaris (4c187006-039a-4fcb-b6df-d456875763f7) on 280.500 MHz, 3D
2026-09-26 16:58:32.786 -04:00 [INF] [OpenFreq.Common.RtpJitterBuffer] Transmission gap detected (288099ms RTP delta), resetting jitter measurement
2026-09-26 16:58:32.831 -04:00 [INF] [OpenFreq.Common.RtpJitterBuffer] Late arrival (3ms past slot) — buffer 45→77ms
2026-09-26 16:58:32.848 -04:00 [INF] [OpenFreqClient.Services.OpenFreqService] RX 280.500 MHz from Polaris (4c187006-039a-4fcb-b6df-d456875763f7): -64.9 dBm, SNR 42.1 dB, FSPL 104.9 dB, terrain 0.0 dB, 14.9 km, tx 5593 m / rx 9147 m MSL
2026-09-26 16:58:33.617 -04:00 [INF] [OpenFreqClient.Services.OpenFreqService] PTT start: own radio on 339.750 MHz
2026-09-26 16:58:33.954 -04:00 [INF] [OpenFreqClient.Services.OpenFreqService] PTT end: own radio on 339.750 MHz
2026-09-26 16:58:33.956 -04:00 [INF] [OpenFreqClient.Services.OpenFreqService] TX level over 330ms: mic peak -49.7 dBFS rms -64.9 dBFS | sent peak -52.7 dBFS rms -67.2 dBFS | normalizer on, gain 7.716, gate -61.3 dBFS
2026-09-26 16:58:35.017 -04:00 [INF] [OpenFreqClient.Services.OpenFreqService] PTT end: Polaris (4c187006-039a-4fcb-b6df-d456875763f7) on 280.500 MHz, released
2026-09-26 16:58:35.872 -04:00 [WRN] [OpenFreqAudio.RadioPlayback] Stream e406d0a0-64e6-4450-9ec0-300837b7b89a:280500 on 280.500 MHz had no samples for 9.5 ms
2026-09-26 16:58:37.926 -04:00 [INF] [OpenFreqClient.Services.OpenFreqService] PTT end: Kug (e406d0a0-64e6-4450-9ec0-300837b7b89a) on 280.500 MHz, released
2026-09-26 16:58:38.501 -04:00 [INF] [OpenFreqClient.Services.OpenFreqService] PTT start: own radio on 339.750 MHz
2026-09-26 16:58:41.083 -04:00 [INF] [OpenFreqClient.Services.OpenFreqService] PTT start: Polaris (4c187006-039a-4fcb-b6df-d456875763f7) on 280.500 MHz, 3D
2026-09-26 16:58:41.104 -04:00 [INF] [OpenFreq.Common.RtpJitterBuffer] Transmission gap detected (6100ms RTP delta), resetting jitter measurement
2026-09-26 16:58:41.150 -04:00 [INF] [OpenFreqClient.Services.OpenFreqService] RX 280.500 MHz from Polaris (4c187006-039a-4fcb-b6df-d456875763f7): -64.9 dBm, SNR 42.1 dB, FSPL 104.9 dB, terrain 0.0 dB, 14.9 km, tx 5539 m / rx 9147 m MSL
2026-09-26 16:58:42.176 -04:00 [INF] [OpenFreq.Common.RtpJitterBuffer] Late arrival (84ms past slot) — buffer 53→167ms
2026-09-26 16:58:42.311 -04:00 [INF] [OpenFreqClient.Services.OpenFreqService] PTT end: own radio on 339.750 MHz
2026-09-26 16:58:42.317 -04:00 [INF] [OpenFreqClient.Services.OpenFreqService] TX level over 3810ms: mic peak 0.0 dBFS rms -15.4 dBFS | sent peak 0.0 dBFS rms -14.6 dBFS | normalizer on, gain 0.781, gate -74.9 dBFS
2026-09-26 16:58:42.856 -04:00 [INF] [OpenFreqClient.Services.OpenFreqService] PTT end: Polaris (4c187006-039a-4fcb-b6df-d456875763f7) on 280.500 MHz, released
2026-09-26 16:58:44.882 -04:00 [INF] [OpenFreqClient.Services.OpenFreqService] PTT start: own radio on 339.750 MHz
2026-09-26 16:58:46.134 -04:00 [INF] [OpenFreqClient.Services.OpenFreqService] PTT end: own radio on 339.750 MHz
2026-09-26 16:58:46.136 -04:00 [INF] [OpenFreqClient.Services.OpenFreqService] TX level over 1250ms: mic peak -0.3 dBFS rms -18.6 dBFS | sent peak 0.0 dBFS rms -17.4 dBFS | normalizer on, gain 1.448, gate -72.9 dBFS
2026-09-26 16:58:48.046 -04:00 [INF] [OpenFreqClient.Services.OpenFreqService] PTT start: Woody (179a68da-a2bc-45c0-9d2b-9f0af5fa49ea) on 339.750 MHz, 3D
2026-09-26 16:58:48.081 -04:00 [INF] [OpenFreq.Common.RtpJitterBuffer] Transmission gap detected (15355ms RTP delta), resetting jitter measurement
2026-09-26 16:58:48.134 -04:00 [INF] [OpenFreqClient.Services.OpenFreqService] RX 339.750 MHz from Woody (179a68da-a2bc-45c0-9d2b-9f0af5fa49ea): -70.8 dBm, SNR 36.2 dB, FSPL 110.8 dB, terrain 0.0 dB, 24.3 km, tx 9598 m / rx 9147 m MSL
2026-09-26 16:58:48.231 -04:00 [WRN] [OpenFreqAudio.RadioPlayback] Stream 179a68da-a2bc-45c0-9d2b-9f0af5fa49ea:339750 on 339.750 MHz had no samples for 9.5 ms
2026-09-26 16:58:48.651 -04:00 [INF] [OpenFreqClient.Services.OpenFreqService] PTT end: Woody (179a68da-a2bc-45c0-9d2b-9f0af5fa49ea) on 339.750 MHz, released
2026-09-26 16:58:49.963 -04:00 [INF] [OpenFreqClient.Services.OpenFreqService] PTT start: Krieger (0b5a8147-b1fa-4307-a8c3-d1087389de25) on 280.500 MHz, 3D
2026-09-26 16:58:49.970 -04:00 [INF] [OpenFreq.Common.RtpJitterBuffer] Transmission gap detected (275750ms RTP delta), resetting jitter measurement
2026-09-26 16:58:50.040 -04:00 [INF] [OpenFreqClient.Services.OpenFreqService] RX 280.500 MHz from Krieger (0b5a8147-b1fa-4307-a8c3-d1087389de25): -71.5 dBm, SNR 35.5 dB, FSPL 111.5 dB, terrain 0.0 dB, 32.0 km, tx 655 m / rx 9147 m MSL
2026-09-26 16:58:50.832 -04:00 [INF] [OpenFreqClient.Services.OpenFreqService] PTT end: Krieger (0b5a8147-b1fa-4307-a8c3-d1087389de25) on 280.500 MHz, released
2026-09-26 16:58:51.620 -04:00 [INF] [OpenFreqClient.Services.OpenFreqService] PTT start: Razgriz (9ac4a3e8-e935-4564-a9e9-54d417e10880) on 280.500 MHz, 3D
2026-09-26 16:58:51.631 -04:00 [INF] [OpenFreq.Common.RtpJitterBuffer] Transmission gap detected (251128ms RTP delta), resetting jitter measurement
2026-09-26 16:58:51.692 -04:00 [INF] [OpenFreqClient.Services.OpenFreqService] RX 280.500 MHz from Razgriz (9ac4a3e8-e935-4564-a9e9-54d417e10880): -77.1 dBm, SNR 29.9 dB, FSPL 117.1 dB, terrain 0.0 dB, 61.1 km, tx 5332 m / rx 9147 m MSL
2026-09-26 16:58:52.017 -04:00 [INF] [OpenFreqClient.Services.OpenFreqService] PTT end: Razgriz (9ac4a3e8-e935-4564-a9e9-54d417e10880) on 280.500 MHz, released
2026-09-26 16:58:53.206 -04:00 [INF] [OpenFreqClient.Services.OpenFreqService] PTT start: Krieger (0b5a8147-b1fa-4307-a8c3-d1087389de25) on 280.500 MHz, 3D
2026-09-26 16:58:53.221 -04:00 [INF] [OpenFreq.Common.RtpJitterBuffer] Transmission gap detected (2388ms RTP delta), resetting jitter measurement
2026-09-26 16:58:53.288 -04:00 [INF] [OpenFreqClient.Services.OpenFreqService] RX 280.500 MHz from Krieger (0b5a8147-b1fa-4307-a8c3-d1087389de25): -71.3 dBm, SNR 35.7 dB, FSPL 111.3 dB, terrain 0.0 dB, 31.1 km, tx 733 m / rx 9147 m MSL
2026-09-26 16:58:53.731 -04:00 [INF] [OpenFreqClient.Services.OpenFreqService] PTT start: Stevie (3f69df0a-0474-4403-96f9-9167afaa52d9) on 280.500 MHz, 3D
2026-09-26 16:58:53.748 -04:00 [INF] [OpenFreq.Common.RtpJitterBufferPool] New RTP source: SSRC=5958BBE0
2026-09-26 16:58:53.748 -04:00 [INF] [OpenFreq.Common.RtpJitterBuffer] Manual buffer size: 150ms
2026-09-26 16:58:53.748 -04:00 [INF] [OpenFreq.Common.RtpAudioReceiver] Source joined:  SSRC=5958BBE0
2026-09-26 16:58:53.748 -04:00 [INF] [OpenFreq.Common.RtpJitterBuffer] Initialized: buffer=150ms
2026-09-26 16:58:53.874 -04:00 [INF] [OpenFreqClient.Services.OpenFreqService] PTT end: Stevie (3f69df0a-0474-4403-96f9-9167afaa52d9) on 280.500 MHz, released
2026-09-26 16:58:53.898 -04:00 [INF] [OpenFreqClient.Services.OpenFreqService] RX 280.500 MHz from Stevie (3f69df0a-0474-4403-96f9-9167afaa52d9): -77.1 dBm, SNR 29.9 dB, FSPL 117.1 dB, terrain 0.0 dB, 60.9 km, tx 1331 m / rx 9147 m MSL
2026-09-26 16:58:54.435 -04:00 [INF] [OpenFreqClient.Services.OpenFreqService] PTT end: Krieger (0b5a8147-b1fa-4307-a8c3-d1087389de25) on 280.500 MHz, released
2026-09-26 16:58:55.319 -04:00 [INF] [OpenFreqClient.Services.OpenFreqService] PTT start: Razgriz (9ac4a3e8-e935-4564-a9e9-54d417e10880) on 280.500 MHz, 3D
2026-09-26 16:58:55.330 -04:00 [INF] [OpenFreq.Common.RtpJitterBuffer] Transmission gap detected (3317ms RTP delta), resetting jitter measurement
2026-09-26 16:58:55.390 -04:00 [INF] [OpenFreqClient.Services.OpenFreqService] RX 280.500 MHz from Razgriz (9ac4a3e8-e935-4564-a9e9-54d417e10880): -77.2 dBm, SNR 29.8 dB, FSPL 117.2 dB, terrain 0.0 dB, 61.9 km, tx 5274 m / rx 9147 m MSL
2026-09-26 16:58:55.777 -04:00 [INF] [OpenFreqClient.Services.OpenFreqService] PTT end: Razgriz (9ac4a3e8-e935-4564-a9e9-54d417e10880) on 280.500 MHz, released
2026-09-26 16:58:56.749 -04:00 [INF] [OpenFreqClient.Services.OpenFreqService] PTT start: Krieger (0b5a8147-b1fa-4307-a8c3-d1087389de25) on 280.500 MHz, 3D
2026-09-26 16:58:56.761 -04:00 [INF] [OpenFreqClient.Services.OpenFreqService] PTT start: Stevie (3f69df0a-0474-4403-96f9-9167afaa52d9) on 280.500 MHz, 3D
2026-09-26 16:58:56.776 -04:00 [INF] [OpenFreq.Common.RtpJitterBuffer] Transmission gap detected (2914ms RTP delta), resetting jitter measurement
2026-09-26 16:58:56.784 -04:00 [INF] [OpenFreq.Common.RtpJitterBuffer] Transmission gap detected (2352ms RTP delta), resetting jitter measurement
2026-09-26 16:58:56.840 -04:00 [INF] [OpenFreqClient.Services.OpenFreqService] RX 280.500 MHz from Krieger (0b5a8147-b1fa-4307-a8c3-d1087389de25): -71.0 dBm, SNR 36.0 dB, FSPL 111.0 dB, terrain 0.0 dB, 30.1 km, tx 814 m / rx 9147 m MSL
2026-09-26 16:58:56.932 -04:00 [INF] [OpenFreqClient.Services.OpenFreqService] RX 280.500 MHz from Stevie (3f69df0a-0474-4403-96f9-9167afaa52d9): -77.2 dBm, SNR 29.8 dB, FSPL 117.2 dB, terrain 0.0 dB, 61.7 km, tx 1399 m / rx 9147 m MSL
2026-09-26 16:58:57.187 -04:00 [INF] [OpenFreqClient.Services.OpenFreqService] PTT end: Krieger (0b5a8147-b1fa-4307-a8c3-d1087389de25) on 280.500 MHz, released
2026-09-26 16:58:57.867 -04:00 [INF] [OpenFreqClient.Services.OpenFreqService] PTT end: Stevie (3f69df0a-0474-4403-96f9-9167afaa52d9) on 280.500 MHz, released
2026-09-26 16:59:11.381 -04:00 [INF] [OpenFreqClient.Services.OpenFreqService] PTT start: Kug (e406d0a0-64e6-4450-9ec0-300837b7b89a) on 280.500 MHz, 3D
2026-09-26 16:59:11.399 -04:00 [INF] [OpenFreq.Common.RtpJitterBuffer] Transmission gap detected (33489ms RTP delta), resetting jitter measurement
2026-09-26 16:59:11.449 -04:00 [INF] [OpenFreqClient.Services.OpenFreqService] RX 280.500 MHz from Kug (e406d0a0-64e6-4450-9ec0-300837b7b89a): -72.1 dBm, SNR 34.9 dB, FSPL 112.1 dB, terrain 0.0 dB, 34.3 km, tx 5638 m / rx 9147 m MSL
2026-09-26 16:59:16.150 -04:00 [INF] [OpenFreqClient.Services.OpenFreqService] PTT end: Kug (e406d0a0-64e6-4450-9ec0-300837b7b89a) on 280.500 MHz, released
2026-09-26 16:59:20.538 -04:00 [INF] [OpenFreqClient.Services.OpenFreqService] PTT start: Woody (179a68da-a2bc-45c0-9d2b-9f0af5fa49ea) on 339.750 MHz, 3D
2026-09-26 16:59:20.576 -04:00 [INF] [OpenFreq.Common.RtpJitterBuffer] Transmission gap detected (31916ms RTP delta), resetting jitter measurement
2026-09-26 16:59:20.631 -04:00 [INF] [OpenFreqClient.Services.OpenFreqService] RX 339.750 MHz from Woody (179a68da-a2bc-45c0-9d2b-9f0af5fa49ea): -73.5 dBm, SNR 33.5 dB, FSPL 113.5 dB, terrain 0.0 dB, 33.2 km, tx 9559 m / rx 9147 m MSL
2026-09-26 16:59:20.862 -04:00 [INF] [OpenFreq.Common.RtpJitterBufferPool] Pruned stale source SSRC=27D099D4
2026-09-26 16:59:20.862 -04:00 [INF] [OpenFreq.Common.RtpAudioReceiver] Source expired: SSRC=27D099D4
2026-09-26 16:59:24.501 -04:00 [INF] [OpenFreqClient.Services.OpenFreqService] PTT end: Woody (179a68da-a2bc-45c0-9d2b-9f0af5fa49ea) on 339.750 MHz, released
2026-09-26 16:59:33.970 -04:00 [INF] [OpenFreqClient.Services.OpenFreqService] PTT start: Razgriz (9ac4a3e8-e935-4564-a9e9-54d417e10880) on 280.500 MHz, 3D
2026-09-26 16:59:33.986 -04:00 [INF] [OpenFreq.Common.RtpJitterBuffer] Transmission gap detected (38215ms RTP delta), resetting jitter measurement
2026-09-26 16:59:34.042 -04:00 [INF] [OpenFreqClient.Services.OpenFreqService] RX 280.500 MHz from Razgriz (9ac4a3e8-e935-4564-a9e9-54d417e10880): -77.2 dBm, SNR 29.8 dB, FSPL 117.2 dB, terrain 0.0 dB, 61.3 km, tx 5288 m / rx 9147 m MSL
2026-09-26 16:59:34.513 -04:00 [WRN] [OpenFreqAudio.RadioPlayback] Stream 9ac4a3e8-e935-4564-a9e9-54d417e10880:280500 on 280.500 MHz had no samples for 10.0 ms
2026-09-26 16:59:35.395 -04:00 [INF] [OpenFreqClient.Services.OpenFreqService] PTT end: Razgriz (9ac4a3e8-e935-4564-a9e9-54d417e10880) on 280.500 MHz, released
2026-09-26 16:59:36.586 -04:00 [INF] [OpenFreqClient.Services.OpenFreqService] PTT start: Krieger (0b5a8147-b1fa-4307-a8c3-d1087389de25) on 280.500 MHz, 3D
2026-09-26 16:59:36.590 -04:00 [INF] [OpenFreq.Common.RtpJitterBuffer] Transmission gap detected (39424ms RTP delta), resetting jitter measurement
2026-09-26 16:59:36.664 -04:00 [INF] [OpenFreqClient.Services.OpenFreqService] RX 280.500 MHz from Krieger (0b5a8147-b1fa-4307-a8c3-d1087389de25): -68.9 dBm, SNR 38.1 dB, FSPL 108.9 dB, terrain 0.0 dB, 23.6 km, tx 642 m / rx 9147 m MSL
2026-09-26 16:59:36.717 -04:00 [WRN] [OpenFreqAudio.RadioPlayback] Stream 0b5a8147-b1fa-4307-a8c3-d1087389de25:280500 on 280.500 MHz had no samples for 14.7 ms
2026-09-26 16:59:37.783 -04:00 [INF] [OpenFreqClient.Services.OpenFreqService] PTT end: Krieger (0b5a8147-b1fa-4307-a8c3-d1087389de25) on 280.500 MHz, released
2026-09-26 16:59:38.406 -04:00 [INF] [OpenFreqClient.Services.OpenFreqService] PTT start: own radio on 339.750 MHz
2026-09-26 16:59:40.350 -04:00 [INF] [OpenFreqClient.Services.OpenFreqService] PTT end: own radio on 339.750 MHz
2026-09-26 16:59:40.358 -04:00 [INF] [OpenFreqClient.Services.OpenFreqService] TX level over 1950ms: mic peak -0.2 dBFS rms -14.8 dBFS | sent peak 0.0 dBFS rms -13.5 dBFS | normalizer on, gain 0.838, gate -62.9 dBFS
2026-09-26 16:59:42.798 -04:00 [INF] [OpenFreqClient.Services.OpenFreqService] PTT start: own radio on 280.500 MHz
2026-09-26 16:59:43.702 -04:00 [INF] [OpenFreqClient.Services.OpenFreqService] PTT end: own radio on 280.500 MHz
2026-09-26 16:59:43.708 -04:00 [INF] [OpenFreqClient.Services.OpenFreqService] TX level over 900ms: mic peak -0.0 dBFS rms -15.0 dBFS | sent peak 0.0 dBFS rms -14.0 dBFS | normalizer on, gain 0.707, gate -66.4 dBFS
2026-09-26 16:59:44.099 -04:00 [INF] [OpenFreqClient.Services.OpenFreqService] PTT start: own radio on 280.500 MHz
2026-09-26 16:59:44.163 -04:00 [INF] [OpenFreqClient.Services.OpenFreqService] PTT end: own radio on 280.500 MHz
2026-09-26 16:59:44.169 -04:00 [INF] [OpenFreqClient.Services.OpenFreqService] TX level over 60ms: mic peak -39.8 dBFS rms -47.6 dBFS | sent peak -42.8 dBFS rms -50.6 dBFS | normalizer on, gain 0.745, gate -27.2 dBFS
2026-09-26 16:59:46.820 -04:00 [INF] [OpenFreqClient.Services.OpenFreqService] PTT start: Woody (179a68da-a2bc-45c0-9d2b-9f0af5fa49ea) on 339.750 MHz, 3D
2026-09-26 16:59:46.841 -04:00 [INF] [OpenFreq.Common.RtpJitterBuffer] Transmission gap detected (22351ms RTP delta), resetting jitter measurement
2026-09-26 16:59:46.906 -04:00 [INF] [OpenFreqClient.Services.OpenFreqService] RX 339.750 MHz from Woody (179a68da-a2bc-45c0-9d2b-9f0af5fa49ea): -74.2 dBm, SNR 32.8 dB, FSPL 114.2 dB, terrain 0.0 dB, 35.8 km, tx 9691 m / rx 9147 m MSL
2026-09-26 16:59:46.977 -04:00 [WRN] [OpenFreqAudio.RadioPlayback] Stream 179a68da-a2bc-45c0-9d2b-9f0af5fa49ea:339750 on 339.750 MHz had no samples for 10.0 ms
2026-09-26 16:59:48.780 -04:00 [INF] [OpenFreqClient.Services.OpenFreqService] PTT end: Woody (179a68da-a2bc-45c0-9d2b-9f0af5fa49ea) on 339.750 MHz, released
2026-09-26 16:59:56.546 -04:00 [INF] [OpenFreqClient.Services.OpenFreqService] PTT start: Razgriz (9ac4a3e8-e935-4564-a9e9-54d417e10880) on 280.500 MHz, 3D
2026-09-26 16:59:56.562 -04:00 [INF] [OpenFreq.Common.RtpJitterBuffer] Transmission gap detected (21176ms RTP delta), resetting jitter measurement
2026-09-26 16:59:56.604 -04:00 [INF] [OpenFreqClient.Services.OpenFreqService] RX 280.500 MHz from Razgriz (9ac4a3e8-e935-4564-a9e9-54d417e10880): -76.4 dBm, SNR 30.6 dB, FSPL 116.4 dB, terrain 0.0 dB, 56.1 km, tx 5783 m / rx 9147 m MSL
2026-09-26 16:59:56.721 -04:00 [INF] [OpenFreqClient.Services.OpenFreqService] PTT end: Razgriz (9ac4a3e8-e935-4564-a9e9-54d417e10880) on 280.500 MHz, released
2026-09-26 17:00:02.864 -04:00 [INF] [OpenFreqClient.Services.OpenFreqService] PTT start: Woody (179a68da-a2bc-45c0-9d2b-9f0af5fa49ea) on 339.750 MHz, 3D
2026-09-26 17:00:02.890 -04:00 [INF] [OpenFreq.Common.RtpJitterBuffer] Transmission gap detected (14109ms RTP delta), resetting jitter measurement
2026-09-26 17:00:02.946 -04:00 [INF] [OpenFreqClient.Services.OpenFreqService] RX 339.750 MHz from Woody (179a68da-a2bc-45c0-9d2b-9f0af5fa49ea): -73.6 dBm, SNR 33.4 dB, FSPL 113.6 dB, terrain 0.0 dB, 33.6 km, tx 9809 m / rx 9147 m MSL
2026-09-26 17:00:03.058 -04:00 [WRN] [OpenFreqAudio.RadioPlayback] Stream 179a68da-a2bc-45c0-9d2b-9f0af5fa49ea:339750 on 339.750 MHz had no samples for 11.5 ms
2026-09-26 17:00:07.870 -04:00 [INF] [OpenFreqClient.Services.OpenFreqService] PTT end: Woody (179a68da-a2bc-45c0-9d2b-9f0af5fa49ea) on 339.750 MHz, released
2026-09-26 17:00:09.220 -04:00 [INF] [OpenFreqClient.Services.OpenFreqService] PTT start: own radio on 339.750 MHz
2026-09-26 17:00:10.372 -04:00 [INF] [OpenFreqClient.Services.OpenFreqService] PTT end: own radio on 339.750 MHz
2026-09-26 17:00:10.380 -04:00 [INF] [OpenFreqClient.Services.OpenFreqService] TX level over 1150ms: mic peak -0.1 dBFS rms -19.4 dBFS | sent peak 0.0 dBFS rms -15.2 dBFS | normalizer on, gain 2.103, gate -63.9 dBFS
2026-09-26 17:00:24.826 -04:00 [INF] [OpenFreqClient.Services.OpenFreqService] PTT start: own radio on 339.750 MHz
2026-09-26 17:00:26.486 -04:00 [INF] [OpenFreqClient.Services.OpenFreqService] PTT end: own radio on 339.750 MHz
2026-09-26 17:00:26.489 -04:00 [INF] [OpenFreqClient.Services.OpenFreqService] TX level over 1660ms: mic peak -0.2 dBFS rms -16.5 dBFS | sent peak 0.0 dBFS rms -18.7 dBFS | normalizer on, gain 0.940, gate -36.7 dBFS
2026-09-26 17:00:35.505 -04:00 [INF] [OpenFreqAudio.RadioPlayback] Stream '43ff3b58-7576-451b-af7c-3b0c94df56b7:339750' on 339.750 MHz
2026-09-26 17:00:54.162 -04:00 [INF] [OpenFreqClient.Services.OpenFreqService] PTT start: own radio on 339.750 MHz
2026-09-26 17:00:54.749 -04:00 [INF] [OpenFreqClient.Services.OpenFreqService] PTT end: own radio on 339.750 MHz
2026-09-26 17:00:54.759 -04:00 [INF] [OpenFreqClient.Services.OpenFreqService] TX level over 590ms: mic peak -55.5 dBFS rms -79.9 dBFS | sent peak -34.6 dBFS rms -60.6 dBFS | normalizer on, gain 18.548, gate -69.1 dBFS
2026-09-26 17:00:54.939 -04:00 [INF] [OpenFreqClient.Services.OpenFreqService] PTT start: own radio on 280.500 MHz
2026-09-26 17:00:59.170 -04:00 [INF] [OpenFreqClient.Services.OpenFreqService] PTT end: own radio on 280.500 MHz
2026-09-26 17:00:59.180 -04:00 [INF] [OpenFreqClient.Services.OpenFreqService] TX level over 4240ms: mic peak -0.0 dBFS rms -18.8 dBFS | sent peak 0.0 dBFS rms -15.9 dBFS | normalizer on, gain 3.520, gate -71.7 dBFS
2026-09-26 17:01:08.572 -04:00 [INF] [OpenFreqClient.Services.OpenFreqService] PTT start: Falcon (91c4c764-ac55-4b66-98e4-d070ed54be23) on 280.500 MHz, 3D
2026-09-26 17:01:08.598 -04:00 [INF] [OpenFreq.Common.RtpJitterBuffer] Transmission gap detected (207794ms RTP delta), resetting jitter measurement
2026-09-26 17:01:08.598 -04:00 [INF] [OpenFreq.Common.RtpJitterBufferPool] Pruned stale source SSRC=7126CAC1
2026-09-26 17:01:08.598 -04:00 [INF] [OpenFreq.Common.RtpAudioReceiver] Source expired: SSRC=7126CAC1
2026-09-26 17:01:08.649 -04:00 [INF] [OpenFreqClient.Services.OpenFreqService] RX 280.500 MHz from Falcon (91c4c764-ac55-4b66-98e4-d070ed54be23): -74.6 dBm, SNR 32.4 dB, FSPL 114.6 dB, terrain 0.0 dB, 45.5 km, tx 8232 m / rx 9147 m MSL
2026-09-26 17:01:12.605 -04:00 [INF] [OpenFreqClient.Services.OpenFreqService] PTT end: Falcon (91c4c764-ac55-4b66-98e4-d070ed54be23) on 280.500 MHz, released
2026-09-26 17:01:16.994 -04:00 [INF] [OpenFreqClient.Services.OpenFreqService] PTT start: Polaris (4c187006-039a-4fcb-b6df-d456875763f7) on 280.500 MHz, 3D
2026-09-26 17:01:17.020 -04:00 [INF] [OpenFreq.Common.RtpJitterBuffer] Transmission gap detected (154172ms RTP delta), resetting jitter measurement
2026-09-26 17:01:17.149 -04:00 [INF] [OpenFreqClient.Services.OpenFreqService] RX 280.500 MHz from Polaris (4c187006-039a-4fcb-b6df-d456875763f7): -68.2 dBm, SNR 38.8 dB, FSPL 108.2 dB, terrain 0.0 dB, 21.8 km, tx 5554 m / rx 9147 m MSL
2026-09-26 17:01:18.865 -04:00 [INF] [OpenFreqClient.Services.OpenFreqService] PTT end: Polaris (4c187006-039a-4fcb-b6df-d456875763f7) on 280.500 MHz, released
2026-09-26 17:01:20.459 -04:00 [INF] [OpenFreqClient.Services.OpenFreqService] PTT start: Paintcheck (9c5f9224-8277-4f34-8da9-dbeb707f0e00) on 280.500 MHz, 3D
2026-09-26 17:01:20.474 -04:00 [INF] [OpenFreq.Common.RtpJitterBufferPool] New RTP source: SSRC=7126CAC1
2026-09-26 17:01:20.474 -04:00 [INF] [OpenFreq.Common.RtpJitterBuffer] Manual buffer size: 150ms
2026-09-26 17:01:20.474 -04:00 [INF] [OpenFreq.Common.RtpAudioReceiver] Source joined:  SSRC=7126CAC1
2026-09-26 17:01:20.474 -04:00 [INF] [OpenFreq.Common.RtpJitterBuffer] Initialized: buffer=150ms
2026-09-26 17:01:20.624 -04:00 [INF] [OpenFreqClient.Services.OpenFreqService] RX 280.500 MHz from Paintcheck (9c5f9224-8277-4f34-8da9-dbeb707f0e00): -73.4 dBm, SNR 33.6 dB, FSPL 113.4 dB, terrain 0.0 dB, 39.7 km, tx 2555 m / rx 9147 m MSL
2026-09-26 17:01:20.695 -04:00 [WRN] [OpenFreqAudio.RadioPlayback] Stream 9c5f9224-8277-4f34-8da9-dbeb707f0e00:280500 on 280.500 MHz had no samples for 10.0 ms
2026-09-26 17:01:21.624 -04:00 [INF] [OpenFreqClient.Services.OpenFreqService] PTT end: Paintcheck (9c5f9224-8277-4f34-8da9-dbeb707f0e00) on 280.500 MHz, released
2026-09-26 17:01:22.690 -04:00 [INF] [OpenFreqClient.Services.OpenFreqService] PTT start: Polaris (4c187006-039a-4fcb-b6df-d456875763f7) on 280.500 MHz, 3D
2026-09-26 17:01:22.712 -04:00 [INF] [OpenFreq.Common.RtpJitterBuffer] Transmission gap detected (3855ms RTP delta), resetting jitter measurement
2026-09-26 17:01:22.770 -04:00 [INF] [OpenFreqClient.Services.OpenFreqService] RX 280.500 MHz from Polaris (4c187006-039a-4fcb-b6df-d456875763f7): -68.6 dBm, SNR 38.4 dB, FSPL 108.6 dB, terrain 0.0 dB, 23.0 km, tx 5563 m / rx 9147 m MSL
2026-09-26 17:01:23.825 -04:00 [INF] [OpenFreqClient.Services.OpenFreqService] PTT end: Polaris (4c187006-039a-4fcb-b6df-d456875763f7) on 280.500 MHz, released
2026-09-26 17:01:24.634 -04:00 [INF] [OpenFreqClient.Services.OpenFreqService] PTT start: Paintcheck (9c5f9224-8277-4f34-8da9-dbeb707f0e00) on 280.500 MHz, 3D
2026-09-26 17:01:24.655 -04:00 [INF] [OpenFreq.Common.RtpJitterBuffer] Transmission gap detected (3036ms RTP delta), resetting jitter measurement
2026-09-26 17:01:24.726 -04:00 [INF] [OpenFreqClient.Services.OpenFreqService] RX 280.500 MHz from Paintcheck (9c5f9224-8277-4f34-8da9-dbeb707f0e00): -73.4 dBm, SNR 33.6 dB, FSPL 113.4 dB, terrain 0.0 dB, 39.6 km, tx 3260 m / rx 9147 m MSL
2026-09-26 17:01:28.349 -04:00 [INF] [OpenFreqClient.Services.OpenFreqService] PTT end: Paintcheck (9c5f9224-8277-4f34-8da9-dbeb707f0e00) on 280.500 MHz, released
2026-09-26 17:01:29.529 -04:00 [INF] [OpenFreqClient.Services.OpenFreqService] PTT start: Paintcheck (9c5f9224-8277-4f34-8da9-dbeb707f0e00) on 280.500 MHz, 3D
2026-09-26 17:01:29.552 -04:00 [INF] [OpenFreq.Common.RtpJitterBuffer] Transmission gap detected (1216ms RTP delta), resetting jitter measurement
2026-09-26 17:01:29.599 -04:00 [INF] [OpenFreqClient.Services.OpenFreqService] RX 280.500 MHz from Paintcheck (9c5f9224-8277-4f34-8da9-dbeb707f0e00): -73.3 dBm, SNR 33.7 dB, FSPL 113.3 dB, terrain 0.0 dB, 39.2 km, tx 3859 m / rx 9147 m MSL
2026-09-26 17:01:29.686 -04:00 [WRN] [OpenFreqAudio.RadioPlayback] Stream 9c5f9224-8277-4f34-8da9-dbeb707f0e00:280500 on 280.500 MHz had no samples for 10.0 ms
2026-09-26 17:01:30.314 -04:00 [INF] [OpenFreqClient.Services.OpenFreqService] PTT end: Paintcheck (9c5f9224-8277-4f34-8da9-dbeb707f0e00) on 280.500 MHz, released
2026-09-26 17:01:34.674 -04:00 [INF] [OpenFreqClient.Services.OpenFreqService] PTT start: Polaris (4c187006-039a-4fcb-b6df-d456875763f7) on 280.500 MHz, 3D
2026-09-26 17:01:34.697 -04:00 [INF] [OpenFreq.Common.RtpJitterBuffer] Transmission gap detected (10864ms RTP delta), resetting jitter measurement
2026-09-26 17:01:34.750 -04:00 [INF] [OpenFreqClient.Services.OpenFreqService] RX 280.500 MHz from Polaris (4c187006-039a-4fcb-b6df-d456875763f7): -69.5 dBm, SNR 37.5 dB, FSPL 109.5 dB, terrain 0.0 dB, 25.5 km, tx 5566 m / rx 9147 m MSL
2026-09-26 17:01:38.964 -04:00 [INF] [OpenFreqClient.Services.OpenFreqService] PTT end: Polaris (4c187006-039a-4fcb-b6df-d456875763f7) on 280.500 MHz, released
2026-09-26 17:01:43.934 -04:00 [INF] [OpenFreqClient.Services.OpenFreqService] PTT start: Paintcheck (9c5f9224-8277-4f34-8da9-dbeb707f0e00) on 280.500 MHz, 3D
2026-09-26 17:01:43.951 -04:00 [INF] [OpenFreq.Common.RtpJitterBuffer] Transmission gap detected (13640ms RTP delta), resetting jitter measurement
2026-09-26 17:01:44.001 -04:00 [INF] [OpenFreqClient.Services.OpenFreqService] RX 280.500 MHz from Paintcheck (9c5f9224-8277-4f34-8da9-dbeb707f0e00): -72.7 dBm, SNR 34.3 dB, FSPL 112.7 dB, terrain 0.0 dB, 36.7 km, tx 4226 m / rx 9147 m MSL
2026-09-26 17:01:44.554 -04:00 [INF] [OpenFreqClient.Services.OpenFreqService] PTT end: Paintcheck (9c5f9224-8277-4f34-8da9-dbeb707f0e00) on 280.500 MHz, released
2026-09-26 17:01:45.369 -04:00 [INF] [OpenFreqClient.Services.OpenFreqService] PTT start: Polaris (4c187006-039a-4fcb-b6df-d456875763f7) on 280.500 MHz, 3D
2026-09-26 17:01:45.374 -04:00 [INF] [OpenFreq.Common.RtpJitterBuffer] Transmission gap detected (6412ms RTP delta), resetting jitter measurement
2026-09-26 17:01:45.426 -04:00 [INF] [OpenFreqClient.Services.OpenFreqService] RX 280.500 MHz from Polaris (4c187006-039a-4fcb-b6df-d456875763f7): -70.3 dBm, SNR 36.7 dB, FSPL 110.3 dB, terrain 0.0 dB, 27.7 km, tx 5576 m / rx 9147 m MSL
2026-09-26 17:01:47.706 -04:00 [INF] [OpenFreq.Common.RtpJitterBufferPool] Pruned stale source SSRC=4209D5F1
2026-09-26 17:01:47.706 -04:00 [INF] [OpenFreq.Common.RtpAudioReceiver] Source expired: SSRC=4209D5F1
2026-09-26 17:01:48.589 -04:00 [INF] [OpenFreqClient.Services.OpenFreqService] PTT start: own radio on 339.750 MHz
2026-09-26 17:01:50.289 -04:00 [INF] [OpenFreqClient.Services.OpenFreqService] PTT end: own radio on 339.750 MHz
2026-09-26 17:01:50.292 -04:00 [INF] [OpenFreqClient.Services.OpenFreqService] TX level over 1700ms: mic peak -0.1 dBFS rms -14.2 dBFS | sent peak 0.0 dBFS rms -13.0 dBFS | normalizer on, gain 0.666, gate -63.1 dBFS
2026-09-26 17:01:50.515 -04:00 [INF] [OpenFreqClient.Services.OpenFreqService] PTT end: Polaris (4c187006-039a-4fcb-b6df-d456875763f7) on 280.500 MHz, released
2026-09-26 17:01:52.473 -04:00 [INF] [OpenFreqClient.Services.OpenFreqService] PTT start: Paintcheck (9c5f9224-8277-4f34-8da9-dbeb707f0e00) on 280.500 MHz, 3D
2026-09-26 17:01:52.497 -04:00 [INF] [OpenFreq.Common.RtpJitterBuffer] Transmission gap detected (7944ms RTP delta), resetting jitter measurement
2026-09-26 17:01:52.545 -04:00 [INF] [OpenFreqClient.Services.OpenFreqService] RX 280.500 MHz from Paintcheck (9c5f9224-8277-4f34-8da9-dbeb707f0e00): -72.3 dBm, SNR 34.7 dB, FSPL 112.3 dB, terrain 0.0 dB, 35.0 km, tx 4469 m / rx 9147 m MSL
2026-09-26 17:01:52.745 -04:00 [INF] [OpenFreq.Common.RtpJitterBufferPool] Pruned stale source SSRC=63D7FB4B
2026-09-26 17:01:52.745 -04:00 [INF] [OpenFreq.Common.RtpAudioReceiver] Source expired: SSRC=63D7FB4B
2026-09-26 17:01:52.858 -04:00 [INF] [OpenFreqClient.Services.OpenFreqService] PTT start: Woody (179a68da-a2bc-45c0-9d2b-9f0af5fa49ea) on 339.750 MHz, 3D
2026-09-26 17:01:52.859 -04:00 [INF] [OpenFreq.Common.RtpJitterBuffer] Transmission gap detected (105008ms RTP delta), resetting jitter measurement
2026-09-26 17:01:52.904 -04:00 [INF] [OpenFreqClient.Services.OpenFreqService] RX 339.750 MHz from Woody (179a68da-a2bc-45c0-9d2b-9f0af5fa49ea): -78.3 dBm, SNR 28.7 dB, FSPL 118.3 dB, terrain 0.0 dB, 57.6 km, tx 10075 m / rx 9147 m MSL
2026-09-26 17:01:53.997 -04:00 [INF] [OpenFreqClient.Services.OpenFreqService] PTT end: Woody (179a68da-a2bc-45c0-9d2b-9f0af5fa49ea) on 339.750 MHz, released
2026-09-26 17:01:55.931 -04:00 [INF] [OpenFreqClient.Services.OpenFreqService] PTT end: Paintcheck (9c5f9224-8277-4f34-8da9-dbeb707f0e00) on 280.500 MHz, released
2026-09-26 17:02:01.102 -04:00 [INF] [OpenFreqClient.Services.OpenFreqService] PTT start: own radio on 280.500 MHz
2026-09-26 17:02:03.281 -04:00 [INF] [OpenFreqClient.Services.OpenFreqService] PTT end: own radio on 280.500 MHz
2026-09-26 17:02:03.282 -04:00 [INF] [OpenFreqClient.Services.OpenFreqService] TX level over 2170ms: mic peak -0.1 dBFS rms -14.0 dBFS | sent peak 0.0 dBFS rms -16.9 dBFS | normalizer on, gain 1.084, gate -51.5 dBFS
2026-09-26 17:02:29.663 -04:00 [INF] [OpenFreqClient.Services.OpenFreqService] PTT start: Razgriz (9ac4a3e8-e935-4564-a9e9-54d417e10880) on 280.500 MHz, 3D
2026-09-26 17:02:29.681 -04:00 [INF] [OpenFreq.Common.RtpJitterBuffer] Transmission gap detected (152960ms RTP delta), resetting jitter measurement
2026-09-26 17:02:29.681 -04:00 [INF] [OpenFreq.Common.RtpJitterBufferPool] Pruned stale source SSRC=4B5FD0E8
2026-09-26 17:02:29.681 -04:00 [INF] [OpenFreq.Common.RtpAudioReceiver] Source expired: SSRC=4B5FD0E8
2026-09-26 17:02:29.724 -04:00 [INF] [OpenFreqClient.Services.OpenFreqService] RX 280.500 MHz from Razgriz (9ac4a3e8-e935-4564-a9e9-54d417e10880): -76.0 dBm, SNR 31.0 dB, FSPL 116.0 dB, terrain 0.0 dB, 53.6 km, tx 6809 m / rx 9147 m MSL
2026-09-26 17:02:30.785 -04:00 [INF] [OpenFreqClient.Services.OpenFreqService] PTT end: Razgriz (9ac4a3e8-e935-4564-a9e9-54d417e10880) on 280.500 MHz, released
2026-09-26 17:02:30.882 -04:00 [INF] [OpenFreqClient.Services.OpenFreqService] PTT start: Razgriz (9ac4a3e8-e935-4564-a9e9-54d417e10880) on 280.500 MHz, 3D
2026-09-26 17:02:30.920 -04:00 [WRN] [OpenFreqAudio.RadioPlayback] Stream 9ac4a3e8-e935-4564-a9e9-54d417e10880:280500 on 280.500 MHz had no samples for 11.0 ms
2026-09-26 17:02:31.889 -04:00 [INF] [OpenFreqClient.Services.OpenFreqService] PTT end: Razgriz (9ac4a3e8-e935-4564-a9e9-54d417e10880) on 280.500 MHz, released
2026-09-26 17:02:38.695 -04:00 [INF] [OpenFreqClient.Services.OpenFreqService] PTT start: Falcon (91c4c764-ac55-4b66-98e4-d070ed54be23) on 280.500 MHz, 3D
2026-09-26 17:02:38.698 -04:00 [INF] [OpenFreq.Common.RtpJitterBuffer] Transmission gap detected (86105ms RTP delta), resetting jitter measurement
2026-09-26 17:02:38.747 -04:00 [INF] [OpenFreqClient.Services.OpenFreqService] RX 280.500 MHz from Falcon (91c4c764-ac55-4b66-98e4-d070ed54be23): -76.6 dBm, SNR 30.4 dB, FSPL 116.6 dB, terrain 0.0 dB, 57.4 km, tx 5474 m / rx 9147 m MSL
2026-09-26 17:02:43.430 -04:00 [INF] [OpenFreqClient.Services.OpenFreqService] PTT end: Falcon (91c4c764-ac55-4b66-98e4-d070ed54be23) on 280.500 MHz, released
2026-09-26 17:02:44.212 -04:00 [INF] [OpenFreqClient.Services.OpenFreqService] PTT start: own radio on 280.500 MHz
2026-09-26 17:02:44.291 -04:00 [INF] [OpenFreqClient.Services.OpenFreqService] PTT start: Woody (179a68da-a2bc-45c0-9d2b-9f0af5fa49ea) on 339.750 MHz, 3D
2026-09-26 17:02:44.309 -04:00 [INF] [OpenFreq.Common.RtpJitterBuffer] Transmission gap detected (50336ms RTP delta), resetting jitter measurement
2026-09-26 17:02:44.309 -04:00 [INF] [OpenFreq.Common.RtpJitterBufferPool] Pruned stale source SSRC=5B49E066
2026-09-26 17:02:44.310 -04:00 [INF] [OpenFreq.Common.RtpAudioReceiver] Source expired: SSRC=5B49E066
2026-09-26 17:02:44.375 -04:00 [INF] [OpenFreqClient.Services.OpenFreqService] RX 339.750 MHz from Woody (179a68da-a2bc-45c0-9d2b-9f0af5fa49ea): -80.1 dBm, SNR 26.9 dB, FSPL 120.1 dB, terrain 0.0 dB, 71.4 km, tx 10302 m / rx 9147 m MSL
2026-09-26 17:02:44.425 -04:00 [INF] [OpenFreqClient.Services.OpenFreqService] PTT start: Rain (fd8e3112-e083-4da8-be92-04d9f9642ebe) on 339.750 MHz, 3D
2026-09-26 17:02:44.436 -04:00 [INF] [OpenFreq.Common.RtpJitterBufferPool] New RTP source: SSRC=5B49E066
2026-09-26 17:02:44.436 -04:00 [INF] [OpenFreq.Common.RtpJitterBuffer] Manual buffer size: 150ms
2026-09-26 17:02:44.436 -04:00 [INF] [OpenFreq.Common.RtpAudioReceiver] Source joined:  SSRC=5B49E066
2026-09-26 17:02:44.436 -04:00 [INF] [OpenFreq.Common.RtpJitterBuffer] Initialized: buffer=150ms
2026-09-26 17:02:44.586 -04:00 [INF] [OpenFreqClient.Services.OpenFreqService] RX 339.750 MHz from Rain (fd8e3112-e083-4da8-be92-04d9f9642ebe): -81.1 dBm, SNR 25.9 dB, FSPL 121.1 dB, terrain 0.0 dB, 79.9 km, tx 10336 m / rx 9147 m MSL
2026-09-26 17:02:44.918 -04:00 [INF] [OpenFreqClient.Services.OpenFreqService] PTT end: Rain (fd8e3112-e083-4da8-be92-04d9f9642ebe) on 339.750 MHz, released
2026-09-26 17:02:45.212 -04:00 [INF] [OpenFreqClient.Services.OpenFreqService] PTT end: own radio on 280.500 MHz
2026-09-26 17:02:45.222 -04:00 [INF] [OpenFreqClient.Services.OpenFreqService] TX level over 1000ms: mic peak -0.4 dBFS rms -23.2 dBFS | sent peak 0.0 dBFS rms -23.1 dBFS | normalizer on, gain 0.694, gate -37.0 dBFS
2026-09-26 17:02:48.119 -04:00 [INF] [OpenFreq.Common.RtpJitterBuffer] Late arrival (25ms past slot) — buffer 124→179ms
2026-09-26 17:02:50.117 -04:00 [INF] [OpenFreqClient.Services.OpenFreqService] PTT end: Woody (179a68da-a2bc-45c0-9d2b-9f0af5fa49ea) on 339.750 MHz, released
2026-09-26 17:02:50.752 -04:00 [INF] [OpenFreqClient.Services.OpenFreqService] PTT start: own radio on 339.750 MHz
2026-09-26 17:02:54.139 -04:00 [INF] [OpenFreqClient.Services.OpenFreqService] PTT end: own radio on 339.750 MHz
2026-09-26 17:02:54.142 -04:00 [INF] [OpenFreqClient.Services.OpenFreqService] TX level over 3380ms: mic peak -0.2 dBFS rms -16.6 dBFS | sent peak 0.0 dBFS rms -19.1 dBFS | normalizer on, gain 1.595, gate -68.4 dBFS
2026-09-26 17:03:02.795 -04:00 [INF] [OpenFreqClient.Services.OpenFreqService] PTT start: Rain (fd8e3112-e083-4da8-be92-04d9f9642ebe) on 339.750 MHz, 3D
2026-09-26 17:03:02.799 -04:00 [INF] [OpenFreq.Common.RtpJitterBuffer] Transmission gap detected (17871ms RTP delta), resetting jitter measurement
2026-09-26 17:03:02.799 -04:00 [INF] [OpenFreq.Common.RtpJitterBufferPool] Pruned stale source SSRC=4EE60C78
2026-09-26 17:03:02.799 -04:00 [INF] [OpenFreq.Common.RtpAudioReceiver] Source expired: SSRC=4EE60C78
2026-09-26 17:03:02.897 -04:00 [INF] [OpenFreqClient.Services.OpenFreqService] RX 339.750 MHz from Rain (fd8e3112-e083-4da8-be92-04d9f9642ebe): -81.6 dBm, SNR 25.4 dB, FSPL 121.6 dB, terrain 0.0 dB, 84.3 km, tx 10403 m / rx 9147 m MSL
2026-09-26 17:03:03.669 -04:00 [WRN] [OpenFreqAudio.RadioPlayback] Stream fd8e3112-e083-4da8-be92-04d9f9642ebe:339750 on 339.750 MHz had no samples for 9.5 ms
2026-09-26 17:03:04.191 -04:00 [INF] [OpenFreqClient.Services.OpenFreqService] PTT start: Knight (f4461c8b-b37f-4d25-a4cb-5da5ffdcefdc) on 280.500 MHz, 3D
2026-09-26 17:03:04.206 -04:00 [INF] [OpenFreq.Common.RtpJitterBufferPool] New RTP source: SSRC=4209D5F1
2026-09-26 17:03:04.206 -04:00 [INF] [OpenFreq.Common.RtpJitterBuffer] Manual buffer size: 150ms
2026-09-26 17:03:04.206 -04:00 [INF] [OpenFreq.Common.RtpAudioReceiver] Source joined:  SSRC=4209D5F1
2026-09-26 17:03:04.206 -04:00 [INF] [OpenFreq.Common.RtpJitterBuffer] Initialized: buffer=150ms
2026-09-26 17:03:04.356 -04:00 [INF] [OpenFreqClient.Services.OpenFreqService] RX 280.500 MHz from Knight (f4461c8b-b37f-4d25-a4cb-5da5ffdcefdc): -74.8 dBm, SNR 32.2 dB, FSPL 114.8 dB, terrain 0.0 dB, 46.9 km, tx 3237 m / rx 9147 m MSL
2026-09-26 17:03:06.014 -04:00 [INF] [OpenFreqClient.Services.OpenFreqService] PTT end: Knight (f4461c8b-b37f-4d25-a4cb-5da5ffdcefdc) on 280.500 MHz, released
2026-09-26 17:03:07.453 -04:00 [INF] [OpenFreq.Common.RtpJitterBuffer] Late arrival (125ms past slot) — buffer 80→235ms
2026-09-26 17:03:07.502 -04:00 [INF] [OpenFreqClient.Services.OpenFreqService] PTT end: Rain (fd8e3112-e083-4da8-be92-04d9f9642ebe) on 339.750 MHz, released
2026-09-26 17:03:53.229 -04:00 [INF] [OpenFreqClient.Services.OpenFreqService] PTT start: Paintcheck (9c5f9224-8277-4f34-8da9-dbeb707f0e00) on 280.500 MHz, 3D
2026-09-26 17:03:53.248 -04:00 [INF] [OpenFreq.Common.RtpJitterBuffer] Transmission gap detected (117332ms RTP delta), resetting jitter measurement
2026-09-26 17:03:53.291 -04:00 [INF] [OpenFreqClient.Services.OpenFreqService] RX 280.500 MHz from Paintcheck (9c5f9224-8277-4f34-8da9-dbeb707f0e00): -74.1 dBm, SNR 32.9 dB, FSPL 114.1 dB, terrain 0.0 dB, 42.9 km, tx 3227 m / rx 9147 m MSL
2026-09-26 17:03:56.926 -04:00 [INF] [OpenFreqClient.Services.OpenFreqService] PTT end: Paintcheck (9c5f9224-8277-4f34-8da9-dbeb707f0e00) on 280.500 MHz, released
2026-09-26 17:03:58.480 -04:00 [INF] [OpenFreqClient.Services.OpenFreqService] PTT start: own radio on 280.500 MHz
2026-09-26 17:03:59.489 -04:00 [INF] [OpenFreqClient.Services.OpenFreqService] PTT end: own radio on 280.500 MHz
2026-09-26 17:03:59.494 -04:00 [INF] [OpenFreqClient.Services.OpenFreqService] TX level over 1010ms: mic peak -0.4 dBFS rms -18.4 dBFS | sent peak 0.0 dBFS rms -11.6 dBFS | normalizer on, gain 1.305, gate -67.7 dBFS
2026-09-26 17:04:11.555 -04:00 [INF] [OpenFreqClient.Services.OpenFreqService] PTT start: Rain (fd8e3112-e083-4da8-be92-04d9f9642ebe) on 339.750 MHz, 3D
2026-09-26 17:04:11.570 -04:00 [INF] [OpenFreq.Common.RtpJitterBuffer] Transmission gap detected (64076ms RTP delta), resetting jitter measurement
2026-09-26 17:04:11.570 -04:00 [INF] [OpenFreq.Common.RtpJitterBufferPool] Pruned stale source SSRC=5958BBE0
2026-09-26 17:04:11.570 -04:00 [INF] [OpenFreq.Common.RtpAudioReceiver] Source expired: SSRC=5958BBE0
2026-09-26 17:04:11.781 -04:00 [INF] [OpenFreqClient.Services.OpenFreqService] RX 339.750 MHz from Rain (fd8e3112-e083-4da8-be92-04d9f9642ebe): -82.9 dBm, SNR 24.1 dB, FSPL 122.9 dB, terrain 0.0 dB, 98.0 km, tx 12530 m / rx 9147 m MSL
2026-09-26 17:04:14.659 -04:00 [INF] [OpenFreqClient.Services.OpenFreqService] PTT end: Rain (fd8e3112-e083-4da8-be92-04d9f9642ebe) on 339.750 MHz, released
2026-09-26 17:04:17.861 -04:00 [INF] [OpenFreqClient.Services.OpenFreqService] PTT start: own radio on 339.750 MHz
2026-09-26 17:04:18.340 -04:00 [INF] [OpenFreqClient.Services.OpenFreqService] PTT end: own radio on 339.750 MHz
2026-09-26 17:04:18.344 -04:00 [INF] [OpenFreqClient.Services.OpenFreqService] TX level over 480ms: mic peak -5.0 dBFS rms -23.7 dBFS | sent peak 0.0 dBFS rms -13.4 dBFS | normalizer on, gain 1.385, gate -58.3 dBFS
2026-09-26 17:04:19.826 -04:00 [INF] [OpenFreqClient.Services.OpenFreqService] PTT start: own radio on 280.500 MHz
2026-09-26 17:04:20.915 -04:00 [INF] [OpenFreqClient.Services.OpenFreqService] PTT end: own radio on 280.500 MHz
2026-09-26 17:04:20.924 -04:00 [INF] [OpenFreqClient.Services.OpenFreqService] TX level over 1090ms: mic peak -0.0 dBFS rms -14.8 dBFS | sent peak 0.0 dBFS rms -16.3 dBFS | normalizer on, gain 1.312, gate -55.7 dBFS
2026-09-26 17:04:25.557 -04:00 [INF] [OpenFreqClient.Services.OpenFreqService] PTT start: Krieger (0b5a8147-b1fa-4307-a8c3-d1087389de25) on 280.500 MHz, 3D
2026-09-26 17:04:25.567 -04:00 [INF] [OpenFreq.Common.RtpJitterBuffer] Transmission gap detected (287797ms RTP delta), resetting jitter measurement
2026-09-26 17:04:25.567 -04:00 [INF] [OpenFreq.Common.RtpJitterBufferPool] Pruned stale source SSRC=141FC2A9
2026-09-26 17:04:25.567 -04:00 [INF] [OpenFreq.Common.RtpAudioReceiver] Source expired: SSRC=141FC2A9
2026-09-26 17:04:25.641 -04:00 [INF] [OpenFreqClient.Services.OpenFreqService] RX 280.500 MHz from Krieger (0b5a8147-b1fa-4307-a8c3-d1087389de25): -74.2 dBm, SNR 32.8 dB, FSPL 114.2 dB, terrain 0.0 dB, 43.5 km, tx 836 m / rx 9147 m MSL
2026-09-26 17:04:27.047 -04:00 [INF] [OpenFreqClient.Services.OpenFreqService] PTT end: Krieger (0b5a8147-b1fa-4307-a8c3-d1087389de25) on 280.500 MHz, released
2026-09-26 17:04:28.521 -04:00 [INF] [OpenFreqClient.Services.OpenFreqService] PTT start: own radio on 339.750 MHz
2026-09-26 17:04:29.275 -04:00 [INF] [OpenFreqClient.Services.OpenFreqService] PTT end: own radio on 339.750 MHz
2026-09-26 17:04:29.285 -04:00 [INF] [OpenFreqClient.Services.OpenFreqService] TX level over 760ms: mic peak -1.8 dBFS rms -21.6 dBFS | sent peak 0.0 dBFS rms -12.1 dBFS | normalizer on, gain 1.537, gate -86.2 dBFS
2026-09-26 17:04:29.595 -04:00 [INF] [OpenFreqClient.Services.OpenFreqService] PTT start: Knight (f4461c8b-b37f-4d25-a4cb-5da5ffdcefdc) on 280.500 MHz, 3D
2026-09-26 17:04:29.616 -04:00 [INF] [OpenFreq.Common.RtpJitterBuffer] Transmission gap detected (83608ms RTP delta), resetting jitter measurement
2026-09-26 17:04:29.669 -04:00 [INF] [OpenFreqClient.Services.OpenFreqService] RX 280.500 MHz from Knight (f4461c8b-b37f-4d25-a4cb-5da5ffdcefdc): -75.9 dBm, SNR 31.1 dB, FSPL 115.9 dB, terrain 0.0 dB, 52.8 km, tx 1757 m / rx 9147 m MSL
2026-09-26 17:04:30.326 -04:00 [INF] [OpenFreq.Common.RtpJitterBuffer] Transmission gap detected (15672ms RTP delta), resetting jitter measurement
2026-09-26 17:04:30.326 -04:00 [INF] [OpenFreqClient.Services.OpenFreqService] PTT start: Rain (fd8e3112-e083-4da8-be92-04d9f9642ebe) on 339.750 MHz, 3D
2026-09-26 17:04:30.398 -04:00 [INF] [OpenFreqClient.Services.OpenFreqService] RX 339.750 MHz from Rain (fd8e3112-e083-4da8-be92-04d9f9642ebe): -83.4 dBm, SNR 23.6 dB, FSPL 123.4 dB, terrain 0.0 dB, 103.7 km, tx 12543 m / rx 9147 m MSL
2026-09-26 17:04:30.681 -04:00 [INF] [OpenFreqAudio.RadioPlayback] Stream '034f2d4f-8a1e-4d37-b81b-90f8690d9187:339750' on 339.750 MHz
2026-09-26 17:04:30.726 -04:00 [INF] [OpenFreqClient.Services.OpenFreqService] PTT end: Rain (fd8e3112-e083-4da8-be92-04d9f9642ebe) on 339.750 MHz, released
2026-09-26 17:04:30.963 -04:00 [WRN] [OpenFreqAudio.RadioPlayback] Stream f4461c8b-b37f-4d25-a4cb-5da5ffdcefdc:280500 on 280.500 MHz had no samples for 10.3 ms
2026-09-26 17:04:33.605 -04:00 [INF] [OpenFreqClient.Services.OpenFreqService] PTT end: Knight (f4461c8b-b37f-4d25-a4cb-5da5ffdcefdc) on 280.500 MHz, released
2026-09-26 17:04:34.229 -04:00 [INF] [OpenFreqClient.Services.OpenFreqService] PTT start: Rain (fd8e3112-e083-4da8-be92-04d9f9642ebe) on 339.750 MHz, 3D
2026-09-26 17:04:34.244 -04:00 [INF] [OpenFreq.Common.RtpJitterBuffer] Transmission gap detected (3516ms RTP delta), resetting jitter measurement
2026-09-26 17:04:34.311 -04:00 [INF] [OpenFreqClient.Services.OpenFreqService] RX 339.750 MHz from Rain (fd8e3112-e083-4da8-be92-04d9f9642ebe): -83.5 dBm, SNR 23.5 dB, FSPL 123.5 dB, terrain 0.0 dB, 105.1 km, tx 12541 m / rx 9147 m MSL
2026-09-26 17:04:34.395 -04:00 [INF] [OpenFreqClient.Services.OpenFreqService] PTT start: Alligator (2af88464-1ea8-4d04-80ba-d98d4f842617) on 280.500 MHz, 3D
2026-09-26 17:04:34.397 -04:00 [INF] [OpenFreq.Common.RtpJitterBufferPool] New RTP source: SSRC=4EE60C78
2026-09-26 17:04:34.397 -04:00 [INF] [OpenFreq.Common.RtpJitterBuffer] Manual buffer size: 150ms
2026-09-26 17:04:34.397 -04:00 [INF] [OpenFreq.Common.RtpAudioReceiver] Source joined:  SSRC=4EE60C78
2026-09-26 17:04:34.397 -04:00 [INF] [OpenFreq.Common.RtpJitterBuffer] Initialized: buffer=150ms
2026-09-26 17:04:34.547 -04:00 [INF] [OpenFreqClient.Services.OpenFreqService] RX 280.500 MHz from Alligator (2af88464-1ea8-4d04-80ba-d98d4f842617): -77.0 dBm, SNR 30.0 dB, FSPL 117.0 dB, terrain 0.0 dB, 60.0 km, tx 738 m / rx 9147 m MSL
2026-09-26 17:04:35.123 -04:00 [INF] [OpenFreqClient.Services.OpenFreqService] PTT end: Rain (fd8e3112-e083-4da8-be92-04d9f9642ebe) on 339.750 MHz, released
2026-09-26 17:04:37.282 -04:00 [INF] [OpenFreqClient.Services.OpenFreqService] PTT end: Alligator (2af88464-1ea8-4d04-80ba-d98d4f842617) on 280.500 MHz, released
2026-09-26 17:04:41.732 -04:00 [INF] [OpenFreqClient.Services.OpenFreqService] PTT start: Razgriz (9ac4a3e8-e935-4564-a9e9-54d417e10880) on 280.500 MHz, 3D
2026-09-26 17:04:41.741 -04:00 [INF] [OpenFreq.Common.RtpJitterBuffer] Transmission gap detected (129868ms RTP delta), resetting jitter measurement
2026-09-26 17:04:41.795 -04:00 [INF] [OpenFreqClient.Services.OpenFreqService] RX 280.500 MHz from Razgriz (9ac4a3e8-e935-4564-a9e9-54d417e10880): -75.9 dBm, SNR 31.1 dB, FSPL 115.9 dB, terrain 0.0 dB, 52.9 km, tx 6293 m / rx 9147 m MSL
2026-09-26 17:04:42.883 -04:00 [INF] [OpenFreqClient.Services.OpenFreqService] PTT end: Razgriz (9ac4a3e8-e935-4564-a9e9-54d417e10880) on 280.500 MHz, released
2026-09-26 17:04:50.348 -04:00 [INF] [OpenFreq.Common.RtpJitterBuffer] Transmission gap detected (23309ms RTP delta), resetting jitter measurement
2026-09-26 17:04:50.348 -04:00 [INF] [OpenFreqClient.Services.OpenFreqService] PTT start: Krieger (0b5a8147-b1fa-4307-a8c3-d1087389de25) on 280.500 MHz, 3D
2026-09-26 17:04:50.411 -04:00 [INF] [OpenFreqClient.Services.OpenFreqService] RX 280.500 MHz from Krieger (0b5a8147-b1fa-4307-a8c3-d1087389de25): -73.0 dBm, SNR 34.0 dB, FSPL 113.0 dB, terrain 0.0 dB, 38.1 km, tx 958 m / rx 9147 m MSL
2026-09-26 17:04:52.449 -04:00 [INF] [OpenFreqClient.Services.OpenFreqService] PTT end: Krieger (0b5a8147-b1fa-4307-a8c3-d1087389de25) on 280.500 MHz, released
2026-09-26 17:04:53.568 -04:00 [INF] [OpenFreqClient.Services.OpenFreqService] PTT start: Razgriz (9ac4a3e8-e935-4564-a9e9-54d417e10880) on 280.500 MHz, 3D
2026-09-26 17:04:53.582 -04:00 [INF] [OpenFreq.Common.RtpJitterBuffer] Transmission gap detected (10699ms RTP delta), resetting jitter measurement
2026-09-26 17:04:53.627 -04:00 [INF] [OpenFreqClient.Services.OpenFreqService] RX 280.500 MHz from Razgriz (9ac4a3e8-e935-4564-a9e9-54d417e10880): -76.2 dBm, SNR 30.8 dB, FSPL 116.2 dB, terrain 0.0 dB, 55.0 km, tx 6055 m / rx 9147 m MSL
2026-09-26 17:04:54.784 -04:00 [INF] [OpenFreqClient.Services.OpenFreqService] PTT end: Razgriz (9ac4a3e8-e935-4564-a9e9-54d417e10880) on 280.500 MHz, released
2026-09-26 17:04:55.648 -04:00 [INF] [OpenFreqClient.Services.OpenFreqService] PTT start: Krieger (0b5a8147-b1fa-4307-a8c3-d1087389de25) on 280.500 MHz, 3D
2026-09-26 17:04:55.663 -04:00 [INF] [OpenFreq.Common.RtpJitterBuffer] Transmission gap detected (3228ms RTP delta), resetting jitter measurement
2026-09-26 17:04:55.738 -04:00 [INF] [OpenFreqClient.Services.OpenFreqService] RX 280.500 MHz from Krieger (0b5a8147-b1fa-4307-a8c3-d1087389de25): -72.8 dBm, SNR 34.2 dB, FSPL 112.8 dB, terrain 0.0 dB, 37.0 km, tx 974 m / rx 9147 m MSL
2026-09-26 17:04:56.700 -04:00 [INF] [OpenFreqClient.Services.OpenFreqService] PTT start: Woody (179a68da-a2bc-45c0-9d2b-9f0af5fa49ea) on 339.750 MHz, 3D
2026-09-26 17:04:56.710 -04:00 [INF] [OpenFreq.Common.RtpJitterBuffer] Transmission gap detected (126601ms RTP delta), resetting jitter measurement
2026-09-26 17:04:56.772 -04:00 [INF] [OpenFreqClient.Services.OpenFreqService] PTT end: Krieger (0b5a8147-b1fa-4307-a8c3-d1087389de25) on 280.500 MHz, released
2026-09-26 17:04:56.773 -04:00 [INF] [OpenFreqClient.Services.OpenFreqService] RX 339.750 MHz from Woody (179a68da-a2bc-45c0-9d2b-9f0af5fa49ea): -83.8 dBm, SNR 23.2 dB, FSPL 123.8 dB, terrain 0.0 dB, 108.3 km, tx 10620 m / rx 9147 m MSL
2026-09-26 17:04:57.879 -04:00 [INF] [OpenFreq.Common.RtpJitterBuffer] Late arrival (6ms past slot) — buffer 121→157ms
2026-09-26 17:04:59.055 -04:00 [INF] [OpenFreqClient.Services.OpenFreqService] PTT start: Paintcheck (9c5f9224-8277-4f34-8da9-dbeb707f0e00) on 280.500 MHz, 3D
2026-09-26 17:04:59.068 -04:00 [INF] [OpenFreq.Common.RtpJitterBuffer] Transmission gap detected (62164ms RTP delta), resetting jitter measurement
2026-09-26 17:04:59.128 -04:00 [INF] [OpenFreqClient.Services.OpenFreqService] RX 280.500 MHz from Paintcheck (9c5f9224-8277-4f34-8da9-dbeb707f0e00): -73.0 dBm, SNR 34.0 dB, FSPL 113.0 dB, terrain 0.0 dB, 38.1 km, tx 5381 m / rx 9147 m MSL
2026-09-26 17:04:59.584 -04:00 [INF] [OpenFreqClient.Services.OpenFreqService] PTT end: Woody (179a68da-a2bc-45c0-9d2b-9f0af5fa49ea) on 339.750 MHz, released
2026-09-26 17:05:00.504 -04:00 [INF] [OpenFreqClient.Services.OpenFreqService] PTT start: Woody (179a68da-a2bc-45c0-9d2b-9f0af5fa49ea) on 339.750 MHz, 3D
2026-09-26 17:05:00.526 -04:00 [INF] [OpenFreq.Common.RtpJitterBuffer] Transmission gap detected (947ms RTP delta), resetting jitter measurement
2026-09-26 17:05:00.581 -04:00 [INF] [OpenFreqClient.Services.OpenFreqService] RX 339.750 MHz from Woody (179a68da-a2bc-45c0-9d2b-9f0af5fa49ea): -83.8 dBm, SNR 23.2 dB, FSPL 123.8 dB, terrain 0.0 dB, 109.2 km, tx 10628 m / rx 9147 m MSL
2026-09-26 17:05:00.636 -04:00 [WRN] [OpenFreqAudio.RadioPlayback] Stream 179a68da-a2bc-45c0-9d2b-9f0af5fa49ea:339750 on 339.750 MHz had no samples for 14.6 ms
2026-09-26 17:05:02.476 -04:00 [INF] [OpenFreqClient.Services.OpenFreqService] PTT end: Paintcheck (9c5f9224-8277-4f34-8da9-dbeb707f0e00) on 280.500 MHz, released
2026-09-26 17:05:02.604 -04:00 [INF] [OpenFreq.Common.RtpJitterBuffer] Late arrival (3ms past slot) — buffer 123→156ms
2026-09-26 17:05:03.766 -04:00 [INF] [OpenFreqClient.Services.OpenFreqService] PTT end: Woody (179a68da-a2bc-45c0-9d2b-9f0af5fa49ea) on 339.750 MHz, released
2026-09-26 17:05:04.104 -04:00 [INF] [OpenFreqClient.Services.OpenFreqService] PTT start: Woody (179a68da-a2bc-45c0-9d2b-9f0af5fa49ea) on 339.750 MHz, 3D
2026-09-26 17:05:07.112 -04:00 [INF] [OpenFreqClient.Services.OpenFreqService] PTT end: Woody (179a68da-a2bc-45c0-9d2b-9f0af5fa49ea) on 339.750 MHz, released
2026-09-26 17:05:08.379 -04:00 [INF] [OpenFreqClient.Services.OpenFreqService] PTT start: own radio on 280.500 MHz
2026-09-26 17:05:12.515 -04:00 [INF] [OpenFreqClient.Services.OpenFreqService] PTT end: own radio on 280.500 MHz
2026-09-26 17:05:12.526 -04:00 [INF] [OpenFreqClient.Services.OpenFreqService] TX level over 4140ms: mic peak -0.0 dBFS rms -13.5 dBFS | sent peak 0.0 dBFS rms -14.0 dBFS | normalizer on, gain 0.900, gate -62.6 dBFS
2026-09-26 17:05:13.398 -04:00 [INF] [OpenFreqClient.Services.OpenFreqService] PTT start: own radio on 339.750 MHz
2026-09-26 17:05:16.497 -04:00 [INF] [OpenFreqClient.Services.OpenFreqService] PTT end: own radio on 339.750 MHz
2026-09-26 17:05:16.506 -04:00 [INF] [OpenFreqClient.Services.OpenFreqService] TX level over 3100ms: mic peak -0.1 dBFS rms -16.2 dBFS | sent peak 0.0 dBFS rms -18.6 dBFS | normalizer on, gain 2.530, gate -47.9 dBFS
2026-09-26 17:05:17.684 -04:00 [INF] [OpenFreq.Common.RtpJitterBuffer] Transmission gap detected (10572ms RTP delta), resetting jitter measurement
2026-09-26 17:05:17.684 -04:00 [INF] [OpenFreqClient.Services.OpenFreqService] PTT start: Woody (179a68da-a2bc-45c0-9d2b-9f0af5fa49ea) on 339.750 MHz, 3D
2026-09-26 17:05:17.727 -04:00 [INF] [OpenFreqClient.Services.OpenFreqService] RX 339.750 MHz from Woody (179a68da-a2bc-45c0-9d2b-9f0af5fa49ea): -84.1 dBm, SNR 22.9 dB, FSPL 124.1 dB, terrain 0.0 dB, 113.2 km, tx 10652 m / rx 9147 m MSL
2026-09-26 17:05:18.278 -04:00 [INF] [OpenFreqClient.Services.OpenFreqService] PTT end: Woody (179a68da-a2bc-45c0-9d2b-9f0af5fa49ea) on 339.750 MHz, released
2026-09-26 17:05:19.248 -04:00 [INF] [OpenFreqClient.Services.OpenFreqService] PTT start: Wild (d52d332f-8742-40f6-b985-35a908d32642) on 339.750 MHz, 3D
2026-09-26 17:05:19.259 -04:00 [INF] [OpenFreq.Common.RtpJitterBufferPool] New RTP source: SSRC=4B5FD0E8
2026-09-26 17:05:19.259 -04:00 [INF] [OpenFreq.Common.RtpJitterBuffer] Manual buffer size: 150ms
2026-09-26 17:05:19.259 -04:00 [INF] [OpenFreq.Common.RtpAudioReceiver] Source joined:  SSRC=4B5FD0E8
2026-09-26 17:05:19.259 -04:00 [INF] [OpenFreq.Common.RtpJitterBuffer] Initialized: buffer=150ms
2026-09-26 17:05:19.409 -04:00 [INF] [OpenFreqClient.Services.OpenFreqService] RX 339.750 MHz from Wild (d52d332f-8742-40f6-b985-35a908d32642): -78.1 dBm, SNR 28.9 dB, FSPL 118.1 dB, terrain 0.0 dB, 56.4 km, tx 12748 m / rx 9147 m MSL
2026-09-26 17:05:20.249 -04:00 [INF] [OpenFreqClient.Services.OpenFreqService] PTT end: Wild (d52d332f-8742-40f6-b985-35a908d32642) on 339.750 MHz, released
2026-09-26 17:05:25.787 -04:00 [INF] [OpenFreqClient.Services.OpenFreqService] PTT start: own radio on 280.500 MHz
2026-09-26 17:05:27.695 -04:00 [INF] [OpenFreqClient.Services.OpenFreqService] PTT start: Wild (d52d332f-8742-40f6-b985-35a908d32642) on 339.750 MHz, 3D
2026-09-26 17:05:27.715 -04:00 [INF] [OpenFreq.Common.RtpJitterBuffer] Transmission gap detected (7488ms RTP delta), resetting jitter measurement
2026-09-26 17:05:27.793 -04:00 [INF] [OpenFreqClient.Services.OpenFreqService] RX 339.750 MHz from Wild (d52d332f-8742-40f6-b985-35a908d32642): -78.0 dBm, SNR 29.0 dB, FSPL 118.0 dB, terrain 0.0 dB, 55.8 km, tx 12594 m / rx 9147 m MSL
2026-09-26 17:05:28.026 -04:00 [WRN] [OpenFreqAudio.RadioPlayback] Stream d52d332f-8742-40f6-b985-35a908d32642:339750 on 339.750 MHz had no samples for 14.6 ms
2026-09-26 17:05:29.331 -04:00 [INF] [OpenFreqClient.Services.OpenFreqService] PTT end: Wild (d52d332f-8742-40f6-b985-35a908d32642) on 339.750 MHz, released
2026-09-26 17:05:29.331 -04:00 [INF] [OpenFreqClient.Services.OpenFreqService] PTT end: own radio on 280.500 MHz
2026-09-26 17:05:29.337 -04:00 [INF] [OpenFreqClient.Services.OpenFreqService] TX level over 3540ms: mic peak -0.1 dBFS rms -13.0 dBFS | sent peak 0.0 dBFS rms -17.7 dBFS | normalizer on, gain 0.606, gate -51.3 dBFS
2026-09-26 17:05:31.128 -04:00 [INF] [OpenFreqClient.Services.OpenFreqService] PTT start: Falcon (91c4c764-ac55-4b66-98e4-d070ed54be23) on 280.500 MHz, 3D
2026-09-26 17:05:31.152 -04:00 [INF] [OpenFreq.Common.RtpJitterBuffer] Transmission gap detected (167739ms RTP delta), resetting jitter measurement
2026-09-26 17:05:31.193 -04:00 [INF] [OpenFreqClient.Services.OpenFreqService] RX 280.500 MHz from Falcon (91c4c764-ac55-4b66-98e4-d070ed54be23): -70.6 dBm, SNR 36.4 dB, FSPL 110.6 dB, terrain 0.0 dB, 28.9 km, tx 8553 m / rx 9147 m MSL
2026-09-26 17:05:31.306 -04:00 [WRN] [OpenFreqAudio.RadioPlayback] Stream 91c4c764-ac55-4b66-98e4-d070ed54be23:280500 on 280.500 MHz had no samples for 14.6 ms
2026-09-26 17:05:32.757 -04:00 [INF] [OpenFreq.Common.RtpJitterBuffer] Late arrival (4ms past slot) — buffer 92→127ms
2026-09-26 17:05:36.197 -04:00 [INF] [OpenFreqClient.Services.OpenFreqService] PTT end: Falcon (91c4c764-ac55-4b66-98e4-d070ed54be23) on 280.500 MHz, released
2026-09-26 17:05:38.763 -04:00 [INF] [OpenFreqClient.Services.OpenFreqService] PTT start: own radio on 280.500 MHz
2026-09-26 17:05:41.123 -04:00 [INF] [OpenFreqClient.Services.OpenFreqService] PTT end: own radio on 280.500 MHz
2026-09-26 17:05:41.127 -04:00 [INF] [OpenFreqClient.Services.OpenFreqService] TX level over 2360ms: mic peak 0.0 dBFS rms -12.4 dBFS | sent peak 0.0 dBFS rms -18.1 dBFS | normalizer on, gain 0.598, gate -77.0 dBFS
2026-09-26 17:05:41.207 -04:00 [INF] [OpenFreqClient.Services.OpenFreqService] PTT start: own radio on 280.500 MHz
2026-09-26 17:05:41.249 -04:00 [INF] [OpenFreqClient.Services.OpenFreqService] PTT end: own radio on 280.500 MHz
2026-09-26 17:05:41.257 -04:00 [INF] [OpenFreqClient.Services.OpenFreqService] TX level over 50ms: mic peak -9.3 dBFS rms -19.4 dBFS | sent peak -13.7 dBFS rms -23.9 dBFS | normalizer on, gain 0.598, gate -14.4 dBFS
2026-09-26 17:05:42.310 -04:00 [INF] [OpenFreqClient.Services.OpenFreqService] PTT start: Falcon (91c4c764-ac55-4b66-98e4-d070ed54be23) on 280.500 MHz, 3D
2026-09-26 17:05:42.335 -04:00 [INF] [OpenFreq.Common.RtpJitterBuffer] Transmission gap detected (6144ms RTP delta), resetting jitter measurement
2026-09-26 17:05:42.370 -04:00 [INF] [OpenFreqClient.Services.OpenFreqService] RX 280.500 MHz from Falcon (91c4c764-ac55-4b66-98e4-d070ed54be23): -71.3 dBm, SNR 35.7 dB, FSPL 111.3 dB, terrain 0.0 dB, 31.3 km, tx 8344 m / rx 9147 m MSL
2026-09-26 17:05:42.760 -04:00 [INF] [OpenFreq.Common.RtpJitterBuffer] Late arrival (10ms past slot) — buffer 86→126ms
2026-09-26 17:05:43.690 -04:00 [INF] [OpenFreqClient.Services.OpenFreqService] PTT end: Falcon (91c4c764-ac55-4b66-98e4-d070ed54be23) on 280.500 MHz, released
2026-09-26 17:05:48.212 -04:00 [INF] [OpenFreqClient.Services.OpenFreqService] PTT start: own radio on 339.750 MHz
2026-09-26 17:05:50.154 -04:00 [INF] [OpenFreqClient.Services.OpenFreqService] PTT end: own radio on 339.750 MHz
2026-09-26 17:05:50.157 -04:00 [INF] [OpenFreqClient.Services.OpenFreqService] TX level over 1940ms: mic peak -0.2 dBFS rms -16.5 dBFS | sent peak 0.0 dBFS rms -18.5 dBFS | normalizer on, gain 1.250, gate -64.3 dBFS
2026-09-26 17:05:51.659 -04:00 [INF] [OpenFreqClient.Services.OpenFreqService] PTT start: Paintcheck (9c5f9224-8277-4f34-8da9-dbeb707f0e00) on 280.500 MHz, 3D
2026-09-26 17:05:51.660 -04:00 [INF] [OpenFreq.Common.RtpJitterBuffer] Transmission gap detected (49192ms RTP delta), resetting jitter measurement
2026-09-26 17:05:51.714 -04:00 [INF] [OpenFreqClient.Services.OpenFreqService] RX 280.500 MHz from Paintcheck (9c5f9224-8277-4f34-8da9-dbeb707f0e00): -74.3 dBm, SNR 32.7 dB, FSPL 114.3 dB, terrain 0.0 dB, 44.1 km, tx 5706 m / rx 9147 m MSL
2026-09-26 17:05:51.927 -04:00 [WRN] [OpenFreqAudio.RadioPlayback] Stream 9c5f9224-8277-4f34-8da9-dbeb707f0e00:280500 on 280.500 MHz had no samples for 11.0 ms
2026-09-26 17:05:53.855 -04:00 [INF] [OpenFreqClient.Services.OpenFreqService] PTT start: Wild (d52d332f-8742-40f6-b985-35a908d32642) on 339.750 MHz, 3D
2026-09-26 17:05:53.871 -04:00 [INF] [OpenFreq.Common.RtpJitterBuffer] Transmission gap detected (24560ms RTP delta), resetting jitter measurement
2026-09-26 17:05:53.918 -04:00 [INF] [OpenFreqClient.Services.OpenFreqService] RX 339.750 MHz from Wild (d52d332f-8742-40f6-b985-35a908d32642): -77.9 dBm, SNR 29.1 dB, FSPL 117.9 dB, terrain 0.0 dB, 55.3 km, tx 13061 m / rx 9147 m MSL
2026-09-26 17:05:54.238 -04:00 [INF] [OpenFreq.Common.RtpJitterBuffer] Late arrival (4ms past slot) — buffer 56→90ms
2026-09-26 17:05:54.238 -04:00 [INF] [OpenFreq.Common.RtpJitterBuffer] Late arrival (1ms past slot) — buffer 49→80ms
2026-09-26 17:05:55.365 -04:00 [INF] [OpenFreqClient.Services.OpenFreqService] PTT end: Paintcheck (9c5f9224-8277-4f34-8da9-dbeb707f0e00) on 280.500 MHz, released
2026-09-26 17:05:57.949 -04:00 [INF] [OpenFreqClient.Services.OpenFreqService] PTT end: Wild (d52d332f-8742-40f6-b985-35a908d32642) on 339.750 MHz, released
2026-09-26 17:05:58.159 -04:00 [INF] [OpenFreqClient.Services.OpenFreqService] PTT start: Knight (f4461c8b-b37f-4d25-a4cb-5da5ffdcefdc) on 280.500 MHz, 3D
2026-09-26 17:05:58.159 -04:00 [INF] [OpenFreq.Common.RtpJitterBuffer] Transmission gap detected (84564ms RTP delta), resetting jitter measurement
2026-09-26 17:05:58.212 -04:00 [INF] [OpenFreqClient.Services.OpenFreqService] RX 280.500 MHz from Knight (f4461c8b-b37f-4d25-a4cb-5da5ffdcefdc): -75.1 dBm, SNR 31.9 dB, FSPL 115.1 dB, terrain 0.0 dB, 48.5 km, tx 629 m / rx 9147 m MSL
2026-09-26 17:05:59.917 -04:00 [INF] [OpenFreqClient.Services.OpenFreqService] PTT end: Knight (f4461c8b-b37f-4d25-a4cb-5da5ffdcefdc) on 280.500 MHz, released
2026-09-26 17:06:08.471 -04:00 [INF] [OpenFreqAudio.RadioPlayback] Stream 'bad80b09-e94d-4c75-9eab-c3ffca19bd3b:243000' on 243.000 MHz
2026-09-26 17:06:10.037 -04:00 [INF] [OpenFreqClient.Services.OpenFreqService] PTT start: Falcon (91c4c764-ac55-4b66-98e4-d070ed54be23) on 280.500 MHz, 3D
2026-09-26 17:06:10.068 -04:00 [INF] [OpenFreq.Common.RtpJitterBuffer] Transmission gap detected (26389ms RTP delta), resetting jitter measurement
2026-09-26 17:06:10.123 -04:00 [INF] [OpenFreqClient.Services.OpenFreqService] RX 280.500 MHz from Falcon (91c4c764-ac55-4b66-98e4-d070ed54be23): -73.4 dBm, SNR 33.6 dB, FSPL 113.4 dB, terrain 0.0 dB, 40.0 km, tx 8151 m / rx 9147 m MSL
2026-09-26 17:06:14.459 -04:00 [INF] [OpenFreqClient.Services.OpenFreqService] PTT end: Falcon (91c4c764-ac55-4b66-98e4-d070ed54be23) on 280.500 MHz, released
2026-09-26 17:06:17.424 -04:00 [INF] [OpenFreqClient.Services.OpenFreqService] PTT start: own radio on 280.500 MHz
2026-09-26 17:06:17.703 -04:00 [INF] [OpenFreqClient.Services.OpenFreqService] PTT start: Kug (e406d0a0-64e6-4450-9ec0-300837b7b89a) on 280.500 MHz, 3D
2026-09-26 17:06:17.713 -04:00 [INF] [OpenFreq.Common.RtpJitterBufferPool] New RTP source: SSRC=141FC2A9
2026-09-26 17:06:17.713 -04:00 [INF] [OpenFreq.Common.RtpJitterBuffer] Manual buffer size: 150ms
2026-09-26 17:06:17.713 -04:00 [INF] [OpenFreq.Common.RtpAudioReceiver] Source joined:  SSRC=141FC2A9
2026-09-26 17:06:17.713 -04:00 [INF] [OpenFreq.Common.RtpJitterBuffer] Initialized: buffer=150ms
2026-09-26 17:06:20.065 -04:00 [INF] [OpenFreqClient.Services.OpenFreqService] PTT end: own radio on 280.500 MHz
2026-09-26 17:06:20.068 -04:00 [INF] [OpenFreqClient.Services.OpenFreqService] TX level over 2640ms: mic peak -0.1 dBFS rms -16.4 dBFS | sent peak 0.0 dBFS rms -21.2 dBFS | normalizer on, gain 0.827, gate -32.1 dBFS
2026-09-26 17:06:20.084 -04:00 [INF] [OpenFreqClient.Services.OpenFreqService] RX 280.500 MHz from Kug (e406d0a0-64e6-4450-9ec0-300837b7b89a): -73.2 dBm, SNR 33.8 dB, FSPL 113.2 dB, terrain 0.0 dB, 39.1 km, tx 8364 m / rx 9147 m MSL
2026-09-26 17:06:21.226 -04:00 [INF] [OpenFreqClient.Services.OpenFreqService] PTT end: Kug (e406d0a0-64e6-4450-9ec0-300837b7b89a) on 280.500 MHz, released
2026-09-26 17:06:32.868 -04:00 [INF] [OpenFreqClient.Services.OpenFreqService] PTT start: Rain (fd8e3112-e083-4da8-be92-04d9f9642ebe) on 339.750 MHz, 3D
2026-09-26 17:06:32.890 -04:00 [INF] [OpenFreq.Common.RtpJitterBuffer] Transmission gap detected (117754ms RTP delta), resetting jitter measurement
2026-09-26 17:06:32.933 -04:00 [INF] [OpenFreqClient.Services.OpenFreqService] RX 339.750 MHz from Rain (fd8e3112-e083-4da8-be92-04d9f9642ebe): -85.4 dBm, SNR 21.6 dB, FSPL 125.4 dB, terrain 0.0 dB, 131.4 km, tx 10144 m / rx 9147 m MSL
2026-09-26 17:06:32.963 -04:00 [WRN] [OpenFreqAudio.RadioPlayback] Stream fd8e3112-e083-4da8-be92-04d9f9642ebe:339750 on 339.750 MHz had no samples for 9.5 ms
2026-09-26 17:06:35.686 -04:00 [INF] [OpenFreq.Common.RtpJitterBuffer] Late arrival (52ms past slot) — buffer 68→150ms
2026-09-26 17:06:36.485 -04:00 [INF] [OpenFreqAudio.RadioPlayback] Stream 'bad80b09-e94d-4c75-9eab-c3ffca19bd3b:339750' on 339.750 MHz
2026-09-26 17:06:37.176 -04:00 [INF] [OpenFreqClient.Services.OpenFreqService] PTT end: Rain (fd8e3112-e083-4da8-be92-04d9f9642ebe) on 339.750 MHz, released
2026-09-26 17:06:38.009 -04:00 [INF] [OpenFreqClient.Services.OpenFreqService] PTT start: Woody (179a68da-a2bc-45c0-9d2b-9f0af5fa49ea) on 339.750 MHz, 3D
2026-09-26 17:06:38.034 -04:00 [INF] [OpenFreq.Common.RtpJitterBuffer] Transmission gap detected (79771ms RTP delta), resetting jitter measurement
2026-09-26 17:06:38.084 -04:00 [INF] [OpenFreqClient.Services.OpenFreqService] RX 339.750 MHz from Woody (179a68da-a2bc-45c0-9d2b-9f0af5fa49ea): -84.7 dBm, SNR 22.3 dB, FSPL 124.7 dB, terrain 0.0 dB, 120.2 km, tx 10060 m / rx 9147 m MSL
2026-09-26 17:06:40.216 -04:00 [INF] [OpenFreqClient.Services.OpenFreqService] PTT end: Woody (179a68da-a2bc-45c0-9d2b-9f0af5fa49ea) on 339.750 MHz, released
2026-09-26 17:06:41.648 -04:00 [INF] [OpenFreqClient.Services.OpenFreqService] PTT start: own radio on 339.750 MHz
2026-09-26 17:06:44.774 -04:00 [INF] [OpenFreqClient.Services.OpenFreqService] PTT end: own radio on 339.750 MHz
2026-09-26 17:06:44.778 -04:00 [INF] [OpenFreqClient.Services.OpenFreqService] TX level over 3120ms: mic peak -0.3 dBFS rms -14.5 dBFS | sent peak 0.0 dBFS rms -16.7 dBFS | normalizer on, gain 2.656, gate -58.6 dBFS
2026-09-26 17:06:48.831 -04:00 [INF] [OpenFreqClient.Services.OpenFreqService] PTT start: own radio on 339.750 MHz
2026-09-26 17:06:50.665 -04:00 [INF] [OpenFreqClient.Services.OpenFreqService] PTT start: Woody (179a68da-a2bc-45c0-9d2b-9f0af5fa49ea) on 339.750 MHz, 3D
2026-09-26 17:06:50.683 -04:00 [INF] [OpenFreq.Common.RtpJitterBuffer] Transmission gap detected (10497ms RTP delta), resetting jitter measurement
2026-09-26 17:06:50.683 -04:00 [INF] [OpenFreq.Common.RtpJitterBufferPool] Pruned stale source SSRC=2BF943CC
2026-09-26 17:06:50.683 -04:00 [INF] [OpenFreq.Common.RtpAudioReceiver] Source expired: SSRC=2BF943CC
2026-09-26 17:06:50.774 -04:00 [INF] [OpenFreqClient.Services.OpenFreqService] PTT end: own radio on 339.750 MHz
2026-09-26 17:06:50.778 -04:00 [INF] [OpenFreqClient.Services.OpenFreqService] TX level over 1940ms: mic peak -0.1 dBFS rms -17.4 dBFS | sent peak 0.0 dBFS rms -13.6 dBFS | normalizer on, gain 1.250, gate -74.5 dBFS
2026-09-26 17:06:50.778 -04:00 [INF] [OpenFreqClient.Services.OpenFreqService] RX 339.750 MHz from Woody (179a68da-a2bc-45c0-9d2b-9f0af5fa49ea): -84.4 dBm, SNR 22.6 dB, FSPL 124.4 dB, terrain 0.0 dB, 116.5 km, tx 11124 m / rx 9147 m MSL
2026-09-26 17:06:50.990 -04:00 [INF] [OpenFreqClient.Services.OpenFreqService] PTT end: Woody (179a68da-a2bc-45c0-9d2b-9f0af5fa49ea) on 339.750 MHz, released
2026-09-26 17:06:51.589 -04:00 [INF] [OpenFreqClient.Services.OpenFreqService] PTT start: Woody (179a68da-a2bc-45c0-9d2b-9f0af5fa49ea) on 339.750 MHz, 3D
2026-09-26 17:06:51.593 -04:00 [INF] [OpenFreq.Common.RtpJitterBuffer] Transmission gap detected (615ms RTP delta), resetting jitter measurement
2026-09-26 17:06:51.651 -04:00 [INF] [OpenFreqClient.Services.OpenFreqService] RX 339.750 MHz from Woody (179a68da-a2bc-45c0-9d2b-9f0af5fa49ea): -84.4 dBm, SNR 22.6 dB, FSPL 124.4 dB, terrain 0.0 dB, 116.2 km, tx 11246 m / rx 9147 m MSL
2026-09-26 17:06:54.429 -04:00 [INF] [OpenFreqClient.Services.OpenFreqService] PTT end: Woody (179a68da-a2bc-45c0-9d2b-9f0af5fa49ea) on 339.750 MHz, released
2026-09-26 17:06:55.042 -04:00 [INF] [OpenFreqClient.Services.OpenFreqService] PTT start: Rain (fd8e3112-e083-4da8-be92-04d9f9642ebe) on 339.750 MHz, 3D
2026-09-26 17:06:55.049 -04:00 [INF] [OpenFreqClient.Services.OpenFreqService] PTT start: Woody (179a68da-a2bc-45c0-9d2b-9f0af5fa49ea) on 339.750 MHz, 3D
2026-09-26 17:06:55.058 -04:00 [INF] [OpenFreq.Common.RtpJitterBuffer] Transmission gap detected (17896ms RTP delta), resetting jitter measurement
2026-09-26 17:06:55.067 -04:00 [INF] [OpenFreq.Common.RtpJitterBuffer] Transmission gap detected (648ms RTP delta), resetting jitter measurement
2026-09-26 17:06:55.129 -04:00 [INF] [OpenFreqClient.Services.OpenFreqService] RX 339.750 MHz from Woody (179a68da-a2bc-45c0-9d2b-9f0af5fa49ea): -84.3 dBm, SNR 22.7 dB, FSPL 124.3 dB, terrain 0.0 dB, 115.3 km, tx 11701 m / rx 9147 m MSL
2026-09-26 17:06:55.134 -04:00 [INF] [OpenFreqClient.Services.OpenFreqService] RX 339.750 MHz from Rain (fd8e3112-e083-4da8-be92-04d9f9642ebe): -85.0 dBm, SNR 22.0 dB, FSPL 125.0 dB, terrain 0.0 dB, 125.6 km, tx 10225 m / rx 9147 m MSL
2026-09-26 17:06:55.655 -04:00 [INF] [OpenFreq.Common.RtpJitterBuffer] Late arrival (6ms past slot) — buffer 126→162ms
2026-09-26 17:06:56.278 -04:00 [WRN] [OpenFreqAudio.RadioPlayback] Stream 179a68da-a2bc-45c0-9d2b-9f0af5fa49ea:339750 on 339.750 MHz had no samples for 10.5 ms
2026-09-26 17:06:56.993 -04:00 [INF] [OpenFreqClient.Services.OpenFreqService] PTT end: Woody (179a68da-a2bc-45c0-9d2b-9f0af5fa49ea) on 339.750 MHz, released
2026-09-26 17:06:57.071 -04:00 [INF] [OpenFreqClient.Services.OpenFreqService] PTT end: Rain (fd8e3112-e083-4da8-be92-04d9f9642ebe) on 339.750 MHz, released
2026-09-26 17:07:02.359 -04:00 [INF] [OpenFreqClient.Services.OpenFreqService] PTT start: LeHarold (334bf3fa-605f-4145-a460-1e0fa9526a3d) on 280.500 MHz, 3D
2026-09-26 17:07:02.377 -04:00 [INF] [OpenFreq.Common.RtpJitterBufferPool] New RTP source: SSRC=5D682876
2026-09-26 17:07:02.377 -04:00 [INF] [OpenFreq.Common.RtpJitterBuffer] Manual buffer size: 150ms
2026-09-26 17:07:02.377 -04:00 [INF] [OpenFreq.Common.RtpAudioReceiver] Source joined:  SSRC=5D682876
2026-09-26 17:07:02.377 -04:00 [INF] [OpenFreq.Common.RtpJitterBuffer] Initialized: buffer=150ms
2026-09-26 17:07:02.528 -04:00 [INF] [OpenFreqClient.Services.OpenFreqService] RX 280.500 MHz from LeHarold (334bf3fa-605f-4145-a460-1e0fa9526a3d): -75.1 dBm, SNR 31.9 dB, FSPL 115.1 dB, terrain 0.0 dB, 48.6 km, tx 6059 m / rx 9147 m MSL
2026-09-26 17:07:05.575 -04:00 [INF] [OpenFreqClient.Services.OpenFreqService] PTT end: LeHarold (334bf3fa-605f-4145-a460-1e0fa9526a3d) on 280.500 MHz, released
2026-09-26 17:07:06.586 -04:00 [INF] [OpenFreqClient.Services.OpenFreqService] PTT start: own radio on 280.500 MHz
2026-09-26 17:07:08.559 -04:00 [INF] [OpenFreqClient.Services.OpenFreqService] PTT start: Woody (179a68da-a2bc-45c0-9d2b-9f0af5fa49ea) on 339.750 MHz, 3D
2026-09-26 17:07:08.575 -04:00 [INF] [OpenFreq.Common.RtpJitterBuffer] Transmission gap detected (11585ms RTP delta), resetting jitter measurement
2026-09-26 17:07:08.636 -04:00 [INF] [OpenFreqClient.Services.OpenFreqService] RX 339.750 MHz from Woody (179a68da-a2bc-45c0-9d2b-9f0af5fa49ea): -84.0 dBm, SNR 23.0 dB, FSPL 124.0 dB, terrain 0.0 dB, 111.6 km, tx 11699 m / rx 9147 m MSL
2026-09-26 17:07:08.687 -04:00 [WRN] [OpenFreqAudio.RadioPlayback] Stream 179a68da-a2bc-45c0-9d2b-9f0af5fa49ea:339750 on 339.750 MHz had no samples for 11.0 ms
2026-09-26 17:07:09.311 -04:00 [INF] [OpenFreqClient.Services.OpenFreqService] PTT end: own radio on 280.500 MHz
2026-09-26 17:07:09.319 -04:00 [INF] [OpenFreqClient.Services.OpenFreqService] TX level over 2730ms: mic peak 0.0 dBFS rms -12.8 dBFS | sent peak 0.0 dBFS rms -14.2 dBFS | normalizer on, gain 0.445, gate -49.5 dBFS
2026-09-26 17:07:09.581 -04:00 [INF] [OpenFreqClient.Services.OpenFreqService] PTT start: own radio on 280.500 MHz
2026-09-26 17:07:10.199 -04:00 [INF] [OpenFreqClient.Services.OpenFreqService] PTT end: Woody (179a68da-a2bc-45c0-9d2b-9f0af5fa49ea) on 339.750 MHz, released
2026-09-26 17:07:12.806 -04:00 [INF] [OpenFreqClient.Services.OpenFreqService] PTT end: own radio on 280.500 MHz
2026-09-26 17:07:12.809 -04:00 [INF] [OpenFreqClient.Services.OpenFreqService] TX level over 3220ms: mic peak 0.0 dBFS rms -12.8 dBFS | sent peak 0.0 dBFS rms -19.3 dBFS | normalizer on, gain 0.740, gate -53.1 dBFS
2026-09-26 17:07:15.215 -04:00 [INF] [OpenFreqClient.Services.OpenFreqService] PTT start: own radio on 339.750 MHz
2026-09-26 17:07:18.212 -04:00 [INF] [OpenFreqClient.Services.OpenFreqService] PTT end: own radio on 339.750 MHz
2026-09-26 17:07:18.220 -04:00 [INF] [OpenFreqClient.Services.OpenFreqService] TX level over 3000ms: mic peak -0.0 dBFS rms -15.2 dBFS | sent peak 0.0 dBFS rms -19.7 dBFS | normalizer on, gain 1.174, gate -57.1 dBFS
2026-09-26 17:07:19.643 -04:00 [INF] [OpenFreqClient.Services.OpenFreqService] PTT start: Falcon (91c4c764-ac55-4b66-98e4-d070ed54be23) on 280.500 MHz, 3D
2026-09-26 17:07:19.648 -04:00 [INF] [OpenFreq.Common.RtpJitterBuffer] Transmission gap detected (65205ms RTP delta), resetting jitter measurement
2026-09-26 17:07:19.704 -04:00 [INF] [OpenFreqClient.Services.OpenFreqService] RX 280.500 MHz from Falcon (91c4c764-ac55-4b66-98e4-d070ed54be23): -71.2 dBm, SNR 35.8 dB, FSPL 111.2 dB, terrain 0.0 dB, 31.0 km, tx 4272 m / rx 9147 m MSL
2026-09-26 17:07:21.296 -04:00 [INF] [OpenFreq.Common.RtpJitterBuffer] Late arrival (52ms past slot) — buffer 105→187ms
2026-09-26 17:07:21.296 -04:00 [INF] [OpenFreqClient.Services.OpenFreqService] PTT end: Falcon (91c4c764-ac55-4b66-98e4-d070ed54be23) on 280.500 MHz, released
2026-09-26 17:07:23.058 -04:00 [INF] [OpenFreqClient.Services.OpenFreqService] PTT start: own radio on 280.500 MHz
2026-09-26 17:07:26.162 -04:00 [INF] [OpenFreqClient.Services.OpenFreqService] PTT start: Paintcheck (9c5f9224-8277-4f34-8da9-dbeb707f0e00) on 280.500 MHz, 3D
2026-09-26 17:07:26.184 -04:00 [INF] [OpenFreq.Common.RtpJitterBuffer] Transmission gap detected (90814ms RTP delta), resetting jitter measurement
2026-09-26 17:07:26.195 -04:00 [INF] [OpenFreqClient.Services.OpenFreqService] PTT end: own radio on 280.500 MHz
2026-09-26 17:07:26.200 -04:00 [INF] [OpenFreqClient.Services.OpenFreqService] TX level over 3140ms: mic peak -0.1 dBFS rms -15.4 dBFS | sent peak 0.0 dBFS rms -16.5 dBFS | normalizer on, gain 0.831, gate -68.8 dBFS
2026-09-26 17:07:26.230 -04:00 [INF] [OpenFreqClient.Services.OpenFreqService] RX 280.500 MHz from Paintcheck (9c5f9224-8277-4f34-8da9-dbeb707f0e00): -77.5 dBm, SNR 29.5 dB, FSPL 117.5 dB, terrain 0.0 dB, 64.0 km, tx 2622 m / rx 9147 m MSL
2026-09-26 17:07:26.508 -04:00 [INF] [OpenFreqClient.Services.OpenFreqService] PTT start: own radio on 280.500 MHz
2026-09-26 17:07:26.550 -04:00 [INF] [OpenFreqClient.Services.OpenFreqService] PTT end: own radio on 280.500 MHz
2026-09-26 17:07:26.560 -04:00 [INF] [OpenFreqClient.Services.OpenFreqService] TX level over 50ms: mic peak -65.7 dBFS rms -74.5 dBFS | sent peak -67.4 dBFS rms -76.6 dBFS | normalizer on, gain 0.860, gate -32.2 dBFS
2026-09-26 17:07:27.141 -04:00 [INF] [OpenFreq.Common.RtpJitterBuffer] Late arrival (10ms past slot) — buffer 57→98ms
2026-09-26 17:07:28.768 -04:00 [INF] [OpenFreqClient.Services.OpenFreqService] PTT end: Paintcheck (9c5f9224-8277-4f34-8da9-dbeb707f0e00) on 280.500 MHz, released
2026-09-26 17:07:31.408 -04:00 [INF] [OpenFreqClient.Services.OpenFreqService] PTT start: Alligator (2af88464-1ea8-4d04-80ba-d98d4f842617) on 280.500 MHz, 3D
2026-09-26 17:07:31.408 -04:00 [INF] [OpenFreq.Common.RtpJitterBuffer] Transmission gap detected (174120ms RTP delta), resetting jitter measurement
2026-09-26 17:07:31.453 -04:00 [INF] [OpenFreqClient.Services.OpenFreqService] RX 280.500 MHz from Alligator (2af88464-1ea8-4d04-80ba-d98d4f842617): -70.8 dBm, SNR 36.2 dB, FSPL 110.8 dB, terrain 0.0 dB, 29.5 km, tx 6695 m / rx 9147 m MSL
2026-09-26 17:07:32.477 -04:00 [INF] [OpenFreqClient.Services.OpenFreqService] PTT start: Woody (179a68da-a2bc-45c0-9d2b-9f0af5fa49ea) on 339.750 MHz, 3D
2026-09-26 17:07:32.477 -04:00 [INF] [OpenFreq.Common.RtpJitterBuffer] Transmission gap detected (22305ms RTP delta), resetting jitter measurement
2026-09-26 17:07:32.540 -04:00 [INF] [OpenFreqClient.Services.OpenFreqService] RX 339.750 MHz from Woody (179a68da-a2bc-45c0-9d2b-9f0af5fa49ea): -83.5 dBm, SNR 23.5 dB, FSPL 123.5 dB, terrain 0.0 dB, 105.3 km, tx 9119 m / rx 9147 m MSL
2026-09-26 17:07:32.804 -04:00 [WRN] [OpenFreqAudio.RadioPlayback] Stream 2af88464-1ea8-4d04-80ba-d98d4f842617:280500 on 280.500 MHz had no samples for 1.2 ms
2026-09-26 17:07:34.042 -04:00 [INF] [OpenFreqClient.Services.OpenFreqService] PTT end: Alligator (2af88464-1ea8-4d04-80ba-d98d4f842617) on 280.500 MHz, released
2026-09-26 17:07:34.193 -04:00 [INF] [OpenFreqClient.Services.OpenFreqService] PTT end: Woody (179a68da-a2bc-45c0-9d2b-9f0af5fa49ea) on 339.750 MHz, released
2026-09-26 17:07:36.768 -04:00 [INF] [OpenFreqClient.Services.OpenFreqService] PTT start: Rain (fd8e3112-e083-4da8-be92-04d9f9642ebe) on 339.750 MHz, 3D
2026-09-26 17:07:36.784 -04:00 [INF] [OpenFreq.Common.RtpJitterBuffer] Transmission gap detected (39728ms RTP delta), resetting jitter measurement
2026-09-26 17:07:36.844 -04:00 [INF] [OpenFreqClient.Services.OpenFreqService] RX 339.750 MHz from Rain (fd8e3112-e083-4da8-be92-04d9f9642ebe): -84.9 dBm, SNR 22.1 dB, FSPL 124.9 dB, terrain 0.0 dB, 123.2 km, tx 10159 m / rx 9147 m MSL
2026-09-26 17:07:38.350 -04:00 [INF] [OpenFreqClient.Services.OpenFreqService] PTT end: Rain (fd8e3112-e083-4da8-be92-04d9f9642ebe) on 339.750 MHz, released
2026-09-26 17:07:44.298 -04:00 [INF] [OpenFreqClient.Services.OpenFreqService] PTT start: Alligator (2af88464-1ea8-4d04-80ba-d98d4f842617) on 280.500 MHz, 3D
2026-09-26 17:07:44.312 -04:00 [INF] [OpenFreq.Common.RtpJitterBuffer] Transmission gap detected (10272ms RTP delta), resetting jitter measurement
2026-09-26 17:07:44.374 -04:00 [INF] [OpenFreqClient.Services.OpenFreqService] RX 280.500 MHz from Alligator (2af88464-1ea8-4d04-80ba-d98d4f842617): -71.7 dBm, SNR 35.3 dB, FSPL 111.7 dB, terrain 0.0 dB, 32.7 km, tx 6594 m / rx 9147 m MSL
2026-09-26 17:07:46.765 -04:00 [INF] [OpenFreqClient.Services.OpenFreqService] PTT end: Alligator (2af88464-1ea8-4d04-80ba-d98d4f842617) on 280.500 MHz, released
2026-09-26 17:07:46.769 -04:00 [INF] [OpenFreqClient.Services.OpenFreqService] PTT start: Woody (179a68da-a2bc-45c0-9d2b-9f0af5fa49ea) on 339.750 MHz, 3D
2026-09-26 17:07:46.785 -04:00 [INF] [OpenFreq.Common.RtpJitterBuffer] Transmission gap detected (12604ms RTP delta), resetting jitter measurement
2026-09-26 17:07:46.860 -04:00 [INF] [OpenFreqClient.Services.OpenFreqService] RX 339.750 MHz from Woody (179a68da-a2bc-45c0-9d2b-9f0af5fa49ea): -83.2 dBm, SNR 23.8 dB, FSPL 123.2 dB, terrain 0.0 dB, 101.8 km, tx 7975 m / rx 9147 m MSL
2026-09-26 17:07:47.950 -04:00 [INF] [OpenFreqClient.Services.OpenFreqService] PTT start: Alligator (2af88464-1ea8-4d04-80ba-d98d4f842617) on 280.500 MHz, 3D
2026-09-26 17:07:47.964 -04:00 [INF] [OpenFreq.Common.RtpJitterBuffer] Transmission gap detected (1207ms RTP delta), resetting jitter measurement
2026-09-26 17:07:48.007 -04:00 [INF] [OpenFreqClient.Services.OpenFreqService] RX 280.500 MHz from Alligator (2af88464-1ea8-4d04-80ba-d98d4f842617): -72.0 dBm, SNR 35.0 dB, FSPL 112.0 dB, terrain 0.0 dB, 33.7 km, tx 6584 m / rx 9147 m MSL
2026-09-26 17:07:48.212 -04:00 [INF] [OpenFreqClient.Services.OpenFreqService] PTT end: Woody (179a68da-a2bc-45c0-9d2b-9f0af5fa49ea) on 339.750 MHz, released
2026-09-26 17:07:48.895 -04:00 [INF] [OpenFreqClient.Services.OpenFreqService] PTT end: Alligator (2af88464-1ea8-4d04-80ba-d98d4f842617) on 280.500 MHz, released
2026-09-26 17:07:48.919 -04:00 [WRN] [OpenFreqAudio.RadioPlayback] Stream 2af88464-1ea8-4d04-80ba-d98d4f842617:280500 on 280.500 MHz had no samples for 14.5 ms
2026-09-26 17:07:52.975 -04:00 [INF] [OpenFreqClient.Services.OpenFreqService] PTT start: own radio on 339.750 MHz
2026-09-26 17:07:55.452 -04:00 [INF] [OpenFreqClient.Services.OpenFreqService] PTT end: own radio on 339.750 MHz
2026-09-26 17:07:55.459 -04:00 [INF] [OpenFreqClient.Services.OpenFreqService] TX level over 2480ms: mic peak -0.2 dBFS rms -16.5 dBFS | sent peak 0.0 dBFS rms -18.7 dBFS | normalizer on, gain 3.888, gate -52.6 dBFS
2026-09-26 17:08:00.716 -04:00 [INF] [OpenFreq.Common.RtpJitterBuffer] Transmission gap detected (12540ms RTP delta), resetting jitter measurement
2026-09-26 17:08:00.716 -04:00 [INF] [OpenFreqClient.Services.OpenFreqService] PTT start: Woody (179a68da-a2bc-45c0-9d2b-9f0af5fa49ea) on 339.750 MHz, 3D
2026-09-26 17:08:00.778 -04:00 [INF] [OpenFreqClient.Services.OpenFreqService] RX 339.750 MHz from Woody (179a68da-a2bc-45c0-9d2b-9f0af5fa49ea): -83.1 dBm, SNR 23.9 dB, FSPL 123.1 dB, terrain 0.0 dB, 100.7 km, tx 8302 m / rx 9147 m MSL
2026-09-26 17:08:01.049 -04:00 [WRN] [OpenFreqAudio.RadioPlayback] Stream 179a68da-a2bc-45c0-9d2b-9f0af5fa49ea:339750 on 339.750 MHz had no samples for 9.5 ms
2026-09-26 17:08:02.044 -04:00 [INF] [OpenFreqClient.Services.OpenFreqService] PTT end: Woody (179a68da-a2bc-45c0-9d2b-9f0af5fa49ea) on 339.750 MHz, released
2026-09-26 17:08:02.524 -04:00 [INF] [OpenFreqClient.Services.OpenFreqService] PTT start: own radio on 339.750 MHz
2026-09-26 17:08:04.400 -04:00 [INF] [OpenFreqClient.Services.OpenFreqService] PTT start: Kug (e406d0a0-64e6-4450-9ec0-300837b7b89a) on 280.500 MHz, 3D
2026-09-26 17:08:04.410 -04:00 [INF] [OpenFreq.Common.RtpJitterBuffer] Transmission gap detected (103204ms RTP delta), resetting jitter measurement
2026-09-26 17:08:04.468 -04:00 [INF] [OpenFreqClient.Services.OpenFreqService] RX 280.500 MHz from Kug (e406d0a0-64e6-4450-9ec0-300837b7b89a): -73.1 dBm, SNR 33.9 dB, FSPL 113.1 dB, terrain 0.0 dB, 38.6 km, tx 6867 m / rx 9147 m MSL
2026-09-26 17:08:04.495 -04:00 [INF] [OpenFreqClient.Services.OpenFreqService] PTT end: own radio on 339.750 MHz
2026-09-26 17:08:04.500 -04:00 [INF] [OpenFreqClient.Services.OpenFreqService] TX level over 1970ms: mic peak 0.0 dBFS rms -17.5 dBFS | sent peak 0.0 dBFS rms -16.2 dBFS | normalizer on, gain 1.247, gate -59.1 dBFS
2026-09-26 17:08:05.189 -04:00 [INF] [OpenFreqClient.Services.OpenFreqService] PTT start: Woody (179a68da-a2bc-45c0-9d2b-9f0af5fa49ea) on 339.750 MHz, 3D
2026-09-26 17:08:05.242 -04:00 [INF] [OpenFreq.Common.RtpJitterBuffer] Transmission gap detected (3175ms RTP delta), resetting jitter measurement
2026-09-26 17:08:05.271 -04:00 [INF] [OpenFreqClient.Services.OpenFreqService] RX 339.750 MHz from Woody (179a68da-a2bc-45c0-9d2b-9f0af5fa49ea): -83.1 dBm, SNR 23.9 dB, FSPL 123.1 dB, terrain 0.0 dB, 100.4 km, tx 8520 m / rx 9147 m MSL
2026-09-26 17:08:05.573 -04:00 [INF] [OpenFreq.Common.RtpJitterBuffer] Late arrival (42ms past slot) — buffer 141→213ms
2026-09-26 17:08:05.574 -04:00 [INF] [OpenFreq.Common.RtpJitterBuffer] Late arrival (46ms past slot) — buffer 50→126ms
2026-09-26 17:08:05.650 -04:00 [INF] [OpenFreqClient.Services.OpenFreqService] PTT end: Woody (179a68da-a2bc-45c0-9d2b-9f0af5fa49ea) on 339.750 MHz, released
2026-09-26 17:08:08.275 -04:00 [INF] [OpenFreqClient.Services.OpenFreqService] PTT end: Kug (e406d0a0-64e6-4450-9ec0-300837b7b89a) on 280.500 MHz, released
2026-09-26 17:08:12.524 -04:00 [INF] [OpenFreqClient.Services.OpenFreqService] PTT start: own radio on 280.500 MHz
2026-09-26 17:08:14.843 -04:00 [INF] [OpenFreqAudio.RadioPlayback] Stream '9c5f9224-8277-4f34-8da9-dbeb707f0e00:339750' on 339.750 MHz
2026-09-26 17:08:16.367 -04:00 [INF] [OpenFreqClient.Services.OpenFreqService] PTT end: own radio on 280.500 MHz
2026-09-26 17:08:16.370 -04:00 [INF] [OpenFreqClient.Services.OpenFreqService] TX level over 3840ms: mic peak 0.0 dBFS rms -13.7 dBFS | sent peak 0.0 dBFS rms -20.1 dBFS | normalizer on, gain 1.643, gate -36.6 dBFS
2026-09-26 17:08:32.694 -04:00 [INF] [OpenFreqClient.Services.OpenFreqService] PTT start: Wild (d52d332f-8742-40f6-b985-35a908d32642) on 339.750 MHz, 3D
2026-09-26 17:08:32.726 -04:00 [INF] [OpenFreq.Common.RtpJitterBuffer] Transmission gap detected (154772ms RTP delta), resetting jitter measurement
2026-09-26 17:08:32.766 -04:00 [INF] [OpenFreqClient.Services.OpenFreqService] RX 339.750 MHz from Wild (d52d332f-8742-40f6-b985-35a908d32642): -78.6 dBm, SNR 28.4 dB, FSPL 118.6 dB, terrain 0.0 dB, 59.9 km, tx 11010 m / rx 9147 m MSL
2026-09-26 17:08:32.858 -04:00 [WRN] [OpenFreqAudio.RadioPlayback] Stream d52d332f-8742-40f6-b985-35a908d32642:339750 on 339.750 MHz had no samples for 11.1 ms
2026-09-26 17:08:35.428 -04:00 [INF] [OpenFreqClient.Services.OpenFreqService] PTT end: Wild (d52d332f-8742-40f6-b985-35a908d32642) on 339.750 MHz, released
2026-09-26 17:08:40.049 -04:00 [INF] [OpenFreqClient.Services.OpenFreqService] PTT start: own radio on 280.500 MHz
2026-09-26 17:08:41.994 -04:00 [INF] [OpenFreqClient.Services.OpenFreqService] PTT end: own radio on 280.500 MHz
2026-09-26 17:08:42.003 -04:00 [INF] [OpenFreqClient.Services.OpenFreqService] TX level over 1950ms: mic peak -0.0 dBFS rms -12.8 dBFS | sent peak 0.0 dBFS rms -18.9 dBFS | normalizer on, gain 0.463, gate -25.4 dBFS
2026-09-26 17:08:42.496 -04:00 [INF] [OpenFreqClient.Services.OpenFreqService] PTT start: own radio on 339.750 MHz
2026-09-26 17:08:44.154 -04:00 [INF] [OpenFreqClient.Services.OpenFreqService] PTT end: own radio on 339.750 MHz
2026-09-26 17:08:44.163 -04:00 [INF] [OpenFreqClient.Services.OpenFreqService] TX level over 1660ms: mic peak -0.2 dBFS rms -17.1 dBFS | sent peak -5.3 dBFS rms -23.4 dBFS | normalizer on, gain 0.858, gate -32.6 dBFS
2026-09-26 17:08:49.224 -04:00 [INF] [OpenFreqClient.Services.OpenFreqService] PTT start: Wild (d52d332f-8742-40f6-b985-35a908d32642) on 339.750 MHz, 3D
2026-09-26 17:08:49.235 -04:00 [INF] [OpenFreq.Common.RtpJitterBuffer] Transmission gap detected (13809ms RTP delta), resetting jitter measurement
2026-09-26 17:08:49.298 -04:00 [INF] [OpenFreqClient.Services.OpenFreqService] RX 339.750 MHz from Wild (d52d332f-8742-40f6-b985-35a908d32642): -78.7 dBm, SNR 28.3 dB, FSPL 118.7 dB, terrain 0.0 dB, 60.4 km, tx 11746 m / rx 9147 m MSL
2026-09-26 17:08:49.747 -04:00 [INF] [OpenFreqClient.Services.OpenFreqService] PTT end: Wild (d52d332f-8742-40f6-b985-35a908d32642) on 339.750 MHz, released
2026-09-26 17:08:51.837 -04:00 [INF] [OpenFreqClient.Services.OpenFreqService] PTT start: Polaris (4c187006-039a-4fcb-b6df-d456875763f7) on 280.500 MHz, 3D
2026-09-26 17:08:51.859 -04:00 [INF] [OpenFreq.Common.RtpJitterBufferPool] New RTP source: SSRC=2BF943CC
2026-09-26 17:08:51.859 -04:00 [INF] [OpenFreq.Common.RtpJitterBuffer] Manual buffer size: 150ms
2026-09-26 17:08:51.859 -04:00 [INF] [OpenFreq.Common.RtpAudioReceiver] Source joined:  SSRC=2BF943CC
2026-09-26 17:08:51.859 -04:00 [INF] [OpenFreq.Common.RtpJitterBuffer] Initialized: buffer=150ms
2026-09-26 17:08:52.009 -04:00 [INF] [OpenFreqClient.Services.OpenFreqService] RX 280.500 MHz from Polaris (4c187006-039a-4fcb-b6df-d456875763f7): -68.8 dBm, SNR 38.2 dB, FSPL 108.8 dB, terrain 0.0 dB, 23.3 km, tx 5525 m / rx 9147 m MSL
2026-09-26 17:08:52.140 -04:00 [WRN] [OpenFreqAudio.RadioPlayback] Stream 4c187006-039a-4fcb-b6df-d456875763f7:280500 on 280.500 MHz had no samples for 11.1 ms
2026-09-26 17:08:54.441 -04:00 [INF] [OpenFreqClient.Services.OpenFreqService] PTT start: Wild (d52d332f-8742-40f6-b985-35a908d32642) on 339.750 MHz, 3D
2026-09-26 17:08:54.465 -04:00 [INF] [OpenFreq.Common.RtpJitterBuffer] Transmission gap detected (4715ms RTP delta), resetting jitter measurement
2026-09-26 17:08:54.507 -04:00 [INF] [OpenFreqClient.Services.OpenFreqService] RX 339.750 MHz from Wild (d52d332f-8742-40f6-b985-35a908d32642): -78.7 dBm, SNR 28.3 dB, FSPL 118.7 dB, terrain 0.0 dB, 60.7 km, tx 11882 m / rx 9147 m MSL
2026-09-26 17:08:54.888 -04:00 [INF] [OpenFreqClient.Services.OpenFreqService] PTT end: Wild (d52d332f-8742-40f6-b985-35a908d32642) on 339.750 MHz, released
2026-09-26 17:08:55.363 -04:00 [INF] [OpenFreqClient.Services.OpenFreqService] PTT end: Polaris (4c187006-039a-4fcb-b6df-d456875763f7) on 280.500 MHz, released
2026-09-26 17:08:55.427 -04:00 [INF] [OpenFreqClient.Services.OpenFreqService] PTT start: Wild (d52d332f-8742-40f6-b985-35a908d32642) on 339.750 MHz, 3D
2026-09-26 17:08:55.447 -04:00 [INF] [OpenFreq.Common.RtpJitterBuffer] Transmission gap detected (572ms RTP delta), resetting jitter measurement
2026-09-26 17:08:55.501 -04:00 [INF] [OpenFreqClient.Services.OpenFreqService] RX 339.750 MHz from Wild (d52d332f-8742-40f6-b985-35a908d32642): -78.7 dBm, SNR 28.3 dB, FSPL 118.7 dB, terrain 0.0 dB, 60.8 km, tx 11905 m / rx 9147 m MSL
2026-09-26 17:08:57.546 -04:00 [INF] [OpenFreqClient.Services.OpenFreqService] PTT end: Wild (d52d332f-8742-40f6-b985-35a908d32642) on 339.750 MHz, released
2026-09-26 17:08:58.792 -04:00 [INF] [OpenFreqClient.Services.OpenFreqService] PTT start: own radio on 280.500 MHz
2026-09-26 17:09:02.512 -04:00 [INF] [OpenFreqClient.Services.OpenFreqService] PTT end: own radio on 280.500 MHz
2026-09-26 17:09:02.521 -04:00 [INF] [OpenFreqClient.Services.OpenFreqService] TX level over 3720ms: mic peak 0.0 dBFS rms -12.0 dBFS | sent peak 0.0 dBFS rms -16.9 dBFS | normalizer on, gain 0.656, gate -55.2 dBFS
2026-09-26 17:09:02.638 -04:00 [INF] [OpenFreqClient.Services.OpenFreqService] PTT start: own radio on 280.500 MHz
2026-09-26 17:09:02.846 -04:00 [INF] [OpenFreqClient.Services.OpenFreqService] PTT end: own radio on 280.500 MHz
2026-09-26 17:09:02.852 -04:00 [INF] [OpenFreqClient.Services.OpenFreqService] TX level over 210ms: mic peak -0.1 dBFS rms -9.9 dBFS | sent peak -3.8 dBFS rms -16.6 dBFS | normalizer on, gain 0.305, gate -15.8 dBFS
2026-09-26 17:09:03.431 -04:00 [INF] [OpenFreqClient.Services.OpenFreqService] PTT start: Alligator (2af88464-1ea8-4d04-80ba-d98d4f842617) on 280.500 MHz, 3D
2026-09-26 17:09:03.445 -04:00 [INF] [OpenFreq.Common.RtpJitterBuffer] Transmission gap detected (74559ms RTP delta), resetting jitter measurement
2026-09-26 17:09:03.474 -04:00 [INF] [OpenFreqClient.Services.OpenFreqService] PTT start: own radio on 280.500 MHz
2026-09-26 17:09:03.537 -04:00 [INF] [OpenFreqClient.Services.OpenFreqService] PTT end: own radio on 280.500 MHz
2026-09-26 17:09:03.540 -04:00 [INF] [OpenFreqClient.Services.OpenFreqService] RX 280.500 MHz from Alligator (2af88464-1ea8-4d04-80ba-d98d4f842617): -71.7 dBm, SNR 35.3 dB, FSPL 111.7 dB, terrain 0.0 dB, 32.8 km, tx 6031 m / rx 9147 m MSL
2026-09-26 17:09:03.543 -04:00 [INF] [OpenFreqClient.Services.OpenFreqService] TX level over 60ms: mic peak -35.5 dBFS rms -43.7 dBFS | sent peak -45.6 dBFS rms -53.9 dBFS | normalizer on, gain 0.311, gate -19.9 dBFS
2026-09-26 17:09:05.365 -04:00 [INF] [OpenFreq.Common.RtpJitterBuffer] Late arrival (5ms past slot) — buffer 44→79ms
2026-09-26 17:09:06.320 -04:00 [INF] [OpenFreqClient.Services.OpenFreqService] PTT end: Alligator (2af88464-1ea8-4d04-80ba-d98d4f842617) on 280.500 MHz, released
2026-09-26 17:09:06.886 -04:00 [INF] [OpenFreqClient.Services.OpenFreqService] PTT start: Woody (179a68da-a2bc-45c0-9d2b-9f0af5fa49ea) on 339.750 MHz, 3D
2026-09-26 17:09:06.898 -04:00 [INF] [OpenFreq.Common.RtpJitterBuffer] Transmission gap detected (61260ms RTP delta), resetting jitter measurement
2026-09-26 17:09:07.032 -04:00 [INF] [OpenFreqClient.Services.OpenFreqService] RX 339.750 MHz from Woody (179a68da-a2bc-45c0-9d2b-9f0af5fa49ea): -83.4 dBm, SNR 23.6 dB, FSPL 123.4 dB, terrain 0.0 dB, 103.8 km, tx 9981 m / rx 9147 m MSL
2026-09-26 17:09:11.003 -04:00 [INF] [OpenFreqClient.Services.OpenFreqService] PTT end: Woody (179a68da-a2bc-45c0-9d2b-9f0af5fa49ea) on 339.750 MHz, released
2026-09-26 17:09:12.723 -04:00 [INF] [OpenFreqClient.Services.OpenFreqService] PTT start: own radio on 339.750 MHz
2026-09-26 17:09:19.022 -04:00 [INF] [OpenFreqClient.Services.OpenFreqService] PTT end: own radio on 339.750 MHz
2026-09-26 17:09:19.023 -04:00 [INF] [OpenFreqClient.Services.OpenFreqService] TX level over 6290ms: mic peak -0.1 dBFS rms -14.7 dBFS | sent peak -5.3 dBFS rms -23.5 dBFS | normalizer on, gain 0.707, gate -23.3 dBFS
2026-09-26 17:09:22.451 -04:00 [INF] [OpenFreqClient.Services.OpenFreqService] PTT start: Rain (fd8e3112-e083-4da8-be92-04d9f9642ebe) on 339.750 MHz, 3D
2026-09-26 17:09:22.475 -04:00 [INF] [OpenFreq.Common.RtpJitterBuffer] Transmission gap detected (104122ms RTP delta), resetting jitter measurement
2026-09-26 17:09:22.510 -04:00 [INF] [OpenFreqClient.Services.OpenFreqService] RX 339.750 MHz from Rain (fd8e3112-e083-4da8-be92-04d9f9642ebe): -84.9 dBm, SNR 22.1 dB, FSPL 124.9 dB, terrain 0.0 dB, 123.4 km, tx 9553 m / rx 9147 m MSL
2026-09-26 17:09:23.458 -04:00 [INF] [OpenFreqClient.Services.OpenFreqService] PTT start: Krieger (0b5a8147-b1fa-4307-a8c3-d1087389de25) on 280.500 MHz, 3D
2026-09-26 17:09:23.478 -04:00 [INF] [OpenFreq.Common.RtpJitterBuffer] Transmission gap detected (266713ms RTP delta), resetting jitter measurement
2026-09-26 17:09:23.551 -04:00 [INF] [OpenFreqClient.Services.OpenFreqService] RX 280.500 MHz from Krieger (0b5a8147-b1fa-4307-a8c3-d1087389de25): -71.1 dBm, SNR 35.9 dB, FSPL 111.1 dB, terrain 0.0 dB, 30.6 km, tx 5772 m / rx 9147 m MSL
2026-09-26 17:09:23.880 -04:00 [INF] [OpenFreq.Common.RtpJitterBuffer] Late arrival (10ms past slot) — buffer 59→99ms
2026-09-26 17:09:23.960 -04:00 [WRN] [OpenFreqAudio.RadioPlayback] Stream fd8e3112-e083-4da8-be92-04d9f9642ebe:339750 on 339.750 MHz had no samples for 9.5 ms
2026-09-26 17:09:25.526 -04:00 [INF] [OpenFreqClient.Services.OpenFreqService] PTT end: Rain (fd8e3112-e083-4da8-be92-04d9f9642ebe) on 339.750 MHz, released
2026-09-26 17:09:26.274 -04:00 [INF] [OpenFreqClient.Services.OpenFreqService] PTT end: Krieger (0b5a8147-b1fa-4307-a8c3-d1087389de25) on 280.500 MHz, released
2026-09-26 17:09:27.052 -04:00 [INF] [OpenFreqClient.Services.OpenFreqService] PTT start: own radio on 280.500 MHz
2026-09-26 17:09:27.846 -04:00 [INF] [OpenFreqClient.Services.OpenFreqService] PTT start: Wild (d52d332f-8742-40f6-b985-35a908d32642) on 339.750 MHz, 3D
2026-09-26 17:09:27.859 -04:00 [INF] [OpenFreq.Common.RtpJitterBuffer] Transmission gap detected (30336ms RTP delta), resetting jitter measurement
2026-09-26 17:09:27.910 -04:00 [INF] [OpenFreqClient.Services.OpenFreqService] RX 339.750 MHz from Wild (d52d332f-8742-40f6-b985-35a908d32642): -79.2 dBm, SNR 27.8 dB, FSPL 119.2 dB, terrain 0.0 dB, 63.7 km, tx 12595 m / rx 9147 m MSL
2026-09-26 17:09:28.056 -04:00 [INF] [OpenFreqClient.Services.OpenFreqService] PTT end: own radio on 280.500 MHz
2026-09-26 17:09:28.063 -04:00 [INF] [OpenFreqClient.Services.OpenFreqService] TX level over 1010ms: mic peak -0.3 dBFS rms -19.4 dBFS | sent peak 0.0 dBFS rms -11.2 dBFS | normalizer on, gain 1.966, gate -76.1 dBFS
2026-09-26 17:09:29.509 -04:00 [INF] [OpenFreqClient.Services.OpenFreqService] PTT end: Wild (d52d332f-8742-40f6-b985-35a908d32642) on 339.750 MHz, released
2026-09-26 17:09:32.572 -04:00 [INF] [OpenFreqClient.Services.OpenFreqService] PTT start: Falcon (91c4c764-ac55-4b66-98e4-d070ed54be23) on 280.500 MHz, 3D
2026-09-26 17:09:32.596 -04:00 [INF] [OpenFreq.Common.RtpJitterBuffer] Transmission gap detected (131404ms RTP delta), resetting jitter measurement
2026-09-26 17:09:32.728 -04:00 [INF] [OpenFreqClient.Services.OpenFreqService] RX 280.500 MHz from Falcon (91c4c764-ac55-4b66-98e4-d070ed54be23): -75.9 dBm, SNR 31.1 dB, FSPL 115.9 dB, terrain 0.0 dB, 53.3 km, tx 357 m / rx 9147 m MSL
2026-09-26 17:09:34.576 -04:00 [INF] [OpenFreqClient.Services.OpenFreqService] PTT end: Falcon (91c4c764-ac55-4b66-98e4-d070ed54be23) on 280.500 MHz, released
2026-09-26 17:09:37.017 -04:00 [INF] [OpenFreqClient.Services.OpenFreqService] PTT start: own radio on 280.500 MHz
2026-09-26 17:09:38.255 -04:00 [INF] [OpenFreqClient.Services.OpenFreqService] PTT end: own radio on 280.500 MHz
2026-09-26 17:09:38.263 -04:00 [INF] [OpenFreqClient.Services.OpenFreqService] TX level over 1240ms: mic peak -0.0 dBFS rms -18.1 dBFS | sent peak 0.0 dBFS rms -11.4 dBFS | normalizer on, gain 1.063, gate -71.1 dBFS
2026-09-26 17:09:39.244 -04:00 [INF] [OpenFreqClient.Services.OpenFreqService] PTT start: own radio on 339.750 MHz
2026-09-26 17:09:39.844 -04:00 [INF] [OpenFreqClient.Services.OpenFreqService] PTT start: Polaris (4c187006-039a-4fcb-b6df-d456875763f7) on 280.500 MHz, 3D
2026-09-26 17:09:39.859 -04:00 [INF] [OpenFreq.Common.RtpJitterBuffer] Transmission gap detected (44500ms RTP delta), resetting jitter measurement
2026-09-26 17:09:39.920 -04:00 [INF] [OpenFreqClient.Services.OpenFreqService] RX 280.500 MHz from Polaris (4c187006-039a-4fcb-b6df-d456875763f7): -63.2 dBm, SNR 43.8 dB, FSPL 103.2 dB, terrain 0.0 dB, 12.2 km, tx 5525 m / rx 9147 m MSL
2026-09-26 17:09:40.237 -04:00 [INF] [OpenFreqClient.Services.OpenFreqService] PTT end: Polaris (4c187006-039a-4fcb-b6df-d456875763f7) on 280.500 MHz, released
2026-09-26 17:09:40.719 -04:00 [INF] [OpenFreqClient.Services.OpenFreqService] PTT start: Polaris (4c187006-039a-4fcb-b6df-d456875763f7) on 280.500 MHz, 3D
2026-09-26 17:09:40.736 -04:00 [INF] [OpenFreq.Common.RtpJitterBuffer] Transmission gap detected (501ms RTP delta), resetting jitter measurement
2026-09-26 17:09:41.342 -04:00 [INF] [OpenFreqClient.Services.OpenFreqService] PTT end: Polaris (4c187006-039a-4fcb-b6df-d456875763f7) on 280.500 MHz, released
2026-09-26 17:09:41.479 -04:00 [INF] [OpenFreqClient.Services.OpenFreqService] PTT end: own radio on 339.750 MHz
2026-09-26 17:09:41.483 -04:00 [INF] [OpenFreqClient.Services.OpenFreqService] TX level over 2230ms: mic peak 0.0 dBFS rms -14.0 dBFS | sent peak 0.0 dBFS rms -16.6 dBFS | normalizer on, gain 1.076, gate -45.6 dBFS
2026-09-26 17:09:48.989 -04:00 [INF] [OpenFreqClient.Services.OpenFreqService] PTT start: Rain (fd8e3112-e083-4da8-be92-04d9f9642ebe) on 339.750 MHz, 3D
2026-09-26 17:09:49.006 -04:00 [INF] [OpenFreq.Common.RtpJitterBuffer] Transmission gap detected (23488ms RTP delta), resetting jitter measurement
2026-09-26 17:09:49.050 -04:00 [INF] [OpenFreqClient.Services.OpenFreqService] RX 339.750 MHz from Rain (fd8e3112-e083-4da8-be92-04d9f9642ebe): -84.5 dBm, SNR 22.5 dB, FSPL 124.5 dB, terrain 0.0 dB, 117.9 km, tx 9987 m / rx 9147 m MSL
2026-09-26 17:09:51.706 -04:00 [INF] [OpenFreq.Common.RtpJitterBuffer] Late arrival (16ms past slot) — buffer 71→117ms
2026-09-26 17:09:53.450 -04:00 [INF] [OpenFreqClient.Services.OpenFreqService] PTT end: Rain (fd8e3112-e083-4da8-be92-04d9f9642ebe) on 339.750 MHz, released
2026-09-26 17:10:00.494 -04:00 [INF] [OpenFreq.Common.RtpJitterBuffer] Transmission gap detected (19144ms RTP delta), resetting jitter measurement
2026-09-26 17:10:00.494 -04:00 [INF] [OpenFreqClient.Services.OpenFreqService] PTT start: Polaris (4c187006-039a-4fcb-b6df-d456875763f7) on 280.500 MHz, 3D
2026-09-26 17:10:00.494 -04:00 [INF] [OpenFreq.Common.RtpJitterBufferPool] Pruned stale source SSRC=6B506D7F
2026-09-26 17:10:00.494 -04:00 [INF] [OpenFreq.Common.RtpAudioReceiver] Source expired: SSRC=6B506D7F
2026-09-26 17:10:00.530 -04:00 [INF] [OpenFreqClient.Services.OpenFreqService] RX 280.500 MHz from Polaris (4c187006-039a-4fcb-b6df-d456875763f7): -59.0 dBm, SNR 48.0 dB, FSPL 99.0 dB, terrain 0.0 dB, 7.6 km, tx 5525 m / rx 9147 m MSL
2026-09-26 17:10:04.189 -04:00 [INF] [OpenFreq.Common.RtpJitterBuffer] Late arrival (0ms past slot) — buffer 46→76ms
2026-09-26 17:10:04.290 -04:00 [WRN] [OpenFreqAudio.RadioPlayback] Stream 4c187006-039a-4fcb-b6df-d456875763f7:280500 on 280.500 MHz had no samples for 10.5 ms
2026-09-26 17:10:05.966 -04:00 [INF] [OpenFreqClient.Services.OpenFreqService] PTT end: Polaris (4c187006-039a-4fcb-b6df-d456875763f7) on 280.500 MHz, released
2026-09-26 17:10:06.836 -04:00 [INF] [OpenFreqClient.Services.OpenFreqService] PTT start: own radio on 339.750 MHz
2026-09-26 17:10:07.967 -04:00 [INF] [OpenFreqClient.Services.OpenFreqService] PTT start: Alligator (2af88464-1ea8-4d04-80ba-d98d4f842617) on 280.500 MHz, 3D
2026-09-26 17:10:07.975 -04:00 [INF] [OpenFreq.Common.RtpJitterBuffer] Transmission gap detected (61689ms RTP delta), resetting jitter measurement
2026-09-26 17:10:08.028 -04:00 [INF] [OpenFreqClient.Services.OpenFreqService] RX 280.500 MHz from Alligator (2af88464-1ea8-4d04-80ba-d98d4f842617): -67.8 dBm, SNR 39.2 dB, FSPL 107.8 dB, terrain 0.0 dB, 20.8 km, tx 7729 m / rx 9147 m MSL
2026-09-26 17:10:10.265 -04:00 [INF] [OpenFreqClient.Services.OpenFreqService] PTT end: Alligator (2af88464-1ea8-4d04-80ba-d98d4f842617) on 280.500 MHz, released
2026-09-26 17:10:10.522 -04:00 [INF] [OpenFreqClient.Services.OpenFreqService] PTT end: own radio on 339.750 MHz
2026-09-26 17:10:10.523 -04:00 [INF] [OpenFreqClient.Services.OpenFreqService] TX level over 3680ms: mic peak -0.0 dBFS rms -15.2 dBFS | sent peak 0.0 dBFS rms -15.4 dBFS | normalizer on, gain 0.844, gate -83.3 dBFS
2026-09-26 17:10:12.449 -04:00 [INF] [OpenFreqClient.Services.OpenFreqService] PTT start: Razgriz (9ac4a3e8-e935-4564-a9e9-54d417e10880) on 280.500 MHz, 3D
2026-09-26 17:10:12.464 -04:00 [INF] [OpenFreq.Common.RtpJitterBufferPool] New RTP source: SSRC=6B506D7F
2026-09-26 17:10:12.464 -04:00 [INF] [OpenFreq.Common.RtpJitterBuffer] Manual buffer size: 150ms
2026-09-26 17:10:12.464 -04:00 [INF] [OpenFreq.Common.RtpAudioReceiver] Source joined:  SSRC=6B506D7F
2026-09-26 17:10:12.464 -04:00 [INF] [OpenFreq.Common.RtpJitterBuffer] Initialized: buffer=150ms
2026-09-26 17:10:12.614 -04:00 [INF] [OpenFreqClient.Services.OpenFreqService] RX 280.500 MHz from Razgriz (9ac4a3e8-e935-4564-a9e9-54d417e10880): -72.9 dBm, SNR 34.1 dB, FSPL 112.9 dB, terrain 0.0 dB, 37.6 km, tx 8163 m / rx 9147 m MSL
2026-09-26 17:10:12.847 -04:00 [INF] [OpenFreqClient.Services.OpenFreqService] PTT end: Razgriz (9ac4a3e8-e935-4564-a9e9-54d417e10880) on 280.500 MHz, released
2026-09-26 17:10:13.061 -04:00 [INF] [OpenFreqClient.Services.OpenFreqService] PTT start: Wild (d52d332f-8742-40f6-b985-35a908d32642) on 339.750 MHz, 3D
2026-09-26 17:10:13.079 -04:00 [INF] [OpenFreq.Common.RtpJitterBuffer] Transmission gap detected (43576ms RTP delta), resetting jitter measurement
2026-09-26 17:10:13.132 -04:00 [INF] [OpenFreqClient.Services.OpenFreqService] RX 339.750 MHz from Wild (d52d332f-8742-40f6-b985-35a908d32642): -78.8 dBm, SNR 28.2 dB, FSPL 118.8 dB, terrain 0.0 dB, 61.4 km, tx 9541 m / rx 9147 m MSL
2026-09-26 17:10:13.878 -04:00 [INF] [OpenFreqClient.Services.OpenFreqService] PTT end: Wild (d52d332f-8742-40f6-b985-35a908d32642) on 339.750 MHz, released
2026-09-26 17:10:14.609 -04:00 [INF] [OpenFreqClient.Services.OpenFreqService] PTT start: LeHarold (334bf3fa-605f-4145-a460-1e0fa9526a3d) on 280.500 MHz, 3D
2026-09-26 17:10:14.623 -04:00 [INF] [OpenFreq.Common.RtpJitterBuffer] Transmission gap detected (189065ms RTP delta), resetting jitter measurement
2026-09-26 17:10:14.676 -04:00 [INF] [OpenFreqClient.Services.OpenFreqService] RX 280.500 MHz from LeHarold (334bf3fa-605f-4145-a460-1e0fa9526a3d): -74.1 dBm, SNR 32.9 dB, FSPL 114.1 dB, terrain 0.0 dB, 42.9 km, tx 4013 m / rx 9147 m MSL
2026-09-26 17:10:15.127 -04:00 [INF] [OpenFreqClient.Services.OpenFreqService] PTT start: Wild (d52d332f-8742-40f6-b985-35a908d32642) on 339.750 MHz, 3D
2026-09-26 17:10:15.147 -04:00 [INF] [OpenFreq.Common.RtpJitterBuffer] Transmission gap detected (1266ms RTP delta), resetting jitter measurement
2026-09-26 17:10:15.189 -04:00 [INF] [OpenFreqClient.Services.OpenFreqService] RX 339.750 MHz from Wild (d52d332f-8742-40f6-b985-35a908d32642): -78.8 dBm, SNR 28.2 dB, FSPL 118.8 dB, terrain 0.0 dB, 60.8 km, tx 9446 m / rx 9147 m MSL
2026-09-26 17:10:16.212 -04:00 [INF] [OpenFreq.Common.RtpJitterBuffer] Late arrival (4ms past slot) — buffer 53→87ms
2026-09-26 17:10:16.264 -04:00 [INF] [OpenFreqClient.Services.OpenFreqService] PTT end: Wild (d52d332f-8742-40f6-b985-35a908d32642) on 339.750 MHz, released
2026-09-26 17:10:16.678 -04:00 [INF] [OpenFreqClient.Services.OpenFreqService] PTT start: Wild (d52d332f-8742-40f6-b985-35a908d32642) on 339.750 MHz, 3D
2026-09-26 17:10:17.352 -04:00 [INF] [OpenFreqClient.Services.OpenFreqService] PTT end: Wild (d52d332f-8742-40f6-b985-35a908d32642) on 339.750 MHz, released
2026-09-26 17:10:17.511 -04:00 [INF] [OpenFreqClient.Services.OpenFreqService] PTT start: Wild (d52d332f-8742-40f6-b985-35a908d32642) on 339.750 MHz, 3D
2026-09-26 17:10:17.631 -04:00 [INF] [OpenFreqClient.Services.OpenFreqService] PTT end: LeHarold (334bf3fa-605f-4145-a460-1e0fa9526a3d) on 280.500 MHz, released
2026-09-26 17:10:17.894 -04:00 [INF] [OpenFreqClient.Services.OpenFreqService] PTT end: Wild (d52d332f-8742-40f6-b985-35a908d32642) on 339.750 MHz, released
2026-09-26 17:10:19.205 -04:00 [INF] [OpenFreqClient.Services.OpenFreqService] PTT start: Wild (d52d332f-8742-40f6-b985-35a908d32642) on 339.750 MHz, 3D
2026-09-26 17:10:19.226 -04:00 [INF] [OpenFreq.Common.RtpJitterBuffer] Transmission gap detected (1336ms RTP delta), resetting jitter measurement
2026-09-26 17:10:19.281 -04:00 [INF] [OpenFreqClient.Services.OpenFreqService] RX 339.750 MHz from Wild (d52d332f-8742-40f6-b985-35a908d32642): -78.6 dBm, SNR 28.4 dB, FSPL 118.6 dB, terrain 0.0 dB, 59.7 km, tx 9287 m / rx 9147 m MSL
2026-09-26 17:10:20.358 -04:00 [INF] [OpenFreqClient.Services.OpenFreqService] PTT end: Wild (d52d332f-8742-40f6-b985-35a908d32642) on 339.750 MHz, released
2026-09-26 17:10:22.100 -04:00 [INF] [OpenFreqClient.Services.OpenFreqService] PTT start: Rain (fd8e3112-e083-4da8-be92-04d9f9642ebe) on 339.750 MHz, 3D
2026-09-26 17:10:22.111 -04:00 [INF] [OpenFreq.Common.RtpJitterBuffer] Transmission gap detected (28670ms RTP delta), resetting jitter measurement
2026-09-26 17:10:22.176 -04:00 [INF] [OpenFreqClient.Services.OpenFreqService] RX 339.750 MHz from Rain (fd8e3112-e083-4da8-be92-04d9f9642ebe): -84.5 dBm, SNR 22.5 dB, FSPL 124.5 dB, terrain 0.0 dB, 118.3 km, tx 8488 m / rx 9147 m MSL
2026-09-26 17:10:22.233 -04:00 [INF] [OpenFreq.Common.RtpJitterBuffer] Late arrival (18ms past slot) — buffer 86→134ms
2026-09-26 17:10:22.850 -04:00 [INF] [OpenFreqClient.Services.OpenFreqService] PTT start: own radio on 280.500 MHz
2026-09-26 17:10:23.660 -04:00 [WRN] [OpenFreqAudio.RadioPlayback] Stream fd8e3112-e083-4da8-be92-04d9f9642ebe:339750 on 339.750 MHz had no samples for 10.0 ms
2026-09-26 17:10:26.019 -04:00 [INF] [OpenFreqClient.Services.OpenFreqService] PTT end: own radio on 280.500 MHz
2026-09-26 17:10:26.023 -04:00 [INF] [OpenFreqClient.Services.OpenFreqService] TX level over 3170ms: mic peak 0.0 dBFS rms -13.8 dBFS | sent peak 0.0 dBFS rms -14.3 dBFS | normalizer on, gain 1.547, gate -66.1 dBFS
2026-09-26 17:10:26.318 -04:00 [INF] [OpenFreqClient.Services.OpenFreqService] PTT end: Rain (fd8e3112-e083-4da8-be92-04d9f9642ebe) on 339.750 MHz, released
2026-09-26 17:10:29.048 -04:00 [INF] [OpenFreqClient.Services.OpenFreqService] PTT start: own radio on 280.500 MHz
2026-09-26 17:10:29.195 -04:00 [INF] [OpenFreqClient.Services.OpenFreqService] PTT end: own radio on 280.500 MHz
2026-09-26 17:10:29.203 -04:00 [INF] [OpenFreqClient.Services.OpenFreqService] TX level over 150ms: mic peak -34.0 dBFS rms -55.7 dBFS | sent peak -25.3 dBFS rms -47.0 dBFS | normalizer on, gain 5.696, gate -90.3 dBFS
2026-09-26 17:10:30.752 -04:00 [INF] [OpenFreqClient.Services.OpenFreqService] PTT start: Razgriz (9ac4a3e8-e935-4564-a9e9-54d417e10880) on 280.500 MHz, 3D
2026-09-26 17:10:30.778 -04:00 [INF] [OpenFreq.Common.RtpJitterBuffer] Transmission gap detected (17924ms RTP delta), resetting jitter measurement
2026-09-26 17:10:30.888 -04:00 [INF] [OpenFreqClient.Services.OpenFreqService] RX 280.500 MHz from Razgriz (9ac4a3e8-e935-4564-a9e9-54d417e10880): -73.7 dBm, SNR 33.3 dB, FSPL 113.7 dB, terrain 0.0 dB, 41.0 km, tx 8120 m / rx 9147 m MSL
2026-09-26 17:10:32.064 -04:00 [INF] [OpenFreqClient.Services.OpenFreqService] PTT end: Razgriz (9ac4a3e8-e935-4564-a9e9-54d417e10880) on 280.500 MHz, released
2026-09-26 17:10:32.665 -04:00 [INF] [OpenFreqClient.Services.OpenFreqService] PTT start: own radio on 280.500 MHz
2026-09-26 17:10:33.164 -04:00 [INF] [OpenFreqClient.Services.OpenFreqService] PTT end: own radio on 280.500 MHz
2026-09-26 17:10:33.165 -04:00 [INF] [OpenFreqClient.Services.OpenFreqService] TX level over 490ms: mic peak -0.1 dBFS rms -16.2 dBFS | sent peak 0.0 dBFS rms -11.9 dBFS | normalizer on, gain 0.670, gate -45.4 dBFS
2026-09-26 17:10:34.265 -04:00 [INF] [OpenFreqClient.Services.OpenFreqService] PTT start: Alligator (2af88464-1ea8-4d04-80ba-d98d4f842617) on 280.500 MHz, 3D
2026-09-26 17:10:34.278 -04:00 [INF] [OpenFreq.Common.RtpJitterBuffer] Transmission gap detected (24024ms RTP delta), resetting jitter measurement
2026-09-26 17:10:34.325 -04:00 [INF] [OpenFreqClient.Services.OpenFreqService] RX 280.500 MHz from Alligator (2af88464-1ea8-4d04-80ba-d98d4f842617): -67.7 dBm, SNR 39.3 dB, FSPL 107.7 dB, terrain 0.0 dB, 20.6 km, tx 8140 m / rx 9147 m MSL
2026-09-26 17:10:34.745 -04:00 [INF] [OpenFreq.Common.RtpJitterBuffer] Late arrival (40ms past slot) — buffer 56→125ms
2026-09-26 17:10:35.952 -04:00 [INF] [OpenFreqClient.Services.OpenFreqService] PTT end: Alligator (2af88464-1ea8-4d04-80ba-d98d4f842617) on 280.500 MHz, released
2026-09-26 17:10:37.297 -04:00 [INF] [OpenFreqClient.Services.OpenFreqService] PTT start: Razgriz (9ac4a3e8-e935-4564-a9e9-54d417e10880) on 280.500 MHz, 3D
2026-09-26 17:10:37.312 -04:00 [INF] [OpenFreq.Common.RtpJitterBuffer] Transmission gap detected (5244ms RTP delta), resetting jitter measurement
2026-09-26 17:10:37.365 -04:00 [INF] [OpenFreqClient.Services.OpenFreqService] RX 280.500 MHz from Razgriz (9ac4a3e8-e935-4564-a9e9-54d417e10880): -73.9 dBm, SNR 33.1 dB, FSPL 113.9 dB, terrain 0.0 dB, 42.1 km, tx 8116 m / rx 9147 m MSL
2026-09-26 17:10:38.742 -04:00 [INF] [OpenFreqClient.Services.OpenFreqService] PTT end: Razgriz (9ac4a3e8-e935-4564-a9e9-54d417e10880) on 280.500 MHz, released
2026-09-26 17:10:40.234 -04:00 [INF] [OpenFreqClient.Services.OpenFreqService] PTT start: Alligator (2af88464-1ea8-4d04-80ba-d98d4f842617) on 280.500 MHz, 3D
2026-09-26 17:10:40.255 -04:00 [INF] [OpenFreq.Common.RtpJitterBuffer] Transmission gap detected (4310ms RTP delta), resetting jitter measurement
2026-09-26 17:10:40.318 -04:00 [INF] [OpenFreqClient.Services.OpenFreqService] RX 280.500 MHz from Alligator (2af88464-1ea8-4d04-80ba-d98d4f842617): -67.8 dBm, SNR 39.2 dB, FSPL 107.8 dB, terrain 0.0 dB, 20.9 km, tx 8214 m / rx 9147 m MSL
2026-09-26 17:10:41.378 -04:00 [INF] [OpenFreqClient.Services.OpenFreqService] PTT end: Alligator (2af88464-1ea8-4d04-80ba-d98d4f842617) on 280.500 MHz, released
2026-09-26 17:10:48.096 -04:00 [INF] [OpenFreqClient.Services.OpenFreqService] PTT start: own radio on 280.500 MHz
2026-09-26 17:10:49.060 -04:00 [INF] [OpenFreqClient.Services.OpenFreqService] PTT end: own radio on 280.500 MHz
2026-09-26 17:10:49.065 -04:00 [INF] [OpenFreqClient.Services.OpenFreqService] TX level over 960ms: mic peak -0.1 dBFS rms -18.0 dBFS | sent peak 0.0 dBFS rms -18.2 dBFS | normalizer on, gain 0.616, gate -78.5 dBFS
2026-09-26 17:10:49.772 -04:00 [INF] [OpenFreqClient.Services.OpenFreqService] PTT start: Razgriz (9ac4a3e8-e935-4564-a9e9-54d417e10880) on 280.500 MHz, 3D
2026-09-26 17:10:49.772 -04:00 [INF] [OpenFreq.Common.RtpJitterBuffer] Transmission gap detected (11044ms RTP delta), resetting jitter measurement
2026-09-26 17:10:49.822 -04:00 [INF] [OpenFreqClient.Services.OpenFreqService] RX 280.500 MHz from Razgriz (9ac4a3e8-e935-4564-a9e9-54d417e10880): -74.1 dBm, SNR 32.9 dB, FSPL 114.1 dB, terrain 0.0 dB, 43.0 km, tx 8091 m / rx 9147 m MSL
2026-09-26 17:10:50.571 -04:00 [INF] [OpenFreqClient.Services.OpenFreqService] PTT end: Razgriz (9ac4a3e8-e935-4564-a9e9-54d417e10880) on 280.500 MHz, released
2026-09-26 17:10:52.532 -04:00 [INF] [OpenFreqClient.Services.OpenFreqService] PTT start: Polaris (4c187006-039a-4fcb-b6df-d456875763f7) on 280.500 MHz, 3D
2026-09-26 17:10:52.553 -04:00 [INF] [OpenFreq.Common.RtpJitterBuffer] Transmission gap detected (46584ms RTP delta), resetting jitter measurement
2026-09-26 17:10:52.590 -04:00 [INF] [OpenFreqClient.Services.OpenFreqService] RX 280.500 MHz from Polaris (4c187006-039a-4fcb-b6df-d456875763f7): -58.5 dBm, SNR 48.5 dB, FSPL 98.5 dB, terrain 0.0 dB, 7.1 km, tx 5525 m / rx 9147 m MSL
2026-09-26 17:10:53.074 -04:00 [INF] [OpenFreq.Common.RtpJitterBuffer] Late arrival (44ms past slot) — buffer 43→118ms
2026-09-26 17:10:53.550 -04:00 [INF] [OpenFreqClient.Services.OpenFreqService] PTT end: Polaris (4c187006-039a-4fcb-b6df-d456875763f7) on 280.500 MHz, released
2026-09-26 17:10:54.036 -04:00 [INF] [OpenFreqClient.Services.OpenFreqService] PTT start: Polaris (4c187006-039a-4fcb-b6df-d456875763f7) on 280.500 MHz, 3D
2026-09-26 17:10:54.048 -04:00 [INF] [OpenFreq.Common.RtpJitterBuffer] Transmission gap detected (505ms RTP delta), resetting jitter measurement
2026-09-26 17:10:58.305 -04:00 [INF] [OpenFreqClient.Services.OpenFreqService] PTT end: Polaris (4c187006-039a-4fcb-b6df-d456875763f7) on 280.500 MHz, released
2026-09-26 17:11:03.551 -04:00 [INF] [OpenFreqClient.Services.OpenFreqService] PTT start: own radio on 280.500 MHz
2026-09-26 17:11:04.327 -04:00 [INF] [OpenFreqClient.Services.OpenFreqService] PTT end: own radio on 280.500 MHz
2026-09-26 17:11:04.335 -04:00 [INF] [OpenFreqClient.Services.OpenFreqService] TX level over 780ms: mic peak 0.0 dBFS rms -15.2 dBFS | sent peak 0.0 dBFS rms -17.1 dBFS | normalizer on, gain 0.608, gate -64.2 dBFS
2026-09-26 17:11:04.681 -04:00 [INF] [OpenFreqClient.Services.OpenFreqService] PTT start: own radio on 339.750 MHz
2026-09-26 17:11:05.537 -04:00 [INF] [OpenFreqClient.Services.OpenFreqService] PTT end: own radio on 339.750 MHz
2026-09-26 17:11:05.545 -04:00 [INF] [OpenFreqClient.Services.OpenFreqService] TX level over 860ms: mic peak -0.3 dBFS rms -20.8 dBFS | sent peak 0.0 dBFS rms -17.8 dBFS | normalizer on, gain 2.094, gate -52.1 dBFS
2026-09-26 17:11:05.928 -04:00 [INF] [OpenFreq.Common.RtpJitterBuffer] Transmission gap detected (7632ms RTP delta), resetting jitter measurement
2026-09-26 17:11:05.928 -04:00 [INF] [OpenFreqClient.Services.OpenFreqService] PTT start: Polaris (4c187006-039a-4fcb-b6df-d456875763f7) on 280.500 MHz, 3D
2026-09-26 17:11:05.928 -04:00 [INF] [OpenFreq.Common.RtpJitterBufferPool] Pruned stale source SSRC=4209D5F1
2026-09-26 17:11:05.928 -04:00 [INF] [OpenFreq.Common.RtpAudioReceiver] Source expired: SSRC=4209D5F1
2026-09-26 17:11:05.971 -04:00 [INF] [OpenFreqClient.Services.OpenFreqService] RX 280.500 MHz from Polaris (4c187006-039a-4fcb-b6df-d456875763f7): -61.5 dBm, SNR 45.5 dB, FSPL 101.5 dB, terrain 0.0 dB, 10.1 km, tx 5525 m / rx 9147 m MSL
2026-09-26 17:11:06.383 -04:00 [INF] [OpenFreq.Common.RtpJitterBuffer] Late arrival (12ms past slot) — buffer 46→89ms
2026-09-26 17:11:06.739 -04:00 [INF] [OpenFreqClient.Services.OpenFreqService] PTT end: Polaris (4c187006-039a-4fcb-b6df-d456875763f7) on 280.500 MHz, released
2026-09-26 17:11:08.867 -04:00 [INF] [OpenFreqClient.Services.OpenFreqService] PTT start: Rain (fd8e3112-e083-4da8-be92-04d9f9642ebe) on 339.750 MHz, 3D
2026-09-26 17:11:08.888 -04:00 [INF] [OpenFreq.Common.RtpJitterBuffer] Transmission gap detected (42568ms RTP delta), resetting jitter measurement
2026-09-26 17:11:08.931 -04:00 [INF] [OpenFreqClient.Services.OpenFreqService] RX 339.750 MHz from Rain (fd8e3112-e083-4da8-be92-04d9f9642ebe): -85.2 dBm, SNR 21.8 dB, FSPL 125.2 dB, terrain 0.0 dB, 127.8 km, tx 8551 m / rx 9147 m MSL
2026-09-26 17:11:11.266 -04:00 [INF] [OpenFreqClient.Services.OpenFreqService] PTT end: Rain (fd8e3112-e083-4da8-be92-04d9f9642ebe) on 339.750 MHz, released
2026-09-26 17:11:11.887 -04:00 [INF] [OpenFreqClient.Services.OpenFreqService] PTT start: Woody (179a68da-a2bc-45c0-9d2b-9f0af5fa49ea) on 339.750 MHz, 3D
2026-09-26 17:11:11.897 -04:00 [INF] [OpenFreq.Common.RtpJitterBuffer] Transmission gap detected (120911ms RTP delta), resetting jitter measurement
2026-09-26 17:11:11.960 -04:00 [INF] [OpenFreqClient.Services.OpenFreqService] RX 339.750 MHz from Woody (179a68da-a2bc-45c0-9d2b-9f0af5fa49ea): -82.9 dBm, SNR 24.1 dB, FSPL 122.9 dB, terrain 0.0 dB, 97.6 km, tx 10173 m / rx 9147 m MSL
2026-09-26 17:11:12.891 -04:00 [INF] [OpenFreq.Common.RtpJitterBuffer] Late arrival (31ms past slot) — buffer 139→200ms
2026-09-26 17:11:13.236 -04:00 [INF] [OpenFreqClient.Services.OpenFreqService] PTT end: Woody (179a68da-a2bc-45c0-9d2b-9f0af5fa49ea) on 339.750 MHz, released
2026-09-26 17:11:15.669 -04:00 [INF] [OpenFreqClient.Services.OpenFreqService] PTT start: Falcon (91c4c764-ac55-4b66-98e4-d070ed54be23) on 280.500 MHz, 3D
2026-09-26 17:11:15.683 -04:00 [INF] [OpenFreq.Common.RtpJitterBuffer] Transmission gap detected (101108ms RTP delta), resetting jitter measurement
2026-09-26 17:11:15.733 -04:00 [INF] [OpenFreqClient.Services.OpenFreqService] RX 280.500 MHz from Falcon (91c4c764-ac55-4b66-98e4-d070ed54be23): -71.0 dBm, SNR 36.0 dB, FSPL 111.0 dB, terrain 0.0 dB, 30.0 km, tx 1253 m / rx 9147 m MSL
2026-09-26 17:11:18.220 -04:00 [INF] [OpenFreqClient.Services.OpenFreqService] PTT end: Falcon (91c4c764-ac55-4b66-98e4-d070ed54be23) on 280.500 MHz, released
2026-09-26 17:11:18.769 -04:00 [INF] [OpenFreqClient.Services.OpenFreqService] PTT start: own radio on 280.500 MHz
2026-09-26 17:11:19.624 -04:00 [INF] [OpenFreqClient.Services.OpenFreqService] PTT end: own radio on 280.500 MHz
2026-09-26 17:11:19.625 -04:00 [INF] [OpenFreqClient.Services.OpenFreqService] TX level over 850ms: mic peak -0.1 dBFS rms -21.2 dBFS | sent peak 0.0 dBFS rms -13.4 dBFS | normalizer on, gain 2.583, gate -73.2 dBFS
2026-09-26 17:11:31.289 -04:00 [INF] [OpenFreqClient.Services.OpenFreqService] PTT start: own radio on 339.750 MHz
2026-09-26 17:11:34.061 -04:00 [INF] [OpenFreqClient.Services.OpenFreqService] PTT start: Alligator (2af88464-1ea8-4d04-80ba-d98d4f842617) on 280.500 MHz, 3D
2026-09-26 17:11:34.094 -04:00 [INF] [OpenFreq.Common.RtpJitterBuffer] Transmission gap detected (52725ms RTP delta), resetting jitter measurement
2026-09-26 17:11:34.140 -04:00 [INF] [OpenFreqClient.Services.OpenFreqService] RX 280.500 MHz from Alligator (2af88464-1ea8-4d04-80ba-d98d4f842617): -71.6 dBm, SNR 35.4 dB, FSPL 111.6 dB, terrain 0.0 dB, 32.3 km, tx 7862 m / rx 9147 m MSL
2026-09-26 17:11:34.595 -04:00 [WRN] [OpenFreqAudio.RadioPlayback] Stream 2af88464-1ea8-4d04-80ba-d98d4f842617:280500 on 280.500 MHz had no samples for 15.1 ms
2026-09-26 17:11:34.774 -04:00 [INF] [OpenFreqClient.Services.OpenFreqService] PTT end: Alligator (2af88464-1ea8-4d04-80ba-d98d4f842617) on 280.500 MHz, released
2026-09-26 17:11:35.041 -04:00 [INF] [OpenFreqClient.Services.OpenFreqService] PTT end: own radio on 339.750 MHz
2026-09-26 17:11:35.045 -04:00 [INF] [OpenFreqClient.Services.OpenFreqService] TX level over 3750ms: mic peak -0.1 dBFS rms -16.3 dBFS | sent peak 0.0 dBFS rms -18.1 dBFS | normalizer on, gain 1.875, gate -52.5 dBFS
2026-09-26 17:11:35.103 -04:00 [INF] [OpenFreqClient.Services.OpenFreqService] PTT start: Alligator (2af88464-1ea8-4d04-80ba-d98d4f842617) on 280.500 MHz, 3D
2026-09-26 17:11:36.137 -04:00 [INF] [OpenFreq.Common.RtpJitterBuffer] Transmission gap detected (22920ms RTP delta), resetting jitter measurement
2026-09-26 17:11:36.137 -04:00 [INF] [OpenFreqClient.Services.OpenFreqService] PTT start: Woody (179a68da-a2bc-45c0-9d2b-9f0af5fa49ea) on 339.750 MHz, 3D
2026-09-26 17:11:36.238 -04:00 [INF] [OpenFreqClient.Services.OpenFreqService] RX 339.750 MHz from Woody (179a68da-a2bc-45c0-9d2b-9f0af5fa49ea): -82.6 dBm, SNR 24.4 dB, FSPL 122.6 dB, terrain 0.0 dB, 94.5 km, tx 9624 m / rx 9147 m MSL
2026-09-26 17:11:37.099 -04:00 [INF] [OpenFreqClient.Services.OpenFreqService] PTT end: Alligator (2af88464-1ea8-4d04-80ba-d98d4f842617) on 280.500 MHz, released
2026-09-26 17:11:37.537 -04:00 [INF] [OpenFreqClient.Services.OpenFreqService] PTT start: Alligator (2af88464-1ea8-4d04-80ba-d98d4f842617) on 280.500 MHz, 3D
2026-09-26 17:11:37.743 -04:00 [INF] [OpenFreqClient.Services.OpenFreqService] PTT end: Woody (179a68da-a2bc-45c0-9d2b-9f0af5fa49ea) on 339.750 MHz, released
2026-09-26 17:11:38.722 -04:00 [INF] [OpenFreq.Common.RtpJitterBuffer] Late arrival (6ms past slot) — buffer 56→92ms
2026-09-26 17:11:38.722 -04:00 [INF] [OpenFreqClient.Services.OpenFreqService] PTT end: Alligator (2af88464-1ea8-4d04-80ba-d98d4f842617) on 280.500 MHz, released
2026-09-26 17:11:40.219 -04:00 [INF] [OpenFreqClient.Services.OpenFreqService] PTT start: own radio on 339.750 MHz
2026-09-26 17:11:43.880 -04:00 [INF] [OpenFreqClient.Services.OpenFreqService] PTT end: own radio on 339.750 MHz
2026-09-26 17:11:43.885 -04:00 [INF] [OpenFreqClient.Services.OpenFreqService] TX level over 3660ms: mic peak 0.0 dBFS rms -16.7 dBFS | sent peak 0.0 dBFS rms -16.5 dBFS | normalizer on, gain 2.951, gate -58.4 dBFS
2026-09-26 17:11:48.781 -04:00 [INF] [OpenFreqClient.Services.OpenFreqService] PTT start: Rain (fd8e3112-e083-4da8-be92-04d9f9642ebe) on 339.750 MHz, 3D
2026-09-26 17:11:48.793 -04:00 [INF] [OpenFreq.Common.RtpJitterBuffer] Transmission gap detected (37531ms RTP delta), resetting jitter measurement
2026-09-26 17:11:48.844 -04:00 [INF] [OpenFreqClient.Services.OpenFreqService] RX 339.750 MHz from Rain (fd8e3112-e083-4da8-be92-04d9f9642ebe): -85.9 dBm, SNR 21.1 dB, FSPL 125.9 dB, terrain 0.0 dB, 138.3 km, tx 8436 m / rx 9147 m MSL
2026-09-26 17:11:49.475 -04:00 [WRN] [OpenFreqAudio.RadioPlayback] Stream fd8e3112-e083-4da8-be92-04d9f9642ebe:339750 on 339.750 MHz had no samples for 10.5 ms
2026-09-26 17:11:50.005 -04:00 [INF] [OpenFreqClient.Services.OpenFreqService] PTT end: Rain (fd8e3112-e083-4da8-be92-04d9f9642ebe) on 339.750 MHz, released
2026-09-26 17:11:51.899 -04:00 [INF] [OpenFreqClient.Services.OpenFreqService] PTT start: own radio on 280.500 MHz
2026-09-26 17:11:52.776 -04:00 [INF] [OpenFreqClient.Services.OpenFreqService] PTT start: Woody (179a68da-a2bc-45c0-9d2b-9f0af5fa49ea) on 339.750 MHz, 3D
2026-09-26 17:11:52.789 -04:00 [INF] [OpenFreq.Common.RtpJitterBuffer] Transmission gap detected (15061ms RTP delta), resetting jitter measurement
2026-09-26 17:11:52.839 -04:00 [INF] [OpenFreqClient.Services.OpenFreqService] RX 339.750 MHz from Woody (179a68da-a2bc-45c0-9d2b-9f0af5fa49ea): -82.7 dBm, SNR 24.3 dB, FSPL 122.7 dB, terrain 0.0 dB, 95.8 km, tx 9797 m / rx 9147 m MSL
2026-09-26 17:11:54.076 -04:00 [INF] [OpenFreqClient.Services.OpenFreqService] PTT end: own radio on 280.500 MHz
2026-09-26 17:11:54.077 -04:00 [INF] [OpenFreqClient.Services.OpenFreqService] TX level over 2170ms: mic peak -0.1 dBFS rms -13.7 dBFS | sent peak 0.0 dBFS rms -16.6 dBFS | normalizer on, gain 0.508, gate -51.5 dBFS
2026-09-26 17:11:55.416 -04:00 [WRN] [OpenFreqAudio.RadioPlayback] Stream 179a68da-a2bc-45c0-9d2b-9f0af5fa49ea:339750 on 339.750 MHz had no samples for 9.5 ms
2026-09-26 17:11:56.207 -04:00 [INF] [OpenFreqClient.Services.OpenFreqService] PTT start: Razgriz (9ac4a3e8-e935-4564-a9e9-54d417e10880) on 280.500 MHz, 3D
2026-09-26 17:11:56.222 -04:00 [INF] [OpenFreq.Common.RtpJitterBuffer] Transmission gap detected (65668ms RTP delta), resetting jitter measurement
2026-09-26 17:11:56.266 -04:00 [INF] [OpenFreqClient.Services.OpenFreqService] RX 280.500 MHz from Razgriz (9ac4a3e8-e935-4564-a9e9-54d417e10880): -71.3 dBm, SNR 35.7 dB, FSPL 111.3 dB, terrain 0.0 dB, 31.3 km, tx 8411 m / rx 9147 m MSL
2026-09-26 17:11:57.319 -04:00 [INF] [OpenFreq.Common.RtpJitterBuffer] Late arrival (0ms past slot) — buffer 137→167ms
2026-09-26 17:11:57.514 -04:00 [INF] [OpenFreqClient.Services.OpenFreqService] PTT end: Razgriz (9ac4a3e8-e935-4564-a9e9-54d417e10880) on 280.500 MHz, released
2026-09-26 17:11:57.876 -04:00 [INF] [OpenFreq.Common.RtpJitterBuffer] Late arrival (27ms past slot) — buffer 167→224ms
2026-09-26 17:11:58.298 -04:00 [INF] [OpenFreq.Common.RtpJitterBuffer] Late arrival (53ms past slot) — buffer 223→306ms
2026-09-26 17:11:59.859 -04:00 [INF] [OpenFreqClient.Services.OpenFreqService] PTT end: Woody (179a68da-a2bc-45c0-9d2b-9f0af5fa49ea) on 339.750 MHz, released
2026-09-26 17:12:00.708 -04:00 [INF] [OpenFreqClient.Services.OpenFreqService] PTT start: own radio on 339.750 MHz
2026-09-26 17:12:01.777 -04:00 [INF] [OpenFreqClient.Services.OpenFreqService] PTT start: Razgriz (9ac4a3e8-e935-4564-a9e9-54d417e10880) on 280.500 MHz, 3D
2026-09-26 17:12:01.792 -04:00 [INF] [OpenFreq.Common.RtpJitterBuffer] Transmission gap detected (4289ms RTP delta), resetting jitter measurement
2026-09-26 17:12:01.848 -04:00 [INF] [OpenFreqClient.Services.OpenFreqService] RX 280.500 MHz from Razgriz (9ac4a3e8-e935-4564-a9e9-54d417e10880): -71.0 dBm, SNR 36.0 dB, FSPL 111.0 dB, terrain 0.0 dB, 30.2 km, tx 8345 m / rx 9147 m MSL
2026-09-26 17:12:02.609 -04:00 [INF] [OpenFreqClient.Services.OpenFreqService] PTT end: Razgriz (9ac4a3e8-e935-4564-a9e9-54d417e10880) on 280.500 MHz, released
2026-09-26 17:12:03.767 -04:00 [INF] [OpenFreqClient.Services.OpenFreqService] PTT end: own radio on 339.750 MHz
2026-09-26 17:12:03.777 -04:00 [INF] [OpenFreqClient.Services.OpenFreqService] TX level over 3060ms: mic peak -0.1 dBFS rms -17.7 dBFS | sent peak 0.0 dBFS rms -19.8 dBFS | normalizer on, gain 1.844, gate -55.5 dBFS
2026-09-26 17:12:04.440 -04:00 [INF] [OpenFreqClient.Services.OpenFreqService] PTT start: Rain (fd8e3112-e083-4da8-be92-04d9f9642ebe) on 339.750 MHz, 3D
2026-09-26 17:12:04.465 -04:00 [INF] [OpenFreq.Common.RtpJitterBuffer] Transmission gap detected (14466ms RTP delta), resetting jitter measurement
2026-09-26 17:12:04.504 -04:00 [INF] [OpenFreqClient.Services.OpenFreqService] RX 339.750 MHz from Rain (fd8e3112-e083-4da8-be92-04d9f9642ebe): -86.1 dBm, SNR 20.9 dB, FSPL 126.1 dB, terrain 0.0 dB, 141.8 km, tx 8378 m / rx 9147 m MSL
2026-09-26 17:12:04.716 -04:00 [WRN] [OpenFreqAudio.RadioPlayback] Stream fd8e3112-e083-4da8-be92-04d9f9642ebe:339750 on 339.750 MHz had no samples for 10.6 ms
2026-09-26 17:12:05.859 -04:00 [INF] [OpenFreqClient.Services.OpenFreqService] PTT end: Rain (fd8e3112-e083-4da8-be92-04d9f9642ebe) on 339.750 MHz, released
2026-09-26 17:12:08.189 -04:00 [INF] [OpenFreqClient.Services.OpenFreqService] PTT start: Alligator (2af88464-1ea8-4d04-80ba-d98d4f842617) on 280.500 MHz, 3D
2026-09-26 17:12:08.192 -04:00 [INF] [OpenFreq.Common.RtpJitterBuffer] Transmission gap detected (29492ms RTP delta), resetting jitter measurement
2026-09-26 17:12:08.262 -04:00 [INF] [OpenFreqClient.Services.OpenFreqService] RX 280.500 MHz from Alligator (2af88464-1ea8-4d04-80ba-d98d4f842617): -73.5 dBm, SNR 33.5 dB, FSPL 113.5 dB, terrain 0.0 dB, 40.1 km, tx 7395 m / rx 9147 m MSL
2026-09-26 17:12:09.370 -04:00 [INF] [OpenFreqClient.Services.OpenFreqService] PTT end: Alligator (2af88464-1ea8-4d04-80ba-d98d4f842617) on 280.500 MHz, released
2026-09-26 17:12:13.615 -04:00 [INF] [OpenFreqClient.Services.OpenFreqService] PTT start: Alligator (2af88464-1ea8-4d04-80ba-d98d4f842617) on 280.500 MHz, 3D
2026-09-26 17:12:13.629 -04:00 [INF] [OpenFreq.Common.RtpJitterBuffer] Transmission gap detected (4261ms RTP delta), resetting jitter measurement
2026-09-26 17:12:13.691 -04:00 [INF] [OpenFreqClient.Services.OpenFreqService] RX 280.500 MHz from Alligator (2af88464-1ea8-4d04-80ba-d98d4f842617): -73.7 dBm, SNR 33.3 dB, FSPL 113.7 dB, terrain 0.0 dB, 41.1 km, tx 7412 m / rx 9147 m MSL
2026-09-26 17:12:15.434 -04:00 [INF] [OpenFreqClient.Services.OpenFreqService] PTT end: Alligator (2af88464-1ea8-4d04-80ba-d98d4f842617) on 280.500 MHz, released
2026-09-26 17:12:19.144 -04:00 [INF] [OpenFreqClient.Services.OpenFreqService] PTT start: Woody (179a68da-a2bc-45c0-9d2b-9f0af5fa49ea) on 339.750 MHz, 3D
2026-09-26 17:12:19.166 -04:00 [INF] [OpenFreq.Common.RtpJitterBuffer] Transmission gap detected (19323ms RTP delta), resetting jitter measurement
2026-09-26 17:12:19.274 -04:00 [INF] [OpenFreqClient.Services.OpenFreqService] RX 339.750 MHz from Woody (179a68da-a2bc-45c0-9d2b-9f0af5fa49ea): -83.2 dBm, SNR 23.8 dB, FSPL 123.2 dB, terrain 0.0 dB, 101.7 km, tx 9817 m / rx 9147 m MSL
2026-09-26 17:12:20.495 -04:00 [INF] [OpenFreq.Common.RtpJitterBuffer] Late arrival (165ms past slot) — buffer 145→340ms
2026-09-26 17:12:22.043 -04:00 [INF] [OpenFreqClient.Services.OpenFreqService] PTT end: Woody (179a68da-a2bc-45c0-9d2b-9f0af5fa49ea) on 339.750 MHz, released
2026-09-26 17:12:27.329 -04:00 [INF] [OpenFreqClient.Services.OpenFreqService] PTT start: Razgriz (9ac4a3e8-e935-4564-a9e9-54d417e10880) on 280.500 MHz, 3D
2026-09-26 17:12:27.345 -04:00 [INF] [OpenFreq.Common.RtpJitterBuffer] Transmission gap detected (24750ms RTP delta), resetting jitter measurement
2026-09-26 17:12:27.399 -04:00 [INF] [OpenFreqClient.Services.OpenFreqService] RX 280.500 MHz from Razgriz (9ac4a3e8-e935-4564-a9e9-54d417e10880): -69.4 dBm, SNR 37.6 dB, FSPL 109.4 dB, terrain 0.0 dB, 25.1 km, tx 8266 m / rx 9147 m MSL
2026-09-26 17:12:28.719 -04:00 [INF] [OpenFreqClient.Services.OpenFreqService] PTT end: Razgriz (9ac4a3e8-e935-4564-a9e9-54d417e10880) on 280.500 MHz, released
2026-09-26 17:12:28.778 -04:00 [INF] [OpenFreq.Common.RtpJitterBufferPool] Pruned stale source SSRC=7126CAC1
2026-09-26 17:12:28.778 -04:00 [INF] [OpenFreq.Common.RtpAudioReceiver] Source expired: SSRC=7126CAC1
2026-09-26 17:12:31.731 -04:00 [INF] [OpenFreqClient.Services.OpenFreqService] PTT start: own radio on 339.750 MHz
2026-09-26 17:12:34.199 -04:00 [INF] [OpenFreqClient.Services.OpenFreqService] PTT end: own radio on 339.750 MHz
2026-09-26 17:12:34.207 -04:00 [INF] [OpenFreqClient.Services.OpenFreqService] TX level over 2470ms: mic peak -0.2 dBFS rms -17.9 dBFS | sent peak 0.0 dBFS rms -14.6 dBFS | normalizer on, gain 1.563, gate -72.3 dBFS
2026-09-26 17:12:46.431 -04:00 [INF] [OpenFreqClient.Services.OpenFreqService] PTT start: own radio on 280.500 MHz
2026-09-26 17:12:48.329 -04:00 [INF] [OpenFreqAudio.RadioPlayback] Stream '334bf3fa-605f-4145-a460-1e0fa9526a3d:339750' on 339.750 MHz
2026-09-26 17:12:48.456 -04:00 [INF] [OpenFreqClient.Services.OpenFreqService] PTT end: own radio on 280.500 MHz
2026-09-26 17:12:48.459 -04:00 [INF] [OpenFreqClient.Services.OpenFreqService] TX level over 2020ms: mic peak -0.3 dBFS rms -16.9 dBFS | sent peak 0.0 dBFS rms -19.1 dBFS | normalizer on, gain 0.912, gate -37.7 dBFS
2026-09-26 17:12:53.106 -04:00 [INF] [OpenFreqClient.Services.OpenFreqService] PTT start: Razgriz (9ac4a3e8-e935-4564-a9e9-54d417e10880) on 280.500 MHz, 3D
2026-09-26 17:12:53.127 -04:00 [INF] [OpenFreq.Common.RtpJitterBuffer] Transmission gap detected (24477ms RTP delta), resetting jitter measurement
2026-09-26 17:12:53.167 -04:00 [INF] [OpenFreqClient.Services.OpenFreqService] RX 280.500 MHz from Razgriz (9ac4a3e8-e935-4564-a9e9-54d417e10880): -66.9 dBm, SNR 40.1 dB, FSPL 106.9 dB, terrain 0.0 dB, 18.8 km, tx 8281 m / rx 9147 m MSL
2026-09-26 17:12:54.531 -04:00 [INF] [OpenFreqClient.Services.OpenFreqService] PTT end: Razgriz (9ac4a3e8-e935-4564-a9e9-54d417e10880) on 280.500 MHz, released
2026-09-26 17:12:55.315 -04:00 [INF] [OpenFreqClient.Services.OpenFreqService] PTT start: own radio on 280.500 MHz
2026-09-26 17:12:56.277 -04:00 [INF] [OpenFreqClient.Services.OpenFreqService] PTT end: own radio on 280.500 MHz
2026-09-26 17:12:56.287 -04:00 [INF] [OpenFreqClient.Services.OpenFreqService] TX level over 970ms: mic peak -0.1 dBFS rms -17.3 dBFS | sent peak 0.0 dBFS rms -13.8 dBFS | normalizer on, gain 1.536, gate -68.2 dBFS
2026-09-26 17:13:10.414 -04:00 [INF] [OpenFreqClient.Services.OpenFreqService] PTT start: own radio on 280.500 MHz
2026-09-26 17:13:11.439 -04:00 [INF] [OpenFreqClient.Services.OpenFreqService] PTT end: own radio on 280.500 MHz
2026-09-26 17:13:11.448 -04:00 [INF] [OpenFreqClient.Services.OpenFreqService] TX level over 1030ms: mic peak -0.2 dBFS rms -19.2 dBFS | sent peak 0.0 dBFS rms -11.6 dBFS | normalizer on, gain 0.599, gate -81.9 dBFS
2026-09-26 17:13:12.684 -04:00 [INF] [OpenFreq.Common.RtpJitterBuffer] Transmission gap detected (57247ms RTP delta), resetting jitter measurement
2026-09-26 17:13:12.684 -04:00 [INF] [OpenFreq.Common.RtpJitterBufferPool] Pruned stale source SSRC=141FC2A9
2026-09-26 17:13:12.684 -04:00 [INF] [OpenFreqClient.Services.OpenFreqService] PTT start: Alligator (2af88464-1ea8-4d04-80ba-d98d4f842617) on 280.500 MHz, 3D
2026-09-26 17:13:12.684 -04:00 [INF] [OpenFreq.Common.RtpAudioReceiver] Source expired: SSRC=141FC2A9
2026-09-26 17:13:12.728 -04:00 [INF] [OpenFreqClient.Services.OpenFreqService] RX 280.500 MHz from Alligator (2af88464-1ea8-4d04-80ba-d98d4f842617): -73.3 dBm, SNR 33.7 dB, FSPL 113.3 dB, terrain 0.0 dB, 39.3 km, tx 7677 m / rx 9147 m MSL
2026-09-26 17:13:13.571 -04:00 [INF] [OpenFreqClient.Services.OpenFreqService] PTT end: Alligator (2af88464-1ea8-4d04-80ba-d98d4f842617) on 280.500 MHz, released
2026-09-26 17:13:14.050 -04:00 [INF] [OpenFreqClient.Services.OpenFreqService] PTT start: Alligator (2af88464-1ea8-4d04-80ba-d98d4f842617) on 280.500 MHz, 3D
2026-09-26 17:13:14.761 -04:00 [INF] [OpenFreq.Common.RtpJitterBuffer] Late arrival (12ms past slot) — buffer 58→100ms
2026-09-26 17:13:14.965 -04:00 [INF] [OpenFreqClient.Services.OpenFreqService] PTT end: Alligator (2af88464-1ea8-4d04-80ba-d98d4f842617) on 280.500 MHz, released
2026-09-26 17:13:15.347 -04:00 [INF] [OpenFreqClient.Services.OpenFreqService] PTT start: Alligator (2af88464-1ea8-4d04-80ba-d98d4f842617) on 280.500 MHz, 3D
2026-09-26 17:13:17.201 -04:00 [INF] [OpenFreqClient.Services.OpenFreqService] PTT end: Alligator (2af88464-1ea8-4d04-80ba-d98d4f842617) on 280.500 MHz, released
2026-09-26 17:13:17.837 -04:00 [INF] [OpenFreqClient.Services.OpenFreqService] PTT start: Alligator (2af88464-1ea8-4d04-80ba-d98d4f842617) on 280.500 MHz, 3D
2026-09-26 17:13:17.854 -04:00 [INF] [OpenFreq.Common.RtpJitterBuffer] Transmission gap detected (672ms RTP delta), resetting jitter measurement
2026-09-26 17:13:17.911 -04:00 [INF] [OpenFreqClient.Services.OpenFreqService] RX 280.500 MHz from Alligator (2af88464-1ea8-4d04-80ba-d98d4f842617): -73.1 dBm, SNR 33.9 dB, FSPL 113.1 dB, terrain 0.0 dB, 38.4 km, tx 7705 m / rx 9147 m MSL
2026-09-26 17:13:18.168 -04:00 [INF] [OpenFreq.Common.RtpJitterBuffer] Late arrival (118ms past slot) — buffer 75→224ms
2026-09-26 17:13:22.092 -04:00 [INF] [OpenFreqClient.Services.OpenFreqService] PTT end: Alligator (2af88464-1ea8-4d04-80ba-d98d4f842617) on 280.500 MHz, released
2026-09-26 17:13:22.720 -04:00 [INF] [OpenFreqClient.Services.OpenFreqService] PTT start: own radio on 280.500 MHz
2026-09-26 17:13:23.074 -04:00 [INF] [OpenFreqClient.Services.OpenFreqService] PTT end: own radio on 280.500 MHz
2026-09-26 17:13:23.079 -04:00 [INF] [OpenFreqClient.Services.OpenFreqService] TX level over 350ms: mic peak -0.1 dBFS rms -14.9 dBFS | sent peak 0.0 dBFS rms -13.9 dBFS | normalizer on, gain 0.518, gate -66.1 dBFS
2026-09-26 17:13:23.367 -04:00 [INF] [OpenFreqClient.Services.OpenFreqService] PTT start: own radio on 339.750 MHz
2026-09-26 17:13:23.791 -04:00 [INF] [OpenFreqClient.Services.OpenFreqService] PTT start: Razgriz (9ac4a3e8-e935-4564-a9e9-54d417e10880) on 280.500 MHz, 3D
2026-09-26 17:13:23.803 -04:00 [INF] [OpenFreq.Common.RtpJitterBuffer] Transmission gap detected (29288ms RTP delta), resetting jitter measurement
2026-09-26 17:13:23.856 -04:00 [INF] [OpenFreqClient.Services.OpenFreqService] RX 280.500 MHz from Razgriz (9ac4a3e8-e935-4564-a9e9-54d417e10880): -63.2 dBm, SNR 43.8 dB, FSPL 103.2 dB, terrain 0.0 dB, 12.2 km, tx 8518 m / rx 9147 m MSL
2026-09-26 17:13:24.655 -04:00 [INF] [OpenFreqClient.Services.OpenFreqService] PTT end: Razgriz (9ac4a3e8-e935-4564-a9e9-54d417e10880) on 280.500 MHz, released
2026-09-26 17:13:25.528 -04:00 [INF] [OpenFreqClient.Services.OpenFreqService] PTT end: own radio on 339.750 MHz
2026-09-26 17:13:25.529 -04:00 [INF] [OpenFreqClient.Services.OpenFreqService] TX level over 2160ms: mic peak -0.1 dBFS rms -13.6 dBFS | sent peak -4.5 dBFS rms -22.2 dBFS | normalizer on, gain 0.670, gate -28.5 dBFS
2026-09-26 17:13:31.657 -04:00 [INF] [OpenFreqClient.Services.OpenFreqService] PTT start: Woody (179a68da-a2bc-45c0-9d2b-9f0af5fa49ea) on 339.750 MHz, 3D
2026-09-26 17:13:31.683 -04:00 [INF] [OpenFreq.Common.RtpJitterBuffer] Transmission gap detected (69653ms RTP delta), resetting jitter measurement
2026-09-26 17:13:31.796 -04:00 [INF] [OpenFreqClient.Services.OpenFreqService] RX 339.750 MHz from Woody (179a68da-a2bc-45c0-9d2b-9f0af5fa49ea): -84.6 dBm, SNR 22.4 dB, FSPL 124.6 dB, terrain 0.0 dB, 119.7 km, tx 9939 m / rx 9147 m MSL
2026-09-26 17:13:36.473 -04:00 [INF] [OpenFreqClient.Services.OpenFreqService] PTT end: Woody (179a68da-a2bc-45c0-9d2b-9f0af5fa49ea) on 339.750 MHz, released
2026-09-26 17:13:37.077 -04:00 [INF] [OpenFreqClient.Services.OpenFreqService] PTT start: Rain (fd8e3112-e083-4da8-be92-04d9f9642ebe) on 339.750 MHz, 3D
2026-09-26 17:13:37.098 -04:00 [INF] [OpenFreq.Common.RtpJitterBuffer] Transmission gap detected (91253ms RTP delta), resetting jitter measurement
2026-09-26 17:13:37.137 -04:00 [INF] [OpenFreqClient.Services.OpenFreqService] RX 339.750 MHz from Rain (fd8e3112-e083-4da8-be92-04d9f9642ebe): -87.4 dBm, SNR 19.6 dB, FSPL 127.4 dB, terrain 0.0 dB, 164.6 km, tx 8076 m / rx 9147 m MSL
2026-09-26 17:13:37.299 -04:00 [INF] [OpenFreq.Common.RtpJitterBuffer] Late arrival (3ms past slot) — buffer 70→103ms
2026-09-26 17:13:38.328 -04:00 [INF] [OpenFreqClient.Services.OpenFreqService] PTT end: Rain (fd8e3112-e083-4da8-be92-04d9f9642ebe) on 339.750 MHz, released
2026-09-26 17:13:45.625 -04:00 [INF] [OpenFreqClient.Services.OpenFreqService] PTT start: Rain (fd8e3112-e083-4da8-be92-04d9f9642ebe) on 339.750 MHz, 3D
2026-09-26 17:13:45.660 -04:00 [INF] [OpenFreq.Common.RtpJitterBuffer] Transmission gap detected (7325ms RTP delta), resetting jitter measurement
2026-09-26 17:13:45.699 -04:00 [INF] [OpenFreqClient.Services.OpenFreqService] RX 339.750 MHz from Rain (fd8e3112-e083-4da8-be92-04d9f9642ebe): -87.5 dBm, SNR 19.5 dB, FSPL 127.5 dB, terrain 0.0 dB, 166.7 km, tx 8121 m / rx 9147 m MSL
2026-09-26 17:13:46.003 -04:00 [INF] [OpenFreqClient.Services.OpenFreqService] PTT end: Rain (fd8e3112-e083-4da8-be92-04d9f9642ebe) on 339.750 MHz, released
2026-09-26 17:13:53.220 -04:00 [INF] [OpenFreqClient.Services.OpenFreqService] PTT start: own radio on 339.750 MHz
2026-09-26 17:13:53.706 -04:00 [INF] [OpenFreqClient.Services.OpenFreqService] PTT start: Rain (fd8e3112-e083-4da8-be92-04d9f9642ebe) on 339.750 MHz, 3D
2026-09-26 17:13:53.744 -04:00 [INF] [OpenFreq.Common.RtpJitterBuffer] Transmission gap detected (7704ms RTP delta), resetting jitter measurement
2026-09-26 17:13:53.829 -04:00 [INF] [OpenFreqClient.Services.OpenFreqService] PTT end: Rain (fd8e3112-e083-4da8-be92-04d9f9642ebe) on 339.750 MHz, released
2026-09-26 17:13:55.215 -04:00 [INF] [OpenFreqClient.Services.OpenFreqService] PTT end: own radio on 339.750 MHz
2026-09-26 17:13:55.220 -04:00 [INF] [OpenFreqClient.Services.OpenFreqService] TX level over 1990ms: mic peak -0.8 dBFS rms -19.2 dBFS | sent peak -6.2 dBFS rms -24.8 dBFS | normalizer on, gain 0.461, gate -16.6 dBFS
2026-09-26 17:13:56.680 -04:00 [INF] [OpenFreqClient.Services.OpenFreqService] PTT start: Woody (179a68da-a2bc-45c0-9d2b-9f0af5fa49ea) on 339.750 MHz, 3D
2026-09-26 17:13:56.683 -04:00 [INF] [OpenFreq.Common.RtpJitterBuffer] Transmission gap detected (20247ms RTP delta), resetting jitter measurement
2026-09-26 17:13:56.779 -04:00 [INF] [OpenFreqClient.Services.OpenFreqService] RX 339.750 MHz from Woody (179a68da-a2bc-45c0-9d2b-9f0af5fa49ea): -84.6 dBm, SNR 22.4 dB, FSPL 124.6 dB, terrain 0.0 dB, 119.1 km, tx 9706 m / rx 9147 m MSL
2026-09-26 17:13:56.897 -04:00 [WRN] [OpenFreqAudio.RadioPlayback] Stream 179a68da-a2bc-45c0-9d2b-9f0af5fa49ea:339750 on 339.750 MHz had no samples for 10.5 ms
2026-09-26 17:13:57.631 -04:00 [INF] [OpenFreqClient.Services.OpenFreqService] PTT end: Woody (179a68da-a2bc-45c0-9d2b-9f0af5fa49ea) on 339.750 MHz, released
2026-09-26 17:13:57.891 -04:00 [INF] [OpenFreqClient.Services.OpenFreqService] PTT start: own radio on 339.750 MHz
2026-09-26 17:14:00.111 -04:00 [INF] [OpenFreqClient.Services.OpenFreqService] PTT end: own radio on 339.750 MHz
2026-09-26 17:14:00.119 -04:00 [INF] [OpenFreqClient.Services.OpenFreqService] TX level over 2220ms: mic peak 0.0 dBFS rms -10.4 dBFS | sent peak 0.0 dBFS rms -15.6 dBFS | normalizer on, gain 0.642, gate -54.0 dBFS
2026-09-26 17:14:01.099 -04:00 [INF] [OpenFreqClient.Services.OpenFreqService] PTT start: Woody (179a68da-a2bc-45c0-9d2b-9f0af5fa49ea) on 339.750 MHz, 3D
2026-09-26 17:14:01.111 -04:00 [INF] [OpenFreq.Common.RtpJitterBuffer] Transmission gap detected (3512ms RTP delta), resetting jitter measurement
2026-09-26 17:14:01.206 -04:00 [INF] [OpenFreqClient.Services.OpenFreqService] RX 339.750 MHz from Woody (179a68da-a2bc-45c0-9d2b-9f0af5fa49ea): -84.5 dBm, SNR 22.5 dB, FSPL 124.5 dB, terrain 0.0 dB, 118.1 km, tx 9604 m / rx 9147 m MSL
2026-09-26 17:14:02.616 -04:00 [INF] [OpenFreqClient.Services.OpenFreqService] PTT end: Woody (179a68da-a2bc-45c0-9d2b-9f0af5fa49ea) on 339.750 MHz, released
2026-09-26 17:14:19.598 -04:00 [INF] [OpenFreqAudio.RadioPlayback] Stream 'b18f6921-3ac5-4bf0-9303-fe45b072bde1:339750' on 339.750 MHz
2026-09-26 17:14:25.261 -04:00 [INF] [OpenFreqClient.Services.OpenFreqService] PTT start: own radio on 339.750 MHz
2026-09-26 17:14:27.398 -04:00 [INF] [OpenFreqClient.Services.OpenFreqService] PTT end: own radio on 339.750 MHz
2026-09-26 17:14:27.401 -04:00 [INF] [OpenFreqClient.Services.OpenFreqService] TX level over 2130ms: mic peak -0.1 dBFS rms -16.6 dBFS | sent peak 0.0 dBFS rms -18.3 dBFS | normalizer on, gain 1.247, gate -50.2 dBFS
2026-09-26 17:14:30.098 -04:00 [INF] [OpenFreqClient.Services.OpenFreqService] PTT start: Woody (179a68da-a2bc-45c0-9d2b-9f0af5fa49ea) on 339.750 MHz, 3D
2026-09-26 17:14:30.123 -04:00 [INF] [OpenFreq.Common.RtpJitterBuffer] Transmission gap detected (27512ms RTP delta), resetting jitter measurement
2026-09-26 17:14:30.123 -04:00 [INF] [OpenFreq.Common.RtpJitterBufferPool] Pruned stale source SSRC=117123B1
2026-09-26 17:14:30.123 -04:00 [INF] [OpenFreq.Common.RtpAudioReceiver] Source expired: SSRC=117123B1
2026-09-26 17:14:30.172 -04:00 [INF] [OpenFreqClient.Services.OpenFreqService] RX 339.750 MHz from Woody (179a68da-a2bc-45c0-9d2b-9f0af5fa49ea): -84.0 dBm, SNR 23.0 dB, FSPL 124.0 dB, terrain 0.0 dB, 111.5 km, tx 9470 m / rx 9147 m MSL
2026-09-26 17:14:32.350 -04:00 [INF] [OpenFreqClient.Services.OpenFreqService] PTT end: Woody (179a68da-a2bc-45c0-9d2b-9f0af5fa49ea) on 339.750 MHz, released
2026-09-26 17:14:54.142 -04:00 [INF] [OpenFreqClient.Services.OpenFreqService] PTT start: Alligator (2af88464-1ea8-4d04-80ba-d98d4f842617) on 280.500 MHz, 3D
2026-09-26 17:14:54.153 -04:00 [INF] [OpenFreq.Common.RtpJitterBuffer] Transmission gap detected (92068ms RTP delta), resetting jitter measurement
2026-09-26 17:14:54.189 -04:00 [INF] [OpenFreqClient.Services.OpenFreqService] RX 280.500 MHz from Alligator (2af88464-1ea8-4d04-80ba-d98d4f842617): -66.9 dBm, SNR 40.1 dB, FSPL 106.9 dB, terrain 0.0 dB, 18.9 km, tx 8298 m / rx 9147 m MSL
2026-09-26 17:14:55.719 -04:00 [INF] [OpenFreq.Common.RtpJitterBuffer] Late arrival (58ms past slot) — buffer 78→166ms
2026-09-26 17:14:55.881 -04:00 [INF] [OpenFreqClient.Services.OpenFreqService] PTT end: Alligator (2af88464-1ea8-4d04-80ba-d98d4f842617) on 280.500 MHz, released
2026-09-26 17:14:59.633 -04:00 [INF] [OpenFreqClient.Services.OpenFreqService] PTT start: own radio on 280.500 MHz
2026-09-26 17:15:02.248 -04:00 [INF] [OpenFreqClient.Services.OpenFreqService] PTT end: own radio on 280.500 MHz
2026-09-26 17:15:02.252 -04:00 [INF] [OpenFreqClient.Services.OpenFreqService] TX level over 2610ms: mic peak -0.1 dBFS rms -15.9 dBFS | sent peak 0.0 dBFS rms -17.8 dBFS | normalizer on, gain 2.374, gate -88.4 dBFS
2026-09-26 17:15:04.088 -04:00 [INF] [OpenFreqClient.Services.OpenFreqService] PTT start: Alligator (2af88464-1ea8-4d04-80ba-d98d4f842617) on 280.500 MHz, 3D
2026-09-26 17:15:04.111 -04:00 [INF] [OpenFreq.Common.RtpJitterBuffer] Transmission gap detected (8243ms RTP delta), resetting jitter measurement
2026-09-26 17:15:04.237 -04:00 [INF] [OpenFreqClient.Services.OpenFreqService] RX 280.500 MHz from Alligator (2af88464-1ea8-4d04-80ba-d98d4f842617): -66.2 dBm, SNR 40.8 dB, FSPL 106.2 dB, terrain 0.0 dB, 17.4 km, tx 8262 m / rx 9147 m MSL
2026-09-26 17:15:04.943 -04:00 [INF] [OpenFreqClient.Services.OpenFreqService] PTT end: Alligator (2af88464-1ea8-4d04-80ba-d98d4f842617) on 280.500 MHz, released
2026-09-26 17:15:06.458 -04:00 [INF] [OpenFreqClient.Services.OpenFreqService] PTT start: own radio on 280.500 MHz
2026-09-26 17:15:07.379 -04:00 [INF] [OpenFreqClient.Services.OpenFreqService] PTT end: own radio on 280.500 MHz
2026-09-26 17:15:07.381 -04:00 [INF] [OpenFreqClient.Services.OpenFreqService] TX level over 920ms: mic peak -0.6 dBFS rms -17.8 dBFS | sent peak 0.0 dBFS rms -11.4 dBFS | normalizer on, gain 0.644, gate -75.6 dBFS
2026-09-26 17:15:08.032 -04:00 [INF] [OpenFreqClient.Services.OpenFreqService] PTT start: Alligator (2af88464-1ea8-4d04-80ba-d98d4f842617) on 280.500 MHz, 3D
2026-09-26 17:15:08.044 -04:00 [INF] [OpenFreq.Common.RtpJitterBuffer] Transmission gap detected (3115ms RTP delta), resetting jitter measurement
2026-09-26 17:15:08.148 -04:00 [INF] [OpenFreqClient.Services.OpenFreqService] RX 280.500 MHz from Alligator (2af88464-1ea8-4d04-80ba-d98d4f842617): -66.0 dBm, SNR 41.0 dB, FSPL 106.0 dB, terrain 0.0 dB, 16.9 km, tx 8278 m / rx 9147 m MSL
2026-09-26 17:15:09.423 -04:00 [INF] [OpenFreqClient.Services.OpenFreqService] PTT end: Alligator (2af88464-1ea8-4d04-80ba-d98d4f842617) on 280.500 MHz, released
2026-09-26 17:15:09.917 -04:00 [INF] [OpenFreqClient.Services.OpenFreqService] PTT start: own radio on 280.500 MHz
2026-09-26 17:15:11.327 -04:00 [INF] [OpenFreqClient.Services.OpenFreqService] PTT end: own radio on 280.500 MHz
2026-09-26 17:15:11.331 -04:00 [INF] [OpenFreqClient.Services.OpenFreqService] TX level over 1410ms: mic peak -0.1 dBFS rms -14.1 dBFS | sent peak 0.0 dBFS rms -18.0 dBFS | normalizer on, gain 0.741, gate -48.7 dBFS
2026-09-26 17:15:12.808 -04:00 [INF] [OpenFreqClient.Services.OpenFreqService] PTT start: Alligator (2af88464-1ea8-4d04-80ba-d98d4f842617) on 280.500 MHz, 3D
2026-09-26 17:15:12.815 -04:00 [INF] [OpenFreq.Common.RtpJitterBuffer] Transmission gap detected (3411ms RTP delta), resetting jitter measurement
2026-09-26 17:15:12.871 -04:00 [INF] [OpenFreqClient.Services.OpenFreqService] RX 280.500 MHz from Alligator (2af88464-1ea8-4d04-80ba-d98d4f842617): -65.8 dBm, SNR 41.2 dB, FSPL 105.8 dB, terrain 0.0 dB, 16.6 km, tx 8278 m / rx 9147 m MSL
2026-09-26 17:15:13.030 -04:00 [INF] [OpenFreqClient.Services.OpenFreqService] PTT end: Alligator (2af88464-1ea8-4d04-80ba-d98d4f842617) on 280.500 MHz, released
2026-09-26 17:15:14.163 -04:00 [INF] [OpenFreqClient.Services.OpenFreqService] PTT start: Alligator (2af88464-1ea8-4d04-80ba-d98d4f842617) on 280.500 MHz, 3D
2026-09-26 17:15:14.176 -04:00 [INF] [OpenFreq.Common.RtpJitterBuffer] Transmission gap detected (1161ms RTP delta), resetting jitter measurement
2026-09-26 17:15:14.229 -04:00 [INF] [OpenFreqClient.Services.OpenFreqService] RX 280.500 MHz from Alligator (2af88464-1ea8-4d04-80ba-d98d4f842617): -65.8 dBm, SNR 41.2 dB, FSPL 105.8 dB, terrain 0.0 dB, 16.5 km, tx 8278 m / rx 9147 m MSL
2026-09-26 17:15:17.629 -04:00 [INF] [OpenFreq.Common.RtpJitterBufferPool] Pruned stale source SSRC=5D682876
2026-09-26 17:15:17.629 -04:00 [INF] [OpenFreq.Common.RtpAudioReceiver] Source expired: SSRC=5D682876
2026-09-26 17:15:18.231 -04:00 [INF] [OpenFreqClient.Services.OpenFreqService] PTT end: Alligator (2af88464-1ea8-4d04-80ba-d98d4f842617) on 280.500 MHz, released
2026-09-26 17:15:18.474 -04:00 [INF] [OpenFreqClient.Services.OpenFreqService] PTT start: own radio on 280.500 MHz
2026-09-26 17:15:19.816 -04:00 [INF] [OpenFreqClient.Services.OpenFreqService] PTT end: own radio on 280.500 MHz
2026-09-26 17:15:19.822 -04:00 [INF] [OpenFreqClient.Services.OpenFreqService] TX level over 1340ms: mic peak -0.3 dBFS rms -16.4 dBFS | sent peak 0.0 dBFS rms -11.3 dBFS | normalizer on, gain 4.228, gate -70.0 dBFS
2026-09-26 17:15:20.380 -04:00 [INF] [OpenFreqClient.Services.OpenFreqService] PTT start: own radio on 280.500 MHz
2026-09-26 17:15:20.668 -04:00 [INF] [OpenFreqClient.Services.OpenFreqService] PTT start: Polaris (4c187006-039a-4fcb-b6df-d456875763f7) on 280.500 MHz, 3D
2026-09-26 17:15:20.675 -04:00 [INF] [OpenFreq.Common.RtpJitterBuffer] Transmission gap detected (253951ms RTP delta), resetting jitter measurement
2026-09-26 17:15:20.675 -04:00 [INF] [OpenFreq.Common.RtpJitterBufferPool] Pruned stale source SSRC=4B5FD0E8
2026-09-26 17:15:20.675 -04:00 [INF] [OpenFreq.Common.RtpAudioReceiver] Source expired: SSRC=4B5FD0E8
2026-09-26 17:15:21.528 -04:00 [INF] [OpenFreqClient.Services.OpenFreqService] PTT end: own radio on 280.500 MHz
2026-09-26 17:15:21.531 -04:00 [INF] [OpenFreqClient.Services.OpenFreqService] RX 280.500 MHz from Polaris (4c187006-039a-4fcb-b6df-d456875763f7): -76.0 dBm, SNR 31.0 dB, FSPL 116.0 dB, terrain 0.0 dB, 53.4 km, tx 5638 m / rx 9147 m MSL
2026-09-26 17:15:21.532 -04:00 [INF] [OpenFreqClient.Services.OpenFreqService] TX level over 1150ms: mic peak -3.3 dBFS rms -22.7 dBFS | sent peak 0.0 dBFS rms -12.5 dBFS | normalizer on, gain 2.282, gate -69.7 dBFS
2026-09-26 17:15:24.061 -04:00 [INF] [OpenFreqClient.Services.OpenFreqService] PTT end: Polaris (4c187006-039a-4fcb-b6df-d456875763f7) on 280.500 MHz, released
2026-09-26 17:15:34.806 -04:00 [INF] [OpenFreqClient.Services.OpenFreqService] PTT start: Alligator (2af88464-1ea8-4d04-80ba-d98d4f842617) on 280.500 MHz, 3D
2026-09-26 17:15:34.829 -04:00 [INF] [OpenFreq.Common.RtpJitterBuffer] Transmission gap detected (16609ms RTP delta), resetting jitter measurement
2026-09-26 17:15:34.879 -04:00 [INF] [OpenFreqClient.Services.OpenFreqService] RX 280.500 MHz from Alligator (2af88464-1ea8-4d04-80ba-d98d4f842617): -66.3 dBm, SNR 40.7 dB, FSPL 106.3 dB, terrain 0.0 dB, 17.5 km, tx 8216 m / rx 9147 m MSL
2026-09-26 17:15:36.583 -04:00 [INF] [OpenFreqClient.Services.OpenFreqService] PTT end: Alligator (2af88464-1ea8-4d04-80ba-d98d4f842617) on 280.500 MHz, released
2026-09-26 17:16:07.400 -04:00 [INF] [OpenFreqClient.Services.OpenFreqService] PTT start: Rain (fd8e3112-e083-4da8-be92-04d9f9642ebe) on 339.750 MHz, 3D
2026-09-26 17:16:07.415 -04:00 [INF] [OpenFreq.Common.RtpJitterBuffer] Transmission gap detected (133607ms RTP delta), resetting jitter measurement
2026-09-26 17:16:07.466 -04:00 [INF] [OpenFreqClient.Services.OpenFreqService] RX 339.750 MHz from Rain (fd8e3112-e083-4da8-be92-04d9f9642ebe): -86.1 dBm, SNR 20.9 dB, FSPL 126.1 dB, terrain 0.0 dB, 141.0 km, tx 11617 m / rx 9147 m MSL
2026-09-26 17:16:08.582 -04:00 [WRN] [OpenFreqAudio.RadioPlayback] Stream fd8e3112-e083-4da8-be92-04d9f9642ebe:339750 on 339.750 MHz had no samples for 9.5 ms
2026-09-26 17:16:08.902 -04:00 [INF] [OpenFreqClient.Services.OpenFreqService] PTT end: Rain (fd8e3112-e083-4da8-be92-04d9f9642ebe) on 339.750 MHz, released
2026-09-26 17:16:13.219 -04:00 [INF] [OpenFreqClient.Services.OpenFreqService] PTT start: own radio on 339.750 MHz
2026-09-26 17:16:14.834 -04:00 [INF] [OpenFreqClient.Services.OpenFreqService] PTT end: own radio on 339.750 MHz
2026-09-26 17:16:14.842 -04:00 [INF] [OpenFreqClient.Services.OpenFreqService] TX level over 1620ms: mic peak -2.5 dBFS rms -22.7 dBFS | sent peak 0.0 dBFS rms -20.9 dBFS | normalizer on, gain 1.876, gate -38.1 dBFS
2026-09-26 17:16:17.693 -04:00 [INF] [OpenFreq.Common.RtpJitterBuffer] Transmission gap detected (105348ms RTP delta), resetting jitter measurement
2026-09-26 17:16:17.694 -04:00 [INF] [OpenFreqClient.Services.OpenFreqService] PTT start: Woody (179a68da-a2bc-45c0-9d2b-9f0af5fa49ea) on 339.750 MHz, 3D
2026-09-26 17:16:17.737 -04:00 [INF] [OpenFreqClient.Services.OpenFreqService] RX 339.750 MHz from Woody (179a68da-a2bc-45c0-9d2b-9f0af5fa49ea): -84.4 dBm, SNR 22.6 dB, FSPL 124.4 dB, terrain 0.0 dB, 117.0 km, tx 10178 m / rx 9147 m MSL
2026-09-26 17:16:18.232 -04:00 [INF] [OpenFreq.Common.RtpJitterBufferPool] Pruned stale source SSRC=342907E0
2026-09-26 17:16:18.232 -04:00 [INF] [OpenFreq.Common.RtpAudioReceiver] Source expired: SSRC=342907E0
2026-09-26 17:16:19.561 -04:00 [INF] [OpenFreqClient.Services.OpenFreqService] PTT end: Woody (179a68da-a2bc-45c0-9d2b-9f0af5fa49ea) on 339.750 MHz, released
2026-09-26 17:16:25.943 -04:00 [INF] [OpenFreqClient.Services.OpenFreqService] PTT start: Woody (179a68da-a2bc-45c0-9d2b-9f0af5fa49ea) on 339.750 MHz, 3D
2026-09-26 17:16:25.957 -04:00 [INF] [OpenFreq.Common.RtpJitterBuffer] Transmission gap detected (6396ms RTP delta), resetting jitter measurement
2026-09-26 17:16:26.004 -04:00 [INF] [OpenFreqClient.Services.OpenFreqService] RX 339.750 MHz from Woody (179a68da-a2bc-45c0-9d2b-9f0af5fa49ea): -84.3 dBm, SNR 22.7 dB, FSPL 124.3 dB, terrain 0.0 dB, 115.2 km, tx 9947 m / rx 9147 m MSL
2026-09-26 17:16:27.896 -04:00 [INF] [OpenFreq.Common.RtpJitterBuffer] Late arrival (52ms past slot) — buffer 150→232ms
2026-09-26 17:16:27.965 -04:00 [INF] [OpenFreq.Common.RtpJitterBuffer] Late arrival (19ms past slot) — buffer 232→281ms
2026-09-26 17:16:30.088 -04:00 [INF] [OpenFreqClient.Services.OpenFreqService] PTT end: Woody (179a68da-a2bc-45c0-9d2b-9f0af5fa49ea) on 339.750 MHz, released
2026-09-26 17:16:30.418 -04:00 [INF] [OpenFreqClient.Services.OpenFreqService] PTT start: Woody (179a68da-a2bc-45c0-9d2b-9f0af5fa49ea) on 339.750 MHz, 3D
2026-09-26 17:16:31.632 -04:00 [INF] [OpenFreqClient.Services.OpenFreqService] PTT end: Woody (179a68da-a2bc-45c0-9d2b-9f0af5fa49ea) on 339.750 MHz, released
2026-09-26 17:16:33.682 -04:00 [INF] [OpenFreqClient.Services.OpenFreqService] PTT start: own radio on 339.750 MHz
2026-09-26 17:16:36.802 -04:00 [INF] [OpenFreq.Common.RtpJitterBuffer] Transmission gap detected (27880ms RTP delta), resetting jitter measurement
2026-09-26 17:16:36.803 -04:00 [INF] [OpenFreqClient.Services.OpenFreqService] PTT start: Rain (fd8e3112-e083-4da8-be92-04d9f9642ebe) on 339.750 MHz, 3D
2026-09-26 17:16:37.051 -04:00 [INF] [OpenFreqClient.Services.OpenFreqService] PTT end: Rain (fd8e3112-e083-4da8-be92-04d9f9642ebe) on 339.750 MHz, released
2026-09-26 17:16:40.245 -04:00 [INF] [OpenFreqClient.Services.OpenFreqService] PTT end: own radio on 339.750 MHz
2026-09-26 17:16:40.253 -04:00 [INF] [OpenFreqClient.Services.OpenFreqService] TX level over 6570ms: mic peak -0.1 dBFS rms -18.3 dBFS | sent peak 0.0 dBFS rms -20.0 dBFS | normalizer on, gain 0.761, gate -36.1 dBFS
2026-09-26 17:16:41.172 -04:00 [INF] [OpenFreqClient.Services.OpenFreqService] PTT start: Rain (fd8e3112-e083-4da8-be92-04d9f9642ebe) on 339.750 MHz, 3D
2026-09-26 17:16:41.201 -04:00 [INF] [OpenFreq.Common.RtpJitterBuffer] Transmission gap detected (4155ms RTP delta), resetting jitter measurement
2026-09-26 17:16:41.238 -04:00 [INF] [OpenFreqClient.Services.OpenFreqService] RX 339.750 MHz from Rain (fd8e3112-e083-4da8-be92-04d9f9642ebe): -85.5 dBm, SNR 21.5 dB, FSPL 125.5 dB, terrain 0.0 dB, 132.2 km, tx 11353 m / rx 9147 m MSL
2026-09-26 17:16:46.122 -04:00 [WRN] [OpenFreqAudio.RadioPlayback] Stream fd8e3112-e083-4da8-be92-04d9f9642ebe:339750 on 339.750 MHz had no samples for 19.6 ms
2026-09-26 17:16:46.310 -04:00 [INF] [OpenFreqClient.Services.OpenFreqService] PTT end: Rain (fd8e3112-e083-4da8-be92-04d9f9642ebe) on 339.750 MHz, released
2026-09-26 17:16:47.780 -04:00 [INF] [OpenFreqClient.Services.OpenFreqService] PTT start: Woody (179a68da-a2bc-45c0-9d2b-9f0af5fa49ea) on 339.750 MHz, 3D
2026-09-26 17:16:47.801 -04:00 [INF] [OpenFreq.Common.RtpJitterBuffer] Transmission gap detected (16197ms RTP delta), resetting jitter measurement
2026-09-26 17:16:47.866 -04:00 [INF] [OpenFreqClient.Services.OpenFreqService] RX 339.750 MHz from Woody (179a68da-a2bc-45c0-9d2b-9f0af5fa49ea): -83.8 dBm, SNR 23.2 dB, FSPL 123.8 dB, terrain 0.0 dB, 108.7 km, tx 9430 m / rx 9147 m MSL
2026-09-26 17:16:53.433 -04:00 [INF] [OpenFreqClient.Services.OpenFreqService] PTT end: Woody (179a68da-a2bc-45c0-9d2b-9f0af5fa49ea) on 339.750 MHz, released
2026-09-26 17:16:55.050 -04:00 [INF] [OpenFreqClient.Services.OpenFreqService] PTT start: own radio on 339.750 MHz
2026-09-26 17:16:57.478 -04:00 [INF] [OpenFreqClient.Services.OpenFreqService] PTT end: own radio on 339.750 MHz
2026-09-26 17:16:57.484 -04:00 [INF] [OpenFreqClient.Services.OpenFreqService] TX level over 2430ms: mic peak -0.2 dBFS rms -14.8 dBFS | sent peak 0.0 dBFS rms -20.0 dBFS | normalizer on, gain 1.112, gate -69.3 dBFS
2026-09-26 17:16:58.214 -04:00 [INF] [OpenFreqClient.Services.OpenFreqService] PTT start: Woody (179a68da-a2bc-45c0-9d2b-9f0af5fa49ea) on 339.750 MHz, 3D
2026-09-26 17:16:58.230 -04:00 [INF] [OpenFreq.Common.RtpJitterBuffer] Transmission gap detected (4812ms RTP delta), resetting jitter measurement
2026-09-26 17:16:58.305 -04:00 [INF] [OpenFreqClient.Services.OpenFreqService] RX 339.750 MHz from Woody (179a68da-a2bc-45c0-9d2b-9f0af5fa49ea): -83.5 dBm, SNR 23.5 dB, FSPL 123.5 dB, terrain 0.0 dB, 105.2 km, tx 9107 m / rx 9147 m MSL
2026-09-26 17:16:58.758 -04:00 [INF] [OpenFreqClient.Services.OpenFreqService] PTT end: Woody (179a68da-a2bc-45c0-9d2b-9f0af5fa49ea) on 339.750 MHz, released
2026-09-26 17:16:59.204 -04:00 [INF] [OpenFreqClient.Services.OpenFreqService] PTT start: Rain (fd8e3112-e083-4da8-be92-04d9f9642ebe) on 339.750 MHz, 3D
2026-09-26 17:16:59.224 -04:00 [INF] [OpenFreq.Common.RtpJitterBuffer] Transmission gap detected (12931ms RTP delta), resetting jitter measurement
2026-09-26 17:16:59.276 -04:00 [INF] [OpenFreqClient.Services.OpenFreqService] RX 339.750 MHz from Rain (fd8e3112-e083-4da8-be92-04d9f9642ebe): -85.2 dBm, SNR 21.8 dB, FSPL 125.2 dB, terrain 0.0 dB, 127.1 km, tx 12207 m / rx 9147 m MSL
2026-09-26 17:17:01.654 -04:00 [INF] [OpenFreqClient.Services.OpenFreqService] PTT end: Rain (fd8e3112-e083-4da8-be92-04d9f9642ebe) on 339.750 MHz, released
2026-09-26 17:17:07.220 -04:00 [INF] [OpenFreqClient.Services.OpenFreqService] PTT start: Rain (fd8e3112-e083-4da8-be92-04d9f9642ebe) on 339.750 MHz, 3D
2026-09-26 17:17:07.247 -04:00 [INF] [OpenFreq.Common.RtpJitterBuffer] Transmission gap detected (5597ms RTP delta), resetting jitter measurement
2026-09-26 17:17:07.305 -04:00 [INF] [OpenFreqClient.Services.OpenFreqService] RX 339.750 MHz from Rain (fd8e3112-e083-4da8-be92-04d9f9642ebe): -85.0 dBm, SNR 22.0 dB, FSPL 125.0 dB, terrain 0.0 dB, 125.1 km, tx 12669 m / rx 9147 m MSL
2026-09-26 17:17:08.998 -04:00 [INF] [OpenFreqClient.Services.OpenFreqService] PTT end: Rain (fd8e3112-e083-4da8-be92-04d9f9642ebe) on 339.750 MHz, released
2026-09-26 17:17:11.435 -04:00 [INF] [OpenFreqClient.Services.OpenFreqService] PTT start: Woody (179a68da-a2bc-45c0-9d2b-9f0af5fa49ea) on 339.750 MHz, 3D
2026-09-26 17:17:11.437 -04:00 [INF] [OpenFreq.Common.RtpJitterBuffer] Transmission gap detected (12680ms RTP delta), resetting jitter measurement
2026-09-26 17:17:11.502 -04:00 [INF] [OpenFreqClient.Services.OpenFreqService] RX 339.750 MHz from Woody (179a68da-a2bc-45c0-9d2b-9f0af5fa49ea): -83.2 dBm, SNR 23.8 dB, FSPL 123.2 dB, terrain 0.0 dB, 101.4 km, tx 8954 m / rx 9147 m MSL
2026-09-26 17:17:11.612 -04:00 [WRN] [OpenFreqAudio.RadioPlayback] Stream 179a68da-a2bc-45c0-9d2b-9f0af5fa49ea:339750 on 339.750 MHz had no samples for 10.5 ms
2026-09-26 17:17:12.096 -04:00 [INF] [OpenFreq.Common.RtpJitterBuffer] Late arrival (15ms past slot) — buffer 159→203ms
2026-09-26 17:17:14.272 -04:00 [INF] [OpenFreqClient.Services.OpenFreqService] PTT end: Woody (179a68da-a2bc-45c0-9d2b-9f0af5fa49ea) on 339.750 MHz, released
2026-09-26 17:17:16.318 -04:00 [INF] [OpenFreqClient.Services.OpenFreqService] PTT start: Woody (179a68da-a2bc-45c0-9d2b-9f0af5fa49ea) on 339.750 MHz, 3D
2026-09-26 17:17:16.350 -04:00 [INF] [OpenFreq.Common.RtpJitterBuffer] Transmission gap detected (2076ms RTP delta), resetting jitter measurement
2026-09-26 17:17:16.414 -04:00 [INF] [OpenFreqClient.Services.OpenFreqService] RX 339.750 MHz from Woody (179a68da-a2bc-45c0-9d2b-9f0af5fa49ea): -83.1 dBm, SNR 23.9 dB, FSPL 123.1 dB, terrain 0.0 dB, 100.1 km, tx 9130 m / rx 9147 m MSL
2026-09-26 17:17:16.931 -04:00 [WRN] [OpenFreqAudio.RadioPlayback] Stream 179a68da-a2bc-45c0-9d2b-9f0af5fa49ea:339750 on 339.750 MHz had no samples for 2.1 ms
2026-09-26 17:17:18.827 -04:00 [INF] [OpenFreqClient.Services.OpenFreqService] PTT end: Woody (179a68da-a2bc-45c0-9d2b-9f0af5fa49ea) on 339.750 MHz, released
2026-09-26 17:17:23.990 -04:00 [INF] [OpenFreqClient.Services.OpenFreqService] PTT start: Rain (fd8e3112-e083-4da8-be92-04d9f9642ebe) on 339.750 MHz, 3D
2026-09-26 17:17:24.007 -04:00 [INF] [OpenFreq.Common.RtpJitterBuffer] Transmission gap detected (15027ms RTP delta), resetting jitter measurement
2026-09-26 17:17:24.072 -04:00 [INF] [OpenFreqClient.Services.OpenFreqService] RX 339.750 MHz from Rain (fd8e3112-e083-4da8-be92-04d9f9642ebe): -84.8 dBm, SNR 22.2 dB, FSPL 124.8 dB, terrain 0.0 dB, 122.6 km, tx 11899 m / rx 9147 m MSL
2026-09-26 17:17:24.162 -04:00 [WRN] [OpenFreqAudio.RadioPlayback] Stream fd8e3112-e083-4da8-be92-04d9f9642ebe:339750 on 339.750 MHz had no samples for 9.5 ms
2026-09-26 17:17:24.257 -04:00 [INF] [OpenFreqClient.Services.OpenFreqService] PTT start: own radio on 280.500 MHz
2026-09-26 17:17:24.424 -04:00 [INF] [OpenFreqClient.Services.OpenFreqService] PTT end: own radio on 280.500 MHz
2026-09-26 17:17:24.436 -04:00 [INF] [OpenFreqClient.Services.OpenFreqService] TX level over 170ms: mic peak -47.3 dBFS rms -63.2 dBFS | sent peak -43.3 dBFS rms -58.1 dBFS | normalizer on, gain 6.300, gate -70.2 dBFS
2026-09-26 17:17:25.716 -04:00 [INF] [OpenFreqClient.Services.OpenFreqService] PTT end: Rain (fd8e3112-e083-4da8-be92-04d9f9642ebe) on 339.750 MHz, released
2026-09-26 17:17:26.815 -04:00 [INF] [OpenFreqClient.Services.OpenFreqService] PTT start: Woody (179a68da-a2bc-45c0-9d2b-9f0af5fa49ea) on 339.750 MHz, 3D
2026-09-26 17:17:26.831 -04:00 [INF] [OpenFreq.Common.RtpJitterBuffer] Transmission gap detected (8035ms RTP delta), resetting jitter measurement
2026-09-26 17:17:26.900 -04:00 [INF] [OpenFreqClient.Services.OpenFreqService] RX 339.750 MHz from Woody (179a68da-a2bc-45c0-9d2b-9f0af5fa49ea): -82.9 dBm, SNR 24.1 dB, FSPL 122.9 dB, terrain 0.0 dB, 97.5 km, tx 9335 m / rx 9147 m MSL
2026-09-26 17:17:28.100 -04:00 [INF] [OpenFreq.Common.RtpJitterBuffer] Late arrival (41ms past slot) — buffer 165→236ms
2026-09-26 17:17:28.193 -04:00 [INF] [OpenFreq.Common.RtpJitterBuffer] Late arrival (7ms past slot) — buffer 232→269ms
2026-09-26 17:17:28.301 -04:00 [INF] [OpenFreq.Common.RtpJitterBuffer] Late arrival (18ms past slot) — buffer 269→317ms
2026-09-26 17:17:28.397 -04:00 [INF] [OpenFreq.Common.RtpJitterBuffer] Late arrival (6ms past slot) — buffer 317→353ms
2026-09-26 17:17:28.498 -04:00 [INF] [OpenFreq.Common.RtpJitterBuffer] Late arrival (11ms past slot) — buffer 353→394ms
2026-09-26 17:17:28.807 -04:00 [INF] [OpenFreqClient.Services.OpenFreqService] PTT end: Woody (179a68da-a2bc-45c0-9d2b-9f0af5fa49ea) on 339.750 MHz, released
2026-09-26 17:17:30.581 -04:00 [INF] [OpenFreqClient.Services.OpenFreqService] PTT start: Rain (fd8e3112-e083-4da8-be92-04d9f9642ebe) on 339.750 MHz, 3D
2026-09-26 17:17:30.608 -04:00 [INF] [OpenFreq.Common.RtpJitterBuffer] Transmission gap detected (4893ms RTP delta), resetting jitter measurement
2026-09-26 17:17:30.655 -04:00 [INF] [OpenFreqClient.Services.OpenFreqService] RX 339.750 MHz from Rain (fd8e3112-e083-4da8-be92-04d9f9642ebe): -84.8 dBm, SNR 22.2 dB, FSPL 124.8 dB, terrain 0.0 dB, 122.2 km, tx 11412 m / rx 9147 m MSL
2026-09-26 17:17:31.846 -04:00 [INF] [OpenFreqClient.Services.OpenFreqService] PTT end: Rain (fd8e3112-e083-4da8-be92-04d9f9642ebe) on 339.750 MHz, released
2026-09-26 17:17:32.943 -04:00 [INF] [OpenFreqClient.Services.OpenFreqService] PTT start: Rain (fd8e3112-e083-4da8-be92-04d9f9642ebe) on 339.750 MHz, 3D
2026-09-26 17:17:32.959 -04:00 [INF] [OpenFreq.Common.RtpJitterBuffer] Transmission gap detected (1112ms RTP delta), resetting jitter measurement
2026-09-26 17:17:33.005 -04:00 [INF] [OpenFreqClient.Services.OpenFreqService] RX 339.750 MHz from Rain (fd8e3112-e083-4da8-be92-04d9f9642ebe): -84.8 dBm, SNR 22.2 dB, FSPL 124.8 dB, terrain 0.0 dB, 122.3 km, tx 11173 m / rx 9147 m MSL
2026-09-26 17:17:33.161 -04:00 [INF] [OpenFreqClient.Services.OpenFreqService] PTT end: Rain (fd8e3112-e083-4da8-be92-04d9f9642ebe) on 339.750 MHz, released
2026-09-26 17:17:39.154 -04:00 [INF] [OpenFreqClient.Services.OpenFreqService] PTT start: Krieger (0b5a8147-b1fa-4307-a8c3-d1087389de25) on 280.500 MHz, 3D
2026-09-26 17:17:39.171 -04:00 [INF] [OpenFreq.Common.RtpJitterBufferPool] New RTP source: SSRC=117123B1
2026-09-26 17:17:39.171 -04:00 [INF] [OpenFreq.Common.RtpJitterBuffer] Manual buffer size: 150ms
2026-09-26 17:17:39.171 -04:00 [INF] [OpenFreq.Common.RtpAudioReceiver] Source joined:  SSRC=117123B1
2026-09-26 17:17:39.171 -04:00 [INF] [OpenFreq.Common.RtpJitterBuffer] Initialized: buffer=150ms
2026-09-26 17:17:39.322 -04:00 [INF] [OpenFreqClient.Services.OpenFreqService] RX 280.500 MHz from Krieger (0b5a8147-b1fa-4307-a8c3-d1087389de25): -83.9 dBm, SNR 23.1 dB, FSPL 123.9 dB, terrain 0.0 dB, 133.5 km, tx 5156 m / rx 9147 m MSL
2026-09-26 17:17:40.613 -04:00 [WRN] [OpenFreqAudio.RadioPlayback] Stream 0b5a8147-b1fa-4307-a8c3-d1087389de25:280500 on 280.500 MHz had no samples for 10.0 ms
2026-09-26 17:17:40.737 -04:00 [INF] [OpenFreqClient.Services.OpenFreqService] PTT end: Krieger (0b5a8147-b1fa-4307-a8c3-d1087389de25) on 280.500 MHz, released
2026-09-26 17:17:41.740 -04:00 [INF] [OpenFreqClient.Services.OpenFreqService] PTT start: own radio on 280.500 MHz
2026-09-26 17:17:42.137 -04:00 [INF] [OpenFreqClient.Services.OpenFreqService] PTT end: own radio on 280.500 MHz
2026-09-26 17:17:42.145 -04:00 [INF] [OpenFreqClient.Services.OpenFreqService] TX level over 400ms: mic peak -4.5 dBFS rms -26.0 dBFS | sent peak 0.0 dBFS rms -11.4 dBFS | normalizer on, gain 3.384, gate -66.4 dBFS
2026-09-26 17:17:44.687 -04:00 [INF] [OpenFreqAudio.RadioPlayback] Stream '96d0aaf9-fc04-4ef3-8c64-f95b30259b59:339750' on 339.750 MHz
2026-09-26 17:17:45.687 -04:00 [INF] [OpenFreqAudio.RadioPlayback] Stream '0b5a8147-b1fa-4307-a8c3-d1087389de25:339750' on 339.750 MHz
2026-09-26 17:17:49.161 -04:00 [INF] [OpenFreqAudio.RadioPlayback] Stream 'f4461c8b-b37f-4d25-a4cb-5da5ffdcefdc:339750' on 339.750 MHz
2026-09-26 17:17:52.604 -04:00 [INF] [OpenFreqClient.Services.OpenFreqService] PTT start: own radio on 280.500 MHz
2026-09-26 17:17:53.807 -04:00 [INF] [OpenFreqClient.Services.OpenFreqService] PTT end: own radio on 280.500 MHz
2026-09-26 17:17:53.815 -04:00 [INF] [OpenFreqClient.Services.OpenFreqService] TX level over 1210ms: mic peak -0.2 dBFS rms -16.2 dBFS | sent peak 0.0 dBFS rms -16.3 dBFS | normalizer on, gain 0.837, gate -66.3 dBFS
2026-09-26 17:17:54.869 -04:00 [INF] [OpenFreqClient.Services.OpenFreqService] PTT start: Alligator (2af88464-1ea8-4d04-80ba-d98d4f842617) on 280.500 MHz, 3D
2026-09-26 17:17:54.878 -04:00 [INF] [OpenFreq.Common.RtpJitterBuffer] Transmission gap detected (138308ms RTP delta), resetting jitter measurement
2026-09-26 17:17:54.935 -04:00 [INF] [OpenFreqClient.Services.OpenFreqService] RX 280.500 MHz from Alligator (2af88464-1ea8-4d04-80ba-d98d4f842617): -64.2 dBm, SNR 42.8 dB, FSPL 104.2 dB, terrain 0.0 dB, 13.8 km, tx 7860 m / rx 9147 m MSL
2026-09-26 17:17:55.949 -04:00 [INF] [OpenFreqClient.Services.OpenFreqService] PTT end: Alligator (2af88464-1ea8-4d04-80ba-d98d4f842617) on 280.500 MHz, released
2026-09-26 17:17:58.993 -04:00 [INF] [OpenFreq.Common.RtpJitterBuffer] Transmission gap detected (3059ms RTP delta), resetting jitter measurement
2026-09-26 17:17:58.993 -04:00 [INF] [OpenFreqClient.Services.OpenFreqService] PTT start: Alligator (2af88464-1ea8-4d04-80ba-d98d4f842617) on 280.500 MHz, 3D
2026-09-26 17:17:59.047 -04:00 [INF] [OpenFreqClient.Services.OpenFreqService] RX 280.500 MHz from Alligator (2af88464-1ea8-4d04-80ba-d98d4f842617): -64.7 dBm, SNR 42.3 dB, FSPL 104.7 dB, terrain 0.0 dB, 14.6 km, tx 7856 m / rx 9147 m MSL
2026-09-26 17:18:01.413 -04:00 [INF] [OpenFreqClient.Services.OpenFreqService] PTT end: Alligator (2af88464-1ea8-4d04-80ba-d98d4f842617) on 280.500 MHz, released
2026-09-26 17:18:02.709 -04:00 [INF] [OpenFreqClient.Services.OpenFreqService] PTT start: own radio on 280.500 MHz
2026-09-26 17:18:04.196 -04:00 [INF] [OpenFreqClient.Services.OpenFreqService] PTT end: own radio on 280.500 MHz
2026-09-26 17:18:04.205 -04:00 [INF] [OpenFreqClient.Services.OpenFreqService] TX level over 1490ms: mic peak -0.8 dBFS rms -20.7 dBFS | sent peak 0.0 dBFS rms -17.6 dBFS | normalizer on, gain 5.673, gate -70.0 dBFS
2026-09-26 17:18:05.500 -04:00 [INF] [OpenFreqClient.Services.OpenFreqService] PTT start: Alligator (2af88464-1ea8-4d04-80ba-d98d4f842617) on 280.500 MHz, 3D
2026-09-26 17:18:05.537 -04:00 [INF] [OpenFreq.Common.RtpJitterBuffer] Transmission gap detected (4092ms RTP delta), resetting jitter measurement
2026-09-26 17:18:05.551 -04:00 [INF] [OpenFreqClient.Services.OpenFreqService] RX 280.500 MHz from Alligator (2af88464-1ea8-4d04-80ba-d98d4f842617): -65.4 dBm, SNR 41.6 dB, FSPL 105.4 dB, terrain 0.0 dB, 15.9 km, tx 7846 m / rx 9147 m MSL
2026-09-26 17:18:05.860 -04:00 [INF] [OpenFreqClient.Services.OpenFreqService] PTT end: Alligator (2af88464-1ea8-4d04-80ba-d98d4f842617) on 280.500 MHz, released
2026-09-26 17:18:12.631 -04:00 [INF] [OpenFreqClient.Services.OpenFreqService] PTT start: Rain (fd8e3112-e083-4da8-be92-04d9f9642ebe) on 339.750 MHz, 3D
2026-09-26 17:18:12.653 -04:00 [INF] [OpenFreq.Common.RtpJitterBuffer] Transmission gap detected (39497ms RTP delta), resetting jitter measurement
2026-09-26 17:18:12.702 -04:00 [INF] [OpenFreqClient.Services.OpenFreqService] RX 339.750 MHz from Rain (fd8e3112-e083-4da8-be92-04d9f9642ebe): -85.6 dBm, SNR 21.4 dB, FSPL 125.6 dB, terrain 0.0 dB, 133.2 km, tx 8807 m / rx 9147 m MSL
2026-09-26 17:18:12.933 -04:00 [INF] [OpenFreqClient.Services.OpenFreqService] PTT end: Rain (fd8e3112-e083-4da8-be92-04d9f9642ebe) on 339.750 MHz, released
2026-09-26 17:18:14.150 -04:00 [INF] [OpenFreqClient.Services.OpenFreqService] PTT start: own radio on 339.750 MHz
2026-09-26 17:18:15.518 -04:00 [INF] [OpenFreqClient.Services.OpenFreqService] PTT end: own radio on 339.750 MHz
2026-09-26 17:18:15.527 -04:00 [INF] [OpenFreqClient.Services.OpenFreqService] TX level over 1370ms: mic peak -0.2 dBFS rms -14.8 dBFS | sent peak 0.0 dBFS rms -13.7 dBFS | normalizer on, gain 0.970, gate -61.2 dBFS
2026-09-26 17:18:17.170 -04:00 [INF] [OpenFreqClient.Services.OpenFreqService] PTT start: own radio on 280.500 MHz
2026-09-26 17:18:20.082 -04:00 [INF] [OpenFreqClient.Services.OpenFreqService] PTT end: own radio on 280.500 MHz
2026-09-26 17:18:20.087 -04:00 [INF] [OpenFreqClient.Services.OpenFreqService] TX level over 2910ms: mic peak -0.1 dBFS rms -15.5 dBFS | sent peak 0.0 dBFS rms -19.2 dBFS | normalizer on, gain 1.662, gate -46.0 dBFS
2026-09-26 17:18:21.336 -04:00 [INF] [OpenFreq.Common.RtpJitterBufferPool] New RTP source: SSRC=0B91D305
2026-09-26 17:18:21.337 -04:00 [INF] [OpenFreqClient.Services.OpenFreqService] PTT start: armapirx (38562a9e-c5a7-4d8e-8e84-ac5f77661794) on 280.500 MHz, 3D
2026-09-26 17:18:21.337 -04:00 [INF] [OpenFreq.Common.RtpJitterBuffer] Manual buffer size: 150ms
2026-09-26 17:18:21.337 -04:00 [INF] [OpenFreq.Common.RtpAudioReceiver] Source joined:  SSRC=0B91D305
2026-09-26 17:18:21.337 -04:00 [INF] [OpenFreq.Common.RtpJitterBuffer] Initialized: buffer=150ms
2026-09-26 17:18:21.487 -04:00 [INF] [OpenFreqClient.Services.OpenFreqService] RX 280.500 MHz from armapirx (38562a9e-c5a7-4d8e-8e84-ac5f77661794): -66.8 dBm, SNR 40.2 dB, FSPL 106.8 dB, terrain 0.0 dB, 18.7 km, tx 5699 m / rx 9147 m MSL
2026-09-26 17:18:24.626 -04:00 [INF] [OpenFreq.Common.RtpJitterBufferPool] Pruned stale source SSRC=6B506D7F
2026-09-26 17:18:24.626 -04:00 [INF] [OpenFreq.Common.RtpAudioReceiver] Source expired: SSRC=6B506D7F
2026-09-26 17:18:24.863 -04:00 [INF] [OpenFreqClient.Services.OpenFreqService] PTT end: armapirx (38562a9e-c5a7-4d8e-8e84-ac5f77661794) on 280.500 MHz, released
2026-09-26 17:18:25.110 -04:00 [INF] [OpenFreqClient.Services.OpenFreqService] PTT start: own radio on 339.750 MHz
2026-09-26 17:18:26.033 -04:00 [INF] [OpenFreqClient.Services.OpenFreqService] PTT end: own radio on 339.750 MHz
2026-09-26 17:18:26.036 -04:00 [INF] [OpenFreqClient.Services.OpenFreqService] TX level over 920ms: mic peak -0.1 dBFS rms -17.6 dBFS | sent peak 0.0 dBFS rms -11.2 dBFS | normalizer on, gain 0.716, gate -67.1 dBFS
2026-09-26 17:18:26.767 -04:00 [INF] [OpenFreqClient.Services.OpenFreqService] PTT start: own radio on 280.500 MHz
2026-09-26 17:18:28.875 -04:00 [INF] [OpenFreq.Common.RtpJitterBuffer] Transmission gap detected (60354ms RTP delta), resetting jitter measurement
2026-09-26 17:18:28.875 -04:00 [INF] [OpenFreqClient.Services.OpenFreqService] PTT start: Woody (179a68da-a2bc-45c0-9d2b-9f0af5fa49ea) on 339.750 MHz, 3D
2026-09-26 17:18:29.160 -04:00 [INF] [OpenFreqClient.Services.OpenFreqService] RX 339.750 MHz from Woody (179a68da-a2bc-45c0-9d2b-9f0af5fa49ea): -83.8 dBm, SNR 23.2 dB, FSPL 123.8 dB, terrain 0.0 dB, 108.6 km, tx 10064 m / rx 9147 m MSL
2026-09-26 17:18:29.682 -04:00 [INF] [OpenFreqClient.Services.OpenFreqService] PTT end: own radio on 280.500 MHz
2026-09-26 17:18:29.687 -04:00 [INF] [OpenFreqClient.Services.OpenFreqService] TX level over 2910ms: mic peak 0.0 dBFS rms -16.6 dBFS | sent peak 0.0 dBFS rms -18.6 dBFS | normalizer on, gain 0.902, gate -45.6 dBFS
2026-09-26 17:18:29.974 -04:00 [INF] [OpenFreqClient.Services.OpenFreqService] PTT start: own radio on 280.500 MHz
2026-09-26 17:18:30.037 -04:00 [INF] [OpenFreqClient.Services.OpenFreqService] PTT end: own radio on 280.500 MHz
2026-09-26 17:18:30.047 -04:00 [INF] [OpenFreqClient.Services.OpenFreqService] TX level over 70ms: mic peak -63.5 dBFS rms -74.0 dBFS | sent peak -62.7 dBFS rms -73.4 dBFS | normalizer on, gain 1.405, gate -48.8 dBFS
2026-09-26 17:18:31.688 -04:00 [INF] [OpenFreqClient.Services.OpenFreqService] PTT start: armapirx (38562a9e-c5a7-4d8e-8e84-ac5f77661794) on 280.500 MHz, 3D
2026-09-26 17:18:31.697 -04:00 [INF] [OpenFreq.Common.RtpJitterBuffer] Transmission gap detected (6848ms RTP delta), resetting jitter measurement
2026-09-26 17:18:31.746 -04:00 [INF] [OpenFreqClient.Services.OpenFreqService] RX 280.500 MHz from armapirx (38562a9e-c5a7-4d8e-8e84-ac5f77661794): -66.1 dBm, SNR 40.9 dB, FSPL 106.1 dB, terrain 0.0 dB, 17.2 km, tx 5700 m / rx 9147 m MSL
2026-09-26 17:18:32.910 -04:00 [INF] [OpenFreqClient.Services.OpenFreqService] PTT end: armapirx (38562a9e-c5a7-4d8e-8e84-ac5f77661794) on 280.500 MHz, released
2026-09-26 17:18:34.407 -04:00 [INF] [OpenFreqClient.Services.OpenFreqService] PTT end: Woody (179a68da-a2bc-45c0-9d2b-9f0af5fa49ea) on 339.750 MHz, released
2026-09-26 17:18:36.911 -04:00 [INF] [OpenFreqClient.Services.OpenFreqService] PTT start: own radio on 339.750 MHz
2026-09-26 17:18:37.686 -04:00 [INF] [OpenFreqClient.Services.OpenFreqService] PTT end: own radio on 339.750 MHz
2026-09-26 17:18:37.688 -04:00 [INF] [OpenFreqClient.Services.OpenFreqService] TX level over 770ms: mic peak -0.3 dBFS rms -19.1 dBFS | sent peak 0.0 dBFS rms -13.9 dBFS | normalizer on, gain 1.079, gate -56.3 dBFS
2026-09-26 17:18:43.307 -04:00 [INF] [OpenFreqClient.Services.OpenFreqService] PTT start: Sk8r (fc74b220-b0a9-42b3-a47d-1c86e24c2b57) on 280.500 MHz, 3D
2026-09-26 17:18:43.365 -04:00 [INF] [OpenFreq.Common.RtpJitterBufferPool] New RTP source: SSRC=240CDF59
2026-09-26 17:18:43.365 -04:00 [INF] [OpenFreq.Common.RtpJitterBuffer] Manual buffer size: 150ms
2026-09-26 17:18:43.365 -04:00 [INF] [OpenFreq.Common.RtpAudioReceiver] Source joined:  SSRC=240CDF59
2026-09-26 17:18:43.365 -04:00 [INF] [OpenFreq.Common.RtpJitterBuffer] Initialized: buffer=150ms
2026-09-26 17:18:43.515 -04:00 [INF] [OpenFreqClient.Services.OpenFreqService] RX 280.500 MHz from Sk8r (fc74b220-b0a9-42b3-a47d-1c86e24c2b57): -68.1 dBm, SNR 38.9 dB, FSPL 108.1 dB, terrain 0.0 dB, 21.6 km, tx 2699 m / rx 9147 m MSL
2026-09-26 17:18:46.370 -04:00 [INF] [OpenFreqClient.Services.OpenFreqService] PTT end: Sk8r (fc74b220-b0a9-42b3-a47d-1c86e24c2b57) on 280.500 MHz, released
2026-09-26 17:18:47.281 -04:00 [INF] [OpenFreqClient.Services.OpenFreqService] PTT start: own radio on 280.500 MHz
2026-09-26 17:18:48.032 -04:00 [INF] [OpenFreqClient.Services.OpenFreqService] PTT end: own radio on 280.500 MHz
2026-09-26 17:18:48.036 -04:00 [INF] [OpenFreqClient.Services.OpenFreqService] TX level over 750ms: mic peak -0.3 dBFS rms -20.1 dBFS | sent peak 0.0 dBFS rms -10.4 dBFS | normalizer on, gain 2.268, gate -80.3 dBFS
2026-09-26 17:18:49.154 -04:00 [INF] [OpenFreqClient.Services.OpenFreqService] PTT start: armapirx (38562a9e-c5a7-4d8e-8e84-ac5f77661794) on 280.500 MHz, 3D
2026-09-26 17:18:49.178 -04:00 [INF] [OpenFreq.Common.RtpJitterBuffer] Transmission gap detected (16272ms RTP delta), resetting jitter measurement
2026-09-26 17:18:49.216 -04:00 [INF] [OpenFreqClient.Services.OpenFreqService] RX 280.500 MHz from armapirx (38562a9e-c5a7-4d8e-8e84-ac5f77661794): -64.9 dBm, SNR 42.1 dB, FSPL 104.9 dB, terrain 0.0 dB, 15.0 km, tx 5704 m / rx 9147 m MSL
2026-09-26 17:18:50.715 -04:00 [INF] [OpenFreqClient.Services.OpenFreqService] PTT end: armapirx (38562a9e-c5a7-4d8e-8e84-ac5f77661794) on 280.500 MHz, released
2026-09-26 17:18:54.776 -04:00 [INF] [OpenFreqClient.Services.OpenFreqService] PTT start: own radio on 280.500 MHz
2026-09-26 17:18:55.843 -04:00 [INF] [OpenFreqClient.Services.OpenFreqService] PTT end: own radio on 280.500 MHz
2026-09-26 17:18:55.847 -04:00 [INF] [OpenFreqClient.Services.OpenFreqService] TX level over 1060ms: mic peak -0.1 dBFS rms -18.6 dBFS | sent peak 0.0 dBFS rms -14.0 dBFS | normalizer on, gain 2.108, gate -59.3 dBFS
2026-09-26 17:18:58.488 -04:00 [INF] [OpenFreqAudio.RadioPlayback] Stream '9ac4a3e8-e935-4564-a9e9-54d417e10880:280500' on 280.500 MHz
2026-09-26 17:19:01.944 -04:00 [INF] [OpenFreqAudio.RadioPlayback] Stream '9ac4a3e8-e935-4564-a9e9-54d417e10880:280500' on 280.500 MHz
2026-09-26 17:19:15.290 -04:00 [INF] [OpenFreqAudio.RadioPlayback] Stream '9ac4a3e8-e935-4564-a9e9-54d417e10880:280500' on 280.500 MHz
2026-09-26 17:19:34.317 -04:00 [INF] [OpenFreqClient.Services.OpenFreqService] PTT start: own radio on 339.750 MHz
2026-09-26 17:19:37.456 -04:00 [INF] [OpenFreqClient.Services.OpenFreqService] PTT end: own radio on 339.750 MHz
2026-09-26 17:19:37.459 -04:00 [INF] [OpenFreqClient.Services.OpenFreqService] TX level over 3130ms: mic peak -0.2 dBFS rms -15.9 dBFS | sent peak 0.0 dBFS rms -19.0 dBFS | normalizer on, gain 0.696, gate -51.3 dBFS
2026-09-26 17:19:57.955 -04:00 [INF] [OpenFreqAudio.RadioPlayback] Stream '4c187006-039a-4fcb-b6df-d456875763f7:339750' on 339.750 MHz
2026-09-26 17:21:36.924 -04:00 [INF] [OpenFreqClient.Services.OpenFreqService] PTT start: Razgriz (9ac4a3e8-e935-4564-a9e9-54d417e10880) on 280.500 MHz, 3D
2026-09-26 17:21:36.936 -04:00 [INF] [OpenFreq.Common.RtpJitterBufferPool] New RTP source: SSRC=6B506D7F
2026-09-26 17:21:36.936 -04:00 [INF] [OpenFreq.Common.RtpJitterBuffer] Manual buffer size: 150ms
2026-09-26 17:21:36.936 -04:00 [INF] [OpenFreq.Common.RtpAudioReceiver] Source joined:  SSRC=6B506D7F
2026-09-26 17:21:36.936 -04:00 [INF] [OpenFreq.Common.RtpJitterBuffer] Initialized: buffer=150ms
2026-09-26 17:21:36.936 -04:00 [INF] [OpenFreq.Common.RtpJitterBufferPool] Pruned stale source SSRC=2BF943CC
2026-09-26 17:21:36.937 -04:00 [INF] [OpenFreq.Common.RtpAudioReceiver] Source expired: SSRC=2BF943CC
2026-09-26 17:21:37.035 -04:00 [INF] [OpenFreqClient.Services.OpenFreqService] PTT end: Razgriz (9ac4a3e8-e935-4564-a9e9-54d417e10880) on 280.500 MHz, released
2026-09-26 17:21:37.087 -04:00 [INF] [OpenFreqClient.Services.OpenFreqService] RX 280.500 MHz from Razgriz (9ac4a3e8-e935-4564-a9e9-54d417e10880): -81.3 dBm, SNR 25.7 dB, FSPL 121.3 dB, terrain 0.0 dB, 98.9 km, tx 9356 m / rx 9147 m MSL
2026-09-26 17:21:42.795 -04:00 [INF] [OpenFreqClient.Services.OpenFreqService] PTT start: Razgriz (9ac4a3e8-e935-4564-a9e9-54d417e10880) on 280.500 MHz, 3D
2026-09-26 17:21:42.817 -04:00 [INF] [OpenFreq.Common.RtpJitterBuffer] Transmission gap detected (5772ms RTP delta), resetting jitter measurement
2026-09-26 17:21:42.959 -04:00 [INF] [OpenFreqClient.Services.OpenFreqService] RX 280.500 MHz from Razgriz (9ac4a3e8-e935-4564-a9e9-54d417e10880): -81.4 dBm, SNR 25.6 dB, FSPL 121.4 dB, terrain 0.0 dB, 100.3 km, tx 9356 m / rx 9147 m MSL
2026-09-26 17:21:43.099 -04:00 [INF] [OpenFreqClient.Services.OpenFreqService] PTT end: Razgriz (9ac4a3e8-e935-4564-a9e9-54d417e10880) on 280.500 MHz, released
2026-09-26 17:21:44.074 -04:00 [INF] [OpenFreqClient.Services.OpenFreqService] PTT start: Razgriz (9ac4a3e8-e935-4564-a9e9-54d417e10880) on 280.500 MHz, 3D
2026-09-26 17:21:44.096 -04:00 [INF] [OpenFreq.Common.RtpJitterBuffer] Transmission gap detected (1000ms RTP delta), resetting jitter measurement
2026-09-26 17:21:44.207 -04:00 [INF] [OpenFreqClient.Services.OpenFreqService] RX 280.500 MHz from Razgriz (9ac4a3e8-e935-4564-a9e9-54d417e10880): -81.5 dBm, SNR 25.5 dB, FSPL 121.5 dB, terrain 0.0 dB, 100.6 km, tx 9356 m / rx 9147 m MSL
2026-09-26 17:21:44.314 -04:00 [INF] [OpenFreqClient.Services.OpenFreqService] PTT end: Razgriz (9ac4a3e8-e935-4564-a9e9-54d417e10880) on 280.500 MHz, released
2026-09-26 17:21:48.622 -04:00 [INF] [OpenFreqClient.Services.OpenFreqService] PTT start: Stevie (3f69df0a-0474-4403-96f9-9167afaa52d9) on 280.500 MHz, 3D
2026-09-26 17:21:48.637 -04:00 [INF] [OpenFreq.Common.RtpJitterBufferPool] New RTP source: SSRC=5958BBE0
2026-09-26 17:21:48.637 -04:00 [INF] [OpenFreq.Common.RtpJitterBuffer] Manual buffer size: 150ms
2026-09-26 17:21:48.637 -04:00 [INF] [OpenFreq.Common.RtpAudioReceiver] Source joined:  SSRC=5958BBE0
2026-09-26 17:21:48.637 -04:00 [INF] [OpenFreq.Common.RtpJitterBuffer] Initialized: buffer=150ms
2026-09-26 17:21:48.647 -04:00 [INF] [OpenFreqClient.Services.OpenFreqService] PTT end: Stevie (3f69df0a-0474-4403-96f9-9167afaa52d9) on 280.500 MHz, released
2026-09-26 17:21:48.788 -04:00 [INF] [OpenFreqClient.Services.OpenFreqService] RX 280.500 MHz from Stevie (3f69df0a-0474-4403-96f9-9167afaa52d9): -81.5 dBm, SNR 25.5 dB, FSPL 121.5 dB, terrain 0.0 dB, 101.4 km, tx 9360 m / rx 9147 m MSL
2026-09-26 17:22:02.107 -04:00 [INF] [OpenFreqClient.Services.OpenFreqService] PTT start: Falcon (91c4c764-ac55-4b66-98e4-d070ed54be23) on 280.500 MHz, 3D
2026-09-26 17:22:02.123 -04:00 [INF] [OpenFreq.Common.RtpJitterBufferPool] New RTP source: SSRC=342907E0
2026-09-26 17:22:02.124 -04:00 [INF] [OpenFreq.Common.RtpJitterBuffer] Manual buffer size: 150ms
2026-09-26 17:22:02.124 -04:00 [INF] [OpenFreq.Common.RtpAudioReceiver] Source joined:  SSRC=342907E0
2026-09-26 17:22:02.124 -04:00 [INF] [OpenFreq.Common.RtpJitterBuffer] Initialized: buffer=150ms
2026-09-26 17:22:02.274 -04:00 [INF] [OpenFreqClient.Services.OpenFreqService] RX 280.500 MHz from Falcon (91c4c764-ac55-4b66-98e4-d070ed54be23): -84.0 dBm, SNR 23.0 dB, FSPL 124.0 dB, terrain 0.0 dB, 134.2 km, tx 8115 m / rx 9147 m MSL
2026-09-26 17:22:04.379 -04:00 [INF] [OpenFreqClient.Services.OpenFreqService] PTT end: Falcon (91c4c764-ac55-4b66-98e4-d070ed54be23) on 280.500 MHz, released
2026-09-26 17:22:04.939 -04:00 [INF] [OpenFreqClient.Services.OpenFreqService] PTT start: own radio on 280.500 MHz
2026-09-26 17:22:05.488 -04:00 [INF] [OpenFreqClient.Services.OpenFreqService] PTT end: own radio on 280.500 MHz
2026-09-26 17:22:05.491 -04:00 [INF] [OpenFreqClient.Services.OpenFreqService] TX level over 550ms: mic peak -0.1 dBFS rms -17.6 dBFS | sent peak 0.0 dBFS rms -12.1 dBFS | normalizer on, gain 0.840, gate -55.7 dBFS
2026-09-26 17:22:09.600 -04:00 [INF] [OpenFreqAudio.RadioPlayback] Stream 'e406d0a0-64e6-4450-9ec0-300837b7b89a:339750' on 339.750 MHz
2026-09-26 17:22:14.012 -04:00 [INF] [OpenFreqAudio.RadioPlayback] Stream '91c4c764-ac55-4b66-98e4-d070ed54be23:339750' on 339.750 MHz
2026-09-26 17:22:48.478 -04:00 [INF] [OpenFreqClient.Services.OpenFreqService] PTT start: Razgriz (9ac4a3e8-e935-4564-a9e9-54d417e10880) on 280.500 MHz, 3D
2026-09-26 17:22:48.500 -04:00 [INF] [OpenFreq.Common.RtpJitterBuffer] Transmission gap detected (64201ms RTP delta), resetting jitter measurement
2026-09-26 17:22:48.500 -04:00 [INF] [OpenFreq.Common.RtpJitterBufferPool] Pruned stale source SSRC=117123B1
2026-09-26 17:22:48.500 -04:00 [INF] [OpenFreq.Common.RtpAudioReceiver] Source expired: SSRC=117123B1
2026-09-26 17:22:48.585 -04:00 [INF] [OpenFreqClient.Services.OpenFreqService] RX 280.500 MHz from Razgriz (9ac4a3e8-e935-4564-a9e9-54d417e10880): -82.7 dBm, SNR 24.3 dB, FSPL 122.7 dB, terrain 0.0 dB, 115.8 km, tx 9356 m / rx 9147 m MSL
2026-09-26 17:22:51.257 -04:00 [INF] [OpenFreqClient.Services.OpenFreqService] PTT end: Razgriz (9ac4a3e8-e935-4564-a9e9-54d417e10880) on 280.500 MHz, released
2026-09-26 17:23:17.185 -04:00 [INF] [OpenFreqClient.Services.OpenFreqService] PTT start: armapirx (38562a9e-c5a7-4d8e-8e84-ac5f77661794) on 280.500 MHz, 3D
2026-09-26 17:23:17.196 -04:00 [INF] [OpenFreq.Common.RtpJitterBuffer] Transmission gap detected (266485ms RTP delta), resetting jitter measurement
2026-09-26 17:23:17.196 -04:00 [INF] [OpenFreq.Common.RtpJitterBufferPool] Pruned stale source SSRC=4EE60C78
2026-09-26 17:23:17.196 -04:00 [INF] [OpenFreq.Common.RtpAudioReceiver] Source expired: SSRC=4EE60C78
2026-09-26 17:23:17.196 -04:00 [INF] [OpenFreq.Common.RtpJitterBufferPool] Pruned stale source SSRC=5B49E066
2026-09-26 17:23:17.196 -04:00 [INF] [OpenFreq.Common.RtpAudioReceiver] Source expired: SSRC=5B49E066
2026-09-26 17:23:17.245 -04:00 [INF] [OpenFreqClient.Services.OpenFreqService] RX 280.500 MHz from armapirx (38562a9e-c5a7-4d8e-8e84-ac5f77661794): -74.5 dBm, SNR 32.5 dB, FSPL 114.5 dB, terrain 0.0 dB, 45.1 km, tx 5745 m / rx 9147 m MSL
2026-09-26 17:23:20.955 -04:00 [INF] [OpenFreqClient.Services.OpenFreqService] PTT end: armapirx (38562a9e-c5a7-4d8e-8e84-ac5f77661794) on 280.500 MHz, released
2026-09-26 17:23:21.667 -04:00 [INF] [OpenFreqClient.Services.OpenFreqService] PTT start: own radio on 280.500 MHz
2026-09-26 17:23:22.249 -04:00 [INF] [OpenFreqClient.Services.OpenFreqService] PTT end: own radio on 280.500 MHz
2026-09-26 17:23:22.253 -04:00 [INF] [OpenFreqClient.Services.OpenFreqService] TX level over 580ms: mic peak -0.2 dBFS rms -16.6 dBFS | sent peak 0.0 dBFS rms -14.4 dBFS | normalizer on, gain 0.565, gate -45.3 dBFS
2026-09-26 17:23:36.060 -04:00 [INF] [OpenFreqClient.Services.OpenFreqService] PTT start: own radio on 339.750 MHz
2026-09-26 17:23:41.702 -04:00 [INF] [OpenFreqClient.Services.OpenFreqService] PTT end: own radio on 339.750 MHz
2026-09-26 17:23:41.703 -04:00 [INF] [OpenFreqClient.Services.OpenFreqService] TX level over 5640ms: mic peak -0.2 dBFS rms -19.4 dBFS | sent peak 0.0 dBFS rms -17.6 dBFS | normalizer on, gain 29.431, gate -73.2 dBFS
2026-09-26 17:23:47.114 -04:00 [INF] [OpenFreqClient.Services.OpenFreqService] PTT start: Woody (179a68da-a2bc-45c0-9d2b-9f0af5fa49ea) on 339.750 MHz, 3D
2026-09-26 17:23:47.137 -04:00 [INF] [OpenFreq.Common.RtpJitterBuffer] Transmission gap detected (312784ms RTP delta), resetting jitter measurement
2026-09-26 17:23:47.137 -04:00 [INF] [OpenFreq.Common.RtpJitterBufferPool] Pruned stale source SSRC=240CDF59
2026-09-26 17:23:47.137 -04:00 [INF] [OpenFreq.Common.RtpAudioReceiver] Source expired: SSRC=240CDF59
2026-09-26 17:23:47.212 -04:00 [INF] [OpenFreqClient.Services.OpenFreqService] RX 339.750 MHz from Woody (179a68da-a2bc-45c0-9d2b-9f0af5fa49ea): -80.4 dBm, SNR 26.6 dB, FSPL 120.4 dB, terrain 0.0 dB, 73.1 km, tx 11845 m / rx 9147 m MSL
2026-09-26 17:23:47.841 -04:00 [INF] [OpenFreqClient.Services.OpenFreqService] PTT start: Alligator (2af88464-1ea8-4d04-80ba-d98d4f842617) on 280.500 MHz, 3D
2026-09-26 17:23:47.847 -04:00 [INF] [OpenFreq.Common.RtpJitterBufferPool] New RTP source: SSRC=4EE60C78
2026-09-26 17:23:47.847 -04:00 [INF] [OpenFreq.Common.RtpJitterBuffer] Manual buffer size: 150ms
2026-09-26 17:23:47.847 -04:00 [INF] [OpenFreq.Common.RtpAudioReceiver] Source joined:  SSRC=4EE60C78
2026-09-26 17:23:47.847 -04:00 [INF] [OpenFreq.Common.RtpJitterBuffer] Initialized: buffer=150ms
2026-09-26 17:23:47.997 -04:00 [INF] [OpenFreqClient.Services.OpenFreqService] RX 280.500 MHz from Alligator (2af88464-1ea8-4d04-80ba-d98d4f842617): -76.5 dBm, SNR 30.5 dB, FSPL 116.5 dB, terrain 0.0 dB, 56.9 km, tx 6147 m / rx 9147 m MSL
2026-09-26 17:23:49.025 -04:00 [INF] [OpenFreqClient.Services.OpenFreqService] PTT end: Alligator (2af88464-1ea8-4d04-80ba-d98d4f842617) on 280.500 MHz, released
2026-09-26 17:23:49.519 -04:00 [INF] [OpenFreqClient.Services.OpenFreqService] PTT end: Woody (179a68da-a2bc-45c0-9d2b-9f0af5fa49ea) on 339.750 MHz, released
2026-09-26 17:23:50.392 -04:00 [INF] [OpenFreqClient.Services.OpenFreqService] PTT start: own radio on 339.750 MHz
2026-09-26 17:23:54.549 -04:00 [INF] [OpenFreqClient.Services.OpenFreqService] PTT end: own radio on 339.750 MHz
2026-09-26 17:23:54.554 -04:00 [INF] [OpenFreqClient.Services.OpenFreqService] TX level over 4160ms: mic peak -0.3 dBFS rms -20.1 dBFS | sent peak 0.0 dBFS rms -15.4 dBFS | normalizer on, gain 2.248, gate -41.7 dBFS
2026-09-26 17:23:55.202 -04:00 [INF] [OpenFreqClient.Services.OpenFreqService] PTT start: Woody (179a68da-a2bc-45c0-9d2b-9f0af5fa49ea) on 339.750 MHz, 3D
2026-09-26 17:23:55.233 -04:00 [INF] [OpenFreq.Common.RtpJitterBuffer] Transmission gap detected (5699ms RTP delta), resetting jitter measurement
2026-09-26 17:23:55.271 -04:00 [INF] [OpenFreqClient.Services.OpenFreqService] RX 339.750 MHz from Woody (179a68da-a2bc-45c0-9d2b-9f0af5fa49ea): -80.2 dBm, SNR 26.8 dB, FSPL 120.2 dB, terrain 0.0 dB, 71.8 km, tx 11850 m / rx 9147 m MSL
2026-09-26 17:23:56.508 -04:00 [INF] [OpenFreqClient.Services.OpenFreqService] PTT start: Alligator (2af88464-1ea8-4d04-80ba-d98d4f842617) on 280.500 MHz, 3D
2026-09-26 17:23:56.518 -04:00 [INF] [OpenFreq.Common.RtpJitterBuffer] Transmission gap detected (7511ms RTP delta), resetting jitter measurement
2026-09-26 17:23:56.584 -04:00 [INF] [OpenFreqClient.Services.OpenFreqService] RX 280.500 MHz from Alligator (2af88464-1ea8-4d04-80ba-d98d4f842617): -76.2 dBm, SNR 30.8 dB, FSPL 116.2 dB, terrain 0.0 dB, 55.0 km, tx 6147 m / rx 9147 m MSL
2026-09-26 17:23:57.433 -04:00 [INF] [OpenFreqClient.Services.OpenFreqService] PTT end: Alligator (2af88464-1ea8-4d04-80ba-d98d4f842617) on 280.500 MHz, released
2026-09-26 17:23:57.888 -04:00 [INF] [OpenFreq.Common.RtpJitterBuffer] Late arrival (17ms past slot) — buffer 159→206ms
2026-09-26 17:24:01.575 -04:00 [INF] [OpenFreqClient.Services.OpenFreqService] PTT start: own radio on 339.750 MHz
2026-09-26 17:24:01.628 -04:00 [INF] [OpenFreqClient.Services.OpenFreqService] PTT end: Woody (179a68da-a2bc-45c0-9d2b-9f0af5fa49ea) on 339.750 MHz, released
2026-09-26 17:24:04.482 -04:00 [INF] [OpenFreqClient.Services.OpenFreqService] PTT end: own radio on 339.750 MHz
2026-09-26 17:24:04.485 -04:00 [INF] [OpenFreqClient.Services.OpenFreqService] TX level over 2900ms: mic peak -0.0 dBFS rms -16.4 dBFS | sent peak 0.0 dBFS rms -14.3 dBFS | normalizer on, gain 8.207, gate -72.7 dBFS
2026-09-26 17:24:06.190 -04:00 [INF] [OpenFreqClient.Services.OpenFreqService] PTT start: Woody (179a68da-a2bc-45c0-9d2b-9f0af5fa49ea) on 339.750 MHz, 3D
2026-09-26 17:24:06.220 -04:00 [INF] [OpenFreq.Common.RtpJitterBuffer] Transmission gap detected (4611ms RTP delta), resetting jitter measurement
2026-09-26 17:24:06.273 -04:00 [INF] [OpenFreqClient.Services.OpenFreqService] RX 339.750 MHz from Woody (179a68da-a2bc-45c0-9d2b-9f0af5fa49ea): -80.0 dBm, SNR 27.0 dB, FSPL 120.0 dB, terrain 0.0 dB, 70.0 km, tx 11866 m / rx 9147 m MSL
2026-09-26 17:24:08.344 -04:00 [INF] [OpenFreqClient.Services.OpenFreqService] PTT end: Woody (179a68da-a2bc-45c0-9d2b-9f0af5fa49ea) on 339.750 MHz, released
2026-09-26 17:24:31.204 -04:00 [INF] [OpenFreqClient.Services.OpenFreqService] PTT start: own radio on 339.750 MHz
2026-09-26 17:24:33.378 -04:00 [INF] [OpenFreqClient.Services.OpenFreqService] PTT end: own radio on 339.750 MHz
2026-09-26 17:24:33.385 -04:00 [INF] [OpenFreqClient.Services.OpenFreqService] TX level over 2170ms: mic peak -0.2 dBFS rms -18.2 dBFS | sent peak 0.0 dBFS rms -14.3 dBFS | normalizer on, gain 1.715, gate -72.0 dBFS
2026-09-26 17:25:48.582 -04:00 [INF] [OpenFreqClient.Services.OpenFreqService] PTT start: Alligator (2af88464-1ea8-4d04-80ba-d98d4f842617) on 280.500 MHz, 3D
2026-09-26 17:25:48.597 -04:00 [INF] [OpenFreq.Common.RtpJitterBuffer] Transmission gap detected (111165ms RTP delta), resetting jitter measurement
2026-09-26 17:25:48.634 -04:00 [INF] [OpenFreqClient.Services.OpenFreqService] RX 280.500 MHz from Alligator (2af88464-1ea8-4d04-80ba-d98d4f842617): -75.4 dBm, SNR 31.6 dB, FSPL 115.4 dB, terrain 0.0 dB, 50.2 km, tx 6149 m / rx 9147 m MSL
2026-09-26 17:25:49.977 -04:00 [INF] [OpenFreqClient.Services.OpenFreqService] PTT end: Alligator (2af88464-1ea8-4d04-80ba-d98d4f842617) on 280.500 MHz, released
2026-09-26 17:25:50.902 -04:00 [INF] [OpenFreqClient.Services.OpenFreqService] PTT start: own radio on 280.500 MHz
2026-09-26 17:25:51.595 -04:00 [INF] [OpenFreqClient.Services.OpenFreqService] PTT end: own radio on 280.500 MHz
2026-09-26 17:25:51.598 -04:00 [INF] [OpenFreqClient.Services.OpenFreqService] TX level over 690ms: mic peak -13.6 dBFS rms -32.6 dBFS | sent peak -1.1 dBFS rms -21.5 dBFS | normalizer on, gain 3.605, gate -54.0 dBFS
2026-09-26 17:26:18.422 -04:00 [INF] [OpenFreqAudio.RadioPlayback] Stream '0b5a8147-b1fa-4307-a8c3-d1087389de25:339750' on 339.750 MHz
2026-09-26 17:26:18.518 -04:00 [INF] [OpenFreqAudio.RadioPlayback] Stream '0b5a8147-b1fa-4307-a8c3-d1087389de25:243000' on 243.000 MHz
2026-09-26 17:26:19.197 -04:00 [INF] [OpenFreqAudio.RadioPlayback] Stream '0b5a8147-b1fa-4307-a8c3-d1087389de25:339750' on 339.750 MHz
2026-09-26 17:26:25.327 -04:00 [INF] [OpenFreqClient.Services.OpenFreqService] PTT start: own radio on 339.750 MHz
2026-09-26 17:26:28.102 -04:00 [INF] [OpenFreqClient.Services.OpenFreqService] PTT end: own radio on 339.750 MHz
2026-09-26 17:26:28.109 -04:00 [INF] [OpenFreqClient.Services.OpenFreqService] TX level over 2780ms: mic peak -0.1 dBFS rms -19.8 dBFS | sent peak 0.0 dBFS rms -17.3 dBFS | normalizer on, gain 1.432, gate -57.8 dBFS
2026-09-26 17:26:30.934 -04:00 [INF] [OpenFreq.Common.RtpJitterBuffer] Transmission gap detected (142601ms RTP delta), resetting jitter measurement
2026-09-26 17:26:30.934 -04:00 [INF] [OpenFreqClient.Services.OpenFreqService] PTT start: Woody (179a68da-a2bc-45c0-9d2b-9f0af5fa49ea) on 339.750 MHz, 3D
2026-09-26 17:26:30.992 -04:00 [INF] [OpenFreqClient.Services.OpenFreqService] RX 339.750 MHz from Woody (179a68da-a2bc-45c0-9d2b-9f0af5fa49ea): -77.3 dBm, SNR 29.7 dB, FSPL 117.3 dB, terrain 0.0 dB, 51.3 km, tx 8623 m / rx 9147 m MSL
2026-09-26 17:26:31.190 -04:00 [INF] [OpenFreqClient.Services.OpenFreqService] PTT start: Rain (fd8e3112-e083-4da8-be92-04d9f9642ebe) on 339.750 MHz, 3D
2026-09-26 17:26:31.195 -04:00 [INF] [OpenFreq.Common.RtpJitterBufferPool] New RTP source: SSRC=5B49E066
2026-09-26 17:26:31.195 -04:00 [INF] [OpenFreq.Common.RtpJitterBuffer] Manual buffer size: 150ms
2026-09-26 17:26:31.195 -04:00 [INF] [OpenFreq.Common.RtpAudioReceiver] Source joined:  SSRC=5B49E066
2026-09-26 17:26:31.195 -04:00 [INF] [OpenFreq.Common.RtpJitterBuffer] Initialized: buffer=150ms
2026-09-26 17:26:31.345 -04:00 [INF] [OpenFreqClient.Services.OpenFreqService] RX 339.750 MHz from Rain (fd8e3112-e083-4da8-be92-04d9f9642ebe): -77.9 dBm, SNR 29.1 dB, FSPL 117.9 dB, terrain 0.0 dB, 54.9 km, tx 9055 m / rx 9147 m MSL
2026-09-26 17:26:31.438 -04:00 [INF] [OpenFreqClient.Services.OpenFreqService] PTT end: Rain (fd8e3112-e083-4da8-be92-04d9f9642ebe) on 339.750 MHz, released
2026-09-26 17:26:33.376 -04:00 [INF] [OpenFreqClient.Services.OpenFreqService] PTT end: Woody (179a68da-a2bc-45c0-9d2b-9f0af5fa49ea) on 339.750 MHz, released
2026-09-26 17:26:33.979 -04:00 [INF] [OpenFreqClient.Services.OpenFreqService] PTT start: own radio on 339.750 MHz
2026-09-26 17:26:34.423 -04:00 [INF] [OpenFreqClient.Services.OpenFreqService] PTT end: own radio on 339.750 MHz
2026-09-26 17:26:34.428 -04:00 [INF] [OpenFreqClient.Services.OpenFreqService] TX level over 440ms: mic peak -4.7 dBFS rms -28.3 dBFS | sent peak 0.0 dBFS rms -18.6 dBFS | normalizer on, gain 2.173, gate -54.3 dBFS
2026-09-26 17:26:47.447 -04:00 [INF] [OpenFreqClient.Services.OpenFreqService] PTT start: own radio on 339.750 MHz
2026-09-26 17:26:53.525 -04:00 [INF] [OpenFreqClient.Services.OpenFreqService] PTT end: own radio on 339.750 MHz
2026-09-26 17:26:53.529 -04:00 [INF] [OpenFreqClient.Services.OpenFreqService] TX level over 6080ms: mic peak -0.4 dBFS rms -22.3 dBFS | sent peak 0.0 dBFS rms -21.0 dBFS | normalizer on, gain 1.840, gate -42.7 dBFS
2026-09-26 17:26:56.474 -04:00 [INF] [OpenFreqClient.Services.OpenFreqService] PTT start: Rain (fd8e3112-e083-4da8-be92-04d9f9642ebe) on 339.750 MHz, 3D
2026-09-26 17:26:56.485 -04:00 [INF] [OpenFreq.Common.RtpJitterBuffer] Transmission gap detected (25045ms RTP delta), resetting jitter measurement
2026-09-26 17:26:56.485 -04:00 [INF] [OpenFreq.Common.RtpJitterBufferPool] Pruned stale source SSRC=5958BBE0
2026-09-26 17:26:56.485 -04:00 [INF] [OpenFreq.Common.RtpAudioReceiver] Source expired: SSRC=5958BBE0
2026-09-26 17:26:56.620 -04:00 [INF] [OpenFreqClient.Services.OpenFreqService] RX 339.750 MHz from Rain (fd8e3112-e083-4da8-be92-04d9f9642ebe): -77.3 dBm, SNR 29.7 dB, FSPL 117.3 dB, terrain 0.0 dB, 51.6 km, tx 7967 m / rx 9147 m MSL
2026-09-26 17:26:56.728 -04:00 [INF] [OpenFreqClient.Services.OpenFreqService] PTT start: Woody (179a68da-a2bc-45c0-9d2b-9f0af5fa49ea) on 339.750 MHz, 3D
2026-09-26 17:26:56.750 -04:00 [INF] [OpenFreq.Common.RtpJitterBuffer] Transmission gap detected (23368ms RTP delta), resetting jitter measurement
2026-09-26 17:26:56.783 -04:00 [INF] [OpenFreqClient.Services.OpenFreqService] RX 339.750 MHz from Woody (179a68da-a2bc-45c0-9d2b-9f0af5fa49ea): -76.8 dBm, SNR 30.2 dB, FSPL 116.8 dB, terrain 0.0 dB, 48.5 km, tx 7453 m / rx 9147 m MSL
2026-09-26 17:26:57.073 -04:00 [INF] [OpenFreqClient.Services.OpenFreqService] PTT end: Woody (179a68da-a2bc-45c0-9d2b-9f0af5fa49ea) on 339.750 MHz, released
2026-09-26 17:26:57.965 -04:00 [INF] [OpenFreqClient.Services.OpenFreqService] PTT end: Rain (fd8e3112-e083-4da8-be92-04d9f9642ebe) on 339.750 MHz, released
2026-09-26 17:26:58.711 -04:00 [INF] [OpenFreqClient.Services.OpenFreqService] PTT start: Woody (179a68da-a2bc-45c0-9d2b-9f0af5fa49ea) on 339.750 MHz, 3D
2026-09-26 17:26:58.739 -04:00 [INF] [OpenFreq.Common.RtpJitterBuffer] Transmission gap detected (1663ms RTP delta), resetting jitter measurement
2026-09-26 17:26:58.770 -04:00 [INF] [OpenFreqClient.Services.OpenFreqService] RX 339.750 MHz from Woody (179a68da-a2bc-45c0-9d2b-9f0af5fa49ea): -76.8 dBm, SNR 30.2 dB, FSPL 116.8 dB, terrain 0.0 dB, 48.4 km, tx 7365 m / rx 9147 m MSL
2026-09-26 17:26:58.781 -04:00 [INF] [OpenFreqClient.Services.OpenFreqService] PTT start: own radio on 339.750 MHz
2026-09-26 17:26:58.844 -04:00 [INF] [OpenFreqClient.Services.OpenFreqService] PTT end: own radio on 339.750 MHz
2026-09-26 17:26:58.849 -04:00 [INF] [OpenFreqClient.Services.OpenFreqService] TX level over 60ms: mic peak -42.0 dBFS rms -50.5 dBFS | sent peak -36.9 dBFS rms -45.4 dBFS | normalizer on, gain 1.805, gate -32.6 dBFS
2026-09-26 17:26:58.949 -04:00 [INF] [OpenFreqClient.Services.OpenFreqService] PTT start: own radio on 339.750 MHz
2026-09-26 17:26:59.012 -04:00 [INF] [OpenFreqClient.Services.OpenFreqService] PTT end: own radio on 339.750 MHz
2026-09-26 17:26:59.019 -04:00 [INF] [OpenFreqClient.Services.OpenFreqService] TX level over 70ms: mic peak -35.7 dBFS rms -44.7 dBFS | sent peak -30.3 dBFS rms -39.4 dBFS | normalizer on, gain 1.860, gate -33.8 dBFS
2026-09-26 17:26:59.479 -04:00 [INF] [OpenFreqClient.Services.OpenFreqService] PTT end: Woody (179a68da-a2bc-45c0-9d2b-9f0af5fa49ea) on 339.750 MHz, released
2026-09-26 17:27:11.409 -04:00 [INF] [OpenFreqClient.Services.OpenFreqService] PTT start: own radio on 339.750 MHz
2026-09-26 17:27:15.157 -04:00 [INF] [OpenFreqClient.Services.OpenFreqService] PTT end: own radio on 339.750 MHz
2026-09-26 17:27:15.159 -04:00 [INF] [OpenFreqClient.Services.OpenFreqService] TX level over 3740ms: mic peak -0.3 dBFS rms -19.9 dBFS | sent peak 0.0 dBFS rms -18.5 dBFS | normalizer on, gain 1.420, gate -55.2 dBFS
2026-09-26 17:27:16.281 -04:00 [INF] [OpenFreqClient.Services.OpenFreqService] PTT start: Rain (fd8e3112-e083-4da8-be92-04d9f9642ebe) on 339.750 MHz, 3D
2026-09-26 17:27:16.299 -04:00 [INF] [OpenFreq.Common.RtpJitterBuffer] Transmission gap detected (18368ms RTP delta), resetting jitter measurement
2026-09-26 17:27:16.299 -04:00 [INF] [OpenFreq.Common.RtpJitterBufferPool] Pruned stale source SSRC=342907E0
2026-09-26 17:27:16.299 -04:00 [INF] [OpenFreq.Common.RtpAudioReceiver] Source expired: SSRC=342907E0
2026-09-26 17:27:16.338 -04:00 [INF] [OpenFreqClient.Services.OpenFreqService] RX 339.750 MHz from Rain (fd8e3112-e083-4da8-be92-04d9f9642ebe): -77.0 dBm, SNR 30.0 dB, FSPL 117.0 dB, terrain 0.0 dB, 49.5 km, tx 7139 m / rx 9147 m MSL
2026-09-26 17:27:16.826 -04:00 [INF] [OpenFreq.Common.RtpJitterBuffer] Late arrival (28ms past slot) — buffer 50→108ms
2026-09-26 17:27:16.968 -04:00 [WRN] [OpenFreqAudio.RadioPlayback] Stream fd8e3112-e083-4da8-be92-04d9f9642ebe:339750 on 339.750 MHz had no samples for 10.6 ms
2026-09-26 17:27:17.077 -04:00 [INF] [OpenFreqClient.Services.OpenFreqService] PTT end: Rain (fd8e3112-e083-4da8-be92-04d9f9642ebe) on 339.750 MHz, released
2026-09-26 17:27:22.548 -04:00 [INF] [OpenFreqClient.Services.OpenFreqService] PTT start: own radio on 280.500 MHz
2026-09-26 17:27:25.189 -04:00 [INF] [OpenFreqClient.Services.OpenFreqService] PTT end: own radio on 280.500 MHz
2026-09-26 17:27:25.190 -04:00 [INF] [OpenFreqClient.Services.OpenFreqService] TX level over 2640ms: mic peak -0.1 dBFS rms -22.4 dBFS | sent peak 0.0 dBFS rms -20.2 dBFS | normalizer on, gain 1.350, gate -45.8 dBFS
2026-09-26 17:27:26.375 -04:00 [INF] [OpenFreqClient.Services.OpenFreqService] PTT start: Alligator (2af88464-1ea8-4d04-80ba-d98d4f842617) on 280.500 MHz, 3D
2026-09-26 17:27:26.399 -04:00 [INF] [OpenFreq.Common.RtpJitterBuffer] Transmission gap detected (96437ms RTP delta), resetting jitter measurement
2026-09-26 17:27:26.437 -04:00 [INF] [OpenFreqClient.Services.OpenFreqService] RX 280.500 MHz from Alligator (2af88464-1ea8-4d04-80ba-d98d4f842617): -78.5 dBm, SNR 28.5 dB, FSPL 118.5 dB, terrain 0.0 dB, 71.5 km, tx 6158 m / rx 9147 m MSL
2026-09-26 17:27:26.526 -04:00 [WRN] [OpenFreqAudio.RadioPlayback] Stream 2af88464-1ea8-4d04-80ba-d98d4f842617:280500 on 280.500 MHz had no samples for 9.0 ms
2026-09-26 17:27:26.846 -04:00 [INF] [OpenFreqClient.Services.OpenFreqService] PTT end: Alligator (2af88464-1ea8-4d04-80ba-d98d4f842617) on 280.500 MHz, released
2026-09-26 17:27:27.112 -04:00 [INF] [OpenFreqClient.Services.OpenFreqService] PTT start: Alligator (2af88464-1ea8-4d04-80ba-d98d4f842617) on 280.500 MHz, 3D
2026-09-26 17:27:27.603 -04:00 [INF] [OpenFreqClient.Services.OpenFreqService] PTT end: Alligator (2af88464-1ea8-4d04-80ba-d98d4f842617) on 280.500 MHz, released
2026-09-26 17:27:35.088 -04:00 [INF] [OpenFreqClient.Services.OpenFreqService] PTT start: Alligator (2af88464-1ea8-4d04-80ba-d98d4f842617) on 280.500 MHz, 3D
2026-09-26 17:27:35.102 -04:00 [INF] [OpenFreq.Common.RtpJitterBuffer] Transmission gap detected (7510ms RTP delta), resetting jitter measurement
2026-09-26 17:27:35.147 -04:00 [INF] [OpenFreqClient.Services.OpenFreqService] RX 280.500 MHz from Alligator (2af88464-1ea8-4d04-80ba-d98d4f842617): -78.8 dBm, SNR 28.2 dB, FSPL 118.8 dB, terrain 0.0 dB, 73.9 km, tx 6158 m / rx 9147 m MSL
2026-09-26 17:27:36.290 -04:00 [INF] [OpenFreqClient.Services.OpenFreqService] PTT end: Alligator (2af88464-1ea8-4d04-80ba-d98d4f842617) on 280.500 MHz, released
2026-09-26 17:27:37.380 -04:00 [INF] [OpenFreqClient.Services.OpenFreqService] PTT start: own radio on 280.500 MHz
2026-09-26 17:27:38.220 -04:00 [INF] [OpenFreqClient.Services.OpenFreqService] PTT end: own radio on 280.500 MHz
2026-09-26 17:27:38.220 -04:00 [INF] [OpenFreqClient.Services.OpenFreqService] TX level over 830ms: mic peak -10.2 dBFS rms -32.2 dBFS | sent peak 0.0 dBFS rms -21.7 dBFS | normalizer on, gain 2.190, gate -50.9 dBFS
2026-09-26 17:27:47.235 -04:00 [INF] [OpenFreqAudio.RadioPlayback] Stream '2af88464-1ea8-4d04-80ba-d98d4f842617:339750' on 339.750 MHz
2026-09-26 17:27:56.286 -04:00 [INF] [OpenFreqAudio.RadioPlayback] Stream 'ee23d6e9-c508-4e2b-9961-9fd28e96aa1e:339750' on 339.750 MHz
2026-09-26 17:29:13.287 -04:00 [INF] [OpenFreqAudio.RadioPlayback] Stream 'd52d332f-8742-40f6-b985-35a908d32642:280500' on 280.500 MHz
2026-09-26 17:29:14.632 -04:00 [INF] [OpenFreqAudio.RadioPlayback] Stream 'd52d332f-8742-40f6-b985-35a908d32642:280500' on 280.500 MHz
2026-09-26 17:29:29.215 -04:00 [INF] [OpenFreqAudio.RadioPlayback] Stream '96d0aaf9-fc04-4ef3-8c64-f95b30259b59:339750' on 339.750 MHz
2026-09-26 17:29:52.662 -04:00 [INF] [OpenFreqClient.Services.OpenFreqService] PTT start: own radio on 280.500 MHz
2026-09-26 17:29:55.350 -04:00 [INF] [OpenFreqClient.Services.OpenFreqService] PTT end: own radio on 280.500 MHz
2026-09-26 17:29:55.353 -04:00 [INF] [OpenFreqClient.Services.OpenFreqService] TX level over 2690ms: mic peak -0.7 dBFS rms -20.8 dBFS | sent peak 0.0 dBFS rms -19.0 dBFS | normalizer on, gain 2.177, gate -49.6 dBFS
2026-09-26 17:29:59.623 -04:00 [INF] [OpenFreqClient.Services.OpenFreqService] PTT start: own radio on 339.750 MHz
2026-09-26 17:30:01.887 -04:00 [INF] [OpenFreqClient.Services.OpenFreqService] PTT end: own radio on 339.750 MHz
2026-09-26 17:30:01.893 -04:00 [INF] [OpenFreqClient.Services.OpenFreqService] TX level over 2270ms: mic peak -0.4 dBFS rms -21.6 dBFS | sent peak 0.0 dBFS rms -18.7 dBFS | normalizer on, gain 1.912, gate -48.1 dBFS
2026-09-26 17:30:02.956 -04:00 [INF] [OpenFreqClient.Services.OpenFreqService] PTT start: Rain (fd8e3112-e083-4da8-be92-04d9f9642ebe) on 339.750 MHz, 3D
2026-09-26 17:30:02.981 -04:00 [INF] [OpenFreq.Common.RtpJitterBuffer] Transmission gap detected (165898ms RTP delta), resetting jitter measurement
2026-09-26 17:30:02.981 -04:00 [INF] [OpenFreq.Common.RtpJitterBufferPool] Pruned stale source SSRC=0B91D305
2026-09-26 17:30:02.981 -04:00 [INF] [OpenFreq.Common.RtpAudioReceiver] Source expired: SSRC=0B91D305
2026-09-26 17:30:02.981 -04:00 [INF] [OpenFreq.Common.RtpJitterBufferPool] Pruned stale source SSRC=6B506D7F
2026-09-26 17:30:02.981 -04:00 [INF] [OpenFreq.Common.RtpAudioReceiver] Source expired: SSRC=6B506D7F
2026-09-26 17:30:03.065 -04:00 [INF] [OpenFreqClient.Services.OpenFreqService] RX 339.750 MHz from Rain (fd8e3112-e083-4da8-be92-04d9f9642ebe): -78.1 dBm, SNR 28.9 dB, FSPL 118.1 dB, terrain 0.0 dB, 56.1 km, tx 475 m / rx 9147 m MSL
2026-09-26 17:30:03.172 -04:00 [INF] [OpenFreqClient.Services.OpenFreqService] PTT end: Rain (fd8e3112-e083-4da8-be92-04d9f9642ebe) on 339.750 MHz, released
2026-09-26 17:30:04.027 -04:00 [INF] [OpenFreqClient.Services.OpenFreqService] PTT start: Woody (179a68da-a2bc-45c0-9d2b-9f0af5fa49ea) on 339.750 MHz, 3D
2026-09-26 17:30:04.060 -04:00 [INF] [OpenFreq.Common.RtpJitterBuffer] Transmission gap detected (184573ms RTP delta), resetting jitter measurement
2026-09-26 17:30:04.097 -04:00 [INF] [OpenFreqClient.Services.OpenFreqService] RX 339.750 MHz from Woody (179a68da-a2bc-45c0-9d2b-9f0af5fa49ea): -77.8 dBm, SNR 29.2 dB, FSPL 117.8 dB, terrain 0.0 dB, 54.4 km, tx 410 m / rx 9147 m MSL
2026-09-26 17:30:05.809 -04:00 [INF] [OpenFreqClient.Services.OpenFreqService] PTT end: Woody (179a68da-a2bc-45c0-9d2b-9f0af5fa49ea) on 339.750 MHz, released
2026-09-26 17:30:08.517 -04:00 [INF] [OpenFreqClient.ViewModels.SettingsViewModel] Game mode changed to Lobby
2026-09-26 17:30:08.518 -04:00 [INF] [OpenFreqAudio.RadioPlayback] Recording stopped
2026-09-26 17:30:30.569 -04:00 [INF] [OpenFreqClient.Services.OpenFreqService] PTT start: Wild (d52d332f-8742-40f6-b985-35a908d32642) on 280.500 MHz, 3D
2026-09-26 17:30:30.588 -04:00 [INF] [OpenFreq.Common.RtpJitterBufferPool] New RTP source: SSRC=4B5FD0E8
2026-09-26 17:30:30.588 -04:00 [INF] [OpenFreq.Common.RtpJitterBuffer] Manual buffer size: 150ms
2026-09-26 17:30:30.589 -04:00 [INF] [OpenFreq.Common.RtpAudioReceiver] Source joined:  SSRC=4B5FD0E8
2026-09-26 17:30:30.589 -04:00 [INF] [OpenFreq.Common.RtpJitterBuffer] Initialized: buffer=150ms
2026-09-26 17:30:33.803 -04:00 [INF] [OpenFreqClient.Services.OpenFreqService] PTT end: Wild (d52d332f-8742-40f6-b985-35a908d32642) on 280.500 MHz, released
2026-09-26 17:31:39.053 -04:00 [INF] [OpenFreqAudio.RadioPlayback] Stream '91c4c764-ac55-4b66-98e4-d070ed54be23:339750' on 339.750 MHz
2026-09-26 17:31:55.052 -04:00 [INF] [OpenFreqClient.Services.OpenFreqService] PTT start: Wild (d52d332f-8742-40f6-b985-35a908d32642) on 243.000 MHz, 3D
2026-09-26 17:31:55.062 -04:00 [INF] [OpenFreq.Common.RtpJitterBuffer] Transmission gap detected (81280ms RTP delta), resetting jitter measurement
2026-09-26 17:31:58.329 -04:00 [INF] [OpenFreqClient.Services.OpenFreqService] PTT end: Wild (d52d332f-8742-40f6-b985-35a908d32642) on 243.000 MHz, released
2026-09-26 17:31:58.939 -04:00 [INF] [OpenFreqClient.Services.OpenFreqService] PTT start: Wild (d52d332f-8742-40f6-b985-35a908d32642) on 243.000 MHz, 3D
2026-09-26 17:31:58.954 -04:00 [INF] [OpenFreq.Common.RtpJitterBuffer] Transmission gap detected (628ms RTP delta), resetting jitter measurement
2026-09-26 17:32:00.236 -04:00 [INF] [OpenFreqAudio.RadioPlayback] Stream '179a68da-a2bc-45c0-9d2b-9f0af5fa49ea:339750' on 339.750 MHz
2026-09-26 17:32:01.341 -04:00 [INF] [OpenFreqClient.Services.OpenFreqService] PTT end: Wild (d52d332f-8742-40f6-b985-35a908d32642) on 243.000 MHz, released
2026-09-26 17:32:01.748 -04:00 [INF] [OpenFreqAudio.RadioPlayback] Stream 'e406d0a0-64e6-4450-9ec0-300837b7b89a:339750' on 339.750 MHz
2026-09-26 17:32:09.248 -04:00 [INF] [OpenFreqAudio.RadioPlayback] Stream '9ac4a3e8-e935-4564-a9e9-54d417e10880:339750' on 339.750 MHz
2026-09-26 17:32:13.529 -04:00 [INF] [OpenFreqAudio.RadioPlayback] Stream 'cd4470e2-49f3-4b5d-9822-b17ed0c432a7:339750' on 339.750 MHz
2026-09-26 17:32:25.418 -04:00 [INF] [OpenFreqClient.Services.OpenFreqService] PTT start: Wild (d52d332f-8742-40f6-b985-35a908d32642) on 243.000 MHz, 3D
2026-09-26 17:32:25.433 -04:00 [INF] [OpenFreq.Common.RtpJitterBuffer] Transmission gap detected (24100ms RTP delta), resetting jitter measurement
2026-09-26 17:32:26.745 -04:00 [INF] [OpenFreqClient.Services.OpenFreqService] PTT end: Wild (d52d332f-8742-40f6-b985-35a908d32642) on 243.000 MHz, released
2026-09-26 17:32:43.326 -04:00 [INF] [OpenFreqAudio.RadioPlayback] Stream 'fd8e3112-e083-4da8-be92-04d9f9642ebe:339750' on 339.750 MHz
2026-09-26 17:33:09.418 -04:00 [INF] [OpenFreqAudio.RadioPlayback] Stream '3f69df0a-0474-4403-96f9-9167afaa52d9:339750' on 339.750 MHz
2026-09-26 17:34:07.698 -04:00 [INF] [OpenFreqClient.Services.OpenFreqService] PTT start: Wild (d52d332f-8742-40f6-b985-35a908d32642) on 243.000 MHz, 3D
2026-09-26 17:34:07.715 -04:00 [INF] [OpenFreq.Common.RtpJitterBuffer] Transmission gap detected (100978ms RTP delta), resetting jitter measurement
2026-09-26 17:34:07.715 -04:00 [INF] [OpenFreq.Common.RtpJitterBufferPool] Pruned stale source SSRC=4EE60C78
2026-09-26 17:34:07.715 -04:00 [INF] [OpenFreq.Common.RtpAudioReceiver] Source expired: SSRC=4EE60C78
2026-09-26 17:34:09.202 -04:00 [INF] [OpenFreqClient.Services.OpenFreqService] PTT end: Wild (d52d332f-8742-40f6-b985-35a908d32642) on 243.000 MHz, released
2026-09-26 17:35:22.546 -04:00 [INF] [OpenFreqClient.Services.OpenFreqService] PTT start: Wild (d52d332f-8742-40f6-b985-35a908d32642) on 243.000 MHz, 3D
2026-09-26 17:35:22.568 -04:00 [INF] [OpenFreq.Common.RtpJitterBuffer] Transmission gap detected (73366ms RTP delta), resetting jitter measurement
2026-09-26 17:35:22.568 -04:00 [INF] [OpenFreq.Common.RtpJitterBufferPool] Pruned stale source SSRC=5B9A0C43
2026-09-26 17:35:22.568 -04:00 [INF] [OpenFreq.Common.RtpAudioReceiver] Source expired: SSRC=5B9A0C43
2026-09-26 17:35:22.569 -04:00 [INF] [OpenFreq.Common.RtpJitterBufferPool] Pruned stale source SSRC=5B49E066
2026-09-26 17:35:22.569 -04:00 [INF] [OpenFreq.Common.RtpAudioReceiver] Source expired: SSRC=5B49E066
2026-09-26 17:35:23.838 -04:00 [INF] [OpenFreqClient.Services.OpenFreqService] PTT end: Wild (d52d332f-8742-40f6-b985-35a908d32642) on 243.000 MHz, released
2026-09-26 17:35:32.370 -04:00 [INF] [OpenFreqAudio.RadioPlayback] Stream 'f4461c8b-b37f-4d25-a4cb-5da5ffdcefdc:339750' on 339.750 MHz
2026-09-26 17:36:28.294 -04:00 [INF] [OpenFreqClient.Services.OpenFreqService] PTT start: Wild (d52d332f-8742-40f6-b985-35a908d32642) on 243.000 MHz, 3D
2026-09-26 17:36:28.306 -04:00 [INF] [OpenFreq.Common.RtpJitterBuffer] Transmission gap detected (64486ms RTP delta), resetting jitter measurement
2026-09-26 17:36:31.222 -04:00 [INF] [OpenFreqClient.Services.OpenFreqService] PTT end: Wild (d52d332f-8742-40f6-b985-35a908d32642) on 243.000 MHz, released
2026-09-26 17:37:40.420 -04:00 [INF] [OpenFreqAudio.RadioPlayback] Stream '2af88464-1ea8-4d04-80ba-d98d4f842617:339750' on 339.750 MHz
2026-09-26 17:37:41.209 -04:00 [INF] [OpenFreqClient.Services.OpenFreqService] PTT start: Wild (d52d332f-8742-40f6-b985-35a908d32642) on 243.000 MHz, 3D
2026-09-26 17:37:41.232 -04:00 [INF] [OpenFreq.Common.RtpJitterBuffer] Transmission gap detected (70012ms RTP delta), resetting jitter measurement
2026-09-26 17:37:43.232 -04:00 [INF] [OpenFreq.Common.RtpJitterBuffer] Late arrival (17ms past slot) — buffer 36→83ms
2026-09-26 17:37:43.914 -04:00 [INF] [OpenFreqClient.Services.OpenFreqService] PTT end: Wild (d52d332f-8742-40f6-b985-35a908d32642) on 243.000 MHz, released
2026-09-26 17:38:25.376 -04:00 [INF] [OpenFreqClient.Services.OpenFreqService] PTT start: Wild (d52d332f-8742-40f6-b985-35a908d32642) on 243.000 MHz, 3D
2026-09-26 17:38:25.418 -04:00 [INF] [OpenFreq.Common.RtpJitterBuffer] Transmission gap detected (41484ms RTP delta), resetting jitter measurement
2026-09-26 17:38:26.941 -04:00 [INF] [OpenFreqClient.Services.OpenFreqService] PTT end: Wild (d52d332f-8742-40f6-b985-35a908d32642) on 243.000 MHz, released
2026-09-26 17:38:44.287 -04:00 [INF] [OpenFreqAudio.RadioPlayback] Stream 'd52d332f-8742-40f6-b985-35a908d32642:339750' on 339.750 MHz
2026-09-26 17:40:04.695 -04:00 [INF] [OpenFreqAudio.RadioPlayback] Stream 'fc74b220-b0a9-42b3-a47d-1c86e24c2b57:339750' on 339.750 MHz
2026-09-26 17:40:11.224 -04:00 [INF] [OpenFreqAudio.RadioPlayback] Stream '38562a9e-c5a7-4d8e-8e84-ac5f77661794:339750' on 339.750 MHz
2026-09-26 17:42:28.587 -04:00 [INF] [OpenFreqAudio.RadioPlayback] Stream 'ee23d6e9-c508-4e2b-9961-9fd28e96aa1e:339750' on 339.750 MHz
2026-09-26 17:43:36.052 -04:00 [WRN] [OpenFreq.Services.Acmi.AcmiClientService] Connection closed by server (received null line)
2026-09-26 17:43:36.052 -04:00 [INF] [OpenFreq.Services.Acmi.AcmiClientService] Stream ended: 4311070 lines processed, all valid
2026-09-26 17:43:36.052 -04:00 [INF] [OpenFreq.Services.Acmi.AcmiClientService] ACMI status: "Connected" -> "Disconnected"
2026-09-26 17:43:36.052 -04:00 [INF] [OpenFreq.Services.Acmi.AcmiClientService] ACMI status: "Disconnected" -> "Connecting"
2026-09-26 17:43:36.052 -04:00 [INF] [OpenFreq.Services.Acmi.AcmiClientService] Connecting to 100.30.236.80:42674
2026-09-26 17:43:38.243 -04:00 [ERR] [OpenFreq.Services.Acmi.AcmiClientService] Connection error
System.Net.Sockets.SocketException (10061): No connection could be made because the target machine actively refused it.
   at System.Net.Sockets.Socket.AwaitableSocketAsyncEventArgs.ThrowException(SocketError error, CancellationToken cancellationToken)
   at System.Net.Sockets.Socket.AwaitableSocketAsyncEventArgs.System.Threading.Tasks.Sources.IValueTaskSource.GetResult(Int16 token)
   at System.Net.Sockets.TcpClient.CompleteConnectAsync(ValueTask task)
   at OpenFreq.Services.Acmi.AcmiClientService.ConnectionLoopAsync(CancellationToken cancellationToken)
2026-09-26 17:43:38.243 -04:00 [INF] [OpenFreq.Services.Acmi.AcmiClientService] ACMI status: "Connecting" -> "Failed"
2026-09-26 17:43:43.244 -04:00 [INF] [OpenFreq.Services.Acmi.AcmiClientService] ACMI status: "Failed" -> "Connecting"
2026-09-26 17:43:43.244 -04:00 [INF] [OpenFreq.Services.Acmi.AcmiClientService] Connecting to 100.30.236.80:42674
2026-09-26 17:43:45.423 -04:00 [ERR] [OpenFreq.Services.Acmi.AcmiClientService] Connection error
System.Net.Sockets.SocketException (10061): No connection could be made because the target machine actively refused it.
   at System.Net.Sockets.Socket.AwaitableSocketAsyncEventArgs.ThrowException(SocketError error, CancellationToken cancellationToken)
   at System.Net.Sockets.Socket.AwaitableSocketAsyncEventArgs.System.Threading.Tasks.Sources.IValueTaskSource.GetResult(Int16 token)
   at System.Net.Sockets.TcpClient.CompleteConnectAsync(ValueTask task)
   at OpenFreq.Services.Acmi.AcmiClientService.ConnectionLoopAsync(CancellationToken cancellationToken)
2026-09-26 17:43:45.423 -04:00 [INF] [OpenFreq.Services.Acmi.AcmiClientService] ACMI status: "Connecting" -> "Failed"
2026-09-26 17:43:50.423 -04:00 [INF] [OpenFreq.Services.Acmi.AcmiClientService] ACMI status: "Failed" -> "Connecting"
2026-09-26 17:43:50.423 -04:00 [INF] [OpenFreq.Services.Acmi.AcmiClientService] Connecting to 100.30.236.80:42674
2026-09-26 17:43:52.605 -04:00 [ERR] [OpenFreq.Services.Acmi.AcmiClientService] Connection error
System.Net.Sockets.SocketException (10061): No connection could be made because the target machine actively refused it.
   at System.Net.Sockets.Socket.AwaitableSocketAsyncEventArgs.ThrowException(SocketError error, CancellationToken cancellationToken)
   at System.Net.Sockets.Socket.AwaitableSocketAsyncEventArgs.System.Threading.Tasks.Sources.IValueTaskSource.GetResult(Int16 token)
   at System.Net.Sockets.TcpClient.CompleteConnectAsync(ValueTask task)
   at OpenFreq.Services.Acmi.AcmiClientService.ConnectionLoopAsync(CancellationToken cancellationToken)
2026-09-26 17:43:52.605 -04:00 [INF] [OpenFreq.Services.Acmi.AcmiClientService] ACMI status: "Connecting" -> "Failed"
2026-09-26 17:43:57.604 -04:00 [INF] [OpenFreq.Services.Acmi.AcmiClientService] ACMI status: "Failed" -> "Connecting"
2026-09-26 17:43:57.605 -04:00 [INF] [OpenFreq.Services.Acmi.AcmiClientService] Connecting to 100.30.236.80:42674
2026-09-26 17:43:59.780 -04:00 [ERR] [OpenFreq.Services.Acmi.AcmiClientService] Connection error
System.Net.Sockets.SocketException (10061): No connection could be made because the target machine actively refused it.
   at System.Net.Sockets.Socket.AwaitableSocketAsyncEventArgs.ThrowException(SocketError error, CancellationToken cancellationToken)
   at System.Net.Sockets.Socket.AwaitableSocketAsyncEventArgs.System.Threading.Tasks.Sources.IValueTaskSource.GetResult(Int16 token)
   at System.Net.Sockets.TcpClient.CompleteConnectAsync(ValueTask task)
   at OpenFreq.Services.Acmi.AcmiClientService.ConnectionLoopAsync(CancellationToken cancellationToken)
2026-09-26 17:43:59.780 -04:00 [INF] [OpenFreq.Services.Acmi.AcmiClientService] ACMI status: "Connecting" -> "Failed"
2026-09-26 17:44:04.781 -04:00 [INF] [OpenFreq.Services.Acmi.AcmiClientService] ACMI status: "Failed" -> "Connecting"
2026-09-26 17:44:04.781 -04:00 [INF] [OpenFreq.Services.Acmi.AcmiClientService] Connecting to 100.30.236.80:42674
2026-09-26 17:44:06.954 -04:00 [ERR] [OpenFreq.Services.Acmi.AcmiClientService] Connection error
System.Net.Sockets.SocketException (10061): No connection could be made because the target machine actively refused it.
   at System.Net.Sockets.Socket.AwaitableSocketAsyncEventArgs.ThrowException(SocketError error, CancellationToken cancellationToken)
   at System.Net.Sockets.Socket.AwaitableSocketAsyncEventArgs.System.Threading.Tasks.Sources.IValueTaskSource.GetResult(Int16 token)
   at System.Net.Sockets.TcpClient.CompleteConnectAsync(ValueTask task)
   at OpenFreq.Services.Acmi.AcmiClientService.ConnectionLoopAsync(CancellationToken cancellationToken)
2026-09-26 17:44:06.954 -04:00 [INF] [OpenFreq.Services.Acmi.AcmiClientService] ACMI status: "Connecting" -> "Failed"
2026-09-26 17:44:11.953 -04:00 [INF] [OpenFreq.Services.Acmi.AcmiClientService] ACMI status: "Failed" -> "Connecting"
2026-09-26 17:44:11.953 -04:00 [INF] [OpenFreq.Services.Acmi.AcmiClientService] Connecting to 100.30.236.80:42674
2026-09-26 17:44:14.131 -04:00 [ERR] [OpenFreq.Services.Acmi.AcmiClientService] Connection error
System.Net.Sockets.SocketException (10061): No connection could be made because the target machine actively refused it.
   at System.Net.Sockets.Socket.AwaitableSocketAsyncEventArgs.ThrowException(SocketError error, CancellationToken cancellationToken)
   at System.Net.Sockets.Socket.AwaitableSocketAsyncEventArgs.System.Threading.Tasks.Sources.IValueTaskSource.GetResult(Int16 token)
   at System.Net.Sockets.TcpClient.CompleteConnectAsync(ValueTask task)
   at OpenFreq.Services.Acmi.AcmiClientService.ConnectionLoopAsync(CancellationToken cancellationToken)
2026-09-26 17:44:14.132 -04:00 [INF] [OpenFreq.Services.Acmi.AcmiClientService] ACMI status: "Connecting" -> "Failed"
2026-09-26 17:44:19.132 -04:00 [INF] [OpenFreq.Services.Acmi.AcmiClientService] ACMI status: "Failed" -> "Connecting"
2026-09-26 17:44:19.132 -04:00 [INF] [OpenFreq.Services.Acmi.AcmiClientService] Connecting to 100.30.236.80:42674
2026-09-26 17:44:21.306 -04:00 [ERR] [OpenFreq.Services.Acmi.AcmiClientService] Connection error
System.Net.Sockets.SocketException (10061): No connection could be made because the target machine actively refused it.
   at System.Net.Sockets.Socket.AwaitableSocketAsyncEventArgs.ThrowException(SocketError error, CancellationToken cancellationToken)
   at System.Net.Sockets.Socket.AwaitableSocketAsyncEventArgs.System.Threading.Tasks.Sources.IValueTaskSource.GetResult(Int16 token)
   at System.Net.Sockets.TcpClient.CompleteConnectAsync(ValueTask task)
   at OpenFreq.Services.Acmi.AcmiClientService.ConnectionLoopAsync(CancellationToken cancellationToken)
2026-09-26 17:44:21.306 -04:00 [INF] [OpenFreq.Services.Acmi.AcmiClientService] ACMI status: "Connecting" -> "Failed"
2026-09-26 17:44:26.306 -04:00 [INF] [OpenFreq.Services.Acmi.AcmiClientService] ACMI status: "Failed" -> "Connecting"
2026-09-26 17:44:26.306 -04:00 [INF] [OpenFreq.Services.Acmi.AcmiClientService] Connecting to 100.30.236.80:42674
2026-09-26 17:44:28.488 -04:00 [ERR] [OpenFreq.Services.Acmi.AcmiClientService] Connection error
System.Net.Sockets.SocketException (10061): No connection could be made because the target machine actively refused it.
   at System.Net.Sockets.Socket.AwaitableSocketAsyncEventArgs.ThrowException(SocketError error, CancellationToken cancellationToken)
   at System.Net.Sockets.Socket.AwaitableSocketAsyncEventArgs.System.Threading.Tasks.Sources.IValueTaskSource.GetResult(Int16 token)
   at System.Net.Sockets.TcpClient.CompleteConnectAsync(ValueTask task)
   at OpenFreq.Services.Acmi.AcmiClientService.ConnectionLoopAsync(CancellationToken cancellationToken)
2026-09-26 17:44:28.488 -04:00 [INF] [OpenFreq.Services.Acmi.AcmiClientService] ACMI status: "Connecting" -> "Failed"
2026-09-26 17:44:33.488 -04:00 [INF] [OpenFreq.Services.Acmi.AcmiClientService] ACMI status: "Failed" -> "Connecting"
2026-09-26 17:44:33.488 -04:00 [INF] [OpenFreq.Services.Acmi.AcmiClientService] Connecting to 100.30.236.80:42674
2026-09-26 17:44:35.672 -04:00 [ERR] [OpenFreq.Services.Acmi.AcmiClientService] Connection error
System.Net.Sockets.SocketException (10061): No connection could be made because the target machine actively refused it.
   at System.Net.Sockets.Socket.AwaitableSocketAsyncEventArgs.ThrowException(SocketError error, CancellationToken cancellationToken)
   at System.Net.Sockets.Socket.AwaitableSocketAsyncEventArgs.System.Threading.Tasks.Sources.IValueTaskSource.GetResult(Int16 token)
   at System.Net.Sockets.TcpClient.CompleteConnectAsync(ValueTask task)
   at OpenFreq.Services.Acmi.AcmiClientService.ConnectionLoopAsync(CancellationToken cancellationToken)
2026-09-26 17:44:35.672 -04:00 [INF] [OpenFreq.Services.Acmi.AcmiClientService] ACMI status: "Connecting" -> "Failed"
2026-09-26 17:44:40.671 -04:00 [INF] [OpenFreq.Services.Acmi.AcmiClientService] ACMI status: "Failed" -> "Connecting"
2026-09-26 17:44:40.672 -04:00 [INF] [OpenFreq.Services.Acmi.AcmiClientService] Connecting to 100.30.236.80:42674
2026-09-26 17:44:42.860 -04:00 [ERR] [OpenFreq.Services.Acmi.AcmiClientService] Connection error
System.Net.Sockets.SocketException (10061): No connection could be made because the target machine actively refused it.
   at System.Net.Sockets.Socket.AwaitableSocketAsyncEventArgs.ThrowException(SocketError error, CancellationToken cancellationToken)
   at System.Net.Sockets.Socket.AwaitableSocketAsyncEventArgs.System.Threading.Tasks.Sources.IValueTaskSource.GetResult(Int16 token)
   at System.Net.Sockets.TcpClient.CompleteConnectAsync(ValueTask task)
   at OpenFreq.Services.Acmi.AcmiClientService.ConnectionLoopAsync(CancellationToken cancellationToken)
2026-09-26 17:44:42.861 -04:00 [INF] [OpenFreq.Services.Acmi.AcmiClientService] ACMI status: "Connecting" -> "Failed"
2026-09-26 17:44:47.861 -04:00 [INF] [OpenFreq.Services.Acmi.AcmiClientService] ACMI status: "Failed" -> "Connecting"
2026-09-26 17:44:47.861 -04:00 [INF] [OpenFreq.Services.Acmi.AcmiClientService] Connecting to 100.30.236.80:42674
2026-09-26 17:44:50.024 -04:00 [ERR] [OpenFreq.Services.Acmi.AcmiClientService] Connection error
System.Net.Sockets.SocketException (10061): No connection could be made because the target machine actively refused it.
   at System.Net.Sockets.Socket.AwaitableSocketAsyncEventArgs.ThrowException(SocketError error, CancellationToken cancellationToken)
   at System.Net.Sockets.Socket.AwaitableSocketAsyncEventArgs.System.Threading.Tasks.Sources.IValueTaskSource.GetResult(Int16 token)
   at System.Net.Sockets.TcpClient.CompleteConnectAsync(ValueTask task)
   at OpenFreq.Services.Acmi.AcmiClientService.ConnectionLoopAsync(CancellationToken cancellationToken)
2026-09-26 17:44:50.024 -04:00 [INF] [OpenFreq.Services.Acmi.AcmiClientService] ACMI status: "Connecting" -> "Failed"
2026-09-26 17:44:55.024 -04:00 [INF] [OpenFreq.Services.Acmi.AcmiClientService] ACMI status: "Failed" -> "Connecting"
2026-09-26 17:44:55.024 -04:00 [INF] [OpenFreq.Services.Acmi.AcmiClientService] Connecting to 100.30.236.80:42674
2026-09-26 17:44:56.661 -04:00 [INF] [OpenFreq.Common.RtpAudioSender] Disposed. Sent 24690 packets over 4905.8s (5.0 pps)
2026-09-26 17:44:56.661 -04:00 [INF] [OpenFreq.Common.RtpAudioReceiver] Receive loop stopped
2026-09-26 17:44:56.661 -04:00 [INF] [OpenFreq.Common.RtpAudioReceiver] === RTP Receiver Statistics ===
2026-09-26 17:44:56.661 -04:00 [INF] [OpenFreq.Common.RtpAudioReceiver]   Packets received: 1009
2026-09-26 17:44:56.661 -04:00 [INF] [OpenFreq.Common.RtpAudioReceiver]   Packets lost: 1 (0.10%)
2026-09-26 17:44:56.661 -04:00 [INF] [OpenFreq.Common.RtpAudioReceiver]   Packets late: 1
2026-09-26 17:44:56.661 -04:00 [INF] [OpenFreq.Common.RtpAudioReceiver]   Packets duplicate: 0
2026-09-26 17:44:56.661 -04:00 [INF] [OpenFreq.Common.RtpAudioReceiver]   Packets played: 1008
2026-09-26 17:44:56.661 -04:00 [INF] [OpenFreq.Common.RtpAudioReceiver]   Loss Recovery:
2026-09-26 17:44:56.662 -04:00 [INF] [OpenFreq.Common.RtpAudioReceiver]     Concealment runs rescued: 1
2026-09-26 17:44:56.662 -04:00 [INF] [OpenFreq.Common.RtpAudioReceiver]       needed 1 blind frame(s): 1 — a blind cap of 0 loses these
2026-09-26 17:44:56.662 -04:00 [INF] [OpenFreq.Common.RtpAudioReceiver]       needed 2 blind frame(s): 0 — a blind cap of 1 loses these
2026-09-26 17:44:56.662 -04:00 [INF] [OpenFreq.Common.RtpAudioReceiver]       needed 3 blind frame(s): 0 — a blind cap of 2 loses these
2026-09-26 17:44:56.662 -04:00 [INF] [OpenFreq.Common.RtpAudioReceiver]   Measured jitter: 1.4ms (avg)
2026-09-26 17:44:56.662 -04:00 [INF] [OpenFreq.Common.RtpAudioReceiver]   Buffer size: 46ms (avg, adaptive)
2026-09-26 17:44:56.662 -04:00 [INF] [OpenFreq.Common.RtpAudioReceiver]   Currently buffered: 0 packets
2026-09-26 17:44:56.663 -04:00 [INF] [OpenFreq.Common.RtpAudioReceiver]   SSRC=4B5FD0E8: rx=1009 lost=1 (0.1%) jitter=1.4ms buffer=46ms buffered=0
2026-09-26 17:44:56.663 -04:00 [INF] [OpenFreq.Common.RtpAudioReceiver] ================================
2026-09-26 17:44:56.663 -04:00 [INF] [OpenFreq.Common.RtpAudioReceiver] Disposed
2026-09-26 17:44:56.672 -04:00 [ERR] [OpenFreqClient.ViewModels.MainWindowViewModel] Lost connection to server
2026-09-26 17:44:57.218 -04:00 [ERR] [OpenFreq.Services.Acmi.AcmiClientService] Connection error
System.Net.Sockets.SocketException (10061): No connection could be made because the target machine actively refused it.
   at System.Net.Sockets.Socket.AwaitableSocketAsyncEventArgs.ThrowException(SocketError error, CancellationToken cancellationToken)
   at System.Net.Sockets.Socket.AwaitableSocketAsyncEventArgs.System.Threading.Tasks.Sources.IValueTaskSource.GetResult(Int16 token)
   at System.Net.Sockets.TcpClient.CompleteConnectAsync(ValueTask task)
   at OpenFreq.Services.Acmi.AcmiClientService.ConnectionLoopAsync(CancellationToken cancellationToken)
2026-09-26 17:44:57.219 -04:00 [INF] [OpenFreq.Services.Acmi.AcmiClientService] ACMI status: "Connecting" -> "Failed"
2026-09-26 17:45:02.218 -04:00 [INF] [OpenFreq.Services.Acmi.AcmiClientService] ACMI status: "Failed" -> "Connecting"
2026-09-26 17:45:02.218 -04:00 [INF] [OpenFreq.Services.Acmi.AcmiClientService] Connecting to 100.30.236.80:42674
2026-09-26 17:45:04.395 -04:00 [ERR] [OpenFreq.Services.Acmi.AcmiClientService] Connection error
System.Net.Sockets.SocketException (10061): No connection could be made because the target machine actively refused it.
   at System.Net.Sockets.Socket.AwaitableSocketAsyncEventArgs.ThrowException(SocketError error, CancellationToken cancellationToken)
   at System.Net.Sockets.Socket.AwaitableSocketAsyncEventArgs.System.Threading.Tasks.Sources.IValueTaskSource.GetResult(Int16 token)
   at System.Net.Sockets.TcpClient.CompleteConnectAsync(ValueTask task)
   at OpenFreq.Services.Acmi.AcmiClientService.ConnectionLoopAsync(CancellationToken cancellationToken)
2026-09-26 17:45:04.395 -04:00 [INF] [OpenFreq.Services.Acmi.AcmiClientService] ACMI status: "Connecting" -> "Failed"
2026-09-26 17:45:09.395 -04:00 [INF] [OpenFreq.Services.Acmi.AcmiClientService] ACMI status: "Failed" -> "Connecting"
2026-09-26 17:45:09.395 -04:00 [INF] [OpenFreq.Services.Acmi.AcmiClientService] Connecting to 100.30.236.80:42674
2026-09-26 17:45:11.583 -04:00 [ERR] [OpenFreq.Services.Acmi.AcmiClientService] Connection error
System.Net.Sockets.SocketException (10061): No connection could be made because the target machine actively refused it.
   at System.Net.Sockets.Socket.AwaitableSocketAsyncEventArgs.ThrowException(SocketError error, CancellationToken cancellationToken)
   at System.Net.Sockets.Socket.AwaitableSocketAsyncEventArgs.System.Threading.Tasks.Sources.IValueTaskSource.GetResult(Int16 token)
   at System.Net.Sockets.TcpClient.CompleteConnectAsync(ValueTask task)
   at OpenFreq.Services.Acmi.AcmiClientService.ConnectionLoopAsync(CancellationToken cancellationToken)
2026-09-26 17:45:11.584 -04:00 [INF] [OpenFreq.Services.Acmi.AcmiClientService] ACMI status: "Connecting" -> "Failed"
2026-09-26 17:45:16.583 -04:00 [INF] [OpenFreq.Services.Acmi.AcmiClientService] ACMI status: "Failed" -> "Connecting"
2026-09-26 17:45:16.583 -04:00 [INF] [OpenFreq.Services.Acmi.AcmiClientService] Connecting to 100.30.236.80:42674
2026-09-26 17:45:18.763 -04:00 [ERR] [OpenFreq.Services.Acmi.AcmiClientService] Connection error
System.Net.Sockets.SocketException (10061): No connection could be made because the target machine actively refused it.
   at System.Net.Sockets.Socket.AwaitableSocketAsyncEventArgs.ThrowException(SocketError error, CancellationToken cancellationToken)
   at System.Net.Sockets.Socket.AwaitableSocketAsyncEventArgs.System.Threading.Tasks.Sources.IValueTaskSource.GetResult(Int16 token)
   at System.Net.Sockets.TcpClient.CompleteConnectAsync(ValueTask task)
   at OpenFreq.Services.Acmi.AcmiClientService.ConnectionLoopAsync(CancellationToken cancellationToken)
2026-09-26 17:45:18.763 -04:00 [INF] [OpenFreq.Services.Acmi.AcmiClientService] ACMI status: "Connecting" -> "Failed"
2026-09-26 17:45:23.763 -04:00 [INF] [OpenFreq.Services.Acmi.AcmiClientService] ACMI status: "Failed" -> "Connecting"
2026-09-26 17:45:23.763 -04:00 [INF] [OpenFreq.Services.Acmi.AcmiClientService] Connecting to 100.30.236.80:42674
2026-09-26 17:45:25.943 -04:00 [ERR] [OpenFreq.Services.Acmi.AcmiClientService] Connection error
System.Net.Sockets.SocketException (10061): No connection could be made because the target machine actively refused it.
   at System.Net.Sockets.Socket.AwaitableSocketAsyncEventArgs.ThrowException(SocketError error, CancellationToken cancellationToken)
   at System.Net.Sockets.Socket.AwaitableSocketAsyncEventArgs.System.Threading.Tasks.Sources.IValueTaskSource.GetResult(Int16 token)
   at System.Net.Sockets.TcpClient.CompleteConnectAsync(ValueTask task)
   at OpenFreq.Services.Acmi.AcmiClientService.ConnectionLoopAsync(CancellationToken cancellationToken)
2026-09-26 17:45:25.943 -04:00 [INF] [OpenFreq.Services.Acmi.AcmiClientService] ACMI status: "Connecting" -> "Failed"
2026-09-26 17:45:30.943 -04:00 [INF] [OpenFreq.Services.Acmi.AcmiClientService] ACMI status: "Failed" -> "Connecting"
2026-09-26 17:45:30.943 -04:00 [INF] [OpenFreq.Services.Acmi.AcmiClientService] Connecting to 100.30.236.80:42674
2026-09-26 17:45:33.129 -04:00 [ERR] [OpenFreq.Services.Acmi.AcmiClientService] Connection error
System.Net.Sockets.SocketException (10061): No connection could be made because the target machine actively refused it.
   at System.Net.Sockets.Socket.AwaitableSocketAsyncEventArgs.ThrowException(SocketError error, CancellationToken cancellationToken)
   at System.Net.Sockets.Socket.AwaitableSocketAsyncEventArgs.System.Threading.Tasks.Sources.IValueTaskSource.GetResult(Int16 token)
   at System.Net.Sockets.TcpClient.CompleteConnectAsync(ValueTask task)
   at OpenFreq.Services.Acmi.AcmiClientService.ConnectionLoopAsync(CancellationToken cancellationToken)
2026-09-26 17:45:33.129 -04:00 [INF] [OpenFreq.Services.Acmi.AcmiClientService] ACMI status: "Connecting" -> "Failed"
2026-09-26 17:45:38.130 -04:00 [INF] [OpenFreq.Services.Acmi.AcmiClientService] ACMI status: "Failed" -> "Connecting"
2026-09-26 17:45:38.130 -04:00 [INF] [OpenFreq.Services.Acmi.AcmiClientService] Connecting to 100.30.236.80:42674
2026-09-26 17:45:40.302 -04:00 [ERR] [OpenFreq.Services.Acmi.AcmiClientService] Connection error
System.Net.Sockets.SocketException (10061): No connection could be made because the target machine actively refused it.
   at System.Net.Sockets.Socket.AwaitableSocketAsyncEventArgs.ThrowException(SocketError error, CancellationToken cancellationToken)
   at System.Net.Sockets.Socket.AwaitableSocketAsyncEventArgs.System.Threading.Tasks.Sources.IValueTaskSource.GetResult(Int16 token)
   at System.Net.Sockets.TcpClient.CompleteConnectAsync(ValueTask task)
   at OpenFreq.Services.Acmi.AcmiClientService.ConnectionLoopAsync(CancellationToken cancellationToken)
2026-09-26 17:45:40.302 -04:00 [INF] [OpenFreq.Services.Acmi.AcmiClientService] ACMI status: "Connecting" -> "Failed"
2026-09-26 17:45:45.302 -04:00 [INF] [OpenFreq.Services.Acmi.AcmiClientService] ACMI status: "Failed" -> "Connecting"
2026-09-26 17:45:45.302 -04:00 [INF] [OpenFreq.Services.Acmi.AcmiClientService] Connecting to 100.30.236.80:42674
2026-09-26 17:45:47.474 -04:00 [ERR] [OpenFreq.Services.Acmi.AcmiClientService] Connection error
System.Net.Sockets.SocketException (10061): No connection could be made because the target machine actively refused it.
   at System.Net.Sockets.Socket.AwaitableSocketAsyncEventArgs.ThrowException(SocketError error, CancellationToken cancellationToken)
   at System.Net.Sockets.Socket.AwaitableSocketAsyncEventArgs.System.Threading.Tasks.Sources.IValueTaskSource.GetResult(Int16 token)
   at System.Net.Sockets.TcpClient.CompleteConnectAsync(ValueTask task)
   at OpenFreq.Services.Acmi.AcmiClientService.ConnectionLoopAsync(CancellationToken cancellationToken)
2026-09-26 17:45:47.474 -04:00 [INF] [OpenFreq.Services.Acmi.AcmiClientService] ACMI status: "Connecting" -> "Failed"
2026-09-26 17:45:52.474 -04:00 [INF] [OpenFreq.Services.Acmi.AcmiClientService] ACMI status: "Failed" -> "Connecting"
2026-09-26 17:45:52.474 -04:00 [INF] [OpenFreq.Services.Acmi.AcmiClientService] Connecting to 100.30.236.80:42674
2026-09-26 17:45:54.648 -04:00 [ERR] [OpenFreq.Services.Acmi.AcmiClientService] Connection error
System.Net.Sockets.SocketException (10061): No connection could be made because the target machine actively refused it.
   at System.Net.Sockets.Socket.AwaitableSocketAsyncEventArgs.ThrowException(SocketError error, CancellationToken cancellationToken)
   at System.Net.Sockets.Socket.AwaitableSocketAsyncEventArgs.System.Threading.Tasks.Sources.IValueTaskSource.GetResult(Int16 token)
   at System.Net.Sockets.TcpClient.CompleteConnectAsync(ValueTask task)
   at OpenFreq.Services.Acmi.AcmiClientService.ConnectionLoopAsync(CancellationToken cancellationToken)
2026-09-26 17:45:54.649 -04:00 [INF] [OpenFreq.Services.Acmi.AcmiClientService] ACMI status: "Connecting" -> "Failed"
2026-09-26 17:45:59.649 -04:00 [INF] [OpenFreq.Services.Acmi.AcmiClientService] ACMI status: "Failed" -> "Connecting"
2026-09-26 17:45:59.649 -04:00 [INF] [OpenFreq.Services.Acmi.AcmiClientService] Connecting to 100.30.236.80:42674
2026-09-26 17:46:01.822 -04:00 [ERR] [OpenFreq.Services.Acmi.AcmiClientService] Connection error
System.Net.Sockets.SocketException (10061): No connection could be made because the target machine actively refused it.
   at System.Net.Sockets.Socket.AwaitableSocketAsyncEventArgs.ThrowException(SocketError error, CancellationToken cancellationToken)
   at System.Net.Sockets.Socket.AwaitableSocketAsyncEventArgs.System.Threading.Tasks.Sources.IValueTaskSource.GetResult(Int16 token)
   at System.Net.Sockets.TcpClient.CompleteConnectAsync(ValueTask task)
   at OpenFreq.Services.Acmi.AcmiClientService.ConnectionLoopAsync(CancellationToken cancellationToken)
2026-09-26 17:46:01.823 -04:00 [INF] [OpenFreq.Services.Acmi.AcmiClientService] ACMI status: "Connecting" -> "Failed"
2026-09-26 17:46:06.822 -04:00 [INF] [OpenFreq.Services.Acmi.AcmiClientService] ACMI status: "Failed" -> "Connecting"
2026-09-26 17:46:06.822 -04:00 [INF] [OpenFreq.Services.Acmi.AcmiClientService] Connecting to 100.30.236.80:42674
2026-09-26 17:46:08.996 -04:00 [ERR] [OpenFreq.Services.Acmi.AcmiClientService] Connection error
System.Net.Sockets.SocketException (10061): No connection could be made because the target machine actively refused it.
   at System.Net.Sockets.Socket.AwaitableSocketAsyncEventArgs.ThrowException(SocketError error, CancellationToken cancellationToken)
   at System.Net.Sockets.Socket.AwaitableSocketAsyncEventArgs.System.Threading.Tasks.Sources.IValueTaskSource.GetResult(Int16 token)
   at System.Net.Sockets.TcpClient.CompleteConnectAsync(ValueTask task)
   at OpenFreq.Services.Acmi.AcmiClientService.ConnectionLoopAsync(CancellationToken cancellationToken)
2026-09-26 17:46:08.996 -04:00 [INF] [OpenFreq.Services.Acmi.AcmiClientService] ACMI status: "Connecting" -> "Failed"
2026-09-26 17:46:13.996 -04:00 [INF] [OpenFreq.Services.Acmi.AcmiClientService] ACMI status: "Failed" -> "Connecting"
2026-09-26 17:46:13.997 -04:00 [INF] [OpenFreq.Services.Acmi.AcmiClientService] Connecting to 100.30.236.80:42674
2026-09-26 17:46:16.170 -04:00 [ERR] [OpenFreq.Services.Acmi.AcmiClientService] Connection error
System.Net.Sockets.SocketException (10061): No connection could be made because the target machine actively refused it.
   at System.Net.Sockets.Socket.AwaitableSocketAsyncEventArgs.ThrowException(SocketError error, CancellationToken cancellationToken)
   at System.Net.Sockets.Socket.AwaitableSocketAsyncEventArgs.System.Threading.Tasks.Sources.IValueTaskSource.GetResult(Int16 token)
   at System.Net.Sockets.TcpClient.CompleteConnectAsync(ValueTask task)
   at OpenFreq.Services.Acmi.AcmiClientService.ConnectionLoopAsync(CancellationToken cancellationToken)
2026-09-26 17:46:16.171 -04:00 [INF] [OpenFreq.Services.Acmi.AcmiClientService] ACMI status: "Connecting" -> "Failed"
2026-09-26 17:46:21.170 -04:00 [INF] [OpenFreq.Services.Acmi.AcmiClientService] ACMI status: "Failed" -> "Connecting"
2026-09-26 17:46:21.170 -04:00 [INF] [OpenFreq.Services.Acmi.AcmiClientService] Connecting to 100.30.236.80:42674
2026-09-26 17:46:23.337 -04:00 [ERR] [OpenFreq.Services.Acmi.AcmiClientService] Connection error
System.Net.Sockets.SocketException (10061): No connection could be made because the target machine actively refused it.
   at System.Net.Sockets.Socket.AwaitableSocketAsyncEventArgs.ThrowException(SocketError error, CancellationToken cancellationToken)
   at System.Net.Sockets.Socket.AwaitableSocketAsyncEventArgs.System.Threading.Tasks.Sources.IValueTaskSource.GetResult(Int16 token)
   at System.Net.Sockets.TcpClient.CompleteConnectAsync(ValueTask task)
   at OpenFreq.Services.Acmi.AcmiClientService.ConnectionLoopAsync(CancellationToken cancellationToken)
2026-09-26 17:46:23.337 -04:00 [INF] [OpenFreq.Services.Acmi.AcmiClientService] ACMI status: "Connecting" -> "Failed"
2026-09-26 17:46:28.338 -04:00 [INF] [OpenFreq.Services.Acmi.AcmiClientService] ACMI status: "Failed" -> "Connecting"
2026-09-26 17:46:28.338 -04:00 [INF] [OpenFreq.Services.Acmi.AcmiClientService] Connecting to 100.30.236.80:42674
2026-09-26 17:46:30.513 -04:00 [ERR] [OpenFreq.Services.Acmi.AcmiClientService] Connection error
System.Net.Sockets.SocketException (10061): No connection could be made because the target machine actively refused it.
   at System.Net.Sockets.Socket.AwaitableSocketAsyncEventArgs.ThrowException(SocketError error, CancellationToken cancellationToken)
   at System.Net.Sockets.Socket.AwaitableSocketAsyncEventArgs.System.Threading.Tasks.Sources.IValueTaskSource.GetResult(Int16 token)
   at System.Net.Sockets.TcpClient.CompleteConnectAsync(ValueTask task)
   at OpenFreq.Services.Acmi.AcmiClientService.ConnectionLoopAsync(CancellationToken cancellationToken)
2026-09-26 17:46:30.513 -04:00 [INF] [OpenFreq.Services.Acmi.AcmiClientService] ACMI status: "Connecting" -> "Failed"
2026-09-26 17:46:35.513 -04:00 [INF] [OpenFreq.Services.Acmi.AcmiClientService] ACMI status: "Failed" -> "Connecting"
2026-09-26 17:46:35.513 -04:00 [INF] [OpenFreq.Services.Acmi.AcmiClientService] Connecting to 100.30.236.80:42674
2026-09-26 17:46:37.684 -04:00 [ERR] [OpenFreq.Services.Acmi.AcmiClientService] Connection error
System.Net.Sockets.SocketException (10061): No connection could be made because the target machine actively refused it.
   at System.Net.Sockets.Socket.AwaitableSocketAsyncEventArgs.ThrowException(SocketError error, CancellationToken cancellationToken)
   at System.Net.Sockets.Socket.AwaitableSocketAsyncEventArgs.System.Threading.Tasks.Sources.IValueTaskSource.GetResult(Int16 token)
   at System.Net.Sockets.TcpClient.CompleteConnectAsync(ValueTask task)
   at OpenFreq.Services.Acmi.AcmiClientService.ConnectionLoopAsync(CancellationToken cancellationToken)
2026-09-26 17:46:37.684 -04:00 [INF] [OpenFreq.Services.Acmi.AcmiClientService] ACMI status: "Connecting" -> "Failed"
2026-09-26 17:46:42.684 -04:00 [INF] [OpenFreq.Services.Acmi.AcmiClientService] ACMI status: "Failed" -> "Connecting"
2026-09-26 17:46:42.684 -04:00 [INF] [OpenFreq.Services.Acmi.AcmiClientService] Connecting to 100.30.236.80:42674
2026-09-26 17:46:44.859 -04:00 [ERR] [OpenFreq.Services.Acmi.AcmiClientService] Connection error
System.Net.Sockets.SocketException (10061): No connection could be made because the target machine actively refused it.
   at System.Net.Sockets.Socket.AwaitableSocketAsyncEventArgs.ThrowException(SocketError error, CancellationToken cancellationToken)
   at System.Net.Sockets.Socket.AwaitableSocketAsyncEventArgs.System.Threading.Tasks.Sources.IValueTaskSource.GetResult(Int16 token)
   at System.Net.Sockets.TcpClient.CompleteConnectAsync(ValueTask task)
   at OpenFreq.Services.Acmi.AcmiClientService.ConnectionLoopAsync(CancellationToken cancellationToken)
2026-09-26 17:46:44.859 -04:00 [INF] [OpenFreq.Services.Acmi.AcmiClientService] ACMI status: "Connecting" -> "Failed"
2026-09-26 17:46:49.858 -04:00 [INF] [OpenFreq.Services.Acmi.AcmiClientService] ACMI status: "Failed" -> "Connecting"
2026-09-26 17:46:49.858 -04:00 [INF] [OpenFreq.Services.Acmi.AcmiClientService] Connecting to 100.30.236.80:42674
2026-09-26 17:46:52.039 -04:00 [ERR] [OpenFreq.Services.Acmi.AcmiClientService] Connection error
System.Net.Sockets.SocketException (10061): No connection could be made because the target machine actively refused it.
   at System.Net.Sockets.Socket.AwaitableSocketAsyncEventArgs.ThrowException(SocketError error, CancellationToken cancellationToken)
   at System.Net.Sockets.Socket.AwaitableSocketAsyncEventArgs.System.Threading.Tasks.Sources.IValueTaskSource.GetResult(Int16 token)
   at System.Net.Sockets.TcpClient.CompleteConnectAsync(ValueTask task)
   at OpenFreq.Services.Acmi.AcmiClientService.ConnectionLoopAsync(CancellationToken cancellationToken)
2026-09-26 17:46:52.040 -04:00 [INF] [OpenFreq.Services.Acmi.AcmiClientService] ACMI status: "Connecting" -> "Failed"
2026-09-26 17:46:57.040 -04:00 [INF] [OpenFreq.Services.Acmi.AcmiClientService] ACMI status: "Failed" -> "Connecting"
2026-09-26 17:46:57.040 -04:00 [INF] [OpenFreq.Services.Acmi.AcmiClientService] Connecting to 100.30.236.80:42674
2026-09-26 17:46:59.224 -04:00 [ERR] [OpenFreq.Services.Acmi.AcmiClientService] Connection error
System.Net.Sockets.SocketException (10061): No connection could be made because the target machine actively refused it.
   at System.Net.Sockets.Socket.AwaitableSocketAsyncEventArgs.ThrowException(SocketError error, CancellationToken cancellationToken)
   at System.Net.Sockets.Socket.AwaitableSocketAsyncEventArgs.System.Threading.Tasks.Sources.IValueTaskSource.GetResult(Int16 token)
   at System.Net.Sockets.TcpClient.CompleteConnectAsync(ValueTask task)
   at OpenFreq.Services.Acmi.AcmiClientService.ConnectionLoopAsync(CancellationToken cancellationToken)
2026-09-26 17:46:59.224 -04:00 [INF] [OpenFreq.Services.Acmi.AcmiClientService] ACMI status: "Connecting" -> "Failed"
2026-09-26 17:47:04.224 -04:00 [INF] [OpenFreq.Services.Acmi.AcmiClientService] ACMI status: "Failed" -> "Connecting"
2026-09-26 17:47:04.224 -04:00 [INF] [OpenFreq.Services.Acmi.AcmiClientService] Connecting to 100.30.236.80:42674
2026-09-26 17:47:06.409 -04:00 [ERR] [OpenFreq.Services.Acmi.AcmiClientService] Connection error
System.Net.Sockets.SocketException (10061): No connection could be made because the target machine actively refused it.
   at System.Net.Sockets.Socket.AwaitableSocketAsyncEventArgs.ThrowException(SocketError error, CancellationToken cancellationToken)
   at System.Net.Sockets.Socket.AwaitableSocketAsyncEventArgs.System.Threading.Tasks.Sources.IValueTaskSource.GetResult(Int16 token)
   at System.Net.Sockets.TcpClient.CompleteConnectAsync(ValueTask task)
   at OpenFreq.Services.Acmi.AcmiClientService.ConnectionLoopAsync(CancellationToken cancellationToken)
2026-09-26 17:47:06.410 -04:00 [INF] [OpenFreq.Services.Acmi.AcmiClientService] ACMI status: "Connecting" -> "Failed"
2026-09-26 17:47:11.409 -04:00 [INF] [OpenFreq.Services.Acmi.AcmiClientService] ACMI status: "Failed" -> "Connecting"
2026-09-26 17:47:11.409 -04:00 [INF] [OpenFreq.Services.Acmi.AcmiClientService] Connecting to 100.30.236.80:42674
2026-09-26 17:47:13.598 -04:00 [ERR] [OpenFreq.Services.Acmi.AcmiClientService] Connection error
System.Net.Sockets.SocketException (10061): No connection could be made because the target machine actively refused it.
   at System.Net.Sockets.Socket.AwaitableSocketAsyncEventArgs.ThrowException(SocketError error, CancellationToken cancellationToken)
   at System.Net.Sockets.Socket.AwaitableSocketAsyncEventArgs.System.Threading.Tasks.Sources.IValueTaskSource.GetResult(Int16 token)
   at System.Net.Sockets.TcpClient.CompleteConnectAsync(ValueTask task)
   at OpenFreq.Services.Acmi.AcmiClientService.ConnectionLoopAsync(CancellationToken cancellationToken)
2026-09-26 17:47:13.598 -04:00 [INF] [OpenFreq.Services.Acmi.AcmiClientService] ACMI status: "Connecting" -> "Failed"
2026-09-26 17:47:18.598 -04:00 [INF] [OpenFreq.Services.Acmi.AcmiClientService] ACMI status: "Failed" -> "Connecting"
2026-09-26 17:47:18.598 -04:00 [INF] [OpenFreq.Services.Acmi.AcmiClientService] Connecting to 100.30.236.80:42674
2026-09-26 17:47:20.785 -04:00 [ERR] [OpenFreq.Services.Acmi.AcmiClientService] Connection error
System.Net.Sockets.SocketException (10061): No connection could be made because the target machine actively refused it.
   at System.Net.Sockets.Socket.AwaitableSocketAsyncEventArgs.ThrowException(SocketError error, CancellationToken cancellationToken)
   at System.Net.Sockets.Socket.AwaitableSocketAsyncEventArgs.System.Threading.Tasks.Sources.IValueTaskSource.GetResult(Int16 token)
   at System.Net.Sockets.TcpClient.CompleteConnectAsync(ValueTask task)
   at OpenFreq.Services.Acmi.AcmiClientService.ConnectionLoopAsync(CancellationToken cancellationToken)
2026-09-26 17:47:20.785 -04:00 [INF] [OpenFreq.Services.Acmi.AcmiClientService] ACMI status: "Connecting" -> "Failed"
2026-09-26 17:47:25.784 -04:00 [INF] [OpenFreq.Services.Acmi.AcmiClientService] ACMI status: "Failed" -> "Connecting"
2026-09-26 17:47:25.784 -04:00 [INF] [OpenFreq.Services.Acmi.AcmiClientService] Connecting to 100.30.236.80:42674
2026-09-26 17:47:27.959 -04:00 [ERR] [OpenFreq.Services.Acmi.AcmiClientService] Connection error
System.Net.Sockets.SocketException (10061): No connection could be made because the target machine actively refused it.
   at System.Net.Sockets.Socket.AwaitableSocketAsyncEventArgs.ThrowException(SocketError error, CancellationToken cancellationToken)
   at System.Net.Sockets.Socket.AwaitableSocketAsyncEventArgs.System.Threading.Tasks.Sources.IValueTaskSource.GetResult(Int16 token)
   at System.Net.Sockets.TcpClient.CompleteConnectAsync(ValueTask task)
   at OpenFreq.Services.Acmi.AcmiClientService.ConnectionLoopAsync(CancellationToken cancellationToken)
2026-09-26 17:47:27.959 -04:00 [INF] [OpenFreq.Services.Acmi.AcmiClientService] ACMI status: "Connecting" -> "Failed"
2026-09-26 17:47:32.958 -04:00 [INF] [OpenFreq.Services.Acmi.AcmiClientService] ACMI status: "Failed" -> "Connecting"
2026-09-26 17:47:32.958 -04:00 [INF] [OpenFreq.Services.Acmi.AcmiClientService] Connecting to 100.30.236.80:42674
2026-09-26 17:47:35.135 -04:00 [ERR] [OpenFreq.Services.Acmi.AcmiClientService] Connection error
System.Net.Sockets.SocketException (10061): No connection could be made because the target machine actively refused it.
   at System.Net.Sockets.Socket.AwaitableSocketAsyncEventArgs.ThrowException(SocketError error, CancellationToken cancellationToken)
   at System.Net.Sockets.Socket.AwaitableSocketAsyncEventArgs.System.Threading.Tasks.Sources.IValueTaskSource.GetResult(Int16 token)
   at System.Net.Sockets.TcpClient.CompleteConnectAsync(ValueTask task)
   at OpenFreq.Services.Acmi.AcmiClientService.ConnectionLoopAsync(CancellationToken cancellationToken)
2026-09-26 17:47:35.135 -04:00 [INF] [OpenFreq.Services.Acmi.AcmiClientService] ACMI status: "Connecting" -> "Failed"
2026-09-26 17:47:40.135 -04:00 [INF] [OpenFreq.Services.Acmi.AcmiClientService] ACMI status: "Failed" -> "Connecting"
2026-09-26 17:47:40.135 -04:00 [INF] [OpenFreq.Services.Acmi.AcmiClientService] Connecting to 100.30.236.80:42674
2026-09-26 17:47:42.317 -04:00 [ERR] [OpenFreq.Services.Acmi.AcmiClientService] Connection error
System.Net.Sockets.SocketException (10061): No connection could be made because the target machine actively refused it.
   at System.Net.Sockets.Socket.AwaitableSocketAsyncEventArgs.ThrowException(SocketError error, CancellationToken cancellationToken)
   at System.Net.Sockets.Socket.AwaitableSocketAsyncEventArgs.System.Threading.Tasks.Sources.IValueTaskSource.GetResult(Int16 token)
   at System.Net.Sockets.TcpClient.CompleteConnectAsync(ValueTask task)
   at OpenFreq.Services.Acmi.AcmiClientService.ConnectionLoopAsync(CancellationToken cancellationToken)
2026-09-26 17:47:42.317 -04:00 [INF] [OpenFreq.Services.Acmi.AcmiClientService] ACMI status: "Connecting" -> "Failed"
2026-09-26 17:47:47.317 -04:00 [INF] [OpenFreq.Services.Acmi.AcmiClientService] ACMI status: "Failed" -> "Connecting"
2026-09-26 17:47:47.317 -04:00 [INF] [OpenFreq.Services.Acmi.AcmiClientService] Connecting to 100.30.236.80:42674
2026-09-26 17:47:49.493 -04:00 [ERR] [OpenFreq.Services.Acmi.AcmiClientService] Connection error
System.Net.Sockets.SocketException (10061): No connection could be made because the target machine actively refused it.
   at System.Net.Sockets.Socket.AwaitableSocketAsyncEventArgs.ThrowException(SocketError error, CancellationToken cancellationToken)
   at System.Net.Sockets.Socket.AwaitableSocketAsyncEventArgs.System.Threading.Tasks.Sources.IValueTaskSource.GetResult(Int16 token)
   at System.Net.Sockets.TcpClient.CompleteConnectAsync(ValueTask task)
   at OpenFreq.Services.Acmi.AcmiClientService.ConnectionLoopAsync(CancellationToken cancellationToken)
2026-09-26 17:47:49.493 -04:00 [INF] [OpenFreq.Services.Acmi.AcmiClientService] ACMI status: "Connecting" -> "Failed"
2026-09-26 17:47:54.492 -04:00 [INF] [OpenFreq.Services.Acmi.AcmiClientService] ACMI status: "Failed" -> "Connecting"
2026-09-26 17:47:54.493 -04:00 [INF] [OpenFreq.Services.Acmi.AcmiClientService] Connecting to 100.30.236.80:42674
2026-09-26 17:47:56.667 -04:00 [ERR] [OpenFreq.Services.Acmi.AcmiClientService] Connection error
System.Net.Sockets.SocketException (10061): No connection could be made because the target machine actively refused it.
   at System.Net.Sockets.Socket.AwaitableSocketAsyncEventArgs.ThrowException(SocketError error, CancellationToken cancellationToken)
   at System.Net.Sockets.Socket.AwaitableSocketAsyncEventArgs.System.Threading.Tasks.Sources.IValueTaskSource.GetResult(Int16 token)
   at System.Net.Sockets.TcpClient.CompleteConnectAsync(ValueTask task)
   at OpenFreq.Services.Acmi.AcmiClientService.ConnectionLoopAsync(CancellationToken cancellationToken)
2026-09-26 17:47:56.668 -04:00 [INF] [OpenFreq.Services.Acmi.AcmiClientService] ACMI status: "Connecting" -> "Failed"
2026-09-26 17:48:01.666 -04:00 [INF] [OpenFreq.Services.Acmi.AcmiClientService] ACMI status: "Failed" -> "Connecting"
2026-09-26 17:48:01.667 -04:00 [INF] [OpenFreq.Services.Acmi.AcmiClientService] Connecting to 100.30.236.80:42674
2026-09-26 17:48:03.838 -04:00 [ERR] [OpenFreq.Services.Acmi.AcmiClientService] Connection error
System.Net.Sockets.SocketException (10061): No connection could be made because the target machine actively refused it.
   at System.Net.Sockets.Socket.AwaitableSocketAsyncEventArgs.ThrowException(SocketError error, CancellationToken cancellationToken)
   at System.Net.Sockets.Socket.AwaitableSocketAsyncEventArgs.System.Threading.Tasks.Sources.IValueTaskSource.GetResult(Int16 token)
   at System.Net.Sockets.TcpClient.CompleteConnectAsync(ValueTask task)
   at OpenFreq.Services.Acmi.AcmiClientService.ConnectionLoopAsync(CancellationToken cancellationToken)
2026-09-26 17:48:03.838 -04:00 [INF] [OpenFreq.Services.Acmi.AcmiClientService] ACMI status: "Connecting" -> "Failed"
2026-09-26 17:48:08.839 -04:00 [INF] [OpenFreq.Services.Acmi.AcmiClientService] ACMI status: "Failed" -> "Connecting"
2026-09-26 17:48:08.839 -04:00 [INF] [OpenFreq.Services.Acmi.AcmiClientService] Connecting to 100.30.236.80:42674
2026-09-26 17:48:11.029 -04:00 [ERR] [OpenFreq.Services.Acmi.AcmiClientService] Connection error
System.Net.Sockets.SocketException (10061): No connection could be made because the target machine actively refused it.
   at System.Net.Sockets.Socket.AwaitableSocketAsyncEventArgs.ThrowException(SocketError error, CancellationToken cancellationToken)
   at System.Net.Sockets.Socket.AwaitableSocketAsyncEventArgs.System.Threading.Tasks.Sources.IValueTaskSource.GetResult(Int16 token)
   at System.Net.Sockets.TcpClient.CompleteConnectAsync(ValueTask task)
   at OpenFreq.Services.Acmi.AcmiClientService.ConnectionLoopAsync(CancellationToken cancellationToken)
2026-09-26 17:48:11.029 -04:00 [INF] [OpenFreq.Services.Acmi.AcmiClientService] ACMI status: "Connecting" -> "Failed"
2026-09-26 17:48:16.029 -04:00 [INF] [OpenFreq.Services.Acmi.AcmiClientService] ACMI status: "Failed" -> "Connecting"
2026-09-26 17:48:16.029 -04:00 [INF] [OpenFreq.Services.Acmi.AcmiClientService] Connecting to 100.30.236.80:42674
2026-09-26 17:48:18.192 -04:00 [ERR] [OpenFreq.Services.Acmi.AcmiClientService] Connection error
System.Net.Sockets.SocketException (10061): No connection could be made because the target machine actively refused it.
   at System.Net.Sockets.Socket.AwaitableSocketAsyncEventArgs.ThrowException(SocketError error, CancellationToken cancellationToken)
   at System.Net.Sockets.Socket.AwaitableSocketAsyncEventArgs.System.Threading.Tasks.Sources.IValueTaskSource.GetResult(Int16 token)
   at System.Net.Sockets.TcpClient.CompleteConnectAsync(ValueTask task)
   at OpenFreq.Services.Acmi.AcmiClientService.ConnectionLoopAsync(CancellationToken cancellationToken)
2026-09-26 17:48:18.192 -04:00 [INF] [OpenFreq.Services.Acmi.AcmiClientService] ACMI status: "Connecting" -> "Failed"
2026-09-26 17:48:23.191 -04:00 [INF] [OpenFreq.Services.Acmi.AcmiClientService] ACMI status: "Failed" -> "Connecting"
2026-09-26 17:48:23.191 -04:00 [INF] [OpenFreq.Services.Acmi.AcmiClientService] Connecting to 100.30.236.80:42674
2026-09-26 17:48:25.365 -04:00 [ERR] [OpenFreq.Services.Acmi.AcmiClientService] Connection error
System.Net.Sockets.SocketException (10061): No connection could be made because the target machine actively refused it.
   at System.Net.Sockets.Socket.AwaitableSocketAsyncEventArgs.ThrowException(SocketError error, CancellationToken cancellationToken)
   at System.Net.Sockets.Socket.AwaitableSocketAsyncEventArgs.System.Threading.Tasks.Sources.IValueTaskSource.GetResult(Int16 token)
   at System.Net.Sockets.TcpClient.CompleteConnectAsync(ValueTask task)
   at OpenFreq.Services.Acmi.AcmiClientService.ConnectionLoopAsync(CancellationToken cancellationToken)
2026-09-26 17:48:25.365 -04:00 [INF] [OpenFreq.Services.Acmi.AcmiClientService] ACMI status: "Connecting" -> "Failed"
2026-09-26 17:48:30.365 -04:00 [INF] [OpenFreq.Services.Acmi.AcmiClientService] ACMI status: "Failed" -> "Connecting"
2026-09-26 17:48:30.365 -04:00 [INF] [OpenFreq.Services.Acmi.AcmiClientService] Connecting to 100.30.236.80:42674
2026-09-26 17:48:32.549 -04:00 [ERR] [OpenFreq.Services.Acmi.AcmiClientService] Connection error
System.Net.Sockets.SocketException (10061): No connection could be made because the target machine actively refused it.
   at System.Net.Sockets.Socket.AwaitableSocketAsyncEventArgs.ThrowException(SocketError error, CancellationToken cancellationToken)
   at System.Net.Sockets.Socket.AwaitableSocketAsyncEventArgs.System.Threading.Tasks.Sources.IValueTaskSource.GetResult(Int16 token)
   at System.Net.Sockets.TcpClient.CompleteConnectAsync(ValueTask task)
   at OpenFreq.Services.Acmi.AcmiClientService.ConnectionLoopAsync(CancellationToken cancellationToken)
2026-09-26 17:48:32.549 -04:00 [INF] [OpenFreq.Services.Acmi.AcmiClientService] ACMI status: "Connecting" -> "Failed"
2026-09-26 17:48:37.549 -04:00 [INF] [OpenFreq.Services.Acmi.AcmiClientService] ACMI status: "Failed" -> "Connecting"
2026-09-26 17:48:37.549 -04:00 [INF] [OpenFreq.Services.Acmi.AcmiClientService] Connecting to 100.30.236.80:42674
2026-09-26 17:48:39.716 -04:00 [ERR] [OpenFreq.Services.Acmi.AcmiClientService] Connection error
System.Net.Sockets.SocketException (10061): No connection could be made because the target machine actively refused it.
   at System.Net.Sockets.Socket.AwaitableSocketAsyncEventArgs.ThrowException(SocketError error, CancellationToken cancellationToken)
   at System.Net.Sockets.Socket.AwaitableSocketAsyncEventArgs.System.Threading.Tasks.Sources.IValueTaskSource.GetResult(Int16 token)
   at System.Net.Sockets.TcpClient.CompleteConnectAsync(ValueTask task)
   at OpenFreq.Services.Acmi.AcmiClientService.ConnectionLoopAsync(CancellationToken cancellationToken)
2026-09-26 17:48:39.716 -04:00 [INF] [OpenFreq.Services.Acmi.AcmiClientService] ACMI status: "Connecting" -> "Failed"
2026-09-26 17:48:44.717 -04:00 [INF] [OpenFreq.Services.Acmi.AcmiClientService] ACMI status: "Failed" -> "Connecting"
2026-09-26 17:48:44.717 -04:00 [INF] [OpenFreq.Services.Acmi.AcmiClientService] Connecting to 100.30.236.80:42674
2026-09-26 17:48:46.888 -04:00 [ERR] [OpenFreq.Services.Acmi.AcmiClientService] Connection error
System.Net.Sockets.SocketException (10061): No connection could be made because the target machine actively refused it.
   at System.Net.Sockets.Socket.AwaitableSocketAsyncEventArgs.ThrowException(SocketError error, CancellationToken cancellationToken)
   at System.Net.Sockets.Socket.AwaitableSocketAsyncEventArgs.System.Threading.Tasks.Sources.IValueTaskSource.GetResult(Int16 token)
   at System.Net.Sockets.TcpClient.CompleteConnectAsync(ValueTask task)
   at OpenFreq.Services.Acmi.AcmiClientService.ConnectionLoopAsync(CancellationToken cancellationToken)
2026-09-26 17:48:46.888 -04:00 [INF] [OpenFreq.Services.Acmi.AcmiClientService] ACMI status: "Connecting" -> "Failed"
2026-09-26 17:48:51.888 -04:00 [INF] [OpenFreq.Services.Acmi.AcmiClientService] ACMI status: "Failed" -> "Connecting"
2026-09-26 17:48:51.888 -04:00 [INF] [OpenFreq.Services.Acmi.AcmiClientService] Connecting to 100.30.236.80:42674
2026-09-26 17:48:54.055 -04:00 [ERR] [OpenFreq.Services.Acmi.AcmiClientService] Connection error
System.Net.Sockets.SocketException (10061): No connection could be made because the target machine actively refused it.
   at System.Net.Sockets.Socket.AwaitableSocketAsyncEventArgs.ThrowException(SocketError error, CancellationToken cancellationToken)
   at System.Net.Sockets.Socket.AwaitableSocketAsyncEventArgs.System.Threading.Tasks.Sources.IValueTaskSource.GetResult(Int16 token)
   at System.Net.Sockets.TcpClient.CompleteConnectAsync(ValueTask task)
   at OpenFreq.Services.Acmi.AcmiClientService.ConnectionLoopAsync(CancellationToken cancellationToken)
2026-09-26 17:48:54.055 -04:00 [INF] [OpenFreq.Services.Acmi.AcmiClientService] ACMI status: "Connecting" -> "Failed"
2026-09-26 17:48:59.056 -04:00 [INF] [OpenFreq.Services.Acmi.AcmiClientService] ACMI status: "Failed" -> "Connecting"
2026-09-26 17:48:59.056 -04:00 [INF] [OpenFreq.Services.Acmi.AcmiClientService] Connecting to 100.30.236.80:42674
2026-09-26 17:49:01.235 -04:00 [ERR] [OpenFreq.Services.Acmi.AcmiClientService] Connection error
System.Net.Sockets.SocketException (10061): No connection could be made because the target machine actively refused it.
   at System.Net.Sockets.Socket.AwaitableSocketAsyncEventArgs.ThrowException(SocketError error, CancellationToken cancellationToken)
   at System.Net.Sockets.Socket.AwaitableSocketAsyncEventArgs.System.Threading.Tasks.Sources.IValueTaskSource.GetResult(Int16 token)
   at System.Net.Sockets.TcpClient.CompleteConnectAsync(ValueTask task)
   at OpenFreq.Services.Acmi.AcmiClientService.ConnectionLoopAsync(CancellationToken cancellationToken)
2026-09-26 17:49:01.235 -04:00 [INF] [OpenFreq.Services.Acmi.AcmiClientService] ACMI status: "Connecting" -> "Failed"
2026-09-26 17:49:06.234 -04:00 [INF] [OpenFreq.Services.Acmi.AcmiClientService] ACMI status: "Failed" -> "Connecting"
2026-09-26 17:49:06.234 -04:00 [INF] [OpenFreq.Services.Acmi.AcmiClientService] Connecting to 100.30.236.80:42674
2026-09-26 17:49:08.414 -04:00 [ERR] [OpenFreq.Services.Acmi.AcmiClientService] Connection error
System.Net.Sockets.SocketException (10061): No connection could be made because the target machine actively refused it.
   at System.Net.Sockets.Socket.AwaitableSocketAsyncEventArgs.ThrowException(SocketError error, CancellationToken cancellationToken)
   at System.Net.Sockets.Socket.AwaitableSocketAsyncEventArgs.System.Threading.Tasks.Sources.IValueTaskSource.GetResult(Int16 token)
   at System.Net.Sockets.TcpClient.CompleteConnectAsync(ValueTask task)
   at OpenFreq.Services.Acmi.AcmiClientService.ConnectionLoopAsync(CancellationToken cancellationToken)
2026-09-26 17:49:08.414 -04:00 [INF] [OpenFreq.Services.Acmi.AcmiClientService] ACMI status: "Connecting" -> "Failed"
2026-09-26 17:49:13.413 -04:00 [INF] [OpenFreq.Services.Acmi.AcmiClientService] ACMI status: "Failed" -> "Connecting"
2026-09-26 17:49:13.413 -04:00 [INF] [OpenFreq.Services.Acmi.AcmiClientService] Connecting to 100.30.236.80:42674
2026-09-26 17:49:15.589 -04:00 [ERR] [OpenFreq.Services.Acmi.AcmiClientService] Connection error
System.Net.Sockets.SocketException (10061): No connection could be made because the target machine actively refused it.
   at System.Net.Sockets.Socket.AwaitableSocketAsyncEventArgs.ThrowException(SocketError error, CancellationToken cancellationToken)
   at System.Net.Sockets.Socket.AwaitableSocketAsyncEventArgs.System.Threading.Tasks.Sources.IValueTaskSource.GetResult(Int16 token)
   at System.Net.Sockets.TcpClient.CompleteConnectAsync(ValueTask task)
   at OpenFreq.Services.Acmi.AcmiClientService.ConnectionLoopAsync(CancellationToken cancellationToken)
2026-09-26 17:49:15.590 -04:00 [INF] [OpenFreq.Services.Acmi.AcmiClientService] ACMI status: "Connecting" -> "Failed"
2026-09-26 17:49:20.588 -04:00 [INF] [OpenFreq.Services.Acmi.AcmiClientService] ACMI status: "Failed" -> "Connecting"
2026-09-26 17:49:20.588 -04:00 [INF] [OpenFreq.Services.Acmi.AcmiClientService] Connecting to 100.30.236.80:42674
2026-09-26 17:49:22.769 -04:00 [ERR] [OpenFreq.Services.Acmi.AcmiClientService] Connection error
System.Net.Sockets.SocketException (10061): No connection could be made because the target machine actively refused it.
   at System.Net.Sockets.Socket.AwaitableSocketAsyncEventArgs.ThrowException(SocketError error, CancellationToken cancellationToken)
   at System.Net.Sockets.Socket.AwaitableSocketAsyncEventArgs.System.Threading.Tasks.Sources.IValueTaskSource.GetResult(Int16 token)
   at System.Net.Sockets.TcpClient.CompleteConnectAsync(ValueTask task)
   at OpenFreq.Services.Acmi.AcmiClientService.ConnectionLoopAsync(CancellationToken cancellationToken)
2026-09-26 17:49:22.769 -04:00 [INF] [OpenFreq.Services.Acmi.AcmiClientService] ACMI status: "Connecting" -> "Failed"
2026-09-26 17:49:27.770 -04:00 [INF] [OpenFreq.Services.Acmi.AcmiClientService] ACMI status: "Failed" -> "Connecting"
2026-09-26 17:49:27.770 -04:00 [INF] [OpenFreq.Services.Acmi.AcmiClientService] Connecting to 100.30.236.80:42674
2026-09-26 17:49:29.948 -04:00 [ERR] [OpenFreq.Services.Acmi.AcmiClientService] Connection error
System.Net.Sockets.SocketException (10061): No connection could be made because the target machine actively refused it.
   at System.Net.Sockets.Socket.AwaitableSocketAsyncEventArgs.ThrowException(SocketError error, CancellationToken cancellationToken)
   at System.Net.Sockets.Socket.AwaitableSocketAsyncEventArgs.System.Threading.Tasks.Sources.IValueTaskSource.GetResult(Int16 token)
   at System.Net.Sockets.TcpClient.CompleteConnectAsync(ValueTask task)
   at OpenFreq.Services.Acmi.AcmiClientService.ConnectionLoopAsync(CancellationToken cancellationToken)
2026-09-26 17:49:29.948 -04:00 [INF] [OpenFreq.Services.Acmi.AcmiClientService] ACMI status: "Connecting" -> "Failed"
2026-09-26 17:49:34.948 -04:00 [INF] [OpenFreq.Services.Acmi.AcmiClientService] ACMI status: "Failed" -> "Connecting"
2026-09-26 17:49:34.948 -04:00 [INF] [OpenFreq.Services.Acmi.AcmiClientService] Connecting to 100.30.236.80:42674
2026-09-26 17:49:37.122 -04:00 [ERR] [OpenFreq.Services.Acmi.AcmiClientService] Connection error
System.Net.Sockets.SocketException (10061): No connection could be made because the target machine actively refused it.
   at System.Net.Sockets.Socket.AwaitableSocketAsyncEventArgs.ThrowException(SocketError error, CancellationToken cancellationToken)
   at System.Net.Sockets.Socket.AwaitableSocketAsyncEventArgs.System.Threading.Tasks.Sources.IValueTaskSource.GetResult(Int16 token)
   at System.Net.Sockets.TcpClient.CompleteConnectAsync(ValueTask task)
   at OpenFreq.Services.Acmi.AcmiClientService.ConnectionLoopAsync(CancellationToken cancellationToken)
2026-09-26 17:49:37.122 -04:00 [INF] [OpenFreq.Services.Acmi.AcmiClientService] ACMI status: "Connecting" -> "Failed"
2026-09-26 17:49:42.122 -04:00 [INF] [OpenFreq.Services.Acmi.AcmiClientService] ACMI status: "Failed" -> "Connecting"
2026-09-26 17:49:42.122 -04:00 [INF] [OpenFreq.Services.Acmi.AcmiClientService] Connecting to 100.30.236.80:42674
2026-09-26 17:49:44.299 -04:00 [ERR] [OpenFreq.Services.Acmi.AcmiClientService] Connection error
System.Net.Sockets.SocketException (10061): No connection could be made because the target machine actively refused it.
   at System.Net.Sockets.Socket.AwaitableSocketAsyncEventArgs.ThrowException(SocketError error, CancellationToken cancellationToken)
   at System.Net.Sockets.Socket.AwaitableSocketAsyncEventArgs.System.Threading.Tasks.Sources.IValueTaskSource.GetResult(Int16 token)
   at System.Net.Sockets.TcpClient.CompleteConnectAsync(ValueTask task)
   at OpenFreq.Services.Acmi.AcmiClientService.ConnectionLoopAsync(CancellationToken cancellationToken)
2026-09-26 17:49:44.299 -04:00 [INF] [OpenFreq.Services.Acmi.AcmiClientService] ACMI status: "Connecting" -> "Failed"
2026-09-26 17:49:49.300 -04:00 [INF] [OpenFreq.Services.Acmi.AcmiClientService] ACMI status: "Failed" -> "Connecting"
2026-09-26 17:49:49.300 -04:00 [INF] [OpenFreq.Services.Acmi.AcmiClientService] Connecting to 100.30.236.80:42674
2026-09-26 17:49:51.476 -04:00 [ERR] [OpenFreq.Services.Acmi.AcmiClientService] Connection error
System.Net.Sockets.SocketException (10061): No connection could be made because the target machine actively refused it.
   at System.Net.Sockets.Socket.AwaitableSocketAsyncEventArgs.ThrowException(SocketError error, CancellationToken cancellationToken)
   at System.Net.Sockets.Socket.AwaitableSocketAsyncEventArgs.System.Threading.Tasks.Sources.IValueTaskSource.GetResult(Int16 token)
   at System.Net.Sockets.TcpClient.CompleteConnectAsync(ValueTask task)
   at OpenFreq.Services.Acmi.AcmiClientService.ConnectionLoopAsync(CancellationToken cancellationToken)
2026-09-26 17:49:51.476 -04:00 [INF] [OpenFreq.Services.Acmi.AcmiClientService] ACMI status: "Connecting" -> "Failed"
2026-09-26 17:49:56.477 -04:00 [INF] [OpenFreq.Services.Acmi.AcmiClientService] ACMI status: "Failed" -> "Connecting"
2026-09-26 17:49:56.477 -04:00 [INF] [OpenFreq.Services.Acmi.AcmiClientService] Connecting to 100.30.236.80:42674
2026-09-26 17:49:58.656 -04:00 [ERR] [OpenFreq.Services.Acmi.AcmiClientService] Connection error
System.Net.Sockets.SocketException (10061): No connection could be made because the target machine actively refused it.
   at System.Net.Sockets.Socket.AwaitableSocketAsyncEventArgs.ThrowException(SocketError error, CancellationToken cancellationToken)
   at System.Net.Sockets.Socket.AwaitableSocketAsyncEventArgs.System.Threading.Tasks.Sources.IValueTaskSource.GetResult(Int16 token)
   at System.Net.Sockets.TcpClient.CompleteConnectAsync(ValueTask task)
   at OpenFreq.Services.Acmi.AcmiClientService.ConnectionLoopAsync(CancellationToken cancellationToken)
2026-09-26 17:49:58.656 -04:00 [INF] [OpenFreq.Services.Acmi.AcmiClientService] ACMI status: "Connecting" -> "Failed"
2026-09-26 17:50:03.656 -04:00 [INF] [OpenFreq.Services.Acmi.AcmiClientService] ACMI status: "Failed" -> "Connecting"
2026-09-26 17:50:03.656 -04:00 [INF] [OpenFreq.Services.Acmi.AcmiClientService] Connecting to 100.30.236.80:42674
2026-09-26 17:50:05.833 -04:00 [ERR] [OpenFreq.Services.Acmi.AcmiClientService] Connection error
System.Net.Sockets.SocketException (10061): No connection could be made because the target machine actively refused it.
   at System.Net.Sockets.Socket.AwaitableSocketAsyncEventArgs.ThrowException(SocketError error, CancellationToken cancellationToken)
   at System.Net.Sockets.Socket.AwaitableSocketAsyncEventArgs.System.Threading.Tasks.Sources.IValueTaskSource.GetResult(Int16 token)
   at System.Net.Sockets.TcpClient.CompleteConnectAsync(ValueTask task)
   at OpenFreq.Services.Acmi.AcmiClientService.ConnectionLoopAsync(CancellationToken cancellationToken)
2026-09-26 17:50:05.833 -04:00 [INF] [OpenFreq.Services.Acmi.AcmiClientService] ACMI status: "Connecting" -> "Failed"
2026-09-26 17:50:10.832 -04:00 [INF] [OpenFreq.Services.Acmi.AcmiClientService] ACMI status: "Failed" -> "Connecting"
2026-09-26 17:50:10.832 -04:00 [INF] [OpenFreq.Services.Acmi.AcmiClientService] Connecting to 100.30.236.80:42674
2026-09-26 17:50:13.009 -04:00 [ERR] [OpenFreq.Services.Acmi.AcmiClientService] Connection error
System.Net.Sockets.SocketException (10061): No connection could be made because the target machine actively refused it.
   at System.Net.Sockets.Socket.AwaitableSocketAsyncEventArgs.ThrowException(SocketError error, CancellationToken cancellationToken)
   at System.Net.Sockets.Socket.AwaitableSocketAsyncEventArgs.System.Threading.Tasks.Sources.IValueTaskSource.GetResult(Int16 token)
   at System.Net.Sockets.TcpClient.CompleteConnectAsync(ValueTask task)
   at OpenFreq.Services.Acmi.AcmiClientService.ConnectionLoopAsync(CancellationToken cancellationToken)
2026-09-26 17:50:13.009 -04:00 [INF] [OpenFreq.Services.Acmi.AcmiClientService] ACMI status: "Connecting" -> "Failed"
2026-09-26 17:50:18.009 -04:00 [INF] [OpenFreq.Services.Acmi.AcmiClientService] ACMI status: "Failed" -> "Connecting"
2026-09-26 17:50:18.009 -04:00 [INF] [OpenFreq.Services.Acmi.AcmiClientService] Connecting to 100.30.236.80:42674
2026-09-26 17:50:39.049 -04:00 [ERR] [OpenFreq.Services.Acmi.AcmiClientService] Connection error
System.Net.Sockets.SocketException (10060): A connection attempt failed because the connected party did not properly respond after a period of time, or established connection failed because connected host has failed to respond.
   at System.Net.Sockets.Socket.AwaitableSocketAsyncEventArgs.ThrowException(SocketError error, CancellationToken cancellationToken)
   at System.Net.Sockets.Socket.AwaitableSocketAsyncEventArgs.System.Threading.Tasks.Sources.IValueTaskSource.GetResult(Int16 token)
   at System.Net.Sockets.TcpClient.CompleteConnectAsync(ValueTask task)
   at OpenFreq.Services.Acmi.AcmiClientService.ConnectionLoopAsync(CancellationToken cancellationToken)
2026-09-26 17:50:39.049 -04:00 [INF] [OpenFreq.Services.Acmi.AcmiClientService] ACMI status: "Connecting" -> "Failed"
2026-09-26 17:50:44.051 -04:00 [INF] [OpenFreq.Services.Acmi.AcmiClientService] ACMI status: "Failed" -> "Connecting"
2026-09-26 17:50:44.051 -04:00 [INF] [OpenFreq.Services.Acmi.AcmiClientService] Connecting to 100.30.236.80:42674
2026-09-26 17:51:05.087 -04:00 [ERR] [OpenFreq.Services.Acmi.AcmiClientService] Connection error
System.Net.Sockets.SocketException (10060): A connection attempt failed because the connected party did not properly respond after a period of time, or established connection failed because connected host has failed to respond.
   at System.Net.Sockets.Socket.AwaitableSocketAsyncEventArgs.ThrowException(SocketError error, CancellationToken cancellationToken)
   at System.Net.Sockets.Socket.AwaitableSocketAsyncEventArgs.System.Threading.Tasks.Sources.IValueTaskSource.GetResult(Int16 token)
   at System.Net.Sockets.TcpClient.CompleteConnectAsync(ValueTask task)
   at OpenFreq.Services.Acmi.AcmiClientService.ConnectionLoopAsync(CancellationToken cancellationToken)
2026-09-26 17:51:05.087 -04:00 [INF] [OpenFreq.Services.Acmi.AcmiClientService] ACMI status: "Connecting" -> "Failed"
2026-09-26 17:51:10.087 -04:00 [INF] [OpenFreq.Services.Acmi.AcmiClientService] ACMI status: "Failed" -> "Connecting"
2026-09-26 17:51:10.087 -04:00 [INF] [OpenFreq.Services.Acmi.AcmiClientService] Connecting to 100.30.236.80:42674
2026-09-26 17:51:31.137 -04:00 [ERR] [OpenFreq.Services.Acmi.AcmiClientService] Connection error
System.Net.Sockets.SocketException (10060): A connection attempt failed because the connected party did not properly respond after a period of time, or established connection failed because connected host has failed to respond.
   at System.Net.Sockets.Socket.AwaitableSocketAsyncEventArgs.ThrowException(SocketError error, CancellationToken cancellationToken)
   at System.Net.Sockets.Socket.AwaitableSocketAsyncEventArgs.System.Threading.Tasks.Sources.IValueTaskSource.GetResult(Int16 token)
   at System.Net.Sockets.TcpClient.CompleteConnectAsync(ValueTask task)
   at OpenFreq.Services.Acmi.AcmiClientService.ConnectionLoopAsync(CancellationToken cancellationToken)
2026-09-26 17:51:31.138 -04:00 [INF] [OpenFreq.Services.Acmi.AcmiClientService] ACMI status: "Connecting" -> "Failed"
2026-09-26 17:51:36.138 -04:00 [INF] [OpenFreq.Services.Acmi.AcmiClientService] ACMI status: "Failed" -> "Connecting"
2026-09-26 17:51:36.138 -04:00 [INF] [OpenFreq.Services.Acmi.AcmiClientService] Connecting to 100.30.236.80:42674
2026-09-26 17:51:57.174 -04:00 [ERR] [OpenFreq.Services.Acmi.AcmiClientService] Connection error
System.Net.Sockets.SocketException (10060): A connection attempt failed because the connected party did not properly respond after a period of time, or established connection failed because connected host has failed to respond.
   at System.Net.Sockets.Socket.AwaitableSocketAsyncEventArgs.ThrowException(SocketError error, CancellationToken cancellationToken)
   at System.Net.Sockets.Socket.AwaitableSocketAsyncEventArgs.System.Threading.Tasks.Sources.IValueTaskSource.GetResult(Int16 token)
   at System.Net.Sockets.TcpClient.CompleteConnectAsync(ValueTask task)
   at OpenFreq.Services.Acmi.AcmiClientService.ConnectionLoopAsync(CancellationToken cancellationToken)
2026-09-26 17:51:57.174 -04:00 [INF] [OpenFreq.Services.Acmi.AcmiClientService] ACMI status: "Connecting" -> "Failed"
2026-09-26 17:52:02.174 -04:00 [INF] [OpenFreq.Services.Acmi.AcmiClientService] ACMI status: "Failed" -> "Connecting"
2026-09-26 17:52:02.174 -04:00 [INF] [OpenFreq.Services.Acmi.AcmiClientService] Connecting to 100.30.236.80:42674
2026-09-26 17:52:23.209 -04:00 [ERR] [OpenFreq.Services.Acmi.AcmiClientService] Connection error
System.Net.Sockets.SocketException (10060): A connection attempt failed because the connected party did not properly respond after a period of time, or established connection failed because connected host has failed to respond.
   at System.Net.Sockets.Socket.AwaitableSocketAsyncEventArgs.ThrowException(SocketError error, CancellationToken cancellationToken)
   at System.Net.Sockets.Socket.AwaitableSocketAsyncEventArgs.System.Threading.Tasks.Sources.IValueTaskSource.GetResult(Int16 token)
   at System.Net.Sockets.TcpClient.CompleteConnectAsync(ValueTask task)
   at OpenFreq.Services.Acmi.AcmiClientService.ConnectionLoopAsync(CancellationToken cancellationToken)
2026-09-26 17:52:23.209 -04:00 [INF] [OpenFreq.Services.Acmi.AcmiClientService] ACMI status: "Connecting" -> "Failed"
2026-09-26 17:52:28.210 -04:00 [INF] [OpenFreq.Services.Acmi.AcmiClientService] ACMI status: "Failed" -> "Connecting"
2026-09-26 17:52:28.210 -04:00 [INF] [OpenFreq.Services.Acmi.AcmiClientService] Connecting to 100.30.236.80:42674
2026-09-26 17:52:49.237 -04:00 [ERR] [OpenFreq.Services.Acmi.AcmiClientService] Connection error
System.Net.Sockets.SocketException (10060): A connection attempt failed because the connected party did not properly respond after a period of time, or established connection failed because connected host has failed to respond.
   at System.Net.Sockets.Socket.AwaitableSocketAsyncEventArgs.ThrowException(SocketError error, CancellationToken cancellationToken)
   at System.Net.Sockets.Socket.AwaitableSocketAsyncEventArgs.System.Threading.Tasks.Sources.IValueTaskSource.GetResult(Int16 token)
   at System.Net.Sockets.TcpClient.CompleteConnectAsync(ValueTask task)
   at OpenFreq.Services.Acmi.AcmiClientService.ConnectionLoopAsync(CancellationToken cancellationToken)
2026-09-26 17:52:49.237 -04:00 [INF] [OpenFreq.Services.Acmi.AcmiClientService] ACMI status: "Connecting" -> "Failed"
2026-09-26 17:52:54.237 -04:00 [INF] [OpenFreq.Services.Acmi.AcmiClientService] ACMI status: "Failed" -> "Connecting"
2026-09-26 17:52:54.237 -04:00 [INF] [OpenFreq.Services.Acmi.AcmiClientService] Connecting to 100.30.236.80:42674
2026-09-26 17:53:15.289 -04:00 [ERR] [OpenFreq.Services.Acmi.AcmiClientService] Connection error
System.Net.Sockets.SocketException (10060): A connection attempt failed because the connected party did not properly respond after a period of time, or established connection failed because connected host has failed to respond.
   at System.Net.Sockets.Socket.AwaitableSocketAsyncEventArgs.ThrowException(SocketError error, CancellationToken cancellationToken)
   at System.Net.Sockets.Socket.AwaitableSocketAsyncEventArgs.System.Threading.Tasks.Sources.IValueTaskSource.GetResult(Int16 token)
   at System.Net.Sockets.TcpClient.CompleteConnectAsync(ValueTask task)
   at OpenFreq.Services.Acmi.AcmiClientService.ConnectionLoopAsync(CancellationToken cancellationToken)
2026-09-26 17:53:15.289 -04:00 [INF] [OpenFreq.Services.Acmi.AcmiClientService] ACMI status: "Connecting" -> "Failed"
2026-09-26 17:53:20.290 -04:00 [INF] [OpenFreq.Services.Acmi.AcmiClientService] ACMI status: "Failed" -> "Connecting"
2026-09-26 17:53:20.290 -04:00 [INF] [OpenFreq.Services.Acmi.AcmiClientService] Connecting to 100.30.236.80:42674
2026-09-26 17:53:41.338 -04:00 [ERR] [OpenFreq.Services.Acmi.AcmiClientService] Connection error
System.Net.Sockets.SocketException (10060): A connection attempt failed because the connected party did not properly respond after a period of time, or established connection failed because connected host has failed to respond.
   at System.Net.Sockets.Socket.AwaitableSocketAsyncEventArgs.ThrowException(SocketError error, CancellationToken cancellationToken)
   at System.Net.Sockets.Socket.AwaitableSocketAsyncEventArgs.System.Threading.Tasks.Sources.IValueTaskSource.GetResult(Int16 token)
   at System.Net.Sockets.TcpClient.CompleteConnectAsync(ValueTask task)
   at OpenFreq.Services.Acmi.AcmiClientService.ConnectionLoopAsync(CancellationToken cancellationToken)
2026-09-26 17:53:41.338 -04:00 [INF] [OpenFreq.Services.Acmi.AcmiClientService] ACMI status: "Connecting" -> "Failed"
2026-09-26 17:53:46.339 -04:00 [INF] [OpenFreq.Services.Acmi.AcmiClientService] ACMI status: "Failed" -> "Connecting"
2026-09-26 17:53:46.339 -04:00 [INF] [OpenFreq.Services.Acmi.AcmiClientService] Connecting to 100.30.236.80:42674
2026-09-26 17:54:07.373 -04:00 [ERR] [OpenFreq.Services.Acmi.AcmiClientService] Connection error
System.Net.Sockets.SocketException (10060): A connection attempt failed because the connected party did not properly respond after a period of time, or established connection failed because connected host has failed to respond.
   at System.Net.Sockets.Socket.AwaitableSocketAsyncEventArgs.ThrowException(SocketError error, CancellationToken cancellationToken)
   at System.Net.Sockets.Socket.AwaitableSocketAsyncEventArgs.System.Threading.Tasks.Sources.IValueTaskSource.GetResult(Int16 token)
   at System.Net.Sockets.TcpClient.CompleteConnectAsync(ValueTask task)
   at OpenFreq.Services.Acmi.AcmiClientService.ConnectionLoopAsync(CancellationToken cancellationToken)
2026-09-26 17:54:07.374 -04:00 [INF] [OpenFreq.Services.Acmi.AcmiClientService] ACMI status: "Connecting" -> "Failed"
2026-09-26 17:54:12.375 -04:00 [INF] [OpenFreq.Services.Acmi.AcmiClientService] ACMI status: "Failed" -> "Connecting"
2026-09-26 17:54:12.375 -04:00 [INF] [OpenFreq.Services.Acmi.AcmiClientService] Connecting to 100.30.236.80:42674
2026-09-26 17:54:33.420 -04:00 [ERR] [OpenFreq.Services.Acmi.AcmiClientService] Connection error
System.Net.Sockets.SocketException (10060): A connection attempt failed because the connected party did not properly respond after a period of time, or established connection failed because connected host has failed to respond.
   at System.Net.Sockets.Socket.AwaitableSocketAsyncEventArgs.ThrowException(SocketError error, CancellationToken cancellationToken)
   at System.Net.Sockets.Socket.AwaitableSocketAsyncEventArgs.System.Threading.Tasks.Sources.IValueTaskSource.GetResult(Int16 token)
   at System.Net.Sockets.TcpClient.CompleteConnectAsync(ValueTask task)
   at OpenFreq.Services.Acmi.AcmiClientService.ConnectionLoopAsync(CancellationToken cancellationToken)
2026-09-26 17:54:33.420 -04:00 [INF] [OpenFreq.Services.Acmi.AcmiClientService] ACMI status: "Connecting" -> "Failed"
2026-09-26 17:54:38.420 -04:00 [INF] [OpenFreq.Services.Acmi.AcmiClientService] ACMI status: "Failed" -> "Connecting"
2026-09-26 17:54:38.421 -04:00 [INF] [OpenFreq.Services.Acmi.AcmiClientService] Connecting to 100.30.236.80:42674
2026-09-26 17:54:59.463 -04:00 [ERR] [OpenFreq.Services.Acmi.AcmiClientService] Connection error
System.Net.Sockets.SocketException (10060): A connection attempt failed because the connected party did not properly respond after a period of time, or established connection failed because connected host has failed to respond.
   at System.Net.Sockets.Socket.AwaitableSocketAsyncEventArgs.ThrowException(SocketError error, CancellationToken cancellationToken)
   at System.Net.Sockets.Socket.AwaitableSocketAsyncEventArgs.System.Threading.Tasks.Sources.IValueTaskSource.GetResult(Int16 token)
   at System.Net.Sockets.TcpClient.CompleteConnectAsync(ValueTask task)
   at OpenFreq.Services.Acmi.AcmiClientService.ConnectionLoopAsync(CancellationToken cancellationToken)
2026-09-26 17:54:59.464 -04:00 [INF] [OpenFreq.Services.Acmi.AcmiClientService] ACMI status: "Connecting" -> "Failed"
2026-09-26 17:55:04.464 -04:00 [INF] [OpenFreq.Services.Acmi.AcmiClientService] ACMI status: "Failed" -> "Connecting"
2026-09-26 17:55:04.464 -04:00 [INF] [OpenFreq.Services.Acmi.AcmiClientService] Connecting to 100.30.236.80:42674
2026-09-26 17:55:25.515 -04:00 [ERR] [OpenFreq.Services.Acmi.AcmiClientService] Connection error
System.Net.Sockets.SocketException (10060): A connection attempt failed because the connected party did not properly respond after a period of time, or established connection failed because connected host has failed to respond.
   at System.Net.Sockets.Socket.AwaitableSocketAsyncEventArgs.ThrowException(SocketError error, CancellationToken cancellationToken)
   at System.Net.Sockets.Socket.AwaitableSocketAsyncEventArgs.System.Threading.Tasks.Sources.IValueTaskSource.GetResult(Int16 token)
   at System.Net.Sockets.TcpClient.CompleteConnectAsync(ValueTask task)
   at OpenFreq.Services.Acmi.AcmiClientService.ConnectionLoopAsync(CancellationToken cancellationToken)
2026-09-26 17:55:25.516 -04:00 [INF] [OpenFreq.Services.Acmi.AcmiClientService] ACMI status: "Connecting" -> "Failed"
2026-09-26 17:55:30.516 -04:00 [INF] [OpenFreq.Services.Acmi.AcmiClientService] ACMI status: "Failed" -> "Connecting"
2026-09-26 17:55:30.516 -04:00 [INF] [OpenFreq.Services.Acmi.AcmiClientService] Connecting to 100.30.236.80:42674
2026-09-26 17:55:51.548 -04:00 [ERR] [OpenFreq.Services.Acmi.AcmiClientService] Connection error
System.Net.Sockets.SocketException (10060): A connection attempt failed because the connected party did not properly respond after a period of time, or established connection failed because connected host has failed to respond.
   at System.Net.Sockets.Socket.AwaitableSocketAsyncEventArgs.ThrowException(SocketError error, CancellationToken cancellationToken)
   at System.Net.Sockets.Socket.AwaitableSocketAsyncEventArgs.System.Threading.Tasks.Sources.IValueTaskSource.GetResult(Int16 token)
   at System.Net.Sockets.TcpClient.CompleteConnectAsync(ValueTask task)
   at OpenFreq.Services.Acmi.AcmiClientService.ConnectionLoopAsync(CancellationToken cancellationToken)
2026-09-26 17:55:51.548 -04:00 [INF] [OpenFreq.Services.Acmi.AcmiClientService] ACMI status: "Connecting" -> "Failed"
2026-09-26 17:55:56.549 -04:00 [INF] [OpenFreq.Services.Acmi.AcmiClientService] ACMI status: "Failed" -> "Connecting"
2026-09-26 17:55:56.549 -04:00 [INF] [OpenFreq.Services.Acmi.AcmiClientService] Connecting to 100.30.236.80:42674
2026-09-26 17:56:17.602 -04:00 [ERR] [OpenFreq.Services.Acmi.AcmiClientService] Connection error
System.Net.Sockets.SocketException (10060): A connection attempt failed because the connected party did not properly respond after a period of time, or established connection failed because connected host has failed to respond.
   at System.Net.Sockets.Socket.AwaitableSocketAsyncEventArgs.ThrowException(SocketError error, CancellationToken cancellationToken)
   at System.Net.Sockets.Socket.AwaitableSocketAsyncEventArgs.System.Threading.Tasks.Sources.IValueTaskSource.GetResult(Int16 token)
   at System.Net.Sockets.TcpClient.CompleteConnectAsync(ValueTask task)
   at OpenFreq.Services.Acmi.AcmiClientService.ConnectionLoopAsync(CancellationToken cancellationToken)
2026-09-26 17:56:17.602 -04:00 [INF] [OpenFreq.Services.Acmi.AcmiClientService] ACMI status: "Connecting" -> "Failed"
2026-09-26 17:56:22.601 -04:00 [INF] [OpenFreq.Services.Acmi.AcmiClientService] ACMI status: "Failed" -> "Connecting"
2026-09-26 17:56:22.601 -04:00 [INF] [OpenFreq.Services.Acmi.AcmiClientService] Connecting to 100.30.236.80:42674
2026-09-26 17:56:43.641 -04:00 [ERR] [OpenFreq.Services.Acmi.AcmiClientService] Connection error
System.Net.Sockets.SocketException (10060): A connection attempt failed because the connected party did not properly respond after a period of time, or established connection failed because connected host has failed to respond.
   at System.Net.Sockets.Socket.AwaitableSocketAsyncEventArgs.ThrowException(SocketError error, CancellationToken cancellationToken)
   at System.Net.Sockets.Socket.AwaitableSocketAsyncEventArgs.System.Threading.Tasks.Sources.IValueTaskSource.GetResult(Int16 token)
   at System.Net.Sockets.TcpClient.CompleteConnectAsync(ValueTask task)
   at OpenFreq.Services.Acmi.AcmiClientService.ConnectionLoopAsync(CancellationToken cancellationToken)
2026-09-26 17:56:43.641 -04:00 [INF] [OpenFreq.Services.Acmi.AcmiClientService] ACMI status: "Connecting" -> "Failed"
2026-09-26 17:56:48.641 -04:00 [INF] [OpenFreq.Services.Acmi.AcmiClientService] ACMI status: "Failed" -> "Connecting"
2026-09-26 17:56:48.641 -04:00 [INF] [OpenFreq.Services.Acmi.AcmiClientService] Connecting to 100.30.236.80:42674
2026-09-26 17:57:09.706 -04:00 [ERR] [OpenFreq.Services.Acmi.AcmiClientService] Connection error
System.Net.Sockets.SocketException (10060): A connection attempt failed because the connected party did not properly respond after a period of time, or established connection failed because connected host has failed to respond.
   at System.Net.Sockets.Socket.AwaitableSocketAsyncEventArgs.ThrowException(SocketError error, CancellationToken cancellationToken)
   at System.Net.Sockets.Socket.AwaitableSocketAsyncEventArgs.System.Threading.Tasks.Sources.IValueTaskSource.GetResult(Int16 token)
   at System.Net.Sockets.TcpClient.CompleteConnectAsync(ValueTask task)
   at OpenFreq.Services.Acmi.AcmiClientService.ConnectionLoopAsync(CancellationToken cancellationToken)
2026-09-26 17:57:09.706 -04:00 [INF] [OpenFreq.Services.Acmi.AcmiClientService] ACMI status: "Connecting" -> "Failed"
2026-09-26 17:57:14.706 -04:00 [INF] [OpenFreq.Services.Acmi.AcmiClientService] ACMI status: "Failed" -> "Connecting"
2026-09-26 17:57:14.706 -04:00 [INF] [OpenFreq.Services.Acmi.AcmiClientService] Connecting to 100.30.236.80:42674
2026-09-26 17:57:35.736 -04:00 [ERR] [OpenFreq.Services.Acmi.AcmiClientService] Connection error
System.Net.Sockets.SocketException (10060): A connection attempt failed because the connected party did not properly respond after a period of time, or established connection failed because connected host has failed to respond.
   at System.Net.Sockets.Socket.AwaitableSocketAsyncEventArgs.ThrowException(SocketError error, CancellationToken cancellationToken)
   at System.Net.Sockets.Socket.AwaitableSocketAsyncEventArgs.System.Threading.Tasks.Sources.IValueTaskSource.GetResult(Int16 token)
   at System.Net.Sockets.TcpClient.CompleteConnectAsync(ValueTask task)
   at OpenFreq.Services.Acmi.AcmiClientService.ConnectionLoopAsync(CancellationToken cancellationToken)
2026-09-26 17:57:35.737 -04:00 [INF] [OpenFreq.Services.Acmi.AcmiClientService] ACMI status: "Connecting" -> "Failed"
2026-09-26 17:57:40.737 -04:00 [INF] [OpenFreq.Services.Acmi.AcmiClientService] ACMI status: "Failed" -> "Connecting"
2026-09-26 17:57:40.737 -04:00 [INF] [OpenFreq.Services.Acmi.AcmiClientService] Connecting to 100.30.236.80:42674
2026-09-26 17:58:01.768 -04:00 [ERR] [OpenFreq.Services.Acmi.AcmiClientService] Connection error
System.Net.Sockets.SocketException (10060): A connection attempt failed because the connected party did not properly respond after a period of time, or established connection failed because connected host has failed to respond.
   at System.Net.Sockets.Socket.AwaitableSocketAsyncEventArgs.ThrowException(SocketError error, CancellationToken cancellationToken)
   at System.Net.Sockets.Socket.AwaitableSocketAsyncEventArgs.System.Threading.Tasks.Sources.IValueTaskSource.GetResult(Int16 token)
   at System.Net.Sockets.TcpClient.CompleteConnectAsync(ValueTask task)
   at OpenFreq.Services.Acmi.AcmiClientService.ConnectionLoopAsync(CancellationToken cancellationToken)
2026-09-26 17:58:01.768 -04:00 [INF] [OpenFreq.Services.Acmi.AcmiClientService] ACMI status: "Connecting" -> "Failed"
2026-09-26 17:58:06.768 -04:00 [INF] [OpenFreq.Services.Acmi.AcmiClientService] ACMI status: "Failed" -> "Connecting"
2026-09-26 17:58:06.768 -04:00 [INF] [OpenFreq.Services.Acmi.AcmiClientService] Connecting to 100.30.236.80:42674
2026-09-26 17:58:27.799 -04:00 [ERR] [OpenFreq.Services.Acmi.AcmiClientService] Connection error
System.Net.Sockets.SocketException (10060): A connection attempt failed because the connected party did not properly respond after a period of time, or established connection failed because connected host has failed to respond.
   at System.Net.Sockets.Socket.AwaitableSocketAsyncEventArgs.ThrowException(SocketError error, CancellationToken cancellationToken)
   at System.Net.Sockets.Socket.AwaitableSocketAsyncEventArgs.System.Threading.Tasks.Sources.IValueTaskSource.GetResult(Int16 token)
   at System.Net.Sockets.TcpClient.CompleteConnectAsync(ValueTask task)
   at OpenFreq.Services.Acmi.AcmiClientService.ConnectionLoopAsync(CancellationToken cancellationToken)
2026-09-26 17:58:27.799 -04:00 [INF] [OpenFreq.Services.Acmi.AcmiClientService] ACMI status: "Connecting" -> "Failed"
2026-09-26 17:58:32.800 -04:00 [INF] [OpenFreq.Services.Acmi.AcmiClientService] ACMI status: "Failed" -> "Connecting"
2026-09-26 17:58:32.800 -04:00 [INF] [OpenFreq.Services.Acmi.AcmiClientService] Connecting to 100.30.236.80:42674
2026-09-26 17:58:53.842 -04:00 [ERR] [OpenFreq.Services.Acmi.AcmiClientService] Connection error
System.Net.Sockets.SocketException (10060): A connection attempt failed because the connected party did not properly respond after a period of time, or established connection failed because connected host has failed to respond.
   at System.Net.Sockets.Socket.AwaitableSocketAsyncEventArgs.ThrowException(SocketError error, CancellationToken cancellationToken)
   at System.Net.Sockets.Socket.AwaitableSocketAsyncEventArgs.System.Threading.Tasks.Sources.IValueTaskSource.GetResult(Int16 token)
   at System.Net.Sockets.TcpClient.CompleteConnectAsync(ValueTask task)
   at OpenFreq.Services.Acmi.AcmiClientService.ConnectionLoopAsync(CancellationToken cancellationToken)
2026-09-26 17:58:53.843 -04:00 [INF] [OpenFreq.Services.Acmi.AcmiClientService] ACMI status: "Connecting" -> "Failed"
2026-09-26 17:58:58.843 -04:00 [INF] [OpenFreq.Services.Acmi.AcmiClientService] ACMI status: "Failed" -> "Connecting"
2026-09-26 17:58:58.843 -04:00 [INF] [OpenFreq.Services.Acmi.AcmiClientService] Connecting to 100.30.236.80:42674
2026-09-26 17:59:19.901 -04:00 [ERR] [OpenFreq.Services.Acmi.AcmiClientService] Connection error
System.Net.Sockets.SocketException (10060): A connection attempt failed because the connected party did not properly respond after a period of time, or established connection failed because connected host has failed to respond.
   at System.Net.Sockets.Socket.AwaitableSocketAsyncEventArgs.ThrowException(SocketError error, CancellationToken cancellationToken)
   at System.Net.Sockets.Socket.AwaitableSocketAsyncEventArgs.System.Threading.Tasks.Sources.IValueTaskSource.GetResult(Int16 token)
   at System.Net.Sockets.TcpClient.CompleteConnectAsync(ValueTask task)
   at OpenFreq.Services.Acmi.AcmiClientService.ConnectionLoopAsync(CancellationToken cancellationToken)
2026-09-26 17:59:19.901 -04:00 [INF] [OpenFreq.Services.Acmi.AcmiClientService] ACMI status: "Connecting" -> "Failed"
2026-09-26 17:59:24.901 -04:00 [INF] [OpenFreq.Services.Acmi.AcmiClientService] ACMI status: "Failed" -> "Connecting"
2026-09-26 17:59:24.901 -04:00 [INF] [OpenFreq.Services.Acmi.AcmiClientService] Connecting to 100.30.236.80:42674
2026-09-26 17:59:45.948 -04:00 [ERR] [OpenFreq.Services.Acmi.AcmiClientService] Connection error
System.Net.Sockets.SocketException (10060): A connection attempt failed because the connected party did not properly respond after a period of time, or established connection failed because connected host has failed to respond.
   at System.Net.Sockets.Socket.AwaitableSocketAsyncEventArgs.ThrowException(SocketError error, CancellationToken cancellationToken)
   at System.Net.Sockets.Socket.AwaitableSocketAsyncEventArgs.System.Threading.Tasks.Sources.IValueTaskSource.GetResult(Int16 token)
   at System.Net.Sockets.TcpClient.CompleteConnectAsync(ValueTask task)
   at OpenFreq.Services.Acmi.AcmiClientService.ConnectionLoopAsync(CancellationToken cancellationToken)
2026-09-26 17:59:45.948 -04:00 [INF] [OpenFreq.Services.Acmi.AcmiClientService] ACMI status: "Connecting" -> "Failed"
2026-09-26 17:59:50.948 -04:00 [INF] [OpenFreq.Services.Acmi.AcmiClientService] ACMI status: "Failed" -> "Connecting"
2026-09-26 17:59:50.948 -04:00 [INF] [OpenFreq.Services.Acmi.AcmiClientService] Connecting to 100.30.236.80:42674
2026-09-26 18:00:11.987 -04:00 [ERR] [OpenFreq.Services.Acmi.AcmiClientService] Connection error
System.Net.Sockets.SocketException (10060): A connection attempt failed because the connected party did not properly respond after a period of time, or established connection failed because connected host has failed to respond.
   at System.Net.Sockets.Socket.AwaitableSocketAsyncEventArgs.ThrowException(SocketError error, CancellationToken cancellationToken)
   at System.Net.Sockets.Socket.AwaitableSocketAsyncEventArgs.System.Threading.Tasks.Sources.IValueTaskSource.GetResult(Int16 token)
   at System.Net.Sockets.TcpClient.CompleteConnectAsync(ValueTask task)
   at OpenFreq.Services.Acmi.AcmiClientService.ConnectionLoopAsync(CancellationToken cancellationToken)
2026-09-26 18:00:11.988 -04:00 [INF] [OpenFreq.Services.Acmi.AcmiClientService] ACMI status: "Connecting" -> "Failed"
2026-09-26 18:00:16.987 -04:00 [INF] [OpenFreq.Services.Acmi.AcmiClientService] ACMI status: "Failed" -> "Connecting"
2026-09-26 18:00:16.987 -04:00 [INF] [OpenFreq.Services.Acmi.AcmiClientService] Connecting to 100.30.236.80:42674
2026-09-26 18:00:38.030 -04:00 [ERR] [OpenFreq.Services.Acmi.AcmiClientService] Connection error
System.Net.Sockets.SocketException (10060): A connection attempt failed because the connected party did not properly respond after a period of time, or established connection failed because connected host has failed to respond.
   at System.Net.Sockets.Socket.AwaitableSocketAsyncEventArgs.ThrowException(SocketError error, CancellationToken cancellationToken)
   at System.Net.Sockets.Socket.AwaitableSocketAsyncEventArgs.System.Threading.Tasks.Sources.IValueTaskSource.GetResult(Int16 token)
   at System.Net.Sockets.TcpClient.CompleteConnectAsync(ValueTask task)
   at OpenFreq.Services.Acmi.AcmiClientService.ConnectionLoopAsync(CancellationToken cancellationToken)
2026-09-26 18:00:38.030 -04:00 [INF] [OpenFreq.Services.Acmi.AcmiClientService] ACMI status: "Connecting" -> "Failed"
2026-09-26 18:00:43.030 -04:00 [INF] [OpenFreq.Services.Acmi.AcmiClientService] ACMI status: "Failed" -> "Connecting"
2026-09-26 18:00:43.030 -04:00 [INF] [OpenFreq.Services.Acmi.AcmiClientService] Connecting to 100.30.236.80:42674
2026-09-26 18:01:04.080 -04:00 [ERR] [OpenFreq.Services.Acmi.AcmiClientService] Connection error
System.Net.Sockets.SocketException (10060): A connection attempt failed because the connected party did not properly respond after a period of time, or established connection failed because connected host has failed to respond.
   at System.Net.Sockets.Socket.AwaitableSocketAsyncEventArgs.ThrowException(SocketError error, CancellationToken cancellationToken)
   at System.Net.Sockets.Socket.AwaitableSocketAsyncEventArgs.System.Threading.Tasks.Sources.IValueTaskSource.GetResult(Int16 token)
   at System.Net.Sockets.TcpClient.CompleteConnectAsync(ValueTask task)
   at OpenFreq.Services.Acmi.AcmiClientService.ConnectionLoopAsync(CancellationToken cancellationToken)
2026-09-26 18:01:04.080 -04:00 [INF] [OpenFreq.Services.Acmi.AcmiClientService] ACMI status: "Connecting" -> "Failed"
2026-09-26 18:01:09.080 -04:00 [INF] [OpenFreq.Services.Acmi.AcmiClientService] ACMI status: "Failed" -> "Connecting"
2026-09-26 18:01:09.080 -04:00 [INF] [OpenFreq.Services.Acmi.AcmiClientService] Connecting to 100.30.236.80:42674
2026-09-26 18:01:30.120 -04:00 [ERR] [OpenFreq.Services.Acmi.AcmiClientService] Connection error
System.Net.Sockets.SocketException (10060): A connection attempt failed because the connected party did not properly respond after a period of time, or established connection failed because connected host has failed to respond.
   at System.Net.Sockets.Socket.AwaitableSocketAsyncEventArgs.ThrowException(SocketError error, CancellationToken cancellationToken)
   at System.Net.Sockets.Socket.AwaitableSocketAsyncEventArgs.System.Threading.Tasks.Sources.IValueTaskSource.GetResult(Int16 token)
   at System.Net.Sockets.TcpClient.CompleteConnectAsync(ValueTask task)
   at OpenFreq.Services.Acmi.AcmiClientService.ConnectionLoopAsync(CancellationToken cancellationToken)
2026-09-26 18:01:30.120 -04:00 [INF] [OpenFreq.Services.Acmi.AcmiClientService] ACMI status: "Connecting" -> "Failed"
2026-09-26 18:01:35.120 -04:00 [INF] [OpenFreq.Services.Acmi.AcmiClientService] ACMI status: "Failed" -> "Connecting"
2026-09-26 18:01:35.120 -04:00 [INF] [OpenFreq.Services.Acmi.AcmiClientService] Connecting to 100.30.236.80:42674
2026-09-26 18:01:56.171 -04:00 [ERR] [OpenFreq.Services.Acmi.AcmiClientService] Connection error
System.Net.Sockets.SocketException (10060): A connection attempt failed because the connected party did not properly respond after a period of time, or established connection failed because connected host has failed to respond.
   at System.Net.Sockets.Socket.AwaitableSocketAsyncEventArgs.ThrowException(SocketError error, CancellationToken cancellationToken)
   at System.Net.Sockets.Socket.AwaitableSocketAsyncEventArgs.System.Threading.Tasks.Sources.IValueTaskSource.GetResult(Int16 token)
   at System.Net.Sockets.TcpClient.CompleteConnectAsync(ValueTask task)
   at OpenFreq.Services.Acmi.AcmiClientService.ConnectionLoopAsync(CancellationToken cancellationToken)
2026-09-26 18:01:56.171 -04:00 [INF] [OpenFreq.Services.Acmi.AcmiClientService] ACMI status: "Connecting" -> "Failed"
2026-09-26 18:02:01.173 -04:00 [INF] [OpenFreq.Services.Acmi.AcmiClientService] ACMI status: "Failed" -> "Connecting"
2026-09-26 18:02:01.173 -04:00 [INF] [OpenFreq.Services.Acmi.AcmiClientService] Connecting to 100.30.236.80:42674
2026-09-26 18:02:22.201 -04:00 [ERR] [OpenFreq.Services.Acmi.AcmiClientService] Connection error
System.Net.Sockets.SocketException (10060): A connection attempt failed because the connected party did not properly respond after a period of time, or established connection failed because connected host has failed to respond.
   at System.Net.Sockets.Socket.AwaitableSocketAsyncEventArgs.ThrowException(SocketError error, CancellationToken cancellationToken)
   at System.Net.Sockets.Socket.AwaitableSocketAsyncEventArgs.System.Threading.Tasks.Sources.IValueTaskSource.GetResult(Int16 token)
   at System.Net.Sockets.TcpClient.CompleteConnectAsync(ValueTask task)
   at OpenFreq.Services.Acmi.AcmiClientService.ConnectionLoopAsync(CancellationToken cancellationToken)
2026-09-26 18:02:22.202 -04:00 [INF] [OpenFreq.Services.Acmi.AcmiClientService] ACMI status: "Connecting" -> "Failed"
2026-09-26 18:02:27.202 -04:00 [INF] [OpenFreq.Services.Acmi.AcmiClientService] ACMI status: "Failed" -> "Connecting"
2026-09-26 18:02:27.202 -04:00 [INF] [OpenFreq.Services.Acmi.AcmiClientService] Connecting to 100.30.236.80:42674
2026-09-26 18:02:48.245 -04:00 [ERR] [OpenFreq.Services.Acmi.AcmiClientService] Connection error
System.Net.Sockets.SocketException (10060): A connection attempt failed because the connected party did not properly respond after a period of time, or established connection failed because connected host has failed to respond.
   at System.Net.Sockets.Socket.AwaitableSocketAsyncEventArgs.ThrowException(SocketError error, CancellationToken cancellationToken)
   at System.Net.Sockets.Socket.AwaitableSocketAsyncEventArgs.System.Threading.Tasks.Sources.IValueTaskSource.GetResult(Int16 token)
   at System.Net.Sockets.TcpClient.CompleteConnectAsync(ValueTask task)
   at OpenFreq.Services.Acmi.AcmiClientService.ConnectionLoopAsync(CancellationToken cancellationToken)
2026-09-26 18:02:48.245 -04:00 [INF] [OpenFreq.Services.Acmi.AcmiClientService] ACMI status: "Connecting" -> "Failed"
2026-09-26 18:02:53.245 -04:00 [INF] [OpenFreq.Services.Acmi.AcmiClientService] ACMI status: "Failed" -> "Connecting"
2026-09-26 18:02:53.245 -04:00 [INF] [OpenFreq.Services.Acmi.AcmiClientService] Connecting to 100.30.236.80:42674
2026-09-26 18:03:14.274 -04:00 [ERR] [OpenFreq.Services.Acmi.AcmiClientService] Connection error
System.Net.Sockets.SocketException (10060): A connection attempt failed because the connected party did not properly respond after a period of time, or established connection failed because connected host has failed to respond.
   at System.Net.Sockets.Socket.AwaitableSocketAsyncEventArgs.ThrowException(SocketError error, CancellationToken cancellationToken)
   at System.Net.Sockets.Socket.AwaitableSocketAsyncEventArgs.System.Threading.Tasks.Sources.IValueTaskSource.GetResult(Int16 token)
   at System.Net.Sockets.TcpClient.CompleteConnectAsync(ValueTask task)
   at OpenFreq.Services.Acmi.AcmiClientService.ConnectionLoopAsync(CancellationToken cancellationToken)
2026-09-26 18:03:14.274 -04:00 [INF] [OpenFreq.Services.Acmi.AcmiClientService] ACMI status: "Connecting" -> "Failed"
2026-09-26 18:03:19.274 -04:00 [INF] [OpenFreq.Services.Acmi.AcmiClientService] ACMI status: "Failed" -> "Connecting"
2026-09-26 18:03:19.274 -04:00 [INF] [OpenFreq.Services.Acmi.AcmiClientService] Connecting to 100.30.236.80:42674
2026-09-26 18:03:40.306 -04:00 [ERR] [OpenFreq.Services.Acmi.AcmiClientService] Connection error
System.Net.Sockets.SocketException (10060): A connection attempt failed because the connected party did not properly respond after a period of time, or established connection failed because connected host has failed to respond.
   at System.Net.Sockets.Socket.AwaitableSocketAsyncEventArgs.ThrowException(SocketError error, CancellationToken cancellationToken)
   at System.Net.Sockets.Socket.AwaitableSocketAsyncEventArgs.System.Threading.Tasks.Sources.IValueTaskSource.GetResult(Int16 token)
   at System.Net.Sockets.TcpClient.CompleteConnectAsync(ValueTask task)
   at OpenFreq.Services.Acmi.AcmiClientService.ConnectionLoopAsync(CancellationToken cancellationToken)
2026-09-26 18:03:40.307 -04:00 [INF] [OpenFreq.Services.Acmi.AcmiClientService] ACMI status: "Connecting" -> "Failed"
2026-09-26 18:03:45.308 -04:00 [INF] [OpenFreq.Services.Acmi.AcmiClientService] ACMI status: "Failed" -> "Connecting"
2026-09-26 18:03:45.308 -04:00 [INF] [OpenFreq.Services.Acmi.AcmiClientService] Connecting to 100.30.236.80:42674
2026-09-26 18:04:06.351 -04:00 [ERR] [OpenFreq.Services.Acmi.AcmiClientService] Connection error
System.Net.Sockets.SocketException (10060): A connection attempt failed because the connected party did not properly respond after a period of time, or established connection failed because connected host has failed to respond.
   at System.Net.Sockets.Socket.AwaitableSocketAsyncEventArgs.ThrowException(SocketError error, CancellationToken cancellationToken)
   at System.Net.Sockets.Socket.AwaitableSocketAsyncEventArgs.System.Threading.Tasks.Sources.IValueTaskSource.GetResult(Int16 token)
   at System.Net.Sockets.TcpClient.CompleteConnectAsync(ValueTask task)
   at OpenFreq.Services.Acmi.AcmiClientService.ConnectionLoopAsync(CancellationToken cancellationToken)
2026-09-26 18:04:06.352 -04:00 [INF] [OpenFreq.Services.Acmi.AcmiClientService] ACMI status: "Connecting" -> "Failed"
2026-09-26 18:04:11.353 -04:00 [INF] [OpenFreq.Services.Acmi.AcmiClientService] ACMI status: "Failed" -> "Connecting"
2026-09-26 18:04:11.353 -04:00 [INF] [OpenFreq.Services.Acmi.AcmiClientService] Connecting to 100.30.236.80:42674
2026-09-26 18:04:32.379 -04:00 [ERR] [OpenFreq.Services.Acmi.AcmiClientService] Connection error
System.Net.Sockets.SocketException (10060): A connection attempt failed because the connected party did not properly respond after a period of time, or established connection failed because connected host has failed to respond.
   at System.Net.Sockets.Socket.AwaitableSocketAsyncEventArgs.ThrowException(SocketError error, CancellationToken cancellationToken)
   at System.Net.Sockets.Socket.AwaitableSocketAsyncEventArgs.System.Threading.Tasks.Sources.IValueTaskSource.GetResult(Int16 token)
   at System.Net.Sockets.TcpClient.CompleteConnectAsync(ValueTask task)
   at OpenFreq.Services.Acmi.AcmiClientService.ConnectionLoopAsync(CancellationToken cancellationToken)
2026-09-26 18:04:32.380 -04:00 [INF] [OpenFreq.Services.Acmi.AcmiClientService] ACMI status: "Connecting" -> "Failed"
2026-09-26 18:04:37.379 -04:00 [INF] [OpenFreq.Services.Acmi.AcmiClientService] ACMI status: "Failed" -> "Connecting"
2026-09-26 18:04:37.379 -04:00 [INF] [OpenFreq.Services.Acmi.AcmiClientService] Connecting to 100.30.236.80:42674
2026-09-26 18:04:58.416 -04:00 [ERR] [OpenFreq.Services.Acmi.AcmiClientService] Connection error
System.Net.Sockets.SocketException (10060): A connection attempt failed because the connected party did not properly respond after a period of time, or established connection failed because connected host has failed to respond.
   at System.Net.Sockets.Socket.AwaitableSocketAsyncEventArgs.ThrowException(SocketError error, CancellationToken cancellationToken)
   at System.Net.Sockets.Socket.AwaitableSocketAsyncEventArgs.System.Threading.Tasks.Sources.IValueTaskSource.GetResult(Int16 token)
   at System.Net.Sockets.TcpClient.CompleteConnectAsync(ValueTask task)
   at OpenFreq.Services.Acmi.AcmiClientService.ConnectionLoopAsync(CancellationToken cancellationToken)
2026-09-26 18:04:58.416 -04:00 [INF] [OpenFreq.Services.Acmi.AcmiClientService] ACMI status: "Connecting" -> "Failed"
2026-09-26 18:05:03.416 -04:00 [INF] [OpenFreq.Services.Acmi.AcmiClientService] ACMI status: "Failed" -> "Connecting"
2026-09-26 18:05:03.416 -04:00 [INF] [OpenFreq.Services.Acmi.AcmiClientService] Connecting to 100.30.236.80:42674
2026-09-26 18:05:24.447 -04:00 [ERR] [OpenFreq.Services.Acmi.AcmiClientService] Connection error
System.Net.Sockets.SocketException (10060): A connection attempt failed because the connected party did not properly respond after a period of time, or established connection failed because connected host has failed to respond.
   at System.Net.Sockets.Socket.AwaitableSocketAsyncEventArgs.ThrowException(SocketError error, CancellationToken cancellationToken)
   at System.Net.Sockets.Socket.AwaitableSocketAsyncEventArgs.System.Threading.Tasks.Sources.IValueTaskSource.GetResult(Int16 token)
   at System.Net.Sockets.TcpClient.CompleteConnectAsync(ValueTask task)
   at OpenFreq.Services.Acmi.AcmiClientService.ConnectionLoopAsync(CancellationToken cancellationToken)
2026-09-26 18:05:24.447 -04:00 [INF] [OpenFreq.Services.Acmi.AcmiClientService] ACMI status: "Connecting" -> "Failed"
2026-09-26 18:05:29.447 -04:00 [INF] [OpenFreq.Services.Acmi.AcmiClientService] ACMI status: "Failed" -> "Connecting"
2026-09-26 18:05:29.447 -04:00 [INF] [OpenFreq.Services.Acmi.AcmiClientService] Connecting to 100.30.236.80:42674
2026-09-26 18:05:50.504 -04:00 [ERR] [OpenFreq.Services.Acmi.AcmiClientService] Connection error
System.Net.Sockets.SocketException (10060): A connection attempt failed because the connected party did not properly respond after a period of time, or established connection failed because connected host has failed to respond.
   at System.Net.Sockets.Socket.AwaitableSocketAsyncEventArgs.ThrowException(SocketError error, CancellationToken cancellationToken)
   at System.Net.Sockets.Socket.AwaitableSocketAsyncEventArgs.System.Threading.Tasks.Sources.IValueTaskSource.GetResult(Int16 token)
   at System.Net.Sockets.TcpClient.CompleteConnectAsync(ValueTask task)
   at OpenFreq.Services.Acmi.AcmiClientService.ConnectionLoopAsync(CancellationToken cancellationToken)
2026-09-26 18:05:50.504 -04:00 [INF] [OpenFreq.Services.Acmi.AcmiClientService] ACMI status: "Connecting" -> "Failed"
2026-09-26 18:05:55.504 -04:00 [INF] [OpenFreq.Services.Acmi.AcmiClientService] ACMI status: "Failed" -> "Connecting"
2026-09-26 18:05:55.504 -04:00 [INF] [OpenFreq.Services.Acmi.AcmiClientService] Connecting to 100.30.236.80:42674
2026-09-26 18:06:16.550 -04:00 [ERR] [OpenFreq.Services.Acmi.AcmiClientService] Connection error
System.Net.Sockets.SocketException (10060): A connection attempt failed because the connected party did not properly respond after a period of time, or established connection failed because connected host has failed to respond.
   at System.Net.Sockets.Socket.AwaitableSocketAsyncEventArgs.ThrowException(SocketError error, CancellationToken cancellationToken)
   at System.Net.Sockets.Socket.AwaitableSocketAsyncEventArgs.System.Threading.Tasks.Sources.IValueTaskSource.GetResult(Int16 token)
   at System.Net.Sockets.TcpClient.CompleteConnectAsync(ValueTask task)
   at OpenFreq.Services.Acmi.AcmiClientService.ConnectionLoopAsync(CancellationToken cancellationToken)
2026-09-26 18:06:16.550 -04:00 [INF] [OpenFreq.Services.Acmi.AcmiClientService] ACMI status: "Connecting" -> "Failed"
2026-09-26 18:06:21.550 -04:00 [INF] [OpenFreq.Services.Acmi.AcmiClientService] ACMI status: "Failed" -> "Connecting"
2026-09-26 18:06:21.550 -04:00 [INF] [OpenFreq.Services.Acmi.AcmiClientService] Connecting to 100.30.236.80:42674
2026-09-26 18:06:42.594 -04:00 [ERR] [OpenFreq.Services.Acmi.AcmiClientService] Connection error
System.Net.Sockets.SocketException (10060): A connection attempt failed because the connected party did not properly respond after a period of time, or established connection failed because connected host has failed to respond.
   at System.Net.Sockets.Socket.AwaitableSocketAsyncEventArgs.ThrowException(SocketError error, CancellationToken cancellationToken)
   at System.Net.Sockets.Socket.AwaitableSocketAsyncEventArgs.System.Threading.Tasks.Sources.IValueTaskSource.GetResult(Int16 token)
   at System.Net.Sockets.TcpClient.CompleteConnectAsync(ValueTask task)
   at OpenFreq.Services.Acmi.AcmiClientService.ConnectionLoopAsync(CancellationToken cancellationToken)
2026-09-26 18:06:42.594 -04:00 [INF] [OpenFreq.Services.Acmi.AcmiClientService] ACMI status: "Connecting" -> "Failed"
2026-09-26 18:06:47.594 -04:00 [INF] [OpenFreq.Services.Acmi.AcmiClientService] ACMI status: "Failed" -> "Connecting"
2026-09-26 18:06:47.594 -04:00 [INF] [OpenFreq.Services.Acmi.AcmiClientService] Connecting to 100.30.236.80:42674
2026-09-26 18:07:08.650 -04:00 [ERR] [OpenFreq.Services.Acmi.AcmiClientService] Connection error
System.Net.Sockets.SocketException (10060): A connection attempt failed because the connected party did not properly respond after a period of time, or established connection failed because connected host has failed to respond.
   at System.Net.Sockets.Socket.AwaitableSocketAsyncEventArgs.ThrowException(SocketError error, CancellationToken cancellationToken)
   at System.Net.Sockets.Socket.AwaitableSocketAsyncEventArgs.System.Threading.Tasks.Sources.IValueTaskSource.GetResult(Int16 token)
   at System.Net.Sockets.TcpClient.CompleteConnectAsync(ValueTask task)
   at OpenFreq.Services.Acmi.AcmiClientService.ConnectionLoopAsync(CancellationToken cancellationToken)
2026-09-26 18:07:08.650 -04:00 [INF] [OpenFreq.Services.Acmi.AcmiClientService] ACMI status: "Connecting" -> "Failed"
2026-09-26 18:07:13.651 -04:00 [INF] [OpenFreq.Services.Acmi.AcmiClientService] ACMI status: "Failed" -> "Connecting"
2026-09-26 18:07:13.651 -04:00 [INF] [OpenFreq.Services.Acmi.AcmiClientService] Connecting to 100.30.236.80:42674
2026-09-26 18:07:34.687 -04:00 [ERR] [OpenFreq.Services.Acmi.AcmiClientService] Connection error
System.Net.Sockets.SocketException (10060): A connection attempt failed because the connected party did not properly respond after a period of time, or established connection failed because connected host has failed to respond.
   at System.Net.Sockets.Socket.AwaitableSocketAsyncEventArgs.ThrowException(SocketError error, CancellationToken cancellationToken)
   at System.Net.Sockets.Socket.AwaitableSocketAsyncEventArgs.System.Threading.Tasks.Sources.IValueTaskSource.GetResult(Int16 token)
   at System.Net.Sockets.TcpClient.CompleteConnectAsync(ValueTask task)
   at OpenFreq.Services.Acmi.AcmiClientService.ConnectionLoopAsync(CancellationToken cancellationToken)
2026-09-26 18:07:34.688 -04:00 [INF] [OpenFreq.Services.Acmi.AcmiClientService] ACMI status: "Connecting" -> "Failed"
2026-09-26 18:07:39.689 -04:00 [INF] [OpenFreq.Services.Acmi.AcmiClientService] ACMI status: "Failed" -> "Connecting"
2026-09-26 18:07:39.689 -04:00 [INF] [OpenFreq.Services.Acmi.AcmiClientService] Connecting to 100.30.236.80:42674
2026-09-26 18:08:00.735 -04:00 [ERR] [OpenFreq.Services.Acmi.AcmiClientService] Connection error
System.Net.Sockets.SocketException (10060): A connection attempt failed because the connected party did not properly respond after a period of time, or established connection failed because connected host has failed to respond.
   at System.Net.Sockets.Socket.AwaitableSocketAsyncEventArgs.ThrowException(SocketError error, CancellationToken cancellationToken)
   at System.Net.Sockets.Socket.AwaitableSocketAsyncEventArgs.System.Threading.Tasks.Sources.IValueTaskSource.GetResult(Int16 token)
   at System.Net.Sockets.TcpClient.CompleteConnectAsync(ValueTask task)
   at OpenFreq.Services.Acmi.AcmiClientService.ConnectionLoopAsync(CancellationToken cancellationToken)
2026-09-26 18:08:00.735 -04:00 [INF] [OpenFreq.Services.Acmi.AcmiClientService] ACMI status: "Connecting" -> "Failed"
2026-09-26 18:08:05.735 -04:00 [INF] [OpenFreq.Services.Acmi.AcmiClientService] ACMI status: "Failed" -> "Connecting"
2026-09-26 18:08:05.736 -04:00 [INF] [OpenFreq.Services.Acmi.AcmiClientService] Connecting to 100.30.236.80:42674
2026-09-26 18:08:26.774 -04:00 [ERR] [OpenFreq.Services.Acmi.AcmiClientService] Connection error
System.Net.Sockets.SocketException (10060): A connection attempt failed because the connected party did not properly respond after a period of time, or established connection failed because connected host has failed to respond.
   at System.Net.Sockets.Socket.AwaitableSocketAsyncEventArgs.ThrowException(SocketError error, CancellationToken cancellationToken)
   at System.Net.Sockets.Socket.AwaitableSocketAsyncEventArgs.System.Threading.Tasks.Sources.IValueTaskSource.GetResult(Int16 token)
   at System.Net.Sockets.TcpClient.CompleteConnectAsync(ValueTask task)
   at OpenFreq.Services.Acmi.AcmiClientService.ConnectionLoopAsync(CancellationToken cancellationToken)
2026-09-26 18:08:26.775 -04:00 [INF] [OpenFreq.Services.Acmi.AcmiClientService] ACMI status: "Connecting" -> "Failed"
2026-09-26 18:08:31.774 -04:00 [INF] [OpenFreq.Services.Acmi.AcmiClientService] ACMI status: "Failed" -> "Connecting"
2026-09-26 18:08:31.775 -04:00 [INF] [OpenFreq.Services.Acmi.AcmiClientService] Connecting to 100.30.236.80:42674
2026-09-26 18:08:52.823 -04:00 [ERR] [OpenFreq.Services.Acmi.AcmiClientService] Connection error
System.Net.Sockets.SocketException (10060): A connection attempt failed because the connected party did not properly respond after a period of time, or established connection failed because connected host has failed to respond.
   at System.Net.Sockets.Socket.AwaitableSocketAsyncEventArgs.ThrowException(SocketError error, CancellationToken cancellationToken)
   at System.Net.Sockets.Socket.AwaitableSocketAsyncEventArgs.System.Threading.Tasks.Sources.IValueTaskSource.GetResult(Int16 token)
   at System.Net.Sockets.TcpClient.CompleteConnectAsync(ValueTask task)
   at OpenFreq.Services.Acmi.AcmiClientService.ConnectionLoopAsync(CancellationToken cancellationToken)
2026-09-26 18:08:52.823 -04:00 [INF] [OpenFreq.Services.Acmi.AcmiClientService] ACMI status: "Connecting" -> "Failed"
2026-09-26 18:08:57.823 -04:00 [INF] [OpenFreq.Services.Acmi.AcmiClientService] ACMI status: "Failed" -> "Connecting"
2026-09-26 18:08:57.823 -04:00 [INF] [OpenFreq.Services.Acmi.AcmiClientService] Connecting to 100.30.236.80:42674
2026-09-26 18:09:18.872 -04:00 [ERR] [OpenFreq.Services.Acmi.AcmiClientService] Connection error
System.Net.Sockets.SocketException (10060): A connection attempt failed because the connected party did not properly respond after a period of time, or established connection failed because connected host has failed to respond.
   at System.Net.Sockets.Socket.AwaitableSocketAsyncEventArgs.ThrowException(SocketError error, CancellationToken cancellationToken)
   at System.Net.Sockets.Socket.AwaitableSocketAsyncEventArgs.System.Threading.Tasks.Sources.IValueTaskSource.GetResult(Int16 token)
   at System.Net.Sockets.TcpClient.CompleteConnectAsync(ValueTask task)
   at OpenFreq.Services.Acmi.AcmiClientService.ConnectionLoopAsync(CancellationToken cancellationToken)
2026-09-26 18:09:18.873 -04:00 [INF] [OpenFreq.Services.Acmi.AcmiClientService] ACMI status: "Connecting" -> "Failed"
2026-09-26 18:09:23.874 -04:00 [INF] [OpenFreq.Services.Acmi.AcmiClientService] ACMI status: "Failed" -> "Connecting"
2026-09-26 18:09:23.874 -04:00 [INF] [OpenFreq.Services.Acmi.AcmiClientService] Connecting to 100.30.236.80:42674
2026-09-26 18:09:44.909 -04:00 [ERR] [OpenFreq.Services.Acmi.AcmiClientService] Connection error
System.Net.Sockets.SocketException (10060): A connection attempt failed because the connected party did not properly respond after a period of time, or established connection failed because connected host has failed to respond.
   at System.Net.Sockets.Socket.AwaitableSocketAsyncEventArgs.ThrowException(SocketError error, CancellationToken cancellationToken)
   at System.Net.Sockets.Socket.AwaitableSocketAsyncEventArgs.System.Threading.Tasks.Sources.IValueTaskSource.GetResult(Int16 token)
   at System.Net.Sockets.TcpClient.CompleteConnectAsync(ValueTask task)
   at OpenFreq.Services.Acmi.AcmiClientService.ConnectionLoopAsync(CancellationToken cancellationToken)
2026-09-26 18:09:44.909 -04:00 [INF] [OpenFreq.Services.Acmi.AcmiClientService] ACMI status: "Connecting" -> "Failed"
2026-09-26 18:09:49.909 -04:00 [INF] [OpenFreq.Services.Acmi.AcmiClientService] ACMI status: "Failed" -> "Connecting"
2026-09-26 18:09:49.909 -04:00 [INF] [OpenFreq.Services.Acmi.AcmiClientService] Connecting to 100.30.236.80:42674
2026-09-26 18:10:10.952 -04:00 [ERR] [OpenFreq.Services.Acmi.AcmiClientService] Connection error
System.Net.Sockets.SocketException (10060): A connection attempt failed because the connected party did not properly respond after a period of time, or established connection failed because connected host has failed to respond.
   at System.Net.Sockets.Socket.AwaitableSocketAsyncEventArgs.ThrowException(SocketError error, CancellationToken cancellationToken)
   at System.Net.Sockets.Socket.AwaitableSocketAsyncEventArgs.System.Threading.Tasks.Sources.IValueTaskSource.GetResult(Int16 token)
   at System.Net.Sockets.TcpClient.CompleteConnectAsync(ValueTask task)
   at OpenFreq.Services.Acmi.AcmiClientService.ConnectionLoopAsync(CancellationToken cancellationToken)
2026-09-26 18:10:10.952 -04:00 [INF] [OpenFreq.Services.Acmi.AcmiClientService] ACMI status: "Connecting" -> "Failed"
2026-09-26 18:10:15.953 -04:00 [INF] [OpenFreq.Services.Acmi.AcmiClientService] ACMI status: "Failed" -> "Connecting"
2026-09-26 18:10:15.953 -04:00 [INF] [OpenFreq.Services.Acmi.AcmiClientService] Connecting to 100.30.236.80:42674
2026-09-26 18:10:36.994 -04:00 [ERR] [OpenFreq.Services.Acmi.AcmiClientService] Connection error
System.Net.Sockets.SocketException (10060): A connection attempt failed because the connected party did not properly respond after a period of time, or established connection failed because connected host has failed to respond.
   at System.Net.Sockets.Socket.AwaitableSocketAsyncEventArgs.ThrowException(SocketError error, CancellationToken cancellationToken)
   at System.Net.Sockets.Socket.AwaitableSocketAsyncEventArgs.System.Threading.Tasks.Sources.IValueTaskSource.GetResult(Int16 token)
   at System.Net.Sockets.TcpClient.CompleteConnectAsync(ValueTask task)
   at OpenFreq.Services.Acmi.AcmiClientService.ConnectionLoopAsync(CancellationToken cancellationToken)
2026-09-26 18:10:36.994 -04:00 [INF] [OpenFreq.Services.Acmi.AcmiClientService] ACMI status: "Connecting" -> "Failed"
2026-09-26 18:10:41.995 -04:00 [INF] [OpenFreq.Services.Acmi.AcmiClientService] ACMI status: "Failed" -> "Connecting"
2026-09-26 18:10:41.995 -04:00 [INF] [OpenFreq.Services.Acmi.AcmiClientService] Connecting to 100.30.236.80:42674
2026-09-26 18:11:03.027 -04:00 [ERR] [OpenFreq.Services.Acmi.AcmiClientService] Connection error
System.Net.Sockets.SocketException (10060): A connection attempt failed because the connected party did not properly respond after a period of time, or established connection failed because connected host has failed to respond.
   at System.Net.Sockets.Socket.AwaitableSocketAsyncEventArgs.ThrowException(SocketError error, CancellationToken cancellationToken)
   at System.Net.Sockets.Socket.AwaitableSocketAsyncEventArgs.System.Threading.Tasks.Sources.IValueTaskSource.GetResult(Int16 token)
   at System.Net.Sockets.TcpClient.CompleteConnectAsync(ValueTask task)
   at OpenFreq.Services.Acmi.AcmiClientService.ConnectionLoopAsync(CancellationToken cancellationToken)
2026-09-26 18:11:03.027 -04:00 [INF] [OpenFreq.Services.Acmi.AcmiClientService] ACMI status: "Connecting" -> "Failed"
2026-09-26 18:11:08.027 -04:00 [INF] [OpenFreq.Services.Acmi.AcmiClientService] ACMI status: "Failed" -> "Connecting"
2026-09-26 18:11:08.027 -04:00 [INF] [OpenFreq.Services.Acmi.AcmiClientService] Connecting to 100.30.236.80:42674
2026-09-26 18:11:29.076 -04:00 [ERR] [OpenFreq.Services.Acmi.AcmiClientService] Connection error
System.Net.Sockets.SocketException (10060): A connection attempt failed because the connected party did not properly respond after a period of time, or established connection failed because connected host has failed to respond.
   at System.Net.Sockets.Socket.AwaitableSocketAsyncEventArgs.ThrowException(SocketError error, CancellationToken cancellationToken)
   at System.Net.Sockets.Socket.AwaitableSocketAsyncEventArgs.System.Threading.Tasks.Sources.IValueTaskSource.GetResult(Int16 token)
   at System.Net.Sockets.TcpClient.CompleteConnectAsync(ValueTask task)
   at OpenFreq.Services.Acmi.AcmiClientService.ConnectionLoopAsync(CancellationToken cancellationToken)
2026-09-26 18:11:29.076 -04:00 [INF] [OpenFreq.Services.Acmi.AcmiClientService] ACMI status: "Connecting" -> "Failed"
2026-09-26 18:11:34.076 -04:00 [INF] [OpenFreq.Services.Acmi.AcmiClientService] ACMI status: "Failed" -> "Connecting"
2026-09-26 18:11:34.076 -04:00 [INF] [OpenFreq.Services.Acmi.AcmiClientService] Connecting to 100.30.236.80:42674
2026-09-26 18:11:55.130 -04:00 [ERR] [OpenFreq.Services.Acmi.AcmiClientService] Connection error
System.Net.Sockets.SocketException (10060): A connection attempt failed because the connected party did not properly respond after a period of time, or established connection failed because connected host has failed to respond.
   at System.Net.Sockets.Socket.AwaitableSocketAsyncEventArgs.ThrowException(SocketError error, CancellationToken cancellationToken)
   at System.Net.Sockets.Socket.AwaitableSocketAsyncEventArgs.System.Threading.Tasks.Sources.IValueTaskSource.GetResult(Int16 token)
   at System.Net.Sockets.TcpClient.CompleteConnectAsync(ValueTask task)
   at OpenFreq.Services.Acmi.AcmiClientService.ConnectionLoopAsync(CancellationToken cancellationToken)
2026-09-26 18:11:55.130 -04:00 [INF] [OpenFreq.Services.Acmi.AcmiClientService] ACMI status: "Connecting" -> "Failed"
2026-09-26 18:12:00.130 -04:00 [INF] [OpenFreq.Services.Acmi.AcmiClientService] ACMI status: "Failed" -> "Connecting"
2026-09-26 18:12:00.130 -04:00 [INF] [OpenFreq.Services.Acmi.AcmiClientService] Connecting to 100.30.236.80:42674
2026-09-26 18:12:21.172 -04:00 [ERR] [OpenFreq.Services.Acmi.AcmiClientService] Connection error
System.Net.Sockets.SocketException (10060): A connection attempt failed because the connected party did not properly respond after a period of time, or established connection failed because connected host has failed to respond.
   at System.Net.Sockets.Socket.AwaitableSocketAsyncEventArgs.ThrowException(SocketError error, CancellationToken cancellationToken)
   at System.Net.Sockets.Socket.AwaitableSocketAsyncEventArgs.System.Threading.Tasks.Sources.IValueTaskSource.GetResult(Int16 token)
   at System.Net.Sockets.TcpClient.CompleteConnectAsync(ValueTask task)
   at OpenFreq.Services.Acmi.AcmiClientService.ConnectionLoopAsync(CancellationToken cancellationToken)
2026-09-26 18:12:21.172 -04:00 [INF] [OpenFreq.Services.Acmi.AcmiClientService] ACMI status: "Connecting" -> "Failed"
2026-09-26 18:12:26.172 -04:00 [INF] [OpenFreq.Services.Acmi.AcmiClientService] ACMI status: "Failed" -> "Connecting"
2026-09-26 18:12:26.172 -04:00 [INF] [OpenFreq.Services.Acmi.AcmiClientService] Connecting to 100.30.236.80:42674
2026-09-26 18:12:47.209 -04:00 [ERR] [OpenFreq.Services.Acmi.AcmiClientService] Connection error
System.Net.Sockets.SocketException (10060): A connection attempt failed because the connected party did not properly respond after a period of time, or established connection failed because connected host has failed to respond.
   at System.Net.Sockets.Socket.AwaitableSocketAsyncEventArgs.ThrowException(SocketError error, CancellationToken cancellationToken)
   at System.Net.Sockets.Socket.AwaitableSocketAsyncEventArgs.System.Threading.Tasks.Sources.IValueTaskSource.GetResult(Int16 token)
   at System.Net.Sockets.TcpClient.CompleteConnectAsync(ValueTask task)
   at OpenFreq.Services.Acmi.AcmiClientService.ConnectionLoopAsync(CancellationToken cancellationToken)
2026-09-26 18:12:47.209 -04:00 [INF] [OpenFreq.Services.Acmi.AcmiClientService] ACMI status: "Connecting" -> "Failed"
2026-09-26 18:12:52.209 -04:00 [INF] [OpenFreq.Services.Acmi.AcmiClientService] ACMI status: "Failed" -> "Connecting"
2026-09-26 18:12:52.210 -04:00 [INF] [OpenFreq.Services.Acmi.AcmiClientService] Connecting to 100.30.236.80:42674
2026-09-26 18:13:13.252 -04:00 [ERR] [OpenFreq.Services.Acmi.AcmiClientService] Connection error
System.Net.Sockets.SocketException (10060): A connection attempt failed because the connected party did not properly respond after a period of time, or established connection failed because connected host has failed to respond.
   at System.Net.Sockets.Socket.AwaitableSocketAsyncEventArgs.ThrowException(SocketError error, CancellationToken cancellationToken)
   at System.Net.Sockets.Socket.AwaitableSocketAsyncEventArgs.System.Threading.Tasks.Sources.IValueTaskSource.GetResult(Int16 token)
   at System.Net.Sockets.TcpClient.CompleteConnectAsync(ValueTask task)
   at OpenFreq.Services.Acmi.AcmiClientService.ConnectionLoopAsync(CancellationToken cancellationToken)
2026-09-26 18:13:13.252 -04:00 [INF] [OpenFreq.Services.Acmi.AcmiClientService] ACMI status: "Connecting" -> "Failed"
2026-09-26 18:13:18.252 -04:00 [INF] [OpenFreq.Services.Acmi.AcmiClientService] ACMI status: "Failed" -> "Connecting"
2026-09-26 18:13:18.252 -04:00 [INF] [OpenFreq.Services.Acmi.AcmiClientService] Connecting to 100.30.236.80:42674
2026-09-26 18:13:39.292 -04:00 [ERR] [OpenFreq.Services.Acmi.AcmiClientService] Connection error
System.Net.Sockets.SocketException (10060): A connection attempt failed because the connected party did not properly respond after a period of time, or established connection failed because connected host has failed to respond.
   at System.Net.Sockets.Socket.AwaitableSocketAsyncEventArgs.ThrowException(SocketError error, CancellationToken cancellationToken)
   at System.Net.Sockets.Socket.AwaitableSocketAsyncEventArgs.System.Threading.Tasks.Sources.IValueTaskSource.GetResult(Int16 token)
   at System.Net.Sockets.TcpClient.CompleteConnectAsync(ValueTask task)
   at OpenFreq.Services.Acmi.AcmiClientService.ConnectionLoopAsync(CancellationToken cancellationToken)
2026-09-26 18:13:39.292 -04:00 [INF] [OpenFreq.Services.Acmi.AcmiClientService] ACMI status: "Connecting" -> "Failed"
2026-09-26 18:13:44.293 -04:00 [INF] [OpenFreq.Services.Acmi.AcmiClientService] ACMI status: "Failed" -> "Connecting"
2026-09-26 18:13:44.293 -04:00 [INF] [OpenFreq.Services.Acmi.AcmiClientService] Connecting to 100.30.236.80:42674
2026-09-26 18:14:05.324 -04:00 [ERR] [OpenFreq.Services.Acmi.AcmiClientService] Connection error
System.Net.Sockets.SocketException (10060): A connection attempt failed because the connected party did not properly respond after a period of time, or established connection failed because connected host has failed to respond.
   at System.Net.Sockets.Socket.AwaitableSocketAsyncEventArgs.ThrowException(SocketError error, CancellationToken cancellationToken)
   at System.Net.Sockets.Socket.AwaitableSocketAsyncEventArgs.System.Threading.Tasks.Sources.IValueTaskSource.GetResult(Int16 token)
   at System.Net.Sockets.TcpClient.CompleteConnectAsync(ValueTask task)
   at OpenFreq.Services.Acmi.AcmiClientService.ConnectionLoopAsync(CancellationToken cancellationToken)
2026-09-26 18:14:05.324 -04:00 [INF] [OpenFreq.Services.Acmi.AcmiClientService] ACMI status: "Connecting" -> "Failed"
2026-09-26 18:14:10.324 -04:00 [INF] [OpenFreq.Services.Acmi.AcmiClientService] ACMI status: "Failed" -> "Connecting"
2026-09-26 18:14:10.324 -04:00 [INF] [OpenFreq.Services.Acmi.AcmiClientService] Connecting to 100.30.236.80:42674
2026-09-26 18:14:31.363 -04:00 [ERR] [OpenFreq.Services.Acmi.AcmiClientService] Connection error
System.Net.Sockets.SocketException (10060): A connection attempt failed because the connected party did not properly respond after a period of time, or established connection failed because connected host has failed to respond.
   at System.Net.Sockets.Socket.AwaitableSocketAsyncEventArgs.ThrowException(SocketError error, CancellationToken cancellationToken)
   at System.Net.Sockets.Socket.AwaitableSocketAsyncEventArgs.System.Threading.Tasks.Sources.IValueTaskSource.GetResult(Int16 token)
   at System.Net.Sockets.TcpClient.CompleteConnectAsync(ValueTask task)
   at OpenFreq.Services.Acmi.AcmiClientService.ConnectionLoopAsync(CancellationToken cancellationToken)
2026-09-26 18:14:31.363 -04:00 [INF] [OpenFreq.Services.Acmi.AcmiClientService] ACMI status: "Connecting" -> "Failed"
2026-09-26 18:14:36.363 -04:00 [INF] [OpenFreq.Services.Acmi.AcmiClientService] ACMI status: "Failed" -> "Connecting"
2026-09-26 18:14:36.363 -04:00 [INF] [OpenFreq.Services.Acmi.AcmiClientService] Connecting to 100.30.236.80:42674
2026-09-26 18:14:57.390 -04:00 [ERR] [OpenFreq.Services.Acmi.AcmiClientService] Connection error
System.Net.Sockets.SocketException (10060): A connection attempt failed because the connected party did not properly respond after a period of time, or established connection failed because connected host has failed to respond.
   at System.Net.Sockets.Socket.AwaitableSocketAsyncEventArgs.ThrowException(SocketError error, CancellationToken cancellationToken)
   at System.Net.Sockets.Socket.AwaitableSocketAsyncEventArgs.System.Threading.Tasks.Sources.IValueTaskSource.GetResult(Int16 token)
   at System.Net.Sockets.TcpClient.CompleteConnectAsync(ValueTask task)
   at OpenFreq.Services.Acmi.AcmiClientService.ConnectionLoopAsync(CancellationToken cancellationToken)
2026-09-26 18:14:57.390 -04:00 [INF] [OpenFreq.Services.Acmi.AcmiClientService] ACMI status: "Connecting" -> "Failed"
2026-09-26 18:15:02.390 -04:00 [INF] [OpenFreq.Services.Acmi.AcmiClientService] ACMI status: "Failed" -> "Connecting"
2026-09-26 18:15:02.390 -04:00 [INF] [OpenFreq.Services.Acmi.AcmiClientService] Connecting to 100.30.236.80:42674
2026-09-26 18:15:23.417 -04:00 [ERR] [OpenFreq.Services.Acmi.AcmiClientService] Connection error
System.Net.Sockets.SocketException (10060): A connection attempt failed because the connected party did not properly respond after a period of time, or established connection failed because connected host has failed to respond.
   at System.Net.Sockets.Socket.AwaitableSocketAsyncEventArgs.ThrowException(SocketError error, CancellationToken cancellationToken)
   at System.Net.Sockets.Socket.AwaitableSocketAsyncEventArgs.System.Threading.Tasks.Sources.IValueTaskSource.GetResult(Int16 token)
   at System.Net.Sockets.TcpClient.CompleteConnectAsync(ValueTask task)
   at OpenFreq.Services.Acmi.AcmiClientService.ConnectionLoopAsync(CancellationToken cancellationToken)
2026-09-26 18:15:23.417 -04:00 [INF] [OpenFreq.Services.Acmi.AcmiClientService] ACMI status: "Connecting" -> "Failed"
2026-09-26 18:15:28.417 -04:00 [INF] [OpenFreq.Services.Acmi.AcmiClientService] ACMI status: "Failed" -> "Connecting"
2026-09-26 18:15:28.417 -04:00 [INF] [OpenFreq.Services.Acmi.AcmiClientService] Connecting to 100.30.236.80:42674
2026-09-26 18:15:49.450 -04:00 [ERR] [OpenFreq.Services.Acmi.AcmiClientService] Connection error
System.Net.Sockets.SocketException (10060): A connection attempt failed because the connected party did not properly respond after a period of time, or established connection failed because connected host has failed to respond.
   at System.Net.Sockets.Socket.AwaitableSocketAsyncEventArgs.ThrowException(SocketError error, CancellationToken cancellationToken)
   at System.Net.Sockets.Socket.AwaitableSocketAsyncEventArgs.System.Threading.Tasks.Sources.IValueTaskSource.GetResult(Int16 token)
   at System.Net.Sockets.TcpClient.CompleteConnectAsync(ValueTask task)
   at OpenFreq.Services.Acmi.AcmiClientService.ConnectionLoopAsync(CancellationToken cancellationToken)
2026-09-26 18:15:49.450 -04:00 [INF] [OpenFreq.Services.Acmi.AcmiClientService] ACMI status: "Connecting" -> "Failed"
2026-09-26 18:15:54.450 -04:00 [INF] [OpenFreq.Services.Acmi.AcmiClientService] ACMI status: "Failed" -> "Connecting"
2026-09-26 18:15:54.450 -04:00 [INF] [OpenFreq.Services.Acmi.AcmiClientService] Connecting to 100.30.236.80:42674
2026-09-26 18:16:15.486 -04:00 [ERR] [OpenFreq.Services.Acmi.AcmiClientService] Connection error
System.Net.Sockets.SocketException (10060): A connection attempt failed because the connected party did not properly respond after a period of time, or established connection failed because connected host has failed to respond.
   at System.Net.Sockets.Socket.AwaitableSocketAsyncEventArgs.ThrowException(SocketError error, CancellationToken cancellationToken)
   at System.Net.Sockets.Socket.AwaitableSocketAsyncEventArgs.System.Threading.Tasks.Sources.IValueTaskSource.GetResult(Int16 token)
   at System.Net.Sockets.TcpClient.CompleteConnectAsync(ValueTask task)
   at OpenFreq.Services.Acmi.AcmiClientService.ConnectionLoopAsync(CancellationToken cancellationToken)
2026-09-26 18:16:15.487 -04:00 [INF] [OpenFreq.Services.Acmi.AcmiClientService] ACMI status: "Connecting" -> "Failed"
2026-09-26 18:16:20.487 -04:00 [INF] [OpenFreq.Services.Acmi.AcmiClientService] ACMI status: "Failed" -> "Connecting"
2026-09-26 18:16:20.487 -04:00 [INF] [OpenFreq.Services.Acmi.AcmiClientService] Connecting to 100.30.236.80:42674
2026-09-26 18:16:41.534 -04:00 [ERR] [OpenFreq.Services.Acmi.AcmiClientService] Connection error
System.Net.Sockets.SocketException (10060): A connection attempt failed because the connected party did not properly respond after a period of time, or established connection failed because connected host has failed to respond.
   at System.Net.Sockets.Socket.AwaitableSocketAsyncEventArgs.ThrowException(SocketError error, CancellationToken cancellationToken)
   at System.Net.Sockets.Socket.AwaitableSocketAsyncEventArgs.System.Threading.Tasks.Sources.IValueTaskSource.GetResult(Int16 token)
   at System.Net.Sockets.TcpClient.CompleteConnectAsync(ValueTask task)
   at OpenFreq.Services.Acmi.AcmiClientService.ConnectionLoopAsync(CancellationToken cancellationToken)
2026-09-26 18:16:41.534 -04:00 [INF] [OpenFreq.Services.Acmi.AcmiClientService] ACMI status: "Connecting" -> "Failed"
2026-09-26 18:16:46.535 -04:00 [INF] [OpenFreq.Services.Acmi.AcmiClientService] ACMI status: "Failed" -> "Connecting"
2026-09-26 18:16:46.535 -04:00 [INF] [OpenFreq.Services.Acmi.AcmiClientService] Connecting to 100.30.236.80:42674
2026-09-26 18:17:07.568 -04:00 [ERR] [OpenFreq.Services.Acmi.AcmiClientService] Connection error
System.Net.Sockets.SocketException (10060): A connection attempt failed because the connected party did not properly respond after a period of time, or established connection failed because connected host has failed to respond.
   at System.Net.Sockets.Socket.AwaitableSocketAsyncEventArgs.ThrowException(SocketError error, CancellationToken cancellationToken)
   at System.Net.Sockets.Socket.AwaitableSocketAsyncEventArgs.System.Threading.Tasks.Sources.IValueTaskSource.GetResult(Int16 token)
   at System.Net.Sockets.TcpClient.CompleteConnectAsync(ValueTask task)
   at OpenFreq.Services.Acmi.AcmiClientService.ConnectionLoopAsync(CancellationToken cancellationToken)
2026-09-26 18:17:07.569 -04:00 [INF] [OpenFreq.Services.Acmi.AcmiClientService] ACMI status: "Connecting" -> "Failed"
2026-09-26 18:17:12.568 -04:00 [INF] [OpenFreq.Services.Acmi.AcmiClientService] ACMI status: "Failed" -> "Connecting"
2026-09-26 18:17:12.569 -04:00 [INF] [OpenFreq.Services.Acmi.AcmiClientService] Connecting to 100.30.236.80:42674
2026-09-26 18:17:33.599 -04:00 [ERR] [OpenFreq.Services.Acmi.AcmiClientService] Connection error
System.Net.Sockets.SocketException (10060): A connection attempt failed because the connected party did not properly respond after a period of time, or established connection failed because connected host has failed to respond.
   at System.Net.Sockets.Socket.AwaitableSocketAsyncEventArgs.ThrowException(SocketError error, CancellationToken cancellationToken)
   at System.Net.Sockets.Socket.AwaitableSocketAsyncEventArgs.System.Threading.Tasks.Sources.IValueTaskSource.GetResult(Int16 token)
   at System.Net.Sockets.TcpClient.CompleteConnectAsync(ValueTask task)
   at OpenFreq.Services.Acmi.AcmiClientService.ConnectionLoopAsync(CancellationToken cancellationToken)
2026-09-26 18:17:33.599 -04:00 [INF] [OpenFreq.Services.Acmi.AcmiClientService] ACMI status: "Connecting" -> "Failed"
2026-09-26 18:17:38.599 -04:00 [INF] [OpenFreq.Services.Acmi.AcmiClientService] ACMI status: "Failed" -> "Connecting"
2026-09-26 18:17:38.599 -04:00 [INF] [OpenFreq.Services.Acmi.AcmiClientService] Connecting to 100.30.236.80:42674
2026-09-26 18:17:59.644 -04:00 [ERR] [OpenFreq.Services.Acmi.AcmiClientService] Connection error
System.Net.Sockets.SocketException (10060): A connection attempt failed because the connected party did not properly respond after a period of time, or established connection failed because connected host has failed to respond.
   at System.Net.Sockets.Socket.AwaitableSocketAsyncEventArgs.ThrowException(SocketError error, CancellationToken cancellationToken)
   at System.Net.Sockets.Socket.AwaitableSocketAsyncEventArgs.System.Threading.Tasks.Sources.IValueTaskSource.GetResult(Int16 token)
   at System.Net.Sockets.TcpClient.CompleteConnectAsync(ValueTask task)
   at OpenFreq.Services.Acmi.AcmiClientService.ConnectionLoopAsync(CancellationToken cancellationToken)
2026-09-26 18:17:59.645 -04:00 [INF] [OpenFreq.Services.Acmi.AcmiClientService] ACMI status: "Connecting" -> "Failed"
2026-09-26 18:18:04.645 -04:00 [INF] [OpenFreq.Services.Acmi.AcmiClientService] ACMI status: "Failed" -> "Connecting"
2026-09-26 18:18:04.645 -04:00 [INF] [OpenFreq.Services.Acmi.AcmiClientService] Connecting to 100.30.236.80:42674
2026-09-26 18:18:25.676 -04:00 [ERR] [OpenFreq.Services.Acmi.AcmiClientService] Connection error
System.Net.Sockets.SocketException (10060): A connection attempt failed because the connected party did not properly respond after a period of time, or established connection failed because connected host has failed to respond.
   at System.Net.Sockets.Socket.AwaitableSocketAsyncEventArgs.ThrowException(SocketError error, CancellationToken cancellationToken)
   at System.Net.Sockets.Socket.AwaitableSocketAsyncEventArgs.System.Threading.Tasks.Sources.IValueTaskSource.GetResult(Int16 token)
   at System.Net.Sockets.TcpClient.CompleteConnectAsync(ValueTask task)
   at OpenFreq.Services.Acmi.AcmiClientService.ConnectionLoopAsync(CancellationToken cancellationToken)
2026-09-26 18:18:25.676 -04:00 [INF] [OpenFreq.Services.Acmi.AcmiClientService] ACMI status: "Connecting" -> "Failed"
2026-09-26 18:18:30.677 -04:00 [INF] [OpenFreq.Services.Acmi.AcmiClientService] ACMI status: "Failed" -> "Connecting"
2026-09-26 18:18:30.677 -04:00 [INF] [OpenFreq.Services.Acmi.AcmiClientService] Connecting to 100.30.236.80:42674
2026-09-26 18:18:51.721 -04:00 [ERR] [OpenFreq.Services.Acmi.AcmiClientService] Connection error
System.Net.Sockets.SocketException (10060): A connection attempt failed because the connected party did not properly respond after a period of time, or established connection failed because connected host has failed to respond.
   at System.Net.Sockets.Socket.AwaitableSocketAsyncEventArgs.ThrowException(SocketError error, CancellationToken cancellationToken)
   at System.Net.Sockets.Socket.AwaitableSocketAsyncEventArgs.System.Threading.Tasks.Sources.IValueTaskSource.GetResult(Int16 token)
   at System.Net.Sockets.TcpClient.CompleteConnectAsync(ValueTask task)
   at OpenFreq.Services.Acmi.AcmiClientService.ConnectionLoopAsync(CancellationToken cancellationToken)
2026-09-26 18:18:51.721 -04:00 [INF] [OpenFreq.Services.Acmi.AcmiClientService] ACMI status: "Connecting" -> "Failed"
2026-09-26 18:18:56.721 -04:00 [INF] [OpenFreq.Services.Acmi.AcmiClientService] ACMI status: "Failed" -> "Connecting"
2026-09-26 18:18:56.721 -04:00 [INF] [OpenFreq.Services.Acmi.AcmiClientService] Connecting to 100.30.236.80:42674
2026-09-26 18:19:17.758 -04:00 [ERR] [OpenFreq.Services.Acmi.AcmiClientService] Connection error
System.Net.Sockets.SocketException (10060): A connection attempt failed because the connected party did not properly respond after a period of time, or established connection failed because connected host has failed to respond.
   at System.Net.Sockets.Socket.AwaitableSocketAsyncEventArgs.ThrowException(SocketError error, CancellationToken cancellationToken)
   at System.Net.Sockets.Socket.AwaitableSocketAsyncEventArgs.System.Threading.Tasks.Sources.IValueTaskSource.GetResult(Int16 token)
   at System.Net.Sockets.TcpClient.CompleteConnectAsync(ValueTask task)
   at OpenFreq.Services.Acmi.AcmiClientService.ConnectionLoopAsync(CancellationToken cancellationToken)
2026-09-26 18:19:17.758 -04:00 [INF] [OpenFreq.Services.Acmi.AcmiClientService] ACMI status: "Connecting" -> "Failed"
2026-09-26 18:19:22.758 -04:00 [INF] [OpenFreq.Services.Acmi.AcmiClientService] ACMI status: "Failed" -> "Connecting"
2026-09-26 18:19:22.758 -04:00 [INF] [OpenFreq.Services.Acmi.AcmiClientService] Connecting to 100.30.236.80:42674
2026-09-26 18:19:43.808 -04:00 [ERR] [OpenFreq.Services.Acmi.AcmiClientService] Connection error
System.Net.Sockets.SocketException (10060): A connection attempt failed because the connected party did not properly respond after a period of time, or established connection failed because connected host has failed to respond.
   at System.Net.Sockets.Socket.AwaitableSocketAsyncEventArgs.ThrowException(SocketError error, CancellationToken cancellationToken)
   at System.Net.Sockets.Socket.AwaitableSocketAsyncEventArgs.System.Threading.Tasks.Sources.IValueTaskSource.GetResult(Int16 token)
   at System.Net.Sockets.TcpClient.CompleteConnectAsync(ValueTask task)
   at OpenFreq.Services.Acmi.AcmiClientService.ConnectionLoopAsync(CancellationToken cancellationToken)
2026-09-26 18:19:43.808 -04:00 [INF] [OpenFreq.Services.Acmi.AcmiClientService] ACMI status: "Connecting" -> "Failed"
2026-09-26 18:19:48.809 -04:00 [INF] [OpenFreq.Services.Acmi.AcmiClientService] ACMI status: "Failed" -> "Connecting"
2026-09-26 18:19:48.809 -04:00 [INF] [OpenFreq.Services.Acmi.AcmiClientService] Connecting to 100.30.236.80:42674
2026-09-26 18:20:09.850 -04:00 [ERR] [OpenFreq.Services.Acmi.AcmiClientService] Connection error
System.Net.Sockets.SocketException (10060): A connection attempt failed because the connected party did not properly respond after a period of time, or established connection failed because connected host has failed to respond.
   at System.Net.Sockets.Socket.AwaitableSocketAsyncEventArgs.ThrowException(SocketError error, CancellationToken cancellationToken)
   at System.Net.Sockets.Socket.AwaitableSocketAsyncEventArgs.System.Threading.Tasks.Sources.IValueTaskSource.GetResult(Int16 token)
   at System.Net.Sockets.TcpClient.CompleteConnectAsync(ValueTask task)
   at OpenFreq.Services.Acmi.AcmiClientService.ConnectionLoopAsync(CancellationToken cancellationToken)
2026-09-26 18:20:09.850 -04:00 [INF] [OpenFreq.Services.Acmi.AcmiClientService] ACMI status: "Connecting" -> "Failed"
2026-09-26 18:20:14.850 -04:00 [INF] [OpenFreq.Services.Acmi.AcmiClientService] ACMI status: "Failed" -> "Connecting"
2026-09-26 18:20:14.850 -04:00 [INF] [OpenFreq.Services.Acmi.AcmiClientService] Connecting to 100.30.236.80:42674
2026-09-26 18:20:35.885 -04:00 [ERR] [OpenFreq.Services.Acmi.AcmiClientService] Connection error
System.Net.Sockets.SocketException (10060): A connection attempt failed because the connected party did not properly respond after a period of time, or established connection failed because connected host has failed to respond.
   at System.Net.Sockets.Socket.AwaitableSocketAsyncEventArgs.ThrowException(SocketError error, CancellationToken cancellationToken)
   at System.Net.Sockets.Socket.AwaitableSocketAsyncEventArgs.System.Threading.Tasks.Sources.IValueTaskSource.GetResult(Int16 token)
   at System.Net.Sockets.TcpClient.CompleteConnectAsync(ValueTask task)
   at OpenFreq.Services.Acmi.AcmiClientService.ConnectionLoopAsync(CancellationToken cancellationToken)
2026-09-26 18:20:35.886 -04:00 [INF] [OpenFreq.Services.Acmi.AcmiClientService] ACMI status: "Connecting" -> "Failed"
2026-09-26 18:20:40.886 -04:00 [INF] [OpenFreq.Services.Acmi.AcmiClientService] ACMI status: "Failed" -> "Connecting"
2026-09-26 18:20:40.886 -04:00 [INF] [OpenFreq.Services.Acmi.AcmiClientService] Connecting to 100.30.236.80:42674
2026-09-26 18:21:01.934 -04:00 [ERR] [OpenFreq.Services.Acmi.AcmiClientService] Connection error
System.Net.Sockets.SocketException (10060): A connection attempt failed because the connected party did not properly respond after a period of time, or established connection failed because connected host has failed to respond.
   at System.Net.Sockets.Socket.AwaitableSocketAsyncEventArgs.ThrowException(SocketError error, CancellationToken cancellationToken)
   at System.Net.Sockets.Socket.AwaitableSocketAsyncEventArgs.System.Threading.Tasks.Sources.IValueTaskSource.GetResult(Int16 token)
   at System.Net.Sockets.TcpClient.CompleteConnectAsync(ValueTask task)
   at OpenFreq.Services.Acmi.AcmiClientService.ConnectionLoopAsync(CancellationToken cancellationToken)
2026-09-26 18:21:01.934 -04:00 [INF] [OpenFreq.Services.Acmi.AcmiClientService] ACMI status: "Connecting" -> "Failed"
2026-09-26 18:21:06.934 -04:00 [INF] [OpenFreq.Services.Acmi.AcmiClientService] ACMI status: "Failed" -> "Connecting"
2026-09-26 18:21:06.934 -04:00 [INF] [OpenFreq.Services.Acmi.AcmiClientService] Connecting to 100.30.236.80:42674
2026-09-26 18:21:27.971 -04:00 [ERR] [OpenFreq.Services.Acmi.AcmiClientService] Connection error
System.Net.Sockets.SocketException (10060): A connection attempt failed because the connected party did not properly respond after a period of time, or established connection failed because connected host has failed to respond.
   at System.Net.Sockets.Socket.AwaitableSocketAsyncEventArgs.ThrowException(SocketError error, CancellationToken cancellationToken)
   at System.Net.Sockets.Socket.AwaitableSocketAsyncEventArgs.System.Threading.Tasks.Sources.IValueTaskSource.GetResult(Int16 token)
   at System.Net.Sockets.TcpClient.CompleteConnectAsync(ValueTask task)
   at OpenFreq.Services.Acmi.AcmiClientService.ConnectionLoopAsync(CancellationToken cancellationToken)
2026-09-26 18:21:27.971 -04:00 [INF] [OpenFreq.Services.Acmi.AcmiClientService] ACMI status: "Connecting" -> "Failed"
2026-09-26 18:21:32.971 -04:00 [INF] [OpenFreq.Services.Acmi.AcmiClientService] ACMI status: "Failed" -> "Connecting"
2026-09-26 18:21:32.971 -04:00 [INF] [OpenFreq.Services.Acmi.AcmiClientService] Connecting to 100.30.236.80:42674
2026-09-26 18:21:54.005 -04:00 [ERR] [OpenFreq.Services.Acmi.AcmiClientService] Connection error
System.Net.Sockets.SocketException (10060): A connection attempt failed because the connected party did not properly respond after a period of time, or established connection failed because connected host has failed to respond.
   at System.Net.Sockets.Socket.AwaitableSocketAsyncEventArgs.ThrowException(SocketError error, CancellationToken cancellationToken)
   at System.Net.Sockets.Socket.AwaitableSocketAsyncEventArgs.System.Threading.Tasks.Sources.IValueTaskSource.GetResult(Int16 token)
   at System.Net.Sockets.TcpClient.CompleteConnectAsync(ValueTask task)
   at OpenFreq.Services.Acmi.AcmiClientService.ConnectionLoopAsync(CancellationToken cancellationToken)
2026-09-26 18:21:54.005 -04:00 [INF] [OpenFreq.Services.Acmi.AcmiClientService] ACMI status: "Connecting" -> "Failed"
2026-09-26 18:21:59.005 -04:00 [INF] [OpenFreq.Services.Acmi.AcmiClientService] ACMI status: "Failed" -> "Connecting"
2026-09-26 18:21:59.005 -04:00 [INF] [OpenFreq.Services.Acmi.AcmiClientService] Connecting to 100.30.236.80:42674
2026-09-26 18:22:20.044 -04:00 [ERR] [OpenFreq.Services.Acmi.AcmiClientService] Connection error
System.Net.Sockets.SocketException (10060): A connection attempt failed because the connected party did not properly respond after a period of time, or established connection failed because connected host has failed to respond.
   at System.Net.Sockets.Socket.AwaitableSocketAsyncEventArgs.ThrowException(SocketError error, CancellationToken cancellationToken)
   at System.Net.Sockets.Socket.AwaitableSocketAsyncEventArgs.System.Threading.Tasks.Sources.IValueTaskSource.GetResult(Int16 token)
   at System.Net.Sockets.TcpClient.CompleteConnectAsync(ValueTask task)
   at OpenFreq.Services.Acmi.AcmiClientService.ConnectionLoopAsync(CancellationToken cancellationToken)
2026-09-26 18:22:20.044 -04:00 [INF] [OpenFreq.Services.Acmi.AcmiClientService] ACMI status: "Connecting" -> "Failed"
2026-09-26 18:22:25.044 -04:00 [INF] [OpenFreq.Services.Acmi.AcmiClientService] ACMI status: "Failed" -> "Connecting"
2026-09-26 18:22:25.044 -04:00 [INF] [OpenFreq.Services.Acmi.AcmiClientService] Connecting to 100.30.236.80:42674
2026-09-26 18:22:46.089 -04:00 [ERR] [OpenFreq.Services.Acmi.AcmiClientService] Connection error
System.Net.Sockets.SocketException (10060): A connection attempt failed because the connected party did not properly respond after a period of time, or established connection failed because connected host has failed to respond.
   at System.Net.Sockets.Socket.AwaitableSocketAsyncEventArgs.ThrowException(SocketError error, CancellationToken cancellationToken)
   at System.Net.Sockets.Socket.AwaitableSocketAsyncEventArgs.System.Threading.Tasks.Sources.IValueTaskSource.GetResult(Int16 token)
   at System.Net.Sockets.TcpClient.CompleteConnectAsync(ValueTask task)
   at OpenFreq.Services.Acmi.AcmiClientService.ConnectionLoopAsync(CancellationToken cancellationToken)
2026-09-26 18:22:46.090 -04:00 [INF] [OpenFreq.Services.Acmi.AcmiClientService] ACMI status: "Connecting" -> "Failed"
2026-09-26 18:22:51.089 -04:00 [INF] [OpenFreq.Services.Acmi.AcmiClientService] ACMI status: "Failed" -> "Connecting"
2026-09-26 18:22:51.089 -04:00 [INF] [OpenFreq.Services.Acmi.AcmiClientService] Connecting to 100.30.236.80:42674
2026-09-26 18:23:12.122 -04:00 [ERR] [OpenFreq.Services.Acmi.AcmiClientService] Connection error
System.Net.Sockets.SocketException (10060): A connection attempt failed because the connected party did not properly respond after a period of time, or established connection failed because connected host has failed to respond.
   at System.Net.Sockets.Socket.AwaitableSocketAsyncEventArgs.ThrowException(SocketError error, CancellationToken cancellationToken)
   at System.Net.Sockets.Socket.AwaitableSocketAsyncEventArgs.System.Threading.Tasks.Sources.IValueTaskSource.GetResult(Int16 token)
   at System.Net.Sockets.TcpClient.CompleteConnectAsync(ValueTask task)
   at OpenFreq.Services.Acmi.AcmiClientService.ConnectionLoopAsync(CancellationToken cancellationToken)
2026-09-26 18:23:12.122 -04:00 [INF] [OpenFreq.Services.Acmi.AcmiClientService] ACMI status: "Connecting" -> "Failed"
2026-09-26 18:23:17.122 -04:00 [INF] [OpenFreq.Services.Acmi.AcmiClientService] ACMI status: "Failed" -> "Connecting"
2026-09-26 18:23:17.122 -04:00 [INF] [OpenFreq.Services.Acmi.AcmiClientService] Connecting to 100.30.236.80:42674
2026-09-26 18:23:38.171 -04:00 [ERR] [OpenFreq.Services.Acmi.AcmiClientService] Connection error
System.Net.Sockets.SocketException (10060): A connection attempt failed because the connected party did not properly respond after a period of time, or established connection failed because connected host has failed to respond.
   at System.Net.Sockets.Socket.AwaitableSocketAsyncEventArgs.ThrowException(SocketError error, CancellationToken cancellationToken)
   at System.Net.Sockets.Socket.AwaitableSocketAsyncEventArgs.System.Threading.Tasks.Sources.IValueTaskSource.GetResult(Int16 token)
   at System.Net.Sockets.TcpClient.CompleteConnectAsync(ValueTask task)
   at OpenFreq.Services.Acmi.AcmiClientService.ConnectionLoopAsync(CancellationToken cancellationToken)
2026-09-26 18:23:38.171 -04:00 [INF] [OpenFreq.Services.Acmi.AcmiClientService] ACMI status: "Connecting" -> "Failed"
2026-09-26 18:23:43.171 -04:00 [INF] [OpenFreq.Services.Acmi.AcmiClientService] ACMI status: "Failed" -> "Connecting"
2026-09-26 18:23:43.171 -04:00 [INF] [OpenFreq.Services.Acmi.AcmiClientService] Connecting to 100.30.236.80:42674
2026-09-26 18:24:04.196 -04:00 [ERR] [OpenFreq.Services.Acmi.AcmiClientService] Connection error
System.Net.Sockets.SocketException (10060): A connection attempt failed because the connected party did not properly respond after a period of time, or established connection failed because connected host has failed to respond.
   at System.Net.Sockets.Socket.AwaitableSocketAsyncEventArgs.ThrowException(SocketError error, CancellationToken cancellationToken)
   at System.Net.Sockets.Socket.AwaitableSocketAsyncEventArgs.System.Threading.Tasks.Sources.IValueTaskSource.GetResult(Int16 token)
   at System.Net.Sockets.TcpClient.CompleteConnectAsync(ValueTask task)
   at OpenFreq.Services.Acmi.AcmiClientService.ConnectionLoopAsync(CancellationToken cancellationToken)
2026-09-26 18:24:04.196 -04:00 [INF] [OpenFreq.Services.Acmi.AcmiClientService] ACMI status: "Connecting" -> "Failed"
2026-09-26 18:24:09.196 -04:00 [INF] [OpenFreq.Services.Acmi.AcmiClientService] ACMI status: "Failed" -> "Connecting"
2026-09-26 18:24:09.196 -04:00 [INF] [OpenFreq.Services.Acmi.AcmiClientService] Connecting to 100.30.236.80:42674
2026-09-26 18:24:30.237 -04:00 [ERR] [OpenFreq.Services.Acmi.AcmiClientService] Connection error
System.Net.Sockets.SocketException (10060): A connection attempt failed because the connected party did not properly respond after a period of time, or established connection failed because connected host has failed to respond.
   at System.Net.Sockets.Socket.AwaitableSocketAsyncEventArgs.ThrowException(SocketError error, CancellationToken cancellationToken)
   at System.Net.Sockets.Socket.AwaitableSocketAsyncEventArgs.System.Threading.Tasks.Sources.IValueTaskSource.GetResult(Int16 token)
   at System.Net.Sockets.TcpClient.CompleteConnectAsync(ValueTask task)
   at OpenFreq.Services.Acmi.AcmiClientService.ConnectionLoopAsync(CancellationToken cancellationToken)
2026-09-26 18:24:30.237 -04:00 [INF] [OpenFreq.Services.Acmi.AcmiClientService] ACMI status: "Connecting" -> "Failed"
2026-09-26 18:24:35.237 -04:00 [INF] [OpenFreq.Services.Acmi.AcmiClientService] ACMI status: "Failed" -> "Connecting"
2026-09-26 18:24:35.237 -04:00 [INF] [OpenFreq.Services.Acmi.AcmiClientService] Connecting to 100.30.236.80:42674
2026-09-26 18:24:56.286 -04:00 [ERR] [OpenFreq.Services.Acmi.AcmiClientService] Connection error
System.Net.Sockets.SocketException (10060): A connection attempt failed because the connected party did not properly respond after a period of time, or established connection failed because connected host has failed to respond.
   at System.Net.Sockets.Socket.AwaitableSocketAsyncEventArgs.ThrowException(SocketError error, CancellationToken cancellationToken)
   at System.Net.Sockets.Socket.AwaitableSocketAsyncEventArgs.System.Threading.Tasks.Sources.IValueTaskSource.GetResult(Int16 token)
   at System.Net.Sockets.TcpClient.CompleteConnectAsync(ValueTask task)
   at OpenFreq.Services.Acmi.AcmiClientService.ConnectionLoopAsync(CancellationToken cancellationToken)
2026-09-26 18:24:56.287 -04:00 [INF] [OpenFreq.Services.Acmi.AcmiClientService] ACMI status: "Connecting" -> "Failed"
2026-09-26 18:25:01.287 -04:00 [INF] [OpenFreq.Services.Acmi.AcmiClientService] ACMI status: "Failed" -> "Connecting"
2026-09-26 18:25:01.287 -04:00 [INF] [OpenFreq.Services.Acmi.AcmiClientService] Connecting to 100.30.236.80:42674
2026-09-26 18:25:22.310 -04:00 [ERR] [OpenFreq.Services.Acmi.AcmiClientService] Connection error
System.Net.Sockets.SocketException (10060): A connection attempt failed because the connected party did not properly respond after a period of time, or established connection failed because connected host has failed to respond.
   at System.Net.Sockets.Socket.AwaitableSocketAsyncEventArgs.ThrowException(SocketError error, CancellationToken cancellationToken)
   at System.Net.Sockets.Socket.AwaitableSocketAsyncEventArgs.System.Threading.Tasks.Sources.IValueTaskSource.GetResult(Int16 token)
   at System.Net.Sockets.TcpClient.CompleteConnectAsync(ValueTask task)
   at OpenFreq.Services.Acmi.AcmiClientService.ConnectionLoopAsync(CancellationToken cancellationToken)
2026-09-26 18:25:22.310 -04:00 [INF] [OpenFreq.Services.Acmi.AcmiClientService] ACMI status: "Connecting" -> "Failed"
2026-09-26 18:25:27.311 -04:00 [INF] [OpenFreq.Services.Acmi.AcmiClientService] ACMI status: "Failed" -> "Connecting"
2026-09-26 18:25:27.311 -04:00 [INF] [OpenFreq.Services.Acmi.AcmiClientService] Connecting to 100.30.236.80:42674
2026-09-26 18:25:48.334 -04:00 [ERR] [OpenFreq.Services.Acmi.AcmiClientService] Connection error
System.Net.Sockets.SocketException (10060): A connection attempt failed because the connected party did not properly respond after a period of time, or established connection failed because connected host has failed to respond.
   at System.Net.Sockets.Socket.AwaitableSocketAsyncEventArgs.ThrowException(SocketError error, CancellationToken cancellationToken)
   at System.Net.Sockets.Socket.AwaitableSocketAsyncEventArgs.System.Threading.Tasks.Sources.IValueTaskSource.GetResult(Int16 token)
   at System.Net.Sockets.TcpClient.CompleteConnectAsync(ValueTask task)
   at OpenFreq.Services.Acmi.AcmiClientService.ConnectionLoopAsync(CancellationToken cancellationToken)
2026-09-26 18:25:48.334 -04:00 [INF] [OpenFreq.Services.Acmi.AcmiClientService] ACMI status: "Connecting" -> "Failed"
2026-09-26 18:25:53.334 -04:00 [INF] [OpenFreq.Services.Acmi.AcmiClientService] ACMI status: "Failed" -> "Connecting"
2026-09-26 18:25:53.334 -04:00 [INF] [OpenFreq.Services.Acmi.AcmiClientService] Connecting to 100.30.236.80:42674
2026-09-26 18:26:14.395 -04:00 [ERR] [OpenFreq.Services.Acmi.AcmiClientService] Connection error
System.Net.Sockets.SocketException (10060): A connection attempt failed because the connected party did not properly respond after a period of time, or established connection failed because connected host has failed to respond.
   at System.Net.Sockets.Socket.AwaitableSocketAsyncEventArgs.ThrowException(SocketError error, CancellationToken cancellationToken)
   at System.Net.Sockets.Socket.AwaitableSocketAsyncEventArgs.System.Threading.Tasks.Sources.IValueTaskSource.GetResult(Int16 token)
   at System.Net.Sockets.TcpClient.CompleteConnectAsync(ValueTask task)
   at OpenFreq.Services.Acmi.AcmiClientService.ConnectionLoopAsync(CancellationToken cancellationToken)
2026-09-26 18:26:14.396 -04:00 [INF] [OpenFreq.Services.Acmi.AcmiClientService] ACMI status: "Connecting" -> "Failed"
2026-09-26 18:26:19.396 -04:00 [INF] [OpenFreq.Services.Acmi.AcmiClientService] ACMI status: "Failed" -> "Connecting"
2026-09-26 18:26:19.396 -04:00 [INF] [OpenFreq.Services.Acmi.AcmiClientService] Connecting to 100.30.236.80:42674
2026-09-26 18:26:25.029 -04:00 [INF] [OpenFreq.Client.Services.FalconRadioSharedMemoryService] Stopped
2026-09-26 18:26:25.029 -04:00 [INF] [OpenFreq.Client.Services.FalconSharedMemoryService] Stopped
2026-09-26 18:26:25.529 -04:00 [INF] [OpenFreq.Services.Acmi.AcmiClientService] ACMI status: "Connecting" -> "Disconnected"
2026-09-26 18:26:25.536 -04:00 [INF] [OpenFreqClient.Services.HotkeyService] HotkeyService stopped
2026-09-26 18:26:25.539 -04:00 [INF] [OpenFreqClient.Services.ConfigurationService] Saved configuration: C:\Users\FB\Downloads\OpenFreq-Client-v1.1.4-win-x64-portable\OpenFreq.Client.json
2026-09-26 18:26:25.540 -04:00 [INF] [OpenFreqAudio.RadioPlayback] Stopping all streams and cleaning up resources...
2026-09-26 18:26:25.540 -04:00 [INF] [OpenFreqAudio.RadioPlayback] Master stream stopped (StopAll)
2026-09-26 18:26:25.740 -04:00 [INF] [OpenFreq.Client.Services.FalconSharedMemoryService] Stopped
2026-09-26 18:26:25.740 -04:00 [INF] [OpenFreq.Client.Services.FalconRadioSharedMemoryService] Stopped
2026-09-26 18:26:25.740 -04:00 [INF] [OpenFreqClient.AudioService] Device monitoring stopped
2026-09-26 18:26:25.742 -04:00 [INF] [OpenFreqClient.Services.IvcMonitorService] Monitoring stopped
