2026-09-26 10:55:07.559 -07:00 [INF] [] OpenFreq Client 1.1.4 starting
2026-09-26 10:55:07.582 -07:00 [INF] [OpenFreq.Client.NativeMethods.Win32TimerResolution] Timer resolution set to 1 ms
2026-09-26 10:55:07.783 -07:00 [INF] [OpenFreq.Client.Services.FalconRadioSharedMemoryService] Mutex acquired - RCS owner
2026-09-26 10:55:07.783 -07:00 [INF] [OpenFreq.Client.Services.FalconRadioSharedMemoryService] RCS shared memory created, flags cleared
2026-09-26 10:55:07.783 -07:00 [INF] [OpenFreq.Client.Services.FalconRadioSharedMemoryService] RCS status: "AllClear" → "ClientActive"
2026-09-26 10:55:07.784 -07:00 [INF] [OpenFreq.Client.Services.FalconRadioSharedMemoryService] State: "Stopped" → "RcsCreated"
2026-09-26 10:55:07.785 -07:00 [INF] [OpenFreq.Client.Services.FalconRadioSharedMemoryService] Started
2026-09-26 10:55:07.785 -07:00 [INF] [OpenFreq.Client.Services.FalconSharedMemoryService] State: "Stopped" -> "Disconnected"
2026-09-26 10:55:07.785 -07:00 [INF] [OpenFreq.Client.Services.FalconSharedMemoryService] Started
2026-09-26 10:55:07.785 -07:00 [INF] [OpenFreqClient.Services.HotkeyService] HotkeyService started (keyboard support enabled)
2026-09-26 10:55:07.876 -07:00 [INF] [OpenFreqClient.Services.HotkeyService] Acquired joystick: vJoy Device (GUID: "63a47b00-9671-11f0-8003-444553540000")
2026-09-26 10:55:07.877 -07:00 [INF] [OpenFreqClient.Services.HotkeyService] Acquired joystick: VKBsim Black Box  (GUID: "0ec6d1d0-942f-11f0-8007-444553540000")
2026-09-26 10:55:07.877 -07:00 [INF] [OpenFreqClient.Services.HotkeyService] Acquired joystick: VPC Stick WarBRD (GUID: "0ec83160-942f-11f0-8009-444553540000")
2026-09-26 10:55:07.878 -07:00 [INF] [OpenFreqClient.Services.HotkeyService] Acquired joystick: Throttle - HOTAS Warthog (GUID: "0ec8cda0-942f-11f0-800d-444553540000")
2026-09-26 10:55:07.878 -07:00 [INF] [OpenFreqClient.Services.HotkeyService] Started joystick polling thread for 4 device(s)
2026-09-26 10:55:07.878 -07:00 [INF] [OpenFreqClient.Services.HotkeyService] DirectInput initialized - joystick support enabled
2026-09-26 10:55:07.892 -07:00 [INF] [OpenFreq.Client.Services.FalconSharedMemoryService] State: "Disconnected" -> "Connected"
2026-09-26 10:55:07.908 -07:00 [INF] [OpenFreqClient.AudioService] Device monitoring started
2026-09-26 10:55:07.916 -07:00 [INF] [OpenFreqClient.Services.IvcMonitorService] Monitoring started
2026-09-26 10:55:51.386 -07:00 [INF] [OpenFreq.Client.Services.FalconRadioSharedMemoryService] RCC shared memory opened, initial data read
2026-09-26 10:55:51.386 -07:00 [INF] [OpenFreq.Client.Services.FalconRadioSharedMemoryService] State: "RcsCreated" → "Connected"
2026-09-26 10:55:51.386 -07:00 [INF] [OpenFreq.Client.Services.FalconRadioSharedMemoryService] RCS status: "ClientActive" → "ClientActive, TryingToConnect"
2026-09-26 10:55:51.396 -07:00 [INF] [OpenFreqClient.Services.OpenFreqService] Playback Service initialized
2026-09-26 10:55:51.632 -07:00 [INF] [OpenFreqClient.Services.HotkeyService] Registered "Ptt" hotkey: Keyboard: F1 for channel "b6007285-e370-421d-aa37-e471bbd0a6af"
2026-09-26 10:55:51.633 -07:00 [INF] [OpenFreqClient.Services.HotkeyService] Registered "Ptt" hotkey: Keyboard: F2 for channel "ecef563b-9bdd-43cf-883a-4bbf3035568f"
2026-09-26 10:55:51.633 -07:00 [INF] [OpenFreqClient.Services.HotkeyService] Registered "Ptt" hotkey: Keyboard: F3 for channel "0db803fd-08bf-401d-b817-d2466921ff8c"
2026-09-26 10:55:51.635 -07:00 [INF] [OpenFreqClient.ViewModels.ChannelCardListViewModel] BMS volume map (sync): Radio1 raw=100 gain=1.892 | Radio2 raw=100 gain=1.892 | Guard raw=100 gain=1.892
2026-09-26 10:55:51.636 -07:00 [INF] [OpenFreqAudio.RadioPlayback] TuneFrequency 1.234 MHz
2026-09-26 10:55:51.636 -07:00 [INF] [OpenFreqClient.ViewModels.ChannelCardListViewModel] "Radio2": 1234 → 1234 kHz, power on, joined
2026-09-26 10:55:51.636 -07:00 [INF] [OpenFreqAudio.RadioPlayback] TuneFrequency 339.750 MHz
2026-09-26 10:55:51.636 -07:00 [INF] [OpenFreqClient.ViewModels.ChannelCardListViewModel] "Radio1": 339750 → 339750 kHz, power on, joined
2026-09-26 10:55:51.661 -07:00 [INF] [OpenFreq.Common.RtpAudioSender] Initialized
2026-09-26 10:55:51.661 -07:00 [INF] [OpenFreq.Common.RtpAudioSender]   Server: 13.217.207.139:9988
2026-09-26 10:55:51.661 -07:00 [INF] [OpenFreq.Common.RtpAudioSender]   SSRC: 0x32C7C971
2026-09-26 10:55:51.662 -07:00 [INF] [OpenFreq.Common.RtpAudioReceiver] Started on port 56013
2026-09-26 10:55:51.662 -07:00 [INF] [OpenFreq.Common.RtpAudioReceiver]   Initial buffer: 150ms (adaptive, per-SSRC)
2026-09-26 10:55:51.663 -07:00 [INF] [OpenFreq.Common.RtpAudioReceiver] Receive loop started
2026-09-26 10:55:51.675 -07:00 [INF] [OpenFreqClient.Services.OpenFreqService] Capturing from recording device (BASS index 1): Microphone (AT2020USB+)
2026-09-26 10:55:51.687 -07:00 [INF] [OpenFreq.Client.Services.FalconRadioSharedMemoryService] RCS status: "ClientActive, TryingToConnect" → "ClientActive, Connected, TryingToConnect"
2026-09-26 10:55:51.688 -07:00 [INF] [OpenFreq.Client.Services.FalconRadioSharedMemoryService] RCS status: "ClientActive, Connected, TryingToConnect" → "ClientActive, Connected"
2026-09-26 10:55:51.704 -07:00 [INF] [OpenFreqAudio.RadioPlayback] Stream 'a9a18cf4-7cd0-4302-a887-5a9511c9fdcc:1234' on 1.234 MHz
2026-09-26 10:55:51.704 -07:00 [INF] [OpenFreqAudio.RadioPlayback] Stream '48c829fa-694d-48c8-987a-a559eb15e8f5:1234' on 1.234 MHz
2026-09-26 10:55:51.704 -07:00 [INF] [OpenFreqAudio.RadioPlayback] Stream '48abd6ed-f57c-43d5-af5e-3fe33e06395b:1234' on 1.234 MHz
2026-09-26 10:55:51.704 -07:00 [INF] [OpenFreqAudio.RadioPlayback] Stream 'e0977389-35b0-4d0f-997f-3c6be3e6f5f5:1234' on 1.234 MHz
2026-09-26 10:55:51.704 -07:00 [INF] [OpenFreqAudio.RadioPlayback] Stream '32672fdf-be5f-4fe3-b8ad-00410fd1b909:1234' on 1.234 MHz
2026-09-26 10:55:51.704 -07:00 [INF] [OpenFreqAudio.RadioPlayback] Stream 'c231414f-6549-4b18-9f0e-ef37b3ff8b2a:1234' on 1.234 MHz
2026-09-26 10:55:51.704 -07:00 [INF] [OpenFreqAudio.RadioPlayback] Stream '2832c0a1-b711-4e95-bbe1-cdba2b4b554f:1234' on 1.234 MHz
2026-09-26 10:55:51.704 -07:00 [INF] [OpenFreqAudio.RadioPlayback] Stream 'd2bb94ce-e83a-452c-a9af-5c14c9690242:1234' on 1.234 MHz
2026-09-26 10:55:51.704 -07:00 [INF] [OpenFreqAudio.RadioPlayback] Stream '86d6d8aa-64e3-4106-890a-252d3f93f28e:1234' on 1.234 MHz
2026-09-26 10:55:51.704 -07:00 [INF] [OpenFreqAudio.RadioPlayback] Stream 'efe0f587-f81f-4522-b158-2db2990e67b3:1234' on 1.234 MHz
2026-09-26 10:55:51.704 -07:00 [INF] [OpenFreqAudio.RadioPlayback] Stream '4f4671de-f769-4dd1-a389-fe7beb123829:1234' on 1.234 MHz
2026-09-26 10:55:51.704 -07:00 [INF] [OpenFreqAudio.RadioPlayback] Stream 'ce6da643-a18c-4918-8143-ed0ef97903ef:1234' on 1.234 MHz
2026-09-26 10:55:51.705 -07:00 [INF] [OpenFreqAudio.RadioPlayback] Stream '58f02e35-0d8e-4c46-aa74-dce098883fa8:1234' on 1.234 MHz
2026-09-26 10:55:51.705 -07:00 [INF] [OpenFreqAudio.RadioPlayback] Stream '5f86a288-c8ed-4cc8-8177-6d108444bacf:1234' on 1.234 MHz
2026-09-26 10:55:51.705 -07:00 [INF] [OpenFreqAudio.RadioPlayback] Stream '1c406e7f-2bcc-4a8e-827b-8b4f22c5e0d6:1234' on 1.234 MHz
2026-09-26 10:55:51.705 -07:00 [INF] [OpenFreqAudio.RadioPlayback] Stream '9f7f74a4-f4b4-4a9e-8a34-c7d1caea0743:1234' on 1.234 MHz
2026-09-26 10:55:51.705 -07:00 [INF] [OpenFreqAudio.RadioPlayback] Stream '77f4187c-e0a3-4dfc-a6ac-bb4a10769ddb:1234' on 1.234 MHz
2026-09-26 10:55:51.705 -07:00 [INF] [OpenFreqAudio.RadioPlayback] Stream 'e28879f1-608d-4a97-ba39-a9b85920a54f:1234' on 1.234 MHz
2026-09-26 10:55:51.705 -07:00 [INF] [OpenFreqAudio.RadioPlayback] Stream '82f4c276-d732-442e-816e-9c2cc3cab039:1234' on 1.234 MHz
2026-09-26 10:55:51.705 -07:00 [INF] [OpenFreqAudio.RadioPlayback] Stream 'c220f187-a6fa-4848-ac66-ff0dd03f1bde:1234' on 1.234 MHz
2026-09-26 10:55:51.705 -07:00 [INF] [OpenFreqAudio.RadioPlayback] Stream '39cc262f-6474-4c0c-bcaf-fe6990221775:1234' on 1.234 MHz
2026-09-26 10:55:51.705 -07:00 [INF] [OpenFreqAudio.RadioPlayback] Stream 'cdd269e7-7527-4dd5-b113-c03bd6090266:1234' on 1.234 MHz
2026-09-26 10:55:51.705 -07:00 [INF] [OpenFreqAudio.RadioPlayback] Stream '34d243c3-bb35-46a9-9a7f-858d8cf14c96:1234' on 1.234 MHz
2026-09-26 10:55:51.705 -07:00 [INF] [OpenFreqAudio.RadioPlayback] Stream '4f36a78f-a1dc-4926-a97f-bb17213a27a6:1234' on 1.234 MHz
2026-09-26 10:55:51.706 -07:00 [INF] [OpenFreqAudio.RadioPlayback] Stream 'a9a18cf4-7cd0-4302-a887-5a9511c9fdcc:339750' on 339.750 MHz
2026-09-26 10:55:51.706 -07:00 [INF] [OpenFreqAudio.RadioPlayback] Stream '48c829fa-694d-48c8-987a-a559eb15e8f5:339750' on 339.750 MHz
2026-09-26 10:55:51.706 -07:00 [INF] [OpenFreqAudio.RadioPlayback] Stream '48abd6ed-f57c-43d5-af5e-3fe33e06395b:339750' on 339.750 MHz
2026-09-26 10:55:51.706 -07:00 [INF] [OpenFreqAudio.RadioPlayback] Stream 'e0977389-35b0-4d0f-997f-3c6be3e6f5f5:339750' on 339.750 MHz
2026-09-26 10:55:51.706 -07:00 [INF] [OpenFreqAudio.RadioPlayback] Stream '32672fdf-be5f-4fe3-b8ad-00410fd1b909:339750' on 339.750 MHz
2026-09-26 10:55:51.706 -07:00 [INF] [OpenFreqAudio.RadioPlayback] Stream 'c231414f-6549-4b18-9f0e-ef37b3ff8b2a:339750' on 339.750 MHz
2026-09-26 10:55:51.706 -07:00 [INF] [OpenFreqAudio.RadioPlayback] Stream '2832c0a1-b711-4e95-bbe1-cdba2b4b554f:339750' on 339.750 MHz
2026-09-26 10:55:51.706 -07:00 [INF] [OpenFreqAudio.RadioPlayback] Stream 'd2bb94ce-e83a-452c-a9af-5c14c9690242:339750' on 339.750 MHz
2026-09-26 10:55:51.706 -07:00 [INF] [OpenFreqAudio.RadioPlayback] Stream '86d6d8aa-64e3-4106-890a-252d3f93f28e:339750' on 339.750 MHz
2026-09-26 10:55:51.706 -07:00 [INF] [OpenFreqAudio.RadioPlayback] Stream 'efe0f587-f81f-4522-b158-2db2990e67b3:339750' on 339.750 MHz
2026-09-26 10:55:51.706 -07:00 [INF] [OpenFreqAudio.RadioPlayback] Stream '4f4671de-f769-4dd1-a389-fe7beb123829:339750' on 339.750 MHz
2026-09-26 10:55:51.706 -07:00 [INF] [OpenFreqAudio.RadioPlayback] Stream '58f02e35-0d8e-4c46-aa74-dce098883fa8:339750' on 339.750 MHz
2026-09-26 10:55:51.706 -07:00 [INF] [OpenFreqAudio.RadioPlayback] Stream '5f86a288-c8ed-4cc8-8177-6d108444bacf:339750' on 339.750 MHz
2026-09-26 10:55:51.706 -07:00 [INF] [OpenFreqAudio.RadioPlayback] Stream '1c406e7f-2bcc-4a8e-827b-8b4f22c5e0d6:339750' on 339.750 MHz
2026-09-26 10:55:51.706 -07:00 [INF] [OpenFreqAudio.RadioPlayback] Stream '77f4187c-e0a3-4dfc-a6ac-bb4a10769ddb:339750' on 339.750 MHz
2026-09-26 10:55:51.706 -07:00 [INF] [OpenFreqAudio.RadioPlayback] Stream '82f4c276-d732-442e-816e-9c2cc3cab039:339750' on 339.750 MHz
2026-09-26 10:55:51.706 -07:00 [INF] [OpenFreqAudio.RadioPlayback] Stream 'c220f187-a6fa-4848-ac66-ff0dd03f1bde:339750' on 339.750 MHz
2026-09-26 10:55:53.197 -07:00 [INF] [OpenFreqAudio.RadioPlayback] Stream '2b5bf54d-0745-40bd-8654-39282a8beb3c:1234' on 1.234 MHz
2026-09-26 10:55:53.345 -07:00 [INF] [OpenFreqAudio.RadioPlayback] Stream 'f39dd749-39ff-4df4-bec7-f23cc154d1a8:1234' on 1.234 MHz
2026-09-26 10:55:53.532 -07:00 [INF] [OpenFreqAudio.RadioPlayback] Stream 'f39dd749-39ff-4df4-bec7-f23cc154d1a8:339750' on 339.750 MHz
2026-09-26 10:56:00.852 -07:00 [INF] [OpenFreqAudio.RadioPlayback] Stream '4d102c94-5b1d-430f-ac47-2af9e76711c3:1234' on 1.234 MHz
2026-09-26 10:56:00.856 -07:00 [INF] [OpenFreqAudio.RadioPlayback] Stream '4d102c94-5b1d-430f-ac47-2af9e76711c3:339750' on 339.750 MHz
2026-09-26 10:56:04.380 -07:00 [INF] [OpenFreqAudio.RadioPlayback] Stream 'c7502f64-d243-4bb4-b3e2-a34cc02e4587:1234' on 1.234 MHz
2026-09-26 10:56:13.158 -07:00 [INF] [OpenFreqAudio.RadioPlayback] Stream '576a8825-50c4-4833-a261-ff4b676106bb:1234' on 1.234 MHz
2026-09-26 10:56:30.365 -07:00 [INF] [OpenFreqAudio.RadioPlayback] Stream '505a3dc5-34de-4a9d-b08a-88bef027035e:1234' on 1.234 MHz
2026-09-26 10:56:30.634 -07:00 [INF] [OpenFreqAudio.RadioPlayback] Stream '505a3dc5-34de-4a9d-b08a-88bef027035e:339750' on 339.750 MHz
2026-09-26 10:56:47.170 -07:00 [INF] [OpenFreqAudio.RadioPlayback] Stream 'f8c742ac-257a-4450-aadc-59aa8b2f44b5:339750' on 339.750 MHz
2026-09-26 10:56:47.170 -07:00 [INF] [OpenFreqAudio.RadioPlayback] Stream 'f8c742ac-257a-4450-aadc-59aa8b2f44b5:1234' on 1.234 MHz
2026-09-26 10:58:58.970 -07:00 [INF] [OpenFreqAudio.RadioPlayback] Stream '11f67dc0-8d0a-4f4a-99db-6033cadd757a:339750' on 339.750 MHz
2026-09-26 10:58:58.970 -07:00 [INF] [OpenFreqAudio.RadioPlayback] Stream '11f67dc0-8d0a-4f4a-99db-6033cadd757a:1234' on 1.234 MHz
2026-09-26 10:59:03.872 -07:00 [INF] [OpenFreqAudio.RadioPlayback] Stream '4f196d30-7656-4fd9-88c3-ba678f56106e:339750' on 339.750 MHz
2026-09-26 10:59:03.878 -07:00 [INF] [OpenFreqAudio.RadioPlayback] Stream '4f196d30-7656-4fd9-88c3-ba678f56106e:1234' on 1.234 MHz
2026-09-26 10:59:49.079 -07:00 [INF] [OpenFreqClient.Services.OpenFreqService] PTT start: own radio on 1.234 MHz
2026-09-26 10:59:49.999 -07:00 [INF] [OpenFreqClient.Services.OpenFreqService] PTT end: own radio on 1.234 MHz
2026-09-26 10:59:50.007 -07:00 [INF] [OpenFreqClient.Services.OpenFreqService] TX level over 920ms: mic peak -25.5 dBFS rms -41.1 dBFS | sent peak -15.0 dBFS rms -31.7 dBFS | normalizer on, gain 7.151, gate -47.1 dBFS
2026-09-26 11:01:23.587 -07:00 [INF] [OpenFreqAudio.RadioPlayback] Stream '2c7de423-e66c-4a70-a299-d21d207cd0ed:339750' on 339.750 MHz
2026-09-26 11:01:23.588 -07:00 [INF] [OpenFreqAudio.RadioPlayback] Stream '2c7de423-e66c-4a70-a299-d21d207cd0ed:1234' on 1.234 MHz
2026-09-26 11:04:10.339 -07:00 [INF] [OpenFreqAudio.RadioPlayback] Stream '7c54ae18-74fa-45f3-b6a9-377a5574b95b:339750' on 339.750 MHz
2026-09-26 11:04:10.340 -07:00 [INF] [OpenFreqAudio.RadioPlayback] Stream '7c54ae18-74fa-45f3-b6a9-377a5574b95b:1234' on 1.234 MHz
2026-09-26 11:05:30.375 -07:00 [INF] [OpenFreqAudio.RadioPlayback] Stream '982e2bb0-182d-4217-bce2-d56d6e7b2782:1234' on 1.234 MHz
2026-09-26 11:05:30.375 -07:00 [INF] [OpenFreqAudio.RadioPlayback] Stream '982e2bb0-182d-4217-bce2-d56d6e7b2782:339750' on 339.750 MHz
2026-09-26 11:06:11.443 -07:00 [INF] [OpenFreqAudio.RadioPlayback] Stream '60de6a7c-e7c8-4498-89bc-22e6726c4803:1234' on 1.234 MHz
2026-09-26 11:06:11.443 -07:00 [INF] [OpenFreqAudio.RadioPlayback] Stream '60de6a7c-e7c8-4498-89bc-22e6726c4803:339750' on 339.750 MHz
2026-09-26 11:06:24.327 -07:00 [INF] [OpenFreqClient.Services.OpenFreqService] PTT start: Stevie (32672fdf-be5f-4fe3-b8ad-00410fd1b909) on 339.750 MHz, 2D
2026-09-26 11:06:24.353 -07:00 [INF] [OpenFreq.Common.RtpJitterBufferPool] New RTP source: SSRC=6597AECC
2026-09-26 11:06:24.354 -07:00 [INF] [OpenFreq.Common.RtpJitterBuffer] Manual buffer size: 150ms
2026-09-26 11:06:24.354 -07:00 [INF] [OpenFreq.Common.RtpAudioReceiver] Source joined:  SSRC=6597AECC
2026-09-26 11:06:24.354 -07:00 [INF] [OpenFreq.Common.RtpJitterBuffer] Initialized: buffer=150ms
2026-09-26 11:06:24.411 -07:00 [INF] [OpenFreqClient.Services.OpenFreqService] PTT end: Stevie (32672fdf-be5f-4fe3-b8ad-00410fd1b909) on 339.750 MHz, released
2026-09-26 11:06:24.495 -07:00 [INF] [OpenFreqClient.Services.OpenFreqService] PTT start: Stevie (32672fdf-be5f-4fe3-b8ad-00410fd1b909) on 339.750 MHz, 2D
2026-09-26 11:06:24.600 -07:00 [INF] [OpenFreqClient.Services.OpenFreqService] PTT end: Stevie (32672fdf-be5f-4fe3-b8ad-00410fd1b909) on 339.750 MHz, released
2026-09-26 11:06:24.800 -07:00 [INF] [OpenFreqClient.Services.OpenFreqService] PTT start: Stevie (32672fdf-be5f-4fe3-b8ad-00410fd1b909) on 1.234 MHz, 2D
2026-09-26 11:06:24.895 -07:00 [INF] [OpenFreqClient.Services.OpenFreqService] PTT end: Stevie (32672fdf-be5f-4fe3-b8ad-00410fd1b909) on 1.234 MHz, released
2026-09-26 11:06:24.986 -07:00 [INF] [OpenFreqClient.Services.OpenFreqService] PTT start: Stevie (32672fdf-be5f-4fe3-b8ad-00410fd1b909) on 1.234 MHz, 2D
2026-09-26 11:06:25.080 -07:00 [INF] [OpenFreqClient.Services.OpenFreqService] PTT end: Stevie (32672fdf-be5f-4fe3-b8ad-00410fd1b909) on 1.234 MHz, released
2026-09-26 11:07:39.866 -07:00 [INF] [OpenFreqClient.Services.OpenFreqService] PTT start: armapirx (4f196d30-7656-4fd9-88c3-ba678f56106e) on 1.234 MHz, 2D
2026-09-26 11:07:39.893 -07:00 [INF] [OpenFreqClient.Services.OpenFreqService] PTT end: armapirx (4f196d30-7656-4fd9-88c3-ba678f56106e) on 1.234 MHz, released
2026-09-26 11:07:39.952 -07:00 [INF] [OpenFreq.Common.RtpJitterBufferPool] New RTP source: SSRC=0540A395
2026-09-26 11:07:39.952 -07:00 [INF] [OpenFreq.Common.RtpJitterBuffer] Manual buffer size: 150ms
2026-09-26 11:07:39.953 -07:00 [INF] [OpenFreq.Common.RtpAudioReceiver] Source joined:  SSRC=0540A395
2026-09-26 11:07:39.953 -07:00 [INF] [OpenFreq.Common.RtpJitterBuffer] Initialized: buffer=150ms
2026-09-26 11:07:41.053 -07:00 [INF] [OpenFreqClient.Services.OpenFreqService] PTT start: armapirx (4f196d30-7656-4fd9-88c3-ba678f56106e) on 339.750 MHz, 2D
2026-09-26 11:07:41.092 -07:00 [INF] [OpenFreq.Common.RtpJitterBuffer] Transmission gap detected (1176ms RTP delta), resetting jitter measurement
2026-09-26 11:07:41.111 -07:00 [INF] [OpenFreqClient.Services.OpenFreqService] PTT end: armapirx (4f196d30-7656-4fd9-88c3-ba678f56106e) on 339.750 MHz, released
2026-09-26 11:08:42.812 -07:00 [INF] [OpenFreqAudio.RadioPlayback] Stream 'f23a2329-cca9-4d8f-bdda-384ea4044d35:339750' on 339.750 MHz
2026-09-26 11:08:42.813 -07:00 [INF] [OpenFreqAudio.RadioPlayback] Stream 'f23a2329-cca9-4d8f-bdda-384ea4044d35:1234' on 1.234 MHz
2026-09-26 11:09:16.486 -07:00 [INF] [OpenFreqAudio.RadioPlayback] Stream '5ec3efbf-d2c1-4eb7-9a0c-29eb152f7bef:339750' on 339.750 MHz
2026-09-26 11:09:16.487 -07:00 [INF] [OpenFreqAudio.RadioPlayback] Stream '5ec3efbf-d2c1-4eb7-9a0c-29eb152f7bef:1234' on 1.234 MHz
2026-09-26 11:11:52.622 -07:00 [INF] [OpenFreqAudio.RadioPlayback] Stream '58355e30-5857-4e01-882f-86b5f2200072:1234' on 1.234 MHz
2026-09-26 11:11:52.622 -07:00 [INF] [OpenFreqAudio.RadioPlayback] Stream '58355e30-5857-4e01-882f-86b5f2200072:339750' on 339.750 MHz
2026-09-26 11:13:16.501 -07:00 [INF] [OpenFreqAudio.RadioPlayback] Stream '26082bfb-7e0b-4be7-a9e2-cf6a57fc7a87:339750' on 339.750 MHz
2026-09-26 11:13:16.503 -07:00 [INF] [OpenFreqAudio.RadioPlayback] Stream '26082bfb-7e0b-4be7-a9e2-cf6a57fc7a87:1234' on 1.234 MHz
2026-09-26 11:17:40.595 -07:00 [INF] [OpenFreqClient.Services.OpenFreqService] PTT start: Alligator (f39dd749-39ff-4df4-bec7-f23cc154d1a8) on 339.750 MHz, 2D
2026-09-26 11:17:40.617 -07:00 [INF] [OpenFreq.Common.RtpJitterBufferPool] New RTP source: SSRC=407FFF3F
2026-09-26 11:17:40.617 -07:00 [INF] [OpenFreq.Common.RtpJitterBuffer] Manual buffer size: 150ms
2026-09-26 11:17:40.617 -07:00 [INF] [OpenFreq.Common.RtpAudioReceiver] Source joined:  SSRC=407FFF3F
2026-09-26 11:17:40.617 -07:00 [INF] [OpenFreq.Common.RtpJitterBuffer] Initialized: buffer=150ms
2026-09-26 11:17:40.617 -07:00 [INF] [OpenFreq.Common.RtpJitterBufferPool] Pruned stale source SSRC=6597AECC
2026-09-26 11:17:40.617 -07:00 [INF] [OpenFreq.Common.RtpAudioReceiver] Source expired: SSRC=6597AECC
2026-09-26 11:17:40.618 -07:00 [INF] [OpenFreq.Common.RtpJitterBufferPool] Pruned stale source SSRC=0540A395
2026-09-26 11:17:40.618 -07:00 [INF] [OpenFreq.Common.RtpAudioReceiver] Source expired: SSRC=0540A395
2026-09-26 11:17:40.862 -07:00 [INF] [OpenFreqClient.Services.OpenFreqService] PTT end: Alligator (f39dd749-39ff-4df4-bec7-f23cc154d1a8) on 339.750 MHz, released
2026-09-26 11:17:40.918 -07:00 [WRN] [OpenFreqAudio.RadioPlayback] Stream f39dd749-39ff-4df4-bec7-f23cc154d1a8:339750 on 339.750 MHz had no samples for 10.9 ms
2026-09-26 11:18:37.686 -07:00 [INF] [OpenFreqAudio.RadioPlayback] Stream '430fd144-77f3-46f0-a22f-beca4418c102:339750' on 339.750 MHz
2026-09-26 11:18:37.686 -07:00 [INF] [OpenFreqAudio.RadioPlayback] Stream '430fd144-77f3-46f0-a22f-beca4418c102:1234' on 1.234 MHz
2026-09-26 11:19:38.761 -07:00 [INF] [OpenFreqAudio.RadioPlayback] Stream 'c72e4e1b-eda3-4974-8638-dcc7706355e7:1234' on 1.234 MHz
2026-09-26 11:19:38.761 -07:00 [INF] [OpenFreqAudio.RadioPlayback] Stream 'c72e4e1b-eda3-4974-8638-dcc7706355e7:339750' on 339.750 MHz
2026-09-26 11:22:07.842 -07:00 [INF] [OpenFreqClient.Services.OpenFreqService] PTT start: Blue (f23a2329-cca9-4d8f-bdda-384ea4044d35) on 339.750 MHz, 2D
2026-09-26 11:22:07.860 -07:00 [INF] [OpenFreq.Common.RtpJitterBufferPool] New RTP source: SSRC=0B8FB835
2026-09-26 11:22:07.860 -07:00 [INF] [OpenFreq.Common.RtpJitterBuffer] Manual buffer size: 150ms
2026-09-26 11:22:07.860 -07:00 [INF] [OpenFreq.Common.RtpAudioReceiver] Source joined:  SSRC=0B8FB835
2026-09-26 11:22:07.860 -07:00 [INF] [OpenFreq.Common.RtpJitterBuffer] Initialized: buffer=150ms
2026-09-26 11:22:08.080 -07:00 [INF] [OpenFreqClient.Services.OpenFreqService] PTT end: Blue (f23a2329-cca9-4d8f-bdda-384ea4044d35) on 339.750 MHz, released
2026-09-26 11:22:36.731 -07:00 [INF] [OpenFreqAudio.RadioPlayback] Stream '98b50b09-72be-4e1c-9a30-79d237a36aad:339750' on 339.750 MHz
2026-09-26 11:22:45.782 -07:00 [INF] [OpenFreqClient.Services.OpenFreqService] PTT start: Useless (2c7de423-e66c-4a70-a299-d21d207cd0ed) on 339.750 MHz, 2D
2026-09-26 11:22:45.803 -07:00 [INF] [OpenFreq.Common.RtpJitterBufferPool] New RTP source: SSRC=5FC1A72A
2026-09-26 11:22:45.803 -07:00 [INF] [OpenFreq.Common.RtpJitterBuffer] Manual buffer size: 150ms
2026-09-26 11:22:45.803 -07:00 [INF] [OpenFreq.Common.RtpAudioReceiver] Source joined:  SSRC=5FC1A72A
2026-09-26 11:22:45.803 -07:00 [INF] [OpenFreq.Common.RtpJitterBuffer] Initialized: buffer=150ms
2026-09-26 11:22:45.803 -07:00 [INF] [OpenFreq.Common.RtpJitterBufferPool] Pruned stale source SSRC=407FFF3F
2026-09-26 11:22:45.803 -07:00 [INF] [OpenFreq.Common.RtpAudioReceiver] Source expired: SSRC=407FFF3F
2026-09-26 11:22:46.450 -07:00 [WRN] [OpenFreqAudio.RadioPlayback] Stream 2c7de423-e66c-4a70-a299-d21d207cd0ed:339750 on 339.750 MHz had no samples for 5.6 ms
2026-09-26 11:22:47.243 -07:00 [INF] [OpenFreqClient.Services.OpenFreqService] PTT start: Komier (4d102c94-5b1d-430f-ac47-2af9e76711c3) on 339.750 MHz, 2D
2026-09-26 11:22:47.256 -07:00 [INF] [OpenFreq.Common.RtpJitterBufferPool] New RTP source: SSRC=6046721D
2026-09-26 11:22:47.256 -07:00 [INF] [OpenFreq.Common.RtpJitterBuffer] Manual buffer size: 150ms
2026-09-26 11:22:47.256 -07:00 [INF] [OpenFreq.Common.RtpAudioReceiver] Source joined:  SSRC=6046721D
2026-09-26 11:22:47.256 -07:00 [INF] [OpenFreq.Common.RtpJitterBuffer] Initialized: buffer=150ms
2026-09-26 11:22:47.378 -07:00 [INF] [OpenFreqClient.Services.OpenFreqService] PTT end: Useless (2c7de423-e66c-4a70-a299-d21d207cd0ed) on 339.750 MHz, released
2026-09-26 11:22:48.612 -07:00 [INF] [OpenFreqClient.Services.OpenFreqService] PTT end: Komier (4d102c94-5b1d-430f-ac47-2af9e76711c3) on 339.750 MHz, released
2026-09-26 11:22:49.214 -07:00 [INF] [OpenFreqClient.Services.OpenFreqService] PTT start: LeHarold (efe0f587-f81f-4522-b158-2db2990e67b3) on 339.750 MHz, 2D
2026-09-26 11:22:49.226 -07:00 [INF] [OpenFreqClient.Services.OpenFreqService] PTT start: LeHarold (efe0f587-f81f-4522-b158-2db2990e67b3) on 1.234 MHz, 2D
2026-09-26 11:22:49.234 -07:00 [INF] [OpenFreq.Common.RtpJitterBufferPool] New RTP source: SSRC=3ACE95B3
2026-09-26 11:22:49.234 -07:00 [INF] [OpenFreq.Common.RtpJitterBuffer] Manual buffer size: 150ms
2026-09-26 11:22:49.235 -07:00 [INF] [OpenFreq.Common.RtpAudioReceiver] Source joined:  SSRC=3ACE95B3
2026-09-26 11:22:49.235 -07:00 [INF] [OpenFreq.Common.RtpJitterBuffer] Initialized: buffer=150ms
2026-09-26 11:22:50.054 -07:00 [INF] [OpenFreqClient.Services.OpenFreqService] PTT end: LeHarold (efe0f587-f81f-4522-b158-2db2990e67b3) on 339.750 MHz, released
2026-09-26 11:22:50.055 -07:00 [INF] [OpenFreqClient.Services.OpenFreqService] PTT end: LeHarold (efe0f587-f81f-4522-b158-2db2990e67b3) on 1.234 MHz, released
2026-09-26 11:22:50.389 -07:00 [INF] [OpenFreqClient.Services.OpenFreqService] PTT start: Paintcheck (4f4671de-f769-4dd1-a389-fe7beb123829) on 339.750 MHz, 2D
2026-09-26 11:22:50.402 -07:00 [INF] [OpenFreq.Common.RtpJitterBufferPool] New RTP source: SSRC=1FA21C25
2026-09-26 11:22:50.402 -07:00 [INF] [OpenFreq.Common.RtpJitterBuffer] Manual buffer size: 150ms
2026-09-26 11:22:50.402 -07:00 [INF] [OpenFreq.Common.RtpAudioReceiver] Source joined:  SSRC=1FA21C25
2026-09-26 11:22:50.402 -07:00 [INF] [OpenFreq.Common.RtpJitterBuffer] Initialized: buffer=150ms
2026-09-26 11:22:51.158 -07:00 [INF] [OpenFreqClient.Services.OpenFreqService] PTT end: Paintcheck (4f4671de-f769-4dd1-a389-fe7beb123829) on 339.750 MHz, released
2026-09-26 11:22:54.002 -07:00 [INF] [OpenFreqClient.Services.OpenFreqService] PTT start: Woody (e0977389-35b0-4d0f-997f-3c6be3e6f5f5) on 339.750 MHz, 2D
2026-09-26 11:22:54.015 -07:00 [INF] [OpenFreq.Common.RtpJitterBufferPool] New RTP source: SSRC=365CD622
2026-09-26 11:22:54.015 -07:00 [INF] [OpenFreq.Common.RtpJitterBuffer] Manual buffer size: 150ms
2026-09-26 11:22:54.015 -07:00 [INF] [OpenFreq.Common.RtpAudioReceiver] Source joined:  SSRC=365CD622
2026-09-26 11:22:54.015 -07:00 [INF] [OpenFreq.Common.RtpJitterBuffer] Initialized: buffer=150ms
2026-09-26 11:22:54.643 -07:00 [INF] [OpenFreqClient.Services.OpenFreqService] PTT end: Woody (e0977389-35b0-4d0f-997f-3c6be3e6f5f5) on 339.750 MHz, released
2026-09-26 11:22:55.748 -07:00 [INF] [OpenFreqClient.Services.OpenFreqService] PTT start: Sk8r (d2bb94ce-e83a-452c-a9af-5c14c9690242) on 339.750 MHz, 2D
2026-09-26 11:22:55.844 -07:00 [INF] [OpenFreq.Common.RtpJitterBufferPool] New RTP source: SSRC=017FD48D
2026-09-26 11:22:55.844 -07:00 [INF] [OpenFreq.Common.RtpJitterBuffer] Manual buffer size: 150ms
2026-09-26 11:22:55.844 -07:00 [INF] [OpenFreq.Common.RtpAudioReceiver] Source joined:  SSRC=017FD48D
2026-09-26 11:22:55.844 -07:00 [INF] [OpenFreq.Common.RtpJitterBuffer] Initialized: buffer=150ms
2026-09-26 11:22:56.414 -07:00 [INF] [OpenFreqClient.Services.OpenFreqService] PTT end: Sk8r (d2bb94ce-e83a-452c-a9af-5c14c9690242) on 339.750 MHz, released
2026-09-26 11:22:57.297 -07:00 [INF] [OpenFreqClient.Services.OpenFreqService] PTT start: armapirx (4f196d30-7656-4fd9-88c3-ba678f56106e) on 339.750 MHz, 2D
2026-09-26 11:22:57.327 -07:00 [INF] [OpenFreq.Common.RtpJitterBufferPool] New RTP source: SSRC=0540A395
2026-09-26 11:22:57.327 -07:00 [INF] [OpenFreq.Common.RtpJitterBuffer] Manual buffer size: 150ms
2026-09-26 11:22:57.327 -07:00 [INF] [OpenFreq.Common.RtpAudioReceiver] Source joined:  SSRC=0540A395
2026-09-26 11:22:57.327 -07:00 [INF] [OpenFreq.Common.RtpJitterBuffer] Initialized: buffer=150ms
2026-09-26 11:22:58.313 -07:00 [INF] [OpenFreqClient.Services.OpenFreqService] PTT end: armapirx (4f196d30-7656-4fd9-88c3-ba678f56106e) on 339.750 MHz, released
2026-09-26 11:23:02.765 -07:00 [INF] [OpenFreqClient.Services.OpenFreqService] PTT start: Stevie (32672fdf-be5f-4fe3-b8ad-00410fd1b909) on 339.750 MHz, 2D
2026-09-26 11:23:02.774 -07:00 [INF] [OpenFreq.Common.RtpJitterBufferPool] New RTP source: SSRC=6597AECC
2026-09-26 11:23:02.774 -07:00 [INF] [OpenFreq.Common.RtpJitterBuffer] Manual buffer size: 150ms
2026-09-26 11:23:02.774 -07:00 [INF] [OpenFreq.Common.RtpAudioReceiver] Source joined:  SSRC=6597AECC
2026-09-26 11:23:02.774 -07:00 [INF] [OpenFreq.Common.RtpJitterBuffer] Initialized: buffer=150ms
2026-09-26 11:23:03.119 -07:00 [INF] [OpenFreqClient.Services.OpenFreqService] PTT start: Woody (e0977389-35b0-4d0f-997f-3c6be3e6f5f5) on 339.750 MHz, 2D
2026-09-26 11:23:03.136 -07:00 [INF] [OpenFreq.Common.RtpJitterBuffer] Transmission gap detected (8499ms RTP delta), resetting jitter measurement
2026-09-26 11:23:03.367 -07:00 [INF] [OpenFreqClient.Services.OpenFreqService] PTT end: Woody (e0977389-35b0-4d0f-997f-3c6be3e6f5f5) on 339.750 MHz, released
2026-09-26 11:23:03.421 -07:00 [WRN] [OpenFreqAudio.RadioPlayback] Stream 32672fdf-be5f-4fe3-b8ad-00410fd1b909:339750 on 339.750 MHz had no samples for 8.6 ms
2026-09-26 11:23:04.162 -07:00 [INF] [OpenFreqClient.Services.OpenFreqService] PTT end: Stevie (32672fdf-be5f-4fe3-b8ad-00410fd1b909) on 339.750 MHz, released
2026-09-26 11:23:05.037 -07:00 [INF] [OpenFreqClient.Services.OpenFreqService] PTT start: Alligator (f39dd749-39ff-4df4-bec7-f23cc154d1a8) on 339.750 MHz, 2D
2026-09-26 11:23:05.053 -07:00 [INF] [OpenFreq.Common.RtpJitterBufferPool] New RTP source: SSRC=407FFF3F
2026-09-26 11:23:05.053 -07:00 [INF] [OpenFreq.Common.RtpJitterBuffer] Manual buffer size: 150ms
2026-09-26 11:23:05.053 -07:00 [INF] [OpenFreq.Common.RtpAudioReceiver] Source joined:  SSRC=407FFF3F
2026-09-26 11:23:05.053 -07:00 [INF] [OpenFreq.Common.RtpJitterBuffer] Initialized: buffer=150ms
2026-09-26 11:23:05.210 -07:00 [INF] [OpenFreqClient.Services.OpenFreqService] PTT end: Alligator (f39dd749-39ff-4df4-bec7-f23cc154d1a8) on 339.750 MHz, released
2026-09-26 11:23:05.231 -07:00 [WRN] [OpenFreqAudio.RadioPlayback] Stream f39dd749-39ff-4df4-bec7-f23cc154d1a8:339750 on 339.750 MHz had no samples for 10.5 ms
2026-09-26 11:23:05.585 -07:00 [INF] [OpenFreqClient.Services.OpenFreqService] PTT start: Alligator (f39dd749-39ff-4df4-bec7-f23cc154d1a8) on 339.750 MHz, 2D
2026-09-26 11:23:06.681 -07:00 [INF] [OpenFreqClient.Services.OpenFreqService] PTT end: Alligator (f39dd749-39ff-4df4-bec7-f23cc154d1a8) on 339.750 MHz, released
2026-09-26 11:23:07.394 -07:00 [INF] [OpenFreqClient.Services.OpenFreqService] PTT start: Turcu (82f4c276-d732-442e-816e-9c2cc3cab039) on 339.750 MHz, 2D
2026-09-26 11:23:07.458 -07:00 [INF] [OpenFreq.Common.RtpJitterBufferPool] New RTP source: SSRC=09A2575B
2026-09-26 11:23:07.458 -07:00 [INF] [OpenFreq.Common.RtpJitterBuffer] Manual buffer size: 150ms
2026-09-26 11:23:07.458 -07:00 [INF] [OpenFreq.Common.RtpAudioReceiver] Source joined:  SSRC=09A2575B
2026-09-26 11:23:07.458 -07:00 [INF] [OpenFreq.Common.RtpJitterBuffer] Initialized: buffer=150ms
2026-09-26 11:23:07.873 -07:00 [INF] [OpenFreqClient.Services.OpenFreqService] PTT end: Turcu (82f4c276-d732-442e-816e-9c2cc3cab039) on 339.750 MHz, released
2026-09-26 11:23:12.447 -07:00 [INF] [OpenFreqClient.Services.OpenFreqService] PTT start: Krieger (c231414f-6549-4b18-9f0e-ef37b3ff8b2a) on 339.750 MHz, 2D
2026-09-26 11:23:12.462 -07:00 [INF] [OpenFreq.Common.RtpJitterBufferPool] New RTP source: SSRC=15B167C8
2026-09-26 11:23:12.462 -07:00 [INF] [OpenFreq.Common.RtpJitterBuffer] Manual buffer size: 150ms
2026-09-26 11:23:12.462 -07:00 [INF] [OpenFreq.Common.RtpAudioReceiver] Source joined:  SSRC=15B167C8
2026-09-26 11:23:12.462 -07:00 [INF] [OpenFreq.Common.RtpJitterBuffer] Initialized: buffer=150ms
2026-09-26 11:23:12.494 -07:00 [INF] [OpenFreqClient.Services.OpenFreqService] PTT start: gci-chaos (98b50b09-72be-4e1c-9a30-79d237a36aad) on 339.750 MHz, 2D
2026-09-26 11:23:12.514 -07:00 [INF] [OpenFreq.Common.RtpJitterBufferPool] New RTP source: SSRC=662ABEBC
2026-09-26 11:23:12.514 -07:00 [INF] [OpenFreq.Common.RtpJitterBuffer] Manual buffer size: 150ms
2026-09-26 11:23:12.514 -07:00 [INF] [OpenFreq.Common.RtpAudioReceiver] Source joined:  SSRC=662ABEBC
2026-09-26 11:23:12.514 -07:00 [INF] [OpenFreq.Common.RtpJitterBuffer] Initialized: buffer=150ms
2026-09-26 11:23:12.550 -07:00 [INF] [OpenFreqClient.Services.OpenFreqService] PTT end: gci-chaos (98b50b09-72be-4e1c-9a30-79d237a36aad) on 339.750 MHz, released
2026-09-26 11:23:13.263 -07:00 [INF] [OpenFreqClient.Services.OpenFreqService] PTT end: Krieger (c231414f-6549-4b18-9f0e-ef37b3ff8b2a) on 339.750 MHz, released
2026-09-26 11:23:16.919 -07:00 [INF] [OpenFreqAudio.RadioPlayback] Stream '98b50b09-72be-4e1c-9a30-79d237a36aad:339750' on 339.750 MHz
2026-09-26 11:23:17.297 -07:00 [INF] [OpenFreqClient.Services.OpenFreqService] PTT start: Zag (48abd6ed-f57c-43d5-af5e-3fe33e06395b) on 339.750 MHz, 2D
2026-09-26 11:23:17.315 -07:00 [INF] [OpenFreq.Common.RtpJitterBufferPool] New RTP source: SSRC=09331CEC
2026-09-26 11:23:17.315 -07:00 [INF] [OpenFreq.Common.RtpJitterBuffer] Manual buffer size: 150ms
2026-09-26 11:23:17.315 -07:00 [INF] [OpenFreq.Common.RtpAudioReceiver] Source joined:  SSRC=09331CEC
2026-09-26 11:23:17.315 -07:00 [INF] [OpenFreq.Common.RtpJitterBuffer] Initialized: buffer=150ms
2026-09-26 11:23:17.791 -07:00 [WRN] [OpenFreqAudio.RadioPlayback] Stream 48abd6ed-f57c-43d5-af5e-3fe33e06395b:339750 on 339.750 MHz had no samples for 9.8 ms
2026-09-26 11:23:18.243 -07:00 [INF] [OpenFreqClient.Services.OpenFreqService] PTT start: Krieger (c231414f-6549-4b18-9f0e-ef37b3ff8b2a) on 339.750 MHz, 2D
2026-09-26 11:23:18.262 -07:00 [INF] [OpenFreq.Common.RtpJitterBuffer] Transmission gap detected (5017ms RTP delta), resetting jitter measurement
2026-09-26 11:23:18.607 -07:00 [INF] [OpenFreqClient.Services.OpenFreqService] PTT end: Krieger (c231414f-6549-4b18-9f0e-ef37b3ff8b2a) on 339.750 MHz, released
2026-09-26 11:23:18.639 -07:00 [INF] [OpenFreqClient.Services.OpenFreqService] PTT end: Zag (48abd6ed-f57c-43d5-af5e-3fe33e06395b) on 339.750 MHz, released
2026-09-26 11:23:20.375 -07:00 [INF] [OpenFreqClient.Services.OpenFreqService] PTT start: own radio on 339.750 MHz
2026-09-26 11:23:21.488 -07:00 [INF] [OpenFreqClient.Services.OpenFreqService] PTT end: own radio on 339.750 MHz
2026-09-26 11:23:21.489 -07:00 [INF] [OpenFreqClient.Services.OpenFreqService] TX level over 1110ms: mic peak -21.8 dBFS rms -38.4 dBFS | sent peak -4.9 dBFS rms -21.9 dBFS | normalizer on, gain 6.291, gate -49.5 dBFS
2026-09-26 11:23:22.315 -07:00 [INF] [OpenFreqClient.Services.OpenFreqService] PTT start: Miner 1-1 (7c54ae18-74fa-45f3-b6a9-377a5574b95b) on 339.750 MHz, 2D
2026-09-26 11:23:22.343 -07:00 [INF] [OpenFreq.Common.RtpJitterBufferPool] New RTP source: SSRC=3EB49D5B
2026-09-26 11:23:22.343 -07:00 [INF] [OpenFreq.Common.RtpJitterBuffer] Manual buffer size: 150ms
2026-09-26 11:23:22.343 -07:00 [INF] [OpenFreq.Common.RtpAudioReceiver] Source joined:  SSRC=3EB49D5B
2026-09-26 11:23:22.343 -07:00 [INF] [OpenFreq.Common.RtpJitterBuffer] Initialized: buffer=150ms
2026-09-26 11:23:22.712 -07:00 [INF] [OpenFreqClient.Services.OpenFreqService] PTT start: SkyFox (f8c742ac-257a-4450-aadc-59aa8b2f44b5) on 339.750 MHz, 2D
2026-09-26 11:23:22.738 -07:00 [INF] [OpenFreq.Common.RtpJitterBufferPool] New RTP source: SSRC=2B251449
2026-09-26 11:23:22.739 -07:00 [INF] [OpenFreq.Common.RtpJitterBuffer] Manual buffer size: 150ms
2026-09-26 11:23:22.739 -07:00 [INF] [OpenFreq.Common.RtpAudioReceiver] Source joined:  SSRC=2B251449
2026-09-26 11:23:22.739 -07:00 [INF] [OpenFreq.Common.RtpJitterBuffer] Initialized: buffer=150ms
2026-09-26 11:23:22.835 -07:00 [INF] [OpenFreqClient.Services.OpenFreqService] PTT end: Miner 1-1 (7c54ae18-74fa-45f3-b6a9-377a5574b95b) on 339.750 MHz, released
2026-09-26 11:23:23.401 -07:00 [INF] [OpenFreqClient.Services.OpenFreqService] PTT end: SkyFox (f8c742ac-257a-4450-aadc-59aa8b2f44b5) on 339.750 MHz, released
2026-09-26 11:23:24.278 -07:00 [INF] [OpenFreqClient.Services.OpenFreqService] PTT start: SkyFox (f8c742ac-257a-4450-aadc-59aa8b2f44b5) on 339.750 MHz, 2D
2026-09-26 11:23:24.292 -07:00 [INF] [OpenFreq.Common.RtpJitterBuffer] Transmission gap detected (906ms RTP delta), resetting jitter measurement
2026-09-26 11:23:24.745 -07:00 [WRN] [OpenFreqAudio.RadioPlayback] Stream f8c742ac-257a-4450-aadc-59aa8b2f44b5:339750 on 339.750 MHz had no samples for 14.6 ms
2026-09-26 11:23:25.200 -07:00 [INF] [OpenFreqClient.Services.OpenFreqService] PTT end: SkyFox (f8c742ac-257a-4450-aadc-59aa8b2f44b5) on 339.750 MHz, released
2026-09-26 11:23:25.428 -07:00 [INF] [OpenFreqClient.Services.OpenFreqService] PTT start: Stevie (32672fdf-be5f-4fe3-b8ad-00410fd1b909) on 339.750 MHz, 2D
2026-09-26 11:23:25.438 -07:00 [INF] [OpenFreq.Common.RtpJitterBuffer] Transmission gap detected (21292ms RTP delta), resetting jitter measurement
2026-09-26 11:23:26.630 -07:00 [WRN] [OpenFreqAudio.RadioPlayback] Stream 32672fdf-be5f-4fe3-b8ad-00410fd1b909:339750 on 339.750 MHz had no samples for 7.6 ms
2026-09-26 11:23:26.701 -07:00 [INF] [OpenFreqClient.Services.OpenFreqService] PTT end: Stevie (32672fdf-be5f-4fe3-b8ad-00410fd1b909) on 339.750 MHz, released
2026-09-26 11:23:27.600 -07:00 [INF] [OpenFreqClient.Services.OpenFreqService] PTT start: Falcon (58355e30-5857-4e01-882f-86b5f2200072) on 339.750 MHz, 2D
2026-09-26 11:23:27.613 -07:00 [INF] [OpenFreq.Common.RtpJitterBufferPool] New RTP source: SSRC=3519F4B2
2026-09-26 11:23:27.613 -07:00 [INF] [OpenFreq.Common.RtpJitterBuffer] Manual buffer size: 150ms
2026-09-26 11:23:27.613 -07:00 [INF] [OpenFreq.Common.RtpAudioReceiver] Source joined:  SSRC=3519F4B2
2026-09-26 11:23:27.613 -07:00 [INF] [OpenFreq.Common.RtpJitterBuffer] Initialized: buffer=150ms
2026-09-26 11:23:27.815 -07:00 [WRN] [OpenFreqAudio.RadioPlayback] Stream 58355e30-5857-4e01-882f-86b5f2200072:339750 on 339.750 MHz had no samples for 14.0 ms
2026-09-26 11:23:28.616 -07:00 [INF] [OpenFreqClient.Services.OpenFreqService] PTT end: Falcon (58355e30-5857-4e01-882f-86b5f2200072) on 339.750 MHz, released
2026-09-26 11:23:29.807 -07:00 [INF] [OpenFreqClient.Services.OpenFreqService] PTT start: Powers (1c406e7f-2bcc-4a8e-827b-8b4f22c5e0d6) on 1.234 MHz, 2D
2026-09-26 11:23:29.821 -07:00 [INF] [OpenFreq.Common.RtpJitterBufferPool] New RTP source: SSRC=5F6995AE
2026-09-26 11:23:29.821 -07:00 [INF] [OpenFreq.Common.RtpJitterBuffer] Manual buffer size: 150ms
2026-09-26 11:23:29.821 -07:00 [INF] [OpenFreq.Common.RtpAudioReceiver] Source joined:  SSRC=5F6995AE
2026-09-26 11:23:29.821 -07:00 [INF] [OpenFreq.Common.RtpJitterBuffer] Initialized: buffer=150ms
2026-09-26 11:23:31.716 -07:00 [INF] [OpenFreqClient.Services.OpenFreqService] PTT end: Powers (1c406e7f-2bcc-4a8e-827b-8b4f22c5e0d6) on 1.234 MHz, released
2026-09-26 11:23:32.558 -07:00 [INF] [OpenFreqClient.Services.OpenFreqService] PTT start: Kug (77f4187c-e0a3-4dfc-a6ac-bb4a10769ddb) on 339.750 MHz, 2D
2026-09-26 11:23:32.614 -07:00 [INF] [OpenFreq.Common.RtpJitterBufferPool] New RTP source: SSRC=6FCB22C3
2026-09-26 11:23:32.614 -07:00 [INF] [OpenFreq.Common.RtpJitterBuffer] Manual buffer size: 150ms
2026-09-26 11:23:32.614 -07:00 [INF] [OpenFreq.Common.RtpAudioReceiver] Source joined:  SSRC=6FCB22C3
2026-09-26 11:23:32.614 -07:00 [INF] [OpenFreq.Common.RtpJitterBuffer] Initialized: buffer=150ms
2026-09-26 11:23:33.668 -07:00 [INF] [OpenFreqClient.Services.OpenFreqService] PTT end: Kug (77f4187c-e0a3-4dfc-a6ac-bb4a10769ddb) on 339.750 MHz, released
2026-09-26 11:23:35.325 -07:00 [INF] [OpenFreqClient.Services.OpenFreqService] PTT start: Woody (e0977389-35b0-4d0f-997f-3c6be3e6f5f5) on 339.750 MHz, 2D
2026-09-26 11:23:35.342 -07:00 [INF] [OpenFreq.Common.RtpJitterBuffer] Transmission gap detected (31982ms RTP delta), resetting jitter measurement
2026-09-26 11:23:36.374 -07:00 [INF] [OpenFreqClient.Services.OpenFreqService] PTT end: Woody (e0977389-35b0-4d0f-997f-3c6be3e6f5f5) on 339.750 MHz, released
2026-09-26 11:23:37.248 -07:00 [INF] [OpenFreqClient.Services.OpenFreqService] PTT start: Starlight (a9a18cf4-7cd0-4302-a887-5a9511c9fdcc) on 339.750 MHz, 2D
2026-09-26 11:23:37.263 -07:00 [INF] [OpenFreq.Common.RtpJitterBufferPool] New RTP source: SSRC=055FDC08
2026-09-26 11:23:37.263 -07:00 [INF] [OpenFreq.Common.RtpJitterBuffer] Manual buffer size: 150ms
2026-09-26 11:23:37.263 -07:00 [INF] [OpenFreq.Common.RtpAudioReceiver] Source joined:  SSRC=055FDC08
2026-09-26 11:23:37.264 -07:00 [INF] [OpenFreq.Common.RtpJitterBuffer] Initialized: buffer=150ms
2026-09-26 11:23:37.678 -07:00 [INF] [OpenFreqClient.Services.OpenFreqService] PTT end: Starlight (a9a18cf4-7cd0-4302-a887-5a9511c9fdcc) on 339.750 MHz, released
2026-09-26 11:23:38.309 -07:00 [INF] [OpenFreqClient.Services.OpenFreqService] PTT start: Rain (48c829fa-694d-48c8-987a-a559eb15e8f5) on 339.750 MHz, 2D
2026-09-26 11:23:38.324 -07:00 [INF] [OpenFreq.Common.RtpJitterBufferPool] New RTP source: SSRC=056D8B17
2026-09-26 11:23:38.324 -07:00 [INF] [OpenFreq.Common.RtpJitterBuffer] Manual buffer size: 150ms
2026-09-26 11:23:38.324 -07:00 [INF] [OpenFreq.Common.RtpAudioReceiver] Source joined:  SSRC=056D8B17
2026-09-26 11:23:38.324 -07:00 [INF] [OpenFreq.Common.RtpJitterBuffer] Initialized: buffer=150ms
2026-09-26 11:23:38.718 -07:00 [INF] [OpenFreqClient.Services.OpenFreqService] PTT end: Rain (48c829fa-694d-48c8-987a-a559eb15e8f5) on 339.750 MHz, released
2026-09-26 11:23:39.362 -07:00 [INF] [OpenFreqClient.Services.OpenFreqService] PTT start: Gkenny (58f02e35-0d8e-4c46-aa74-dce098883fa8) on 339.750 MHz, 2D
2026-09-26 11:23:39.377 -07:00 [INF] [OpenFreq.Common.RtpJitterBufferPool] New RTP source: SSRC=10B73873
2026-09-26 11:23:39.377 -07:00 [INF] [OpenFreq.Common.RtpJitterBuffer] Manual buffer size: 150ms
2026-09-26 11:23:39.377 -07:00 [INF] [OpenFreq.Common.RtpAudioReceiver] Source joined:  SSRC=10B73873
2026-09-26 11:23:39.377 -07:00 [INF] [OpenFreq.Common.RtpJitterBuffer] Initialized: buffer=150ms
2026-09-26 11:23:40.059 -07:00 [INF] [OpenFreqClient.Services.OpenFreqService] PTT end: Gkenny (58f02e35-0d8e-4c46-aa74-dce098883fa8) on 339.750 MHz, released
2026-09-26 11:23:40.918 -07:00 [INF] [OpenFreqClient.Services.OpenFreqService] PTT start: Blue (f23a2329-cca9-4d8f-bdda-384ea4044d35) on 339.750 MHz, 2D
2026-09-26 11:23:40.929 -07:00 [INF] [OpenFreq.Common.RtpJitterBuffer] Transmission gap detected (92855ms RTP delta), resetting jitter measurement
2026-09-26 11:23:41.786 -07:00 [INF] [OpenFreqClient.Services.OpenFreqService] PTT end: Blue (f23a2329-cca9-4d8f-bdda-384ea4044d35) on 339.750 MHz, released
2026-09-26 11:23:42.286 -07:00 [INF] [OpenFreqClient.Services.OpenFreqService] PTT start: Wild (982e2bb0-182d-4217-bce2-d56d6e7b2782) on 339.750 MHz, 2D
2026-09-26 11:23:42.299 -07:00 [INF] [OpenFreq.Common.RtpJitterBufferPool] New RTP source: SSRC=63865412
2026-09-26 11:23:42.299 -07:00 [INF] [OpenFreq.Common.RtpJitterBuffer] Manual buffer size: 150ms
2026-09-26 11:23:42.299 -07:00 [INF] [OpenFreq.Common.RtpAudioReceiver] Source joined:  SSRC=63865412
2026-09-26 11:23:42.299 -07:00 [INF] [OpenFreq.Common.RtpJitterBuffer] Initialized: buffer=150ms
2026-09-26 11:23:43.129 -07:00 [INF] [OpenFreqClient.Services.OpenFreqService] PTT end: Wild (982e2bb0-182d-4217-bce2-d56d6e7b2782) on 339.750 MHz, released
2026-09-26 11:23:43.925 -07:00 [INF] [OpenFreqClient.Services.OpenFreqService] PTT start: Tipple (5f86a288-c8ed-4cc8-8177-6d108444bacf) on 339.750 MHz, 2D
2026-09-26 11:23:43.997 -07:00 [INF] [OpenFreq.Common.RtpJitterBufferPool] New RTP source: SSRC=2DFC2263
2026-09-26 11:23:43.997 -07:00 [INF] [OpenFreq.Common.RtpJitterBuffer] Manual buffer size: 150ms
2026-09-26 11:23:43.997 -07:00 [INF] [OpenFreq.Common.RtpAudioReceiver] Source joined:  SSRC=2DFC2263
2026-09-26 11:23:43.997 -07:00 [INF] [OpenFreq.Common.RtpJitterBuffer] Initialized: buffer=150ms
2026-09-26 11:23:44.565 -07:00 [INF] [OpenFreqClient.Services.OpenFreqService] PTT end: Tipple (5f86a288-c8ed-4cc8-8177-6d108444bacf) on 339.750 MHz, released
2026-09-26 11:23:49.003 -07:00 [INF] [OpenFreqClient.Services.OpenFreqService] PTT start: Blue (f23a2329-cca9-4d8f-bdda-384ea4044d35) on 339.750 MHz, 2D
2026-09-26 11:23:49.018 -07:00 [INF] [OpenFreq.Common.RtpJitterBuffer] Transmission gap detected (7247ms RTP delta), resetting jitter measurement
2026-09-26 11:23:49.974 -07:00 [INF] [OpenFreqClient.Services.OpenFreqService] PTT end: Blue (f23a2329-cca9-4d8f-bdda-384ea4044d35) on 339.750 MHz, released
2026-09-26 11:23:52.431 -07:00 [INF] [OpenFreqClient.Services.OpenFreqService] PTT start: Turcu (82f4c276-d732-442e-816e-9c2cc3cab039) on 339.750 MHz, 2D
2026-09-26 11:23:52.452 -07:00 [INF] [OpenFreq.Common.RtpJitterBuffer] Transmission gap detected (44586ms RTP delta), resetting jitter measurement
2026-09-26 11:23:52.518 -07:00 [INF] [OpenFreqClient.Services.OpenFreqService] PTT start: Turcu (82f4c276-d732-442e-816e-9c2cc3cab039) on 1.234 MHz, 2D
2026-09-26 11:23:52.556 -07:00 [INF] [OpenFreqClient.Services.OpenFreqService] PTT end: Turcu (82f4c276-d732-442e-816e-9c2cc3cab039) on 339.750 MHz, released
2026-09-26 11:23:52.587 -07:00 [INF] [OpenFreqClient.Services.OpenFreqService] PTT end: Turcu (82f4c276-d732-442e-816e-9c2cc3cab039) on 1.234 MHz, released
2026-09-26 11:24:03.934 -07:00 [INF] [OpenFreqClient.Services.OpenFreqService] PTT start: Polaris (86d6d8aa-64e3-4106-890a-252d3f93f28e) on 339.750 MHz, 2D
2026-09-26 11:24:03.959 -07:00 [INF] [OpenFreq.Common.RtpJitterBufferPool] New RTP source: SSRC=6685BCEA
2026-09-26 11:24:03.959 -07:00 [INF] [OpenFreq.Common.RtpJitterBuffer] Manual buffer size: 150ms
2026-09-26 11:24:03.959 -07:00 [INF] [OpenFreq.Common.RtpAudioReceiver] Source joined:  SSRC=6685BCEA
2026-09-26 11:24:03.959 -07:00 [INF] [OpenFreq.Common.RtpJitterBuffer] Initialized: buffer=150ms
2026-09-26 11:24:04.231 -07:00 [INF] [OpenFreqClient.Services.OpenFreqService] PTT end: Polaris (86d6d8aa-64e3-4106-890a-252d3f93f28e) on 339.750 MHz, released
2026-09-26 11:24:09.488 -07:00 [INF] [OpenFreqClient.Services.OpenFreqService] PTT start: gci-chaos (98b50b09-72be-4e1c-9a30-79d237a36aad) on 339.750 MHz, 2D
2026-09-26 11:24:09.500 -07:00 [INF] [OpenFreq.Common.RtpJitterBuffer] Transmission gap detected (56953ms RTP delta), resetting jitter measurement
2026-09-26 11:24:10.286 -07:00 [INF] [OpenFreqClient.Services.OpenFreqService] PTT end: gci-chaos (98b50b09-72be-4e1c-9a30-79d237a36aad) on 339.750 MHz, released
2026-09-26 11:24:12.270 -07:00 [INF] [OpenFreqAudio.RadioPlayback] Stream '974e1818-726d-46c2-a454-05ba12f6d736:339750' on 339.750 MHz
2026-09-26 11:24:12.271 -07:00 [INF] [OpenFreqAudio.RadioPlayback] Stream '974e1818-726d-46c2-a454-05ba12f6d736:1234' on 1.234 MHz
2026-09-26 11:24:17.974 -07:00 [INF] [OpenFreqClient.Services.OpenFreqService] PTT start: Polaris (86d6d8aa-64e3-4106-890a-252d3f93f28e) on 339.750 MHz, 2D
2026-09-26 11:24:17.986 -07:00 [INF] [OpenFreq.Common.RtpJitterBuffer] Transmission gap detected (13760ms RTP delta), resetting jitter measurement
2026-09-26 11:24:18.383 -07:00 [INF] [OpenFreqClient.Services.OpenFreqService] PTT end: Polaris (86d6d8aa-64e3-4106-890a-252d3f93f28e) on 339.750 MHz, released
2026-09-26 11:24:26.141 -07:00 [INF] [OpenFreqClient.Services.OpenFreqService] PTT start: Polaris (86d6d8aa-64e3-4106-890a-252d3f93f28e) on 339.750 MHz, 2D
2026-09-26 11:24:26.156 -07:00 [INF] [OpenFreq.Common.RtpJitterBuffer] Transmission gap detected (7768ms RTP delta), resetting jitter measurement
2026-09-26 11:24:26.373 -07:00 [WRN] [OpenFreqAudio.RadioPlayback] Stream 86d6d8aa-64e3-4106-890a-252d3f93f28e:339750 on 339.750 MHz had no samples for 4.5 ms
2026-09-26 11:24:26.596 -07:00 [INF] [OpenFreqClient.Services.OpenFreqService] PTT end: Polaris (86d6d8aa-64e3-4106-890a-252d3f93f28e) on 339.750 MHz, released
2026-09-26 11:24:26.978 -07:00 [INF] [OpenFreqClient.Services.OpenFreqService] PTT start: Polaris (86d6d8aa-64e3-4106-890a-252d3f93f28e) on 1.234 MHz, 2D
2026-09-26 11:24:27.474 -07:00 [INF] [OpenFreqClient.Services.OpenFreqService] PTT end: Polaris (86d6d8aa-64e3-4106-890a-252d3f93f28e) on 1.234 MHz, released
2026-09-26 11:24:28.554 -07:00 [INF] [OpenFreqClient.Services.OpenFreqService] PTT start: Polaris (86d6d8aa-64e3-4106-890a-252d3f93f28e) on 1.234 MHz, 2D
2026-09-26 11:24:28.575 -07:00 [INF] [OpenFreq.Common.RtpJitterBuffer] Transmission gap detected (1096ms RTP delta), resetting jitter measurement
2026-09-26 11:24:28.915 -07:00 [INF] [OpenFreqClient.Services.OpenFreqService] PTT end: Polaris (86d6d8aa-64e3-4106-890a-252d3f93f28e) on 1.234 MHz, released
2026-09-26 11:24:29.274 -07:00 [INF] [OpenFreqClient.Services.OpenFreqService] PTT start: Polaris (86d6d8aa-64e3-4106-890a-252d3f93f28e) on 339.750 MHz, 2D
2026-09-26 11:24:29.544 -07:00 [INF] [OpenFreqClient.Services.OpenFreqService] PTT end: Polaris (86d6d8aa-64e3-4106-890a-252d3f93f28e) on 339.750 MHz, released
2026-09-26 11:25:30.556 -07:00 [INF] [OpenFreqClient.Services.OpenFreqService] PTT start: MBee (c220f187-a6fa-4848-ac66-ff0dd03f1bde) on 339.750 MHz, 2D
2026-09-26 11:25:30.570 -07:00 [INF] [OpenFreq.Common.RtpJitterBufferPool] New RTP source: SSRC=0DDE0F4B
2026-09-26 11:25:30.570 -07:00 [INF] [OpenFreq.Common.RtpJitterBuffer] Manual buffer size: 150ms
2026-09-26 11:25:30.570 -07:00 [INF] [OpenFreq.Common.RtpAudioReceiver] Source joined:  SSRC=0DDE0F4B
2026-09-26 11:25:30.570 -07:00 [INF] [OpenFreq.Common.RtpJitterBuffer] Initialized: buffer=150ms
2026-09-26 11:25:32.008 -07:00 [INF] [OpenFreqClient.Services.OpenFreqService] PTT end: MBee (c220f187-a6fa-4848-ac66-ff0dd03f1bde) on 339.750 MHz, released
2026-09-26 11:25:38.677 -07:00 [INF] [OpenFreqClient.Services.OpenFreqService] PTT start: MBee (c220f187-a6fa-4848-ac66-ff0dd03f1bde) on 339.750 MHz, 2D
2026-09-26 11:25:38.688 -07:00 [INF] [OpenFreq.Common.RtpJitterBuffer] Transmission gap detected (6682ms RTP delta), resetting jitter measurement
2026-09-26 11:25:40.354 -07:00 [INF] [OpenFreqClient.Services.OpenFreqService] PTT end: MBee (c220f187-a6fa-4848-ac66-ff0dd03f1bde) on 339.750 MHz, released
2026-09-26 11:25:41.870 -07:00 [INF] [OpenFreqClient.Services.OpenFreqService] PTT start: Tipple (5f86a288-c8ed-4cc8-8177-6d108444bacf) on 339.750 MHz, 2D
2026-09-26 11:25:41.896 -07:00 [INF] [OpenFreq.Common.RtpJitterBuffer] Transmission gap detected (117326ms RTP delta), resetting jitter measurement
2026-09-26 11:25:43.002 -07:00 [INF] [OpenFreqClient.Services.OpenFreqService] PTT end: Tipple (5f86a288-c8ed-4cc8-8177-6d108444bacf) on 339.750 MHz, released
2026-09-26 11:25:44.129 -07:00 [INF] [OpenFreqClient.Services.OpenFreqService] PTT start: Polaris (86d6d8aa-64e3-4106-890a-252d3f93f28e) on 339.750 MHz, 2D
2026-09-26 11:25:44.147 -07:00 [INF] [OpenFreq.Common.RtpJitterBuffer] Transmission gap detected (74613ms RTP delta), resetting jitter measurement
2026-09-26 11:25:44.756 -07:00 [INF] [OpenFreqClient.Services.OpenFreqService] PTT start: MBee (c220f187-a6fa-4848-ac66-ff0dd03f1bde) on 339.750 MHz, 2D
2026-09-26 11:25:44.772 -07:00 [INF] [OpenFreq.Common.RtpJitterBuffer] Transmission gap detected (4419ms RTP delta), resetting jitter measurement
2026-09-26 11:25:44.947 -07:00 [INF] [OpenFreqClient.Services.OpenFreqService] PTT end: MBee (c220f187-a6fa-4848-ac66-ff0dd03f1bde) on 339.750 MHz, released
2026-09-26 11:25:45.882 -07:00 [INF] [OpenFreqClient.Services.OpenFreqService] PTT start: Alligator (f39dd749-39ff-4df4-bec7-f23cc154d1a8) on 339.750 MHz, 2D
2026-09-26 11:25:45.897 -07:00 [INF] [OpenFreq.Common.RtpJitterBuffer] Transmission gap detected (159223ms RTP delta), resetting jitter measurement
2026-09-26 11:25:46.068 -07:00 [INF] [OpenFreqClient.Services.OpenFreqService] PTT end: Polaris (86d6d8aa-64e3-4106-890a-252d3f93f28e) on 339.750 MHz, released
2026-09-26 11:25:46.953 -07:00 [INF] [OpenFreqClient.Services.OpenFreqService] PTT end: Alligator (f39dd749-39ff-4df4-bec7-f23cc154d1a8) on 339.750 MHz, released
2026-09-26 11:26:18.988 -07:00 [INF] [OpenFreqClient.Services.OpenFreqService] PTT start: Knight (974e1818-726d-46c2-a454-05ba12f6d736) on 339.750 MHz, 2D
2026-09-26 11:26:19.005 -07:00 [INF] [OpenFreq.Common.RtpJitterBufferPool] New RTP source: SSRC=2BA1D578
2026-09-26 11:26:19.005 -07:00 [INF] [OpenFreq.Common.RtpJitterBuffer] Manual buffer size: 150ms
2026-09-26 11:26:19.005 -07:00 [INF] [OpenFreq.Common.RtpAudioReceiver] Source joined:  SSRC=2BA1D578
2026-09-26 11:26:19.005 -07:00 [INF] [OpenFreq.Common.RtpJitterBuffer] Initialized: buffer=150ms
2026-09-26 11:26:19.786 -07:00 [WRN] [OpenFreqAudio.RadioPlayback] Stream 974e1818-726d-46c2-a454-05ba12f6d736:339750 on 339.750 MHz had no samples for 10.0 ms
2026-09-26 11:26:20.338 -07:00 [INF] [OpenFreqClient.Services.OpenFreqService] PTT end: Knight (974e1818-726d-46c2-a454-05ba12f6d736) on 339.750 MHz, released
2026-09-26 11:26:20.915 -07:00 [INF] [OpenFreqClient.Services.OpenFreqService] PTT start: Knight (974e1818-726d-46c2-a454-05ba12f6d736) on 339.750 MHz, 2D
2026-09-26 11:26:20.930 -07:00 [INF] [OpenFreq.Common.RtpJitterBuffer] Transmission gap detected (606ms RTP delta), resetting jitter measurement
2026-09-26 11:26:21.693 -07:00 [INF] [OpenFreqClient.Services.OpenFreqService] PTT end: Knight (974e1818-726d-46c2-a454-05ba12f6d736) on 339.750 MHz, released
2026-09-26 11:26:24.893 -07:00 [INF] [OpenFreqClient.Services.OpenFreqService] PTT start: Tipple (5f86a288-c8ed-4cc8-8177-6d108444bacf) on 339.750 MHz, 2D
2026-09-26 11:26:24.906 -07:00 [INF] [OpenFreq.Common.RtpJitterBuffer] Transmission gap detected (41922ms RTP delta), resetting jitter measurement
2026-09-26 11:26:25.725 -07:00 [INF] [OpenFreqClient.Services.OpenFreqService] PTT end: Tipple (5f86a288-c8ed-4cc8-8177-6d108444bacf) on 339.750 MHz, released
2026-09-26 11:26:47.641 -07:00 [INF] [OpenFreqClient.Services.OpenFreqService] PTT start: Knight (974e1818-726d-46c2-a454-05ba12f6d736) on 339.750 MHz, 2D
2026-09-26 11:26:47.652 -07:00 [INF] [OpenFreq.Common.RtpJitterBuffer] Transmission gap detected (25963ms RTP delta), resetting jitter measurement
2026-09-26 11:26:48.717 -07:00 [INF] [OpenFreqClient.Services.OpenFreqService] PTT end: Knight (974e1818-726d-46c2-a454-05ba12f6d736) on 339.750 MHz, released
2026-09-26 11:26:49.344 -07:00 [INF] [OpenFreqClient.Services.OpenFreqService] PTT start: own radio on 339.750 MHz
2026-09-26 11:26:50.107 -07:00 [INF] [OpenFreqClient.Services.OpenFreqService] PTT end: own radio on 339.750 MHz
2026-09-26 11:26:50.111 -07:00 [INF] [OpenFreqClient.Services.OpenFreqService] TX level over 760ms: mic peak -19.7 dBFS rms -32.1 dBFS | sent peak -4.9 dBFS rms -20.1 dBFS | normalizer on, gain 3.267, gate -40.7 dBFS
2026-09-26 11:26:50.963 -07:00 [INF] [OpenFreqClient.Services.OpenFreqService] PTT start: Knight (974e1818-726d-46c2-a454-05ba12f6d736) on 339.750 MHz, 2D
2026-09-26 11:26:50.980 -07:00 [INF] [OpenFreq.Common.RtpJitterBuffer] Transmission gap detected (2266ms RTP delta), resetting jitter measurement
2026-09-26 11:26:51.304 -07:00 [INF] [OpenFreqClient.Services.OpenFreqService] PTT end: Knight (974e1818-726d-46c2-a454-05ba12f6d736) on 339.750 MHz, released
2026-09-26 11:31:34.585 -07:00 [INF] [OpenFreqAudio.RadioPlayback] Stream 'c56f5c33-10e6-473d-96e0-90de94b49519:1234' on 1.234 MHz
2026-09-26 11:31:34.585 -07:00 [INF] [OpenFreqAudio.RadioPlayback] Stream 'c56f5c33-10e6-473d-96e0-90de94b49519:339750' on 339.750 MHz
2026-09-26 11:32:01.907 -07:00 [INF] [OpenFreqClient.Services.OpenFreqService] PTT start: Joe (c56f5c33-10e6-473d-96e0-90de94b49519) on 339.750 MHz, 2D
2026-09-26 11:32:01.923 -07:00 [INF] [OpenFreq.Common.RtpJitterBufferPool] New RTP source: SSRC=2C22CB47
2026-09-26 11:32:01.923 -07:00 [INF] [OpenFreq.Common.RtpJitterBuffer] Manual buffer size: 150ms
2026-09-26 11:32:01.923 -07:00 [INF] [OpenFreq.Common.RtpAudioReceiver] Source joined:  SSRC=2C22CB47
2026-09-26 11:32:01.923 -07:00 [INF] [OpenFreq.Common.RtpJitterBuffer] Initialized: buffer=150ms
2026-09-26 11:32:01.923 -07:00 [INF] [OpenFreq.Common.RtpJitterBufferPool] Pruned stale source SSRC=5FC1A72A
2026-09-26 11:32:01.923 -07:00 [INF] [OpenFreq.Common.RtpAudioReceiver] Source expired: SSRC=5FC1A72A
2026-09-26 11:32:01.923 -07:00 [INF] [OpenFreq.Common.RtpJitterBufferPool] Pruned stale source SSRC=0B8FB835
2026-09-26 11:32:01.923 -07:00 [INF] [OpenFreq.Common.RtpAudioReceiver] Source expired: SSRC=0B8FB835
2026-09-26 11:32:01.923 -07:00 [INF] [OpenFreq.Common.RtpJitterBufferPool] Pruned stale source SSRC=6046721D
2026-09-26 11:32:01.923 -07:00 [INF] [OpenFreq.Common.RtpAudioReceiver] Source expired: SSRC=6046721D
2026-09-26 11:32:01.923 -07:00 [INF] [OpenFreq.Common.RtpJitterBufferPool] Pruned stale source SSRC=3ACE95B3
2026-09-26 11:32:01.923 -07:00 [INF] [OpenFreq.Common.RtpAudioReceiver] Source expired: SSRC=3ACE95B3
2026-09-26 11:32:01.923 -07:00 [INF] [OpenFreq.Common.RtpJitterBufferPool] Pruned stale source SSRC=1FA21C25
2026-09-26 11:32:01.923 -07:00 [INF] [OpenFreq.Common.RtpAudioReceiver] Source expired: SSRC=1FA21C25
2026-09-26 11:32:01.923 -07:00 [INF] [OpenFreq.Common.RtpJitterBufferPool] Pruned stale source SSRC=365CD622
2026-09-26 11:32:01.923 -07:00 [INF] [OpenFreq.Common.RtpAudioReceiver] Source expired: SSRC=365CD622
2026-09-26 11:32:01.923 -07:00 [INF] [OpenFreq.Common.RtpJitterBufferPool] Pruned stale source SSRC=017FD48D
2026-09-26 11:32:01.923 -07:00 [INF] [OpenFreq.Common.RtpAudioReceiver] Source expired: SSRC=017FD48D
2026-09-26 11:32:01.923 -07:00 [INF] [OpenFreq.Common.RtpJitterBufferPool] Pruned stale source SSRC=0540A395
2026-09-26 11:32:01.923 -07:00 [INF] [OpenFreq.Common.RtpAudioReceiver] Source expired: SSRC=0540A395
2026-09-26 11:32:01.923 -07:00 [INF] [OpenFreq.Common.RtpJitterBufferPool] Pruned stale source SSRC=6597AECC
2026-09-26 11:32:01.923 -07:00 [INF] [OpenFreq.Common.RtpAudioReceiver] Source expired: SSRC=6597AECC
2026-09-26 11:32:01.923 -07:00 [INF] [OpenFreq.Common.RtpJitterBufferPool] Pruned stale source SSRC=407FFF3F
2026-09-26 11:32:01.923 -07:00 [INF] [OpenFreq.Common.RtpAudioReceiver] Source expired: SSRC=407FFF3F
2026-09-26 11:32:01.923 -07:00 [INF] [OpenFreq.Common.RtpJitterBufferPool] Pruned stale source SSRC=09A2575B
2026-09-26 11:32:01.923 -07:00 [INF] [OpenFreq.Common.RtpAudioReceiver] Source expired: SSRC=09A2575B
2026-09-26 11:32:01.923 -07:00 [INF] [OpenFreq.Common.RtpJitterBufferPool] Pruned stale source SSRC=15B167C8
2026-09-26 11:32:01.923 -07:00 [INF] [OpenFreq.Common.RtpAudioReceiver] Source expired: SSRC=15B167C8
2026-09-26 11:32:01.923 -07:00 [INF] [OpenFreq.Common.RtpJitterBufferPool] Pruned stale source SSRC=662ABEBC
2026-09-26 11:32:01.923 -07:00 [INF] [OpenFreq.Common.RtpAudioReceiver] Source expired: SSRC=662ABEBC
2026-09-26 11:32:01.923 -07:00 [INF] [OpenFreq.Common.RtpJitterBufferPool] Pruned stale source SSRC=09331CEC
2026-09-26 11:32:01.923 -07:00 [INF] [OpenFreq.Common.RtpAudioReceiver] Source expired: SSRC=09331CEC
2026-09-26 11:32:01.923 -07:00 [INF] [OpenFreq.Common.RtpJitterBufferPool] Pruned stale source SSRC=3EB49D5B
2026-09-26 11:32:01.923 -07:00 [INF] [OpenFreq.Common.RtpAudioReceiver] Source expired: SSRC=3EB49D5B
2026-09-26 11:32:01.923 -07:00 [INF] [OpenFreq.Common.RtpJitterBufferPool] Pruned stale source SSRC=2B251449
2026-09-26 11:32:01.923 -07:00 [INF] [OpenFreq.Common.RtpAudioReceiver] Source expired: SSRC=2B251449
2026-09-26 11:32:01.923 -07:00 [INF] [OpenFreq.Common.RtpJitterBufferPool] Pruned stale source SSRC=3519F4B2
2026-09-26 11:32:01.923 -07:00 [INF] [OpenFreq.Common.RtpAudioReceiver] Source expired: SSRC=3519F4B2
2026-09-26 11:32:01.923 -07:00 [INF] [OpenFreq.Common.RtpJitterBufferPool] Pruned stale source SSRC=5F6995AE
2026-09-26 11:32:01.923 -07:00 [INF] [OpenFreq.Common.RtpAudioReceiver] Source expired: SSRC=5F6995AE
2026-09-26 11:32:01.923 -07:00 [INF] [OpenFreq.Common.RtpJitterBufferPool] Pruned stale source SSRC=6FCB22C3
2026-09-26 11:32:01.923 -07:00 [INF] [OpenFreq.Common.RtpAudioReceiver] Source expired: SSRC=6FCB22C3
2026-09-26 11:32:01.923 -07:00 [INF] [OpenFreq.Common.RtpJitterBufferPool] Pruned stale source SSRC=055FDC08
2026-09-26 11:32:01.923 -07:00 [INF] [OpenFreq.Common.RtpAudioReceiver] Source expired: SSRC=055FDC08
2026-09-26 11:32:01.923 -07:00 [INF] [OpenFreq.Common.RtpJitterBufferPool] Pruned stale source SSRC=056D8B17
2026-09-26 11:32:01.923 -07:00 [INF] [OpenFreq.Common.RtpAudioReceiver] Source expired: SSRC=056D8B17
2026-09-26 11:32:01.923 -07:00 [INF] [OpenFreq.Common.RtpJitterBufferPool] Pruned stale source SSRC=10B73873
2026-09-26 11:32:01.923 -07:00 [INF] [OpenFreq.Common.RtpAudioReceiver] Source expired: SSRC=10B73873
2026-09-26 11:32:01.923 -07:00 [INF] [OpenFreq.Common.RtpJitterBufferPool] Pruned stale source SSRC=63865412
2026-09-26 11:32:01.923 -07:00 [INF] [OpenFreq.Common.RtpAudioReceiver] Source expired: SSRC=63865412
2026-09-26 11:32:01.923 -07:00 [INF] [OpenFreq.Common.RtpJitterBufferPool] Pruned stale source SSRC=2DFC2263
2026-09-26 11:32:01.923 -07:00 [INF] [OpenFreq.Common.RtpAudioReceiver] Source expired: SSRC=2DFC2263
2026-09-26 11:32:01.923 -07:00 [INF] [OpenFreq.Common.RtpJitterBufferPool] Pruned stale source SSRC=6685BCEA
2026-09-26 11:32:01.923 -07:00 [INF] [OpenFreq.Common.RtpAudioReceiver] Source expired: SSRC=6685BCEA
2026-09-26 11:32:01.923 -07:00 [INF] [OpenFreq.Common.RtpJitterBufferPool] Pruned stale source SSRC=0DDE0F4B
2026-09-26 11:32:01.923 -07:00 [INF] [OpenFreq.Common.RtpAudioReceiver] Source expired: SSRC=0DDE0F4B
2026-09-26 11:32:01.923 -07:00 [INF] [OpenFreq.Common.RtpJitterBufferPool] Pruned stale source SSRC=2BA1D578
2026-09-26 11:32:01.923 -07:00 [INF] [OpenFreq.Common.RtpAudioReceiver] Source expired: SSRC=2BA1D578
2026-09-26 11:32:02.632 -07:00 [WRN] [OpenFreqAudio.RadioPlayback] Stream c56f5c33-10e6-473d-96e0-90de94b49519:339750 on 339.750 MHz had no samples for 4.9 ms
2026-09-26 11:32:03.073 -07:00 [INF] [OpenFreqClient.Services.OpenFreqService] PTT end: Joe (c56f5c33-10e6-473d-96e0-90de94b49519) on 339.750 MHz, released
2026-09-26 11:32:38.979 -07:00 [INF] [OpenFreqClient.Services.OpenFreqService] PTT start: Joe (c56f5c33-10e6-473d-96e0-90de94b49519) on 339.750 MHz, 2D
2026-09-26 11:32:38.989 -07:00 [INF] [OpenFreq.Common.RtpJitterBuffer] Transmission gap detected (35932ms RTP delta), resetting jitter measurement
2026-09-26 11:32:40.287 -07:00 [INF] [OpenFreqClient.Services.OpenFreqService] PTT end: Joe (c56f5c33-10e6-473d-96e0-90de94b49519) on 339.750 MHz, released
2026-09-26 11:32:40.734 -07:00 [INF] [OpenFreqClient.Services.OpenFreqService] PTT start: Alligator (f39dd749-39ff-4df4-bec7-f23cc154d1a8) on 339.750 MHz, 2D
2026-09-26 11:32:40.750 -07:00 [INF] [OpenFreq.Common.RtpJitterBufferPool] New RTP source: SSRC=407FFF3F
2026-09-26 11:32:40.750 -07:00 [INF] [OpenFreq.Common.RtpJitterBuffer] Manual buffer size: 150ms
2026-09-26 11:32:40.750 -07:00 [INF] [OpenFreq.Common.RtpAudioReceiver] Source joined:  SSRC=407FFF3F
2026-09-26 11:32:40.750 -07:00 [INF] [OpenFreq.Common.RtpJitterBuffer] Initialized: buffer=150ms
2026-09-26 11:32:41.631 -07:00 [WRN] [OpenFreqAudio.RadioPlayback] Stream f39dd749-39ff-4df4-bec7-f23cc154d1a8:339750 on 339.750 MHz had no samples for 10.0 ms
2026-09-26 11:32:42.465 -07:00 [INF] [OpenFreqClient.Services.OpenFreqService] PTT end: Alligator (f39dd749-39ff-4df4-bec7-f23cc154d1a8) on 339.750 MHz, released
2026-09-26 11:37:38.543 -07:00 [INF] [OpenFreqClient.Services.OpenFreqService] PTT start: Falcon (58355e30-5857-4e01-882f-86b5f2200072) on 1.234 MHz, 2D
2026-09-26 11:37:38.565 -07:00 [INF] [OpenFreq.Common.RtpJitterBufferPool] New RTP source: SSRC=3519F4B2
2026-09-26 11:37:38.565 -07:00 [INF] [OpenFreq.Common.RtpJitterBuffer] Manual buffer size: 150ms
2026-09-26 11:37:38.565 -07:00 [INF] [OpenFreq.Common.RtpAudioReceiver] Source joined:  SSRC=3519F4B2
2026-09-26 11:37:38.565 -07:00 [INF] [OpenFreq.Common.RtpJitterBuffer] Initialized: buffer=150ms
2026-09-26 11:37:38.638 -07:00 [INF] [OpenFreqClient.Services.OpenFreqService] PTT end: Falcon (58355e30-5857-4e01-882f-86b5f2200072) on 1.234 MHz, released
2026-09-26 11:42:53.597 -07:00 [INF] [OpenFreqAudio.RadioPlayback] Stream '6a65a020-d19f-4b05-8e21-2cad44b2c9a6:339750' on 339.750 MHz
2026-09-26 11:42:53.598 -07:00 [INF] [OpenFreqAudio.RadioPlayback] Stream '6a65a020-d19f-4b05-8e21-2cad44b2c9a6:1234' on 1.234 MHz
2026-09-26 11:43:28.371 -07:00 [INF] [OpenFreqClient.Services.OpenFreqService] PTT start: Woody (e0977389-35b0-4d0f-997f-3c6be3e6f5f5) on 339.750 MHz, 2D
2026-09-26 11:43:28.387 -07:00 [INF] [OpenFreq.Common.RtpJitterBufferPool] New RTP source: SSRC=365CD622
2026-09-26 11:43:28.387 -07:00 [INF] [OpenFreq.Common.RtpJitterBuffer] Manual buffer size: 150ms
2026-09-26 11:43:28.387 -07:00 [INF] [OpenFreq.Common.RtpAudioReceiver] Source joined:  SSRC=365CD622
2026-09-26 11:43:28.387 -07:00 [INF] [OpenFreq.Common.RtpJitterBuffer] Initialized: buffer=150ms
2026-09-26 11:43:28.387 -07:00 [INF] [OpenFreq.Common.RtpJitterBufferPool] Pruned stale source SSRC=3519F4B2
2026-09-26 11:43:28.387 -07:00 [INF] [OpenFreq.Common.RtpAudioReceiver] Source expired: SSRC=3519F4B2
2026-09-26 11:43:28.387 -07:00 [INF] [OpenFreq.Common.RtpJitterBufferPool] Pruned stale source SSRC=407FFF3F
2026-09-26 11:43:28.387 -07:00 [INF] [OpenFreq.Common.RtpAudioReceiver] Source expired: SSRC=407FFF3F
2026-09-26 11:43:28.387 -07:00 [INF] [OpenFreq.Common.RtpJitterBufferPool] Pruned stale source SSRC=2C22CB47
2026-09-26 11:43:28.387 -07:00 [INF] [OpenFreq.Common.RtpAudioReceiver] Source expired: SSRC=2C22CB47
2026-09-26 11:43:28.636 -07:00 [WRN] [OpenFreqAudio.RadioPlayback] Stream e0977389-35b0-4d0f-997f-3c6be3e6f5f5:339750 on 339.750 MHz had no samples for 4.6 ms
2026-09-26 11:43:28.926 -07:00 [INF] [OpenFreqClient.Services.OpenFreqService] PTT end: Woody (e0977389-35b0-4d0f-997f-3c6be3e6f5f5) on 339.750 MHz, released
2026-09-26 11:43:49.508 -07:00 [INF] [OpenFreqClient.Services.OpenFreqService] PTT start: Gkenny (58f02e35-0d8e-4c46-aa74-dce098883fa8) on 339.750 MHz, 2D
2026-09-26 11:43:49.534 -07:00 [INF] [OpenFreq.Common.RtpJitterBufferPool] New RTP source: SSRC=10B73873
2026-09-26 11:43:49.534 -07:00 [INF] [OpenFreq.Common.RtpJitterBuffer] Manual buffer size: 150ms
2026-09-26 11:43:49.534 -07:00 [INF] [OpenFreq.Common.RtpAudioReceiver] Source joined:  SSRC=10B73873
2026-09-26 11:43:49.534 -07:00 [INF] [OpenFreq.Common.RtpJitterBuffer] Initialized: buffer=150ms
2026-09-26 11:43:49.934 -07:00 [WRN] [OpenFreqAudio.RadioPlayback] Stream 58f02e35-0d8e-4c46-aa74-dce098883fa8:339750 on 339.750 MHz had no samples for 1.0 ms
2026-09-26 11:43:50.265 -07:00 [INF] [OpenFreqClient.Services.OpenFreqService] PTT end: Gkenny (58f02e35-0d8e-4c46-aa74-dce098883fa8) on 339.750 MHz, released
2026-09-26 11:52:32.690 -07:00 [INF] [OpenFreqClient.Services.OpenFreqService] PTT start: Blue (f23a2329-cca9-4d8f-bdda-384ea4044d35) on 339.750 MHz, 2D
2026-09-26 11:52:32.705 -07:00 [INF] [OpenFreq.Common.RtpJitterBufferPool] New RTP source: SSRC=0B8FB835
2026-09-26 11:52:32.705 -07:00 [INF] [OpenFreq.Common.RtpJitterBuffer] Manual buffer size: 150ms
2026-09-26 11:52:32.705 -07:00 [INF] [OpenFreq.Common.RtpAudioReceiver] Source joined:  SSRC=0B8FB835
2026-09-26 11:52:32.705 -07:00 [INF] [OpenFreq.Common.RtpJitterBuffer] Initialized: buffer=150ms
2026-09-26 11:52:32.705 -07:00 [INF] [OpenFreq.Common.RtpJitterBufferPool] Pruned stale source SSRC=365CD622
2026-09-26 11:52:32.705 -07:00 [INF] [OpenFreq.Common.RtpAudioReceiver] Source expired: SSRC=365CD622
2026-09-26 11:52:32.705 -07:00 [INF] [OpenFreq.Common.RtpJitterBufferPool] Pruned stale source SSRC=10B73873
2026-09-26 11:52:32.705 -07:00 [INF] [OpenFreq.Common.RtpAudioReceiver] Source expired: SSRC=10B73873
2026-09-26 11:52:32.886 -07:00 [WRN] [OpenFreqAudio.RadioPlayback] Stream f23a2329-cca9-4d8f-bdda-384ea4044d35:339750 on 339.750 MHz had no samples for 10.0 ms
2026-09-26 11:52:33.949 -07:00 [INF] [OpenFreqClient.Services.OpenFreqService] PTT end: Blue (f23a2329-cca9-4d8f-bdda-384ea4044d35) on 339.750 MHz, released
2026-09-26 11:52:36.133 -07:00 [INF] [OpenFreqClient.Services.OpenFreqService] PTT start: own radio on 1.234 MHz
2026-09-26 11:52:36.705 -07:00 [INF] [OpenFreqClient.Services.OpenFreqService] PTT end: own radio on 1.234 MHz
2026-09-26 11:52:36.706 -07:00 [INF] [OpenFreqClient.Services.OpenFreqService] TX level over 570ms: mic peak -17.2 dBFS rms -32.8 dBFS | sent peak -2.2 dBFS rms -20.1 dBFS | normalizer on, gain 2.922, gate -51.3 dBFS
2026-09-26 11:53:01.903 -07:00 [INF] [OpenFreqClient.Services.OpenFreqService] PTT start: Polaris (86d6d8aa-64e3-4106-890a-252d3f93f28e) on 339.750 MHz, 2D
2026-09-26 11:53:01.919 -07:00 [INF] [OpenFreq.Common.RtpJitterBufferPool] New RTP source: SSRC=6685BCEA
2026-09-26 11:53:01.919 -07:00 [INF] [OpenFreq.Common.RtpJitterBuffer] Manual buffer size: 150ms
2026-09-26 11:53:01.919 -07:00 [INF] [OpenFreq.Common.RtpAudioReceiver] Source joined:  SSRC=6685BCEA
2026-09-26 11:53:01.919 -07:00 [INF] [OpenFreq.Common.RtpJitterBuffer] Initialized: buffer=150ms
2026-09-26 11:53:03.460 -07:00 [INF] [OpenFreqClient.Services.OpenFreqService] PTT end: Polaris (86d6d8aa-64e3-4106-890a-252d3f93f28e) on 339.750 MHz, released
2026-09-26 11:53:33.454 -07:00 [INF] [OpenFreqClient.Services.OpenFreqService] PTT start: armapirx (4f196d30-7656-4fd9-88c3-ba678f56106e) on 339.750 MHz, 2D
2026-09-26 11:53:33.473 -07:00 [INF] [OpenFreq.Common.RtpJitterBufferPool] New RTP source: SSRC=0540A395
2026-09-26 11:53:33.473 -07:00 [INF] [OpenFreq.Common.RtpJitterBuffer] Manual buffer size: 150ms
2026-09-26 11:53:33.473 -07:00 [INF] [OpenFreq.Common.RtpAudioReceiver] Source joined:  SSRC=0540A395
2026-09-26 11:53:33.473 -07:00 [INF] [OpenFreq.Common.RtpJitterBuffer] Initialized: buffer=150ms
2026-09-26 11:53:33.742 -07:00 [INF] [OpenFreqClient.Services.OpenFreqService] PTT end: armapirx (4f196d30-7656-4fd9-88c3-ba678f56106e) on 339.750 MHz, released
2026-09-26 11:53:39.886 -07:00 [INF] [OpenFreqClient.Services.OpenFreqService] PTT start: Polaris (86d6d8aa-64e3-4106-890a-252d3f93f28e) on 339.750 MHz, 2D
2026-09-26 11:53:39.899 -07:00 [INF] [OpenFreq.Common.RtpJitterBuffer] Transmission gap detected (36440ms RTP delta), resetting jitter measurement
2026-09-26 11:53:41.373 -07:00 [INF] [OpenFreqClient.Services.OpenFreqService] PTT end: Polaris (86d6d8aa-64e3-4106-890a-252d3f93f28e) on 339.750 MHz, released
2026-09-26 11:53:44.388 -07:00 [INF] [OpenFreqAudio.RadioPlayback] Stream '608fe623-c662-45ef-8063-f281eaee6531:339750' on 339.750 MHz
2026-09-26 11:53:44.388 -07:00 [INF] [OpenFreqAudio.RadioPlayback] Stream '608fe623-c662-45ef-8063-f281eaee6531:1234' on 1.234 MHz
2026-09-26 11:53:50.803 -07:00 [INF] [OpenFreqClient.Services.OpenFreqService] PTT start: Stevie (32672fdf-be5f-4fe3-b8ad-00410fd1b909) on 339.750 MHz, 2D
2026-09-26 11:53:50.818 -07:00 [INF] [OpenFreq.Common.RtpJitterBufferPool] New RTP source: SSRC=6597AECC
2026-09-26 11:53:50.818 -07:00 [INF] [OpenFreq.Common.RtpJitterBuffer] Manual buffer size: 150ms
2026-09-26 11:53:50.818 -07:00 [INF] [OpenFreq.Common.RtpAudioReceiver] Source joined:  SSRC=6597AECC
2026-09-26 11:53:50.818 -07:00 [INF] [OpenFreq.Common.RtpJitterBuffer] Initialized: buffer=150ms
2026-09-26 11:53:51.428 -07:00 [WRN] [OpenFreqAudio.RadioPlayback] Stream 32672fdf-be5f-4fe3-b8ad-00410fd1b909:339750 on 339.750 MHz had no samples for 5.8 ms
2026-09-26 11:53:52.613 -07:00 [INF] [OpenFreqClient.Services.OpenFreqService] PTT end: Stevie (32672fdf-be5f-4fe3-b8ad-00410fd1b909) on 339.750 MHz, released
2026-09-26 12:06:06.158 -07:00 [INF] [OpenFreqAudio.RadioPlayback] Stream '989f8d1f-44d2-4246-acc8-1677a1c53143:339750' on 339.750 MHz
2026-09-26 12:06:06.158 -07:00 [INF] [OpenFreqAudio.RadioPlayback] Stream '989f8d1f-44d2-4246-acc8-1677a1c53143:1234' on 1.234 MHz
2026-09-26 12:07:09.472 -07:00 [INF] [OpenFreqClient.Services.OpenFreqService] PTT start: Alligator (f39dd749-39ff-4df4-bec7-f23cc154d1a8) on 339.750 MHz, 2D
2026-09-26 12:07:09.480 -07:00 [INF] [OpenFreq.Common.RtpJitterBufferPool] New RTP source: SSRC=407FFF3F
2026-09-26 12:07:09.480 -07:00 [INF] [OpenFreq.Common.RtpJitterBuffer] Manual buffer size: 150ms
2026-09-26 12:07:09.480 -07:00 [INF] [OpenFreq.Common.RtpAudioReceiver] Source joined:  SSRC=407FFF3F
2026-09-26 12:07:09.480 -07:00 [INF] [OpenFreq.Common.RtpJitterBuffer] Initialized: buffer=150ms
2026-09-26 12:07:09.480 -07:00 [INF] [OpenFreq.Common.RtpJitterBufferPool] Pruned stale source SSRC=0540A395
2026-09-26 12:07:09.480 -07:00 [INF] [OpenFreq.Common.RtpAudioReceiver] Source expired: SSRC=0540A395
2026-09-26 12:07:09.480 -07:00 [INF] [OpenFreq.Common.RtpJitterBufferPool] Pruned stale source SSRC=6597AECC
2026-09-26 12:07:09.480 -07:00 [INF] [OpenFreq.Common.RtpAudioReceiver] Source expired: SSRC=6597AECC
2026-09-26 12:07:09.480 -07:00 [INF] [OpenFreq.Common.RtpJitterBufferPool] Pruned stale source SSRC=0B8FB835
2026-09-26 12:07:09.480 -07:00 [INF] [OpenFreq.Common.RtpAudioReceiver] Source expired: SSRC=0B8FB835
2026-09-26 12:07:09.480 -07:00 [INF] [OpenFreq.Common.RtpJitterBufferPool] Pruned stale source SSRC=6685BCEA
2026-09-26 12:07:09.480 -07:00 [INF] [OpenFreq.Common.RtpAudioReceiver] Source expired: SSRC=6685BCEA
2026-09-26 12:07:10.263 -07:00 [WRN] [OpenFreqAudio.RadioPlayback] Stream f39dd749-39ff-4df4-bec7-f23cc154d1a8:339750 on 339.750 MHz had no samples for 4.9 ms
2026-09-26 12:07:11.339 -07:00 [INF] [OpenFreqClient.Services.OpenFreqService] PTT end: Alligator (f39dd749-39ff-4df4-bec7-f23cc154d1a8) on 339.750 MHz, released
2026-09-26 12:07:14.408 -07:00 [INF] [OpenFreq.Common.RtpJitterBufferPool] New RTP source: SSRC=056D8B17
2026-09-26 12:07:14.408 -07:00 [INF] [OpenFreq.Common.RtpJitterBuffer] Manual buffer size: 150ms
2026-09-26 12:07:14.408 -07:00 [INF] [OpenFreq.Common.RtpAudioReceiver] Source joined:  SSRC=056D8B17
2026-09-26 12:07:14.408 -07:00 [INF] [OpenFreq.Common.RtpJitterBuffer] Initialized: buffer=150ms
2026-09-26 12:07:14.408 -07:00 [INF] [OpenFreqClient.Services.OpenFreqService] PTT start: Rain (48c829fa-694d-48c8-987a-a559eb15e8f5) on 339.750 MHz, 2D
2026-09-26 12:07:14.732 -07:00 [INF] [OpenFreqClient.Services.OpenFreqService] PTT start: Knight (974e1818-726d-46c2-a454-05ba12f6d736) on 339.750 MHz, 2D
2026-09-26 12:07:14.754 -07:00 [INF] [OpenFreq.Common.RtpJitterBufferPool] New RTP source: SSRC=2BA1D578
2026-09-26 12:07:14.755 -07:00 [INF] [OpenFreq.Common.RtpJitterBuffer] Manual buffer size: 150ms
2026-09-26 12:07:14.755 -07:00 [INF] [OpenFreq.Common.RtpAudioReceiver] Source joined:  SSRC=2BA1D578
2026-09-26 12:07:14.755 -07:00 [INF] [OpenFreq.Common.RtpJitterBuffer] Initialized: buffer=150ms
2026-09-26 12:07:15.904 -07:00 [INF] [OpenFreqClient.Services.OpenFreqService] PTT end: Rain (48c829fa-694d-48c8-987a-a559eb15e8f5) on 339.750 MHz, released
2026-09-26 12:07:15.973 -07:00 [WRN] [OpenFreqAudio.RadioPlayback] Stream 48c829fa-694d-48c8-987a-a559eb15e8f5:339750 on 339.750 MHz had no samples for 9.6 ms
2026-09-26 12:07:17.781 -07:00 [INF] [OpenFreqClient.Services.OpenFreqService] PTT start: Polaris (86d6d8aa-64e3-4106-890a-252d3f93f28e) on 339.750 MHz, 2D
2026-09-26 12:07:17.797 -07:00 [INF] [OpenFreq.Common.RtpJitterBufferPool] New RTP source: SSRC=6685BCEA
2026-09-26 12:07:17.798 -07:00 [INF] [OpenFreq.Common.RtpJitterBuffer] Manual buffer size: 150ms
2026-09-26 12:07:17.798 -07:00 [INF] [OpenFreq.Common.RtpAudioReceiver] Source joined:  SSRC=6685BCEA
2026-09-26 12:07:17.798 -07:00 [INF] [OpenFreq.Common.RtpJitterBuffer] Initialized: buffer=150ms
2026-09-26 12:07:18.169 -07:00 [INF] [OpenFreqClient.Services.OpenFreqService] PTT end: Polaris (86d6d8aa-64e3-4106-890a-252d3f93f28e) on 339.750 MHz, released
2026-09-26 12:07:18.730 -07:00 [INF] [OpenFreqClient.Services.OpenFreqService] PTT start: Polaris (86d6d8aa-64e3-4106-890a-252d3f93f28e) on 339.750 MHz, 2D
2026-09-26 12:07:18.747 -07:00 [INF] [OpenFreq.Common.RtpJitterBuffer] Transmission gap detected (589ms RTP delta), resetting jitter measurement
2026-09-26 12:07:18.998 -07:00 [INF] [OpenFreqClient.Services.OpenFreqService] PTT end: Knight (974e1818-726d-46c2-a454-05ba12f6d736) on 339.750 MHz, released
2026-09-26 12:07:19.420 -07:00 [INF] [OpenFreqClient.Services.OpenFreqService] PTT start: Alligator (f39dd749-39ff-4df4-bec7-f23cc154d1a8) on 339.750 MHz, 2D
2026-09-26 12:07:19.440 -07:00 [INF] [OpenFreq.Common.RtpJitterBuffer] Transmission gap detected (8113ms RTP delta), resetting jitter measurement
2026-09-26 12:07:20.157 -07:00 [INF] [OpenFreqClient.Services.OpenFreqService] PTT end: Alligator (f39dd749-39ff-4df4-bec7-f23cc154d1a8) on 339.750 MHz, released
2026-09-26 12:07:21.268 -07:00 [INF] [OpenFreqClient.Services.OpenFreqService] PTT end: Polaris (86d6d8aa-64e3-4106-890a-252d3f93f28e) on 339.750 MHz, released
2026-09-26 12:07:22.878 -07:00 [INF] [OpenFreqClient.Services.OpenFreqService] PTT start: Rain (48c829fa-694d-48c8-987a-a559eb15e8f5) on 339.750 MHz, 2D
2026-09-26 12:07:22.901 -07:00 [INF] [OpenFreq.Common.RtpJitterBuffer] Transmission gap detected (7002ms RTP delta), resetting jitter measurement
2026-09-26 12:07:26.748 -07:00 [INF] [OpenFreqClient.Services.OpenFreqService] PTT start: Knight (974e1818-726d-46c2-a454-05ba12f6d736) on 339.750 MHz, 2D
2026-09-26 12:07:26.762 -07:00 [INF] [OpenFreq.Common.RtpJitterBuffer] Transmission gap detected (7775ms RTP delta), resetting jitter measurement
2026-09-26 12:07:27.010 -07:00 [INF] [OpenFreqClient.Services.OpenFreqService] PTT end: Knight (974e1818-726d-46c2-a454-05ba12f6d736) on 339.750 MHz, released
2026-09-26 12:07:28.040 -07:00 [INF] [OpenFreqClient.Services.OpenFreqService] PTT start: Knight (974e1818-726d-46c2-a454-05ba12f6d736) on 339.750 MHz, 2D
2026-09-26 12:07:28.057 -07:00 [INF] [OpenFreq.Common.RtpJitterBuffer] Transmission gap detected (1052ms RTP delta), resetting jitter measurement
2026-09-26 12:07:28.297 -07:00 [INF] [OpenFreqClient.Services.OpenFreqService] PTT end: Rain (48c829fa-694d-48c8-987a-a559eb15e8f5) on 339.750 MHz, released
2026-09-26 12:07:29.183 -07:00 [INF] [OpenFreq.Common.RtpJitterBufferPool] New RTP source: SSRC=6597AECC
2026-09-26 12:07:29.183 -07:00 [INF] [OpenFreq.Common.RtpJitterBuffer] Manual buffer size: 150ms
2026-09-26 12:07:29.183 -07:00 [INF] [OpenFreq.Common.RtpAudioReceiver] Source joined:  SSRC=6597AECC
2026-09-26 12:07:29.183 -07:00 [INF] [OpenFreq.Common.RtpJitterBuffer] Initialized: buffer=150ms
2026-09-26 12:07:29.183 -07:00 [INF] [OpenFreqClient.Services.OpenFreqService] PTT start: Stevie (32672fdf-be5f-4fe3-b8ad-00410fd1b909) on 339.750 MHz, 2D
2026-09-26 12:07:29.543 -07:00 [WRN] [OpenFreqAudio.RadioPlayback] Stream 32672fdf-be5f-4fe3-b8ad-00410fd1b909:339750 on 339.750 MHz had no samples for 10.2 ms
2026-09-26 12:07:29.782 -07:00 [INF] [OpenFreqClient.Services.OpenFreqService] PTT end: Stevie (32672fdf-be5f-4fe3-b8ad-00410fd1b909) on 339.750 MHz, released
2026-09-26 12:07:30.237 -07:00 [INF] [OpenFreqClient.Services.OpenFreqService] PTT end: Knight (974e1818-726d-46c2-a454-05ba12f6d736) on 339.750 MHz, released
2026-09-26 12:07:31.654 -07:00 [INF] [OpenFreqClient.Services.OpenFreqService] PTT start: Joe (c56f5c33-10e6-473d-96e0-90de94b49519) on 339.750 MHz, 2D
2026-09-26 12:07:31.673 -07:00 [INF] [OpenFreq.Common.RtpJitterBufferPool] New RTP source: SSRC=2C22CB47
2026-09-26 12:07:31.673 -07:00 [INF] [OpenFreq.Common.RtpJitterBuffer] Manual buffer size: 150ms
2026-09-26 12:07:31.673 -07:00 [INF] [OpenFreq.Common.RtpAudioReceiver] Source joined:  SSRC=2C22CB47
2026-09-26 12:07:31.673 -07:00 [INF] [OpenFreq.Common.RtpJitterBuffer] Initialized: buffer=150ms
2026-09-26 12:07:32.649 -07:00 [INF] [OpenFreqClient.Services.OpenFreqService] PTT end: Joe (c56f5c33-10e6-473d-96e0-90de94b49519) on 339.750 MHz, released
2026-09-26 12:07:35.544 -07:00 [INF] [OpenFreqClient.Services.OpenFreqService] PTT start: Alligator (f39dd749-39ff-4df4-bec7-f23cc154d1a8) on 339.750 MHz, 2D
2026-09-26 12:07:35.561 -07:00 [INF] [OpenFreq.Common.RtpJitterBuffer] Transmission gap detected (15423ms RTP delta), resetting jitter measurement
2026-09-26 12:07:35.922 -07:00 [INF] [OpenFreqClient.Services.OpenFreqService] PTT start: Rain (48c829fa-694d-48c8-987a-a559eb15e8f5) on 339.750 MHz, 2D
2026-09-26 12:07:35.937 -07:00 [INF] [OpenFreq.Common.RtpJitterBuffer] Transmission gap detected (7646ms RTP delta), resetting jitter measurement
2026-09-26 12:07:36.188 -07:00 [INF] [OpenFreqClient.Services.OpenFreqService] PTT end: Rain (48c829fa-694d-48c8-987a-a559eb15e8f5) on 339.750 MHz, released
2026-09-26 12:07:36.229 -07:00 [INF] [OpenFreqClient.Services.OpenFreqService] PTT end: Alligator (f39dd749-39ff-4df4-bec7-f23cc154d1a8) on 339.750 MHz, released
2026-09-26 12:07:36.609 -07:00 [INF] [OpenFreqClient.Services.OpenFreqService] PTT start: Rain (48c829fa-694d-48c8-987a-a559eb15e8f5) on 339.750 MHz, 2D
2026-09-26 12:07:37.713 -07:00 [INF] [OpenFreqClient.Services.OpenFreqService] PTT end: Rain (48c829fa-694d-48c8-987a-a559eb15e8f5) on 339.750 MHz, released
2026-09-26 12:07:39.977 -07:00 [INF] [OpenFreqClient.Services.OpenFreqService] PTT start: Joe (c56f5c33-10e6-473d-96e0-90de94b49519) on 339.750 MHz, 2D
2026-09-26 12:07:39.988 -07:00 [INF] [OpenFreq.Common.RtpJitterBuffer] Transmission gap detected (7364ms RTP delta), resetting jitter measurement
2026-09-26 12:07:40.164 -07:00 [INF] [OpenFreqClient.Services.OpenFreqService] PTT start: Alligator (f39dd749-39ff-4df4-bec7-f23cc154d1a8) on 339.750 MHz, 2D
2026-09-26 12:07:40.201 -07:00 [INF] [OpenFreq.Common.RtpJitterBuffer] Transmission gap detected (3959ms RTP delta), resetting jitter measurement
2026-09-26 12:07:40.830 -07:00 [INF] [OpenFreqClient.Services.OpenFreqService] PTT end: Joe (c56f5c33-10e6-473d-96e0-90de94b49519) on 339.750 MHz, released
2026-09-26 12:07:40.850 -07:00 [INF] [OpenFreqClient.Services.OpenFreqService] PTT end: Alligator (f39dd749-39ff-4df4-bec7-f23cc154d1a8) on 339.750 MHz, released
2026-09-26 12:07:40.954 -07:00 [WRN] [OpenFreqAudio.RadioPlayback] Stream f39dd749-39ff-4df4-bec7-f23cc154d1a8:339750 on 339.750 MHz had no samples for 13.5 ms
2026-09-26 12:07:41.247 -07:00 [INF] [OpenFreqClient.Services.OpenFreqService] PTT start: Stevie (32672fdf-be5f-4fe3-b8ad-00410fd1b909) on 339.750 MHz, 2D
2026-09-26 12:07:41.257 -07:00 [INF] [OpenFreq.Common.RtpJitterBuffer] Transmission gap detected (11480ms RTP delta), resetting jitter measurement
2026-09-26 12:07:41.423 -07:00 [WRN] [OpenFreqAudio.RadioPlayback] Stream 32672fdf-be5f-4fe3-b8ad-00410fd1b909:339750 on 339.750 MHz had no samples for 10.3 ms
2026-09-26 12:07:42.632 -07:00 [INF] [OpenFreqClient.Services.OpenFreqService] PTT end: Stevie (32672fdf-be5f-4fe3-b8ad-00410fd1b909) on 339.750 MHz, released
2026-09-26 12:07:43.160 -07:00 [INF] [OpenFreqClient.Services.OpenFreqService] PTT start: Alligator (f39dd749-39ff-4df4-bec7-f23cc154d1a8) on 339.750 MHz, 2D
2026-09-26 12:07:43.170 -07:00 [INF] [OpenFreqClient.Services.OpenFreqService] PTT start: Knight (974e1818-726d-46c2-a454-05ba12f6d736) on 339.750 MHz, 2D
2026-09-26 12:07:43.176 -07:00 [INF] [OpenFreq.Common.RtpJitterBuffer] Transmission gap detected (12943ms RTP delta), resetting jitter measurement
2026-09-26 12:07:43.190 -07:00 [INF] [OpenFreq.Common.RtpJitterBuffer] Transmission gap detected (2337ms RTP delta), resetting jitter measurement
2026-09-26 12:07:44.893 -07:00 [INF] [OpenFreqClient.Services.OpenFreqService] PTT end: Knight (974e1818-726d-46c2-a454-05ba12f6d736) on 339.750 MHz, released
2026-09-26 12:07:45.042 -07:00 [INF] [OpenFreqClient.Services.OpenFreqService] PTT start: Knight (974e1818-726d-46c2-a454-05ba12f6d736) on 339.750 MHz, 2D
2026-09-26 12:07:45.403 -07:00 [WRN] [OpenFreqAudio.RadioPlayback] Stream 974e1818-726d-46c2-a454-05ba12f6d736:339750 on 339.750 MHz had no samples for 12.7 ms
2026-09-26 12:07:46.002 -07:00 [INF] [OpenFreqClient.Services.OpenFreqService] PTT end: Knight (974e1818-726d-46c2-a454-05ba12f6d736) on 339.750 MHz, released
2026-09-26 12:07:46.405 -07:00 [INF] [OpenFreqClient.Services.OpenFreqService] PTT start: Rain (48c829fa-694d-48c8-987a-a559eb15e8f5) on 339.750 MHz, 2D
2026-09-26 12:07:46.419 -07:00 [INF] [OpenFreq.Common.RtpJitterBuffer] Transmission gap detected (8715ms RTP delta), resetting jitter measurement
2026-09-26 12:07:46.644 -07:00 [INF] [OpenFreqClient.Services.OpenFreqService] PTT end: Rain (48c829fa-694d-48c8-987a-a559eb15e8f5) on 339.750 MHz, released
2026-09-26 12:07:47.000 -07:00 [INF] [OpenFreqClient.Services.OpenFreqService] PTT end: Alligator (f39dd749-39ff-4df4-bec7-f23cc154d1a8) on 339.750 MHz, released
2026-09-26 12:07:47.300 -07:00 [INF] [OpenFreqClient.Services.OpenFreqService] PTT start: Rain (48c829fa-694d-48c8-987a-a559eb15e8f5) on 339.750 MHz, 2D
2026-09-26 12:07:47.327 -07:00 [INF] [OpenFreq.Common.RtpJitterBuffer] Transmission gap detected (681ms RTP delta), resetting jitter measurement
2026-09-26 12:07:47.614 -07:00 [WRN] [OpenFreqAudio.RadioPlayback] Stream 48c829fa-694d-48c8-987a-a559eb15e8f5:339750 on 339.750 MHz had no samples for 10.5 ms
2026-09-26 12:07:49.788 -07:00 [INF] [OpenFreqClient.Services.OpenFreqService] PTT end: Rain (48c829fa-694d-48c8-987a-a559eb15e8f5) on 339.750 MHz, released
2026-09-26 12:07:52.882 -07:00 [INF] [OpenFreqClient.Services.OpenFreqService] PTT start: Stevie (32672fdf-be5f-4fe3-b8ad-00410fd1b909) on 339.750 MHz, 2D
2026-09-26 12:07:52.893 -07:00 [INF] [OpenFreq.Common.RtpJitterBuffer] Transmission gap detected (10280ms RTP delta), resetting jitter measurement
2026-09-26 12:07:53.158 -07:00 [INF] [OpenFreqClient.Services.OpenFreqService] PTT start: Alligator (f39dd749-39ff-4df4-bec7-f23cc154d1a8) on 339.750 MHz, 2D
2026-09-26 12:07:53.173 -07:00 [INF] [OpenFreq.Common.RtpJitterBuffer] Transmission gap detected (6175ms RTP delta), resetting jitter measurement
2026-09-26 12:07:54.511 -07:00 [INF] [OpenFreqClient.Services.OpenFreqService] PTT end: Alligator (f39dd749-39ff-4df4-bec7-f23cc154d1a8) on 339.750 MHz, released
2026-09-26 12:07:58.033 -07:00 [INF] [OpenFreqClient.Services.OpenFreqService] PTT end: Stevie (32672fdf-be5f-4fe3-b8ad-00410fd1b909) on 339.750 MHz, released
2026-09-26 12:08:02.379 -07:00 [INF] [OpenFreqClient.Services.OpenFreqService] PTT start: Kug (77f4187c-e0a3-4dfc-a6ac-bb4a10769ddb) on 1.234 MHz, 2D
2026-09-26 12:08:02.401 -07:00 [INF] [OpenFreq.Common.RtpJitterBufferPool] New RTP source: SSRC=6FCB22C3
2026-09-26 12:08:02.401 -07:00 [INF] [OpenFreq.Common.RtpJitterBuffer] Manual buffer size: 150ms
2026-09-26 12:08:02.401 -07:00 [INF] [OpenFreq.Common.RtpAudioReceiver] Source joined:  SSRC=6FCB22C3
2026-09-26 12:08:02.401 -07:00 [INF] [OpenFreq.Common.RtpJitterBuffer] Initialized: buffer=150ms
2026-09-26 12:08:02.716 -07:00 [INF] [OpenFreqClient.Services.OpenFreqService] PTT start: Knight (974e1818-726d-46c2-a454-05ba12f6d736) on 339.750 MHz, 2D
2026-09-26 12:08:02.733 -07:00 [INF] [OpenFreq.Common.RtpJitterBuffer] Transmission gap detected (16754ms RTP delta), resetting jitter measurement
2026-09-26 12:08:02.804 -07:00 [WRN] [OpenFreqAudio.RadioPlayback] Stream 974e1818-726d-46c2-a454-05ba12f6d736:339750 on 339.750 MHz had no samples for 10.8 ms
2026-09-26 12:08:03.144 -07:00 [WRN] [OpenFreqAudio.RadioPlayback] Stream 77f4187c-e0a3-4dfc-a6ac-bb4a10769ddb:1234 on 1.234 MHz had no samples for 13.0 ms
2026-09-26 12:08:03.457 -07:00 [INF] [OpenFreqClient.Services.OpenFreqService] PTT end: Knight (974e1818-726d-46c2-a454-05ba12f6d736) on 339.750 MHz, released
2026-09-26 12:08:03.822 -07:00 [INF] [OpenFreqClient.Services.OpenFreqService] PTT end: Kug (77f4187c-e0a3-4dfc-a6ac-bb4a10769ddb) on 1.234 MHz, released
2026-09-26 12:08:07.854 -07:00 [INF] [OpenFreqClient.Services.OpenFreqService] PTT start: Woody (e0977389-35b0-4d0f-997f-3c6be3e6f5f5) on 339.750 MHz, 2D
2026-09-26 12:08:07.868 -07:00 [INF] [OpenFreq.Common.RtpJitterBufferPool] New RTP source: SSRC=365CD622
2026-09-26 12:08:07.868 -07:00 [INF] [OpenFreq.Common.RtpJitterBuffer] Manual buffer size: 150ms
2026-09-26 12:08:07.868 -07:00 [INF] [OpenFreq.Common.RtpAudioReceiver] Source joined:  SSRC=365CD622
2026-09-26 12:08:07.868 -07:00 [INF] [OpenFreq.Common.RtpJitterBuffer] Initialized: buffer=150ms
2026-09-26 12:08:07.893 -07:00 [INF] [OpenFreqClient.Services.OpenFreqService] PTT start: Stevie (32672fdf-be5f-4fe3-b8ad-00410fd1b909) on 339.750 MHz, 2D
2026-09-26 12:08:07.904 -07:00 [INF] [OpenFreq.Common.RtpJitterBuffer] Transmission gap detected (9888ms RTP delta), resetting jitter measurement
2026-09-26 12:08:08.034 -07:00 [WRN] [OpenFreqAudio.RadioPlayback] Stream 32672fdf-be5f-4fe3-b8ad-00410fd1b909:339750 on 339.750 MHz had no samples for 11.2 ms
2026-09-26 12:08:08.541 -07:00 [INF] [OpenFreqClient.Services.OpenFreqService] PTT start: Miner 1-1 (7c54ae18-74fa-45f3-b6a9-377a5574b95b) on 339.750 MHz, 2D
2026-09-26 12:08:08.557 -07:00 [INF] [OpenFreq.Common.RtpJitterBufferPool] New RTP source: SSRC=3EB49D5B
2026-09-26 12:08:08.557 -07:00 [INF] [OpenFreq.Common.RtpJitterBuffer] Manual buffer size: 150ms
2026-09-26 12:08:08.557 -07:00 [INF] [OpenFreq.Common.RtpAudioReceiver] Source joined:  SSRC=3EB49D5B
2026-09-26 12:08:08.557 -07:00 [INF] [OpenFreq.Common.RtpJitterBuffer] Initialized: buffer=150ms
2026-09-26 12:08:08.568 -07:00 [INF] [OpenFreqClient.Services.OpenFreqService] PTT end: Stevie (32672fdf-be5f-4fe3-b8ad-00410fd1b909) on 339.750 MHz, released
2026-09-26 12:08:09.112 -07:00 [INF] [OpenFreqClient.Services.OpenFreqService] PTT end: Miner 1-1 (7c54ae18-74fa-45f3-b6a9-377a5574b95b) on 339.750 MHz, released
2026-09-26 12:08:09.388 -07:00 [INF] [OpenFreqClient.Services.OpenFreqService] PTT start: Knight (974e1818-726d-46c2-a454-05ba12f6d736) on 339.750 MHz, 2D
2026-09-26 12:08:09.406 -07:00 [INF] [OpenFreq.Common.RtpJitterBuffer] Transmission gap detected (5951ms RTP delta), resetting jitter measurement
2026-09-26 12:08:09.469 -07:00 [INF] [OpenFreqClient.Services.OpenFreqService] PTT end: Woody (e0977389-35b0-4d0f-997f-3c6be3e6f5f5) on 339.750 MHz, released
2026-09-26 12:08:10.401 -07:00 [INF] [OpenFreqClient.Services.OpenFreqService] PTT end: Knight (974e1818-726d-46c2-a454-05ba12f6d736) on 339.750 MHz, released
2026-09-26 12:08:11.067 -07:00 [INF] [OpenFreq.Common.RtpJitterBuffer] Transmission gap detected (1955ms RTP delta), resetting jitter measurement
2026-09-26 12:08:11.067 -07:00 [INF] [OpenFreqClient.Services.OpenFreqService] PTT start: Miner 1-1 (7c54ae18-74fa-45f3-b6a9-377a5574b95b) on 339.750 MHz, 2D
2026-09-26 12:08:11.427 -07:00 [INF] [OpenFreqClient.Services.OpenFreqService] PTT end: Miner 1-1 (7c54ae18-74fa-45f3-b6a9-377a5574b95b) on 339.750 MHz, released
2026-09-26 12:08:13.091 -07:00 [INF] [OpenFreqClient.Services.OpenFreqService] PTT start: Knight (974e1818-726d-46c2-a454-05ba12f6d736) on 339.750 MHz, 2D
2026-09-26 12:08:13.103 -07:00 [INF] [OpenFreq.Common.RtpJitterBuffer] Transmission gap detected (2723ms RTP delta), resetting jitter measurement
2026-09-26 12:08:15.493 -07:00 [INF] [OpenFreqClient.Services.OpenFreqService] PTT end: Knight (974e1818-726d-46c2-a454-05ba12f6d736) on 339.750 MHz, released
2026-09-26 12:08:17.533 -07:00 [INF] [OpenFreqClient.Services.OpenFreqService] PTT start: Miner 1-1 (7c54ae18-74fa-45f3-b6a9-377a5574b95b) on 339.750 MHz, 2D
2026-09-26 12:08:17.546 -07:00 [INF] [OpenFreq.Common.RtpJitterBuffer] Transmission gap detected (6143ms RTP delta), resetting jitter measurement
2026-09-26 12:08:18.791 -07:00 [INF] [OpenFreq.Common.RtpJitterBuffer] Late arrival (110ms past slot) — buffer 46→186ms
2026-09-26 12:08:18.811 -07:00 [INF] [OpenFreqClient.Services.OpenFreqService] PTT end: Miner 1-1 (7c54ae18-74fa-45f3-b6a9-377a5574b95b) on 339.750 MHz, released
2026-09-26 12:08:19.013 -07:00 [INF] [OpenFreqClient.Services.OpenFreqService] PTT start: Miner 1-1 (7c54ae18-74fa-45f3-b6a9-377a5574b95b) on 339.750 MHz, 2D
2026-09-26 12:08:19.425 -07:00 [INF] [OpenFreq.Common.RtpJitterBuffer] Late arrival (127ms past slot) — buffer 171→328ms
2026-09-26 12:08:20.175 -07:00 [INF] [OpenFreq.Common.RtpJitterBuffer] Late arrival (78ms past slot) — buffer 310→418ms
2026-09-26 12:08:20.808 -07:00 [INF] [OpenFreq.Common.RtpJitterBuffer] Late arrival (3ms past slot) — buffer 418→451ms
2026-09-26 12:08:20.813 -07:00 [INF] [OpenFreqClient.Services.OpenFreqService] PTT end: Miner 1-1 (7c54ae18-74fa-45f3-b6a9-377a5574b95b) on 339.750 MHz, released
2026-09-26 12:08:21.359 -07:00 [INF] [OpenFreqClient.Services.OpenFreqService] PTT start: Woody (e0977389-35b0-4d0f-997f-3c6be3e6f5f5) on 339.750 MHz, 2D
2026-09-26 12:08:21.380 -07:00 [INF] [OpenFreq.Common.RtpJitterBuffer] Transmission gap detected (11930ms RTP delta), resetting jitter measurement
2026-09-26 12:08:22.667 -07:00 [INF] [OpenFreqClient.Services.OpenFreqService] PTT end: Woody (e0977389-35b0-4d0f-997f-3c6be3e6f5f5) on 339.750 MHz, released
2026-09-26 12:08:24.497 -07:00 [INF] [OpenFreq.Common.RtpJitterBuffer] Transmission gap detected (4016ms RTP delta), resetting jitter measurement
2026-09-26 12:08:24.497 -07:00 [INF] [OpenFreqClient.Services.OpenFreqService] PTT start: Miner 1-1 (7c54ae18-74fa-45f3-b6a9-377a5574b95b) on 339.750 MHz, 2D
2026-09-26 12:08:24.533 -07:00 [INF] [OpenFreqClient.Services.OpenFreqService] PTT start: Knight (974e1818-726d-46c2-a454-05ba12f6d736) on 339.750 MHz, 2D
2026-09-26 12:08:24.558 -07:00 [INF] [OpenFreq.Common.RtpJitterBuffer] Transmission gap detected (9063ms RTP delta), resetting jitter measurement
2026-09-26 12:08:25.007 -07:00 [INF] [OpenFreqClient.Services.OpenFreqService] PTT start: Kug (77f4187c-e0a3-4dfc-a6ac-bb4a10769ddb) on 1.234 MHz, 2D
2026-09-26 12:08:25.018 -07:00 [INF] [OpenFreq.Common.RtpJitterBuffer] Transmission gap detected (21268ms RTP delta), resetting jitter measurement
2026-09-26 12:08:25.184 -07:00 [INF] [OpenFreqClient.Services.OpenFreqService] PTT end: Miner 1-1 (7c54ae18-74fa-45f3-b6a9-377a5574b95b) on 339.750 MHz, released
2026-09-26 12:08:26.115 -07:00 [INF] [OpenFreqClient.Services.OpenFreqService] PTT end: Kug (77f4187c-e0a3-4dfc-a6ac-bb4a10769ddb) on 1.234 MHz, released
2026-09-26 12:08:26.309 -07:00 [INF] [OpenFreqClient.Services.OpenFreqService] PTT end: Knight (974e1818-726d-46c2-a454-05ba12f6d736) on 339.750 MHz, released
2026-09-26 12:08:26.468 -07:00 [INF] [OpenFreqClient.Services.OpenFreqService] PTT start: Woody (e0977389-35b0-4d0f-997f-3c6be3e6f5f5) on 339.750 MHz, 2D
2026-09-26 12:08:26.494 -07:00 [INF] [OpenFreq.Common.RtpJitterBuffer] Transmission gap detected (3825ms RTP delta), resetting jitter measurement
2026-09-26 12:08:27.232 -07:00 [INF] [OpenFreqClient.Services.OpenFreqService] PTT start: Miner 1-1 (7c54ae18-74fa-45f3-b6a9-377a5574b95b) on 339.750 MHz, 2D
2026-09-26 12:08:27.250 -07:00 [INF] [OpenFreq.Common.RtpJitterBuffer] Transmission gap detected (2431ms RTP delta), resetting jitter measurement
2026-09-26 12:08:28.208 -07:00 [INF] [OpenFreqClient.Services.OpenFreqService] PTT end: Miner 1-1 (7c54ae18-74fa-45f3-b6a9-377a5574b95b) on 339.750 MHz, released
2026-09-26 12:08:28.707 -07:00 [INF] [OpenFreqClient.Services.OpenFreqService] PTT end: Woody (e0977389-35b0-4d0f-997f-3c6be3e6f5f5) on 339.750 MHz, released
2026-09-26 12:08:29.843 -07:00 [INF] [OpenFreqClient.Services.OpenFreqService] PTT start: Knight (974e1818-726d-46c2-a454-05ba12f6d736) on 339.750 MHz, 2D
2026-09-26 12:08:29.856 -07:00 [INF] [OpenFreq.Common.RtpJitterBuffer] Transmission gap detected (3569ms RTP delta), resetting jitter measurement
2026-09-26 12:08:33.669 -07:00 [INF] [OpenFreqClient.Services.OpenFreqService] PTT end: Knight (974e1818-726d-46c2-a454-05ba12f6d736) on 339.750 MHz, released
2026-09-26 12:08:34.264 -07:00 [INF] [OpenFreqClient.Services.OpenFreqService] PTT start: Useless (2c7de423-e66c-4a70-a299-d21d207cd0ed) on 339.750 MHz, 2D
2026-09-26 12:08:34.296 -07:00 [INF] [OpenFreq.Common.RtpJitterBufferPool] New RTP source: SSRC=5FC1A72A
2026-09-26 12:08:34.297 -07:00 [INF] [OpenFreq.Common.RtpJitterBuffer] Manual buffer size: 150ms
2026-09-26 12:08:34.297 -07:00 [INF] [OpenFreq.Common.RtpAudioReceiver] Source joined:  SSRC=5FC1A72A
2026-09-26 12:08:34.297 -07:00 [INF] [OpenFreq.Common.RtpJitterBuffer] Initialized: buffer=150ms
2026-09-26 12:08:35.481 -07:00 [INF] [OpenFreqClient.Services.OpenFreqService] PTT end: Useless (2c7de423-e66c-4a70-a299-d21d207cd0ed) on 339.750 MHz, released
2026-09-26 12:08:37.423 -07:00 [INF] [OpenFreqClient.Services.OpenFreqService] PTT start: Blue (f23a2329-cca9-4d8f-bdda-384ea4044d35) on 339.750 MHz, 2D
2026-09-26 12:08:37.439 -07:00 [INF] [OpenFreq.Common.RtpJitterBufferPool] New RTP source: SSRC=0B8FB835
2026-09-26 12:08:37.439 -07:00 [INF] [OpenFreq.Common.RtpJitterBuffer] Manual buffer size: 150ms
2026-09-26 12:08:37.439 -07:00 [INF] [OpenFreq.Common.RtpAudioReceiver] Source joined:  SSRC=0B8FB835
2026-09-26 12:08:37.439 -07:00 [INF] [OpenFreq.Common.RtpJitterBuffer] Initialized: buffer=150ms
2026-09-26 12:08:37.741 -07:00 [INF] [OpenFreqClient.Services.OpenFreqService] PTT start: Alligator (f39dd749-39ff-4df4-bec7-f23cc154d1a8) on 339.750 MHz, 2D
2026-09-26 12:08:37.753 -07:00 [INF] [OpenFreq.Common.RtpJitterBuffer] Transmission gap detected (43244ms RTP delta), resetting jitter measurement
2026-09-26 12:08:38.798 -07:00 [INF] [OpenFreqClient.Services.OpenFreqService] PTT end: Alligator (f39dd749-39ff-4df4-bec7-f23cc154d1a8) on 339.750 MHz, released
2026-09-26 12:08:38.951 -07:00 [INF] [OpenFreqClient.Services.OpenFreqService] PTT end: Blue (f23a2329-cca9-4d8f-bdda-384ea4044d35) on 339.750 MHz, released
2026-09-26 12:08:40.816 -07:00 [INF] [OpenFreqClient.Services.OpenFreqService] PTT start: Knight (974e1818-726d-46c2-a454-05ba12f6d736) on 339.750 MHz, 2D
2026-09-26 12:08:40.834 -07:00 [INF] [OpenFreq.Common.RtpJitterBuffer] Transmission gap detected (7172ms RTP delta), resetting jitter measurement
2026-09-26 12:08:42.011 -07:00 [INF] [OpenFreqClient.Services.OpenFreqService] PTT end: Knight (974e1818-726d-46c2-a454-05ba12f6d736) on 339.750 MHz, released
2026-09-26 12:08:42.877 -07:00 [INF] [OpenFreqClient.Services.OpenFreqService] PTT start: Alligator (f39dd749-39ff-4df4-bec7-f23cc154d1a8) on 339.750 MHz, 2D
2026-09-26 12:08:42.894 -07:00 [INF] [OpenFreq.Common.RtpJitterBuffer] Transmission gap detected (4096ms RTP delta), resetting jitter measurement
2026-09-26 12:08:43.104 -07:00 [INF] [OpenFreqClient.Services.OpenFreqService] PTT start: Miner 1-1 (7c54ae18-74fa-45f3-b6a9-377a5574b95b) on 339.750 MHz, 2D
2026-09-26 12:08:43.135 -07:00 [INF] [OpenFreq.Common.RtpJitterBuffer] Transmission gap detected (14913ms RTP delta), resetting jitter measurement
2026-09-26 12:08:43.473 -07:00 [INF] [OpenFreq.Common.RtpJitterBuffer] Late arrival (37ms past slot) — buffer 250→317ms
2026-09-26 12:08:43.917 -07:00 [INF] [OpenFreqClient.Services.OpenFreqService] PTT end: Alligator (f39dd749-39ff-4df4-bec7-f23cc154d1a8) on 339.750 MHz, released
2026-09-26 12:08:43.964 -07:00 [INF] [OpenFreqClient.Services.OpenFreqService] PTT start: Stevie (32672fdf-be5f-4fe3-b8ad-00410fd1b909) on 339.750 MHz, 2D
2026-09-26 12:08:43.978 -07:00 [INF] [OpenFreq.Common.RtpJitterBuffer] Transmission gap detected (35432ms RTP delta), resetting jitter measurement
2026-09-26 12:08:44.184 -07:00 [INF] [OpenFreq.Common.RtpJitterBuffer] Late arrival (110ms past slot) — buffer 287→428ms
2026-09-26 12:08:44.189 -07:00 [INF] [OpenFreqClient.Services.OpenFreqService] PTT end: Miner 1-1 (7c54ae18-74fa-45f3-b6a9-377a5574b95b) on 339.750 MHz, released
2026-09-26 12:08:45.334 -07:00 [INF] [OpenFreqClient.Services.OpenFreqService] PTT end: Stevie (32672fdf-be5f-4fe3-b8ad-00410fd1b909) on 339.750 MHz, released
2026-09-26 12:08:46.759 -07:00 [INF] [OpenFreqClient.Services.OpenFreqService] PTT start: Alligator (f39dd749-39ff-4df4-bec7-f23cc154d1a8) on 339.750 MHz, 2D
2026-09-26 12:08:46.776 -07:00 [INF] [OpenFreq.Common.RtpJitterBuffer] Transmission gap detected (2858ms RTP delta), resetting jitter measurement
2026-09-26 12:08:47.118 -07:00 [INF] [OpenFreqClient.Services.OpenFreqService] PTT start: Useless (2c7de423-e66c-4a70-a299-d21d207cd0ed) on 339.750 MHz, 2D
2026-09-26 12:08:47.135 -07:00 [INF] [OpenFreq.Common.RtpJitterBuffer] Transmission gap detected (11661ms RTP delta), resetting jitter measurement
2026-09-26 12:08:47.600 -07:00 [INF] [OpenFreqClient.Services.OpenFreqService] PTT end: Alligator (f39dd749-39ff-4df4-bec7-f23cc154d1a8) on 339.750 MHz, released
2026-09-26 12:08:48.938 -07:00 [INF] [OpenFreqClient.Services.OpenFreqService] PTT end: Useless (2c7de423-e66c-4a70-a299-d21d207cd0ed) on 339.750 MHz, released
2026-09-26 12:08:51.061 -07:00 [INF] [OpenFreqClient.Services.OpenFreqService] PTT start: Kug (77f4187c-e0a3-4dfc-a6ac-bb4a10769ddb) on 339.750 MHz, 2D
2026-09-26 12:08:51.071 -07:00 [INF] [OpenFreq.Common.RtpJitterBuffer] Transmission gap detected (25008ms RTP delta), resetting jitter measurement
2026-09-26 12:08:52.240 -07:00 [INF] [OpenFreqClient.Services.OpenFreqService] PTT end: Kug (77f4187c-e0a3-4dfc-a6ac-bb4a10769ddb) on 339.750 MHz, released
2026-09-26 12:08:54.876 -07:00 [INF] [OpenFreqClient.Services.OpenFreqService] PTT start: Wild (982e2bb0-182d-4217-bce2-d56d6e7b2782) on 339.750 MHz, 2D
2026-09-26 12:08:54.908 -07:00 [INF] [OpenFreq.Common.RtpJitterBufferPool] New RTP source: SSRC=63865412
2026-09-26 12:08:54.908 -07:00 [INF] [OpenFreq.Common.RtpJitterBuffer] Manual buffer size: 150ms
2026-09-26 12:08:54.908 -07:00 [INF] [OpenFreq.Common.RtpAudioReceiver] Source joined:  SSRC=63865412
2026-09-26 12:08:54.908 -07:00 [INF] [OpenFreq.Common.RtpJitterBuffer] Initialized: buffer=150ms
2026-09-26 12:08:55.103 -07:00 [INF] [OpenFreqClient.Services.OpenFreqService] PTT start: Blue (f23a2329-cca9-4d8f-bdda-384ea4044d35) on 339.750 MHz, 2D
2026-09-26 12:08:55.111 -07:00 [INF] [OpenFreqClient.Services.OpenFreqService] PTT start: Knight (974e1818-726d-46c2-a454-05ba12f6d736) on 339.750 MHz, 2D
2026-09-26 12:08:55.123 -07:00 [INF] [OpenFreq.Common.RtpJitterBuffer] Transmission gap detected (16181ms RTP delta), resetting jitter measurement
2026-09-26 12:08:55.124 -07:00 [INF] [OpenFreq.Common.RtpJitterBuffer] Transmission gap detected (13137ms RTP delta), resetting jitter measurement
2026-09-26 12:08:55.799 -07:00 [INF] [OpenFreqClient.Services.OpenFreqService] PTT end: Wild (982e2bb0-182d-4217-bce2-d56d6e7b2782) on 339.750 MHz, released
2026-09-26 12:08:55.938 -07:00 [INF] [OpenFreqClient.Services.OpenFreqService] PTT start: Useless (2c7de423-e66c-4a70-a299-d21d207cd0ed) on 339.750 MHz, 2D
2026-09-26 12:08:55.955 -07:00 [INF] [OpenFreq.Common.RtpJitterBuffer] Transmission gap detected (7021ms RTP delta), resetting jitter measurement
2026-09-26 12:08:56.261 -07:00 [INF] [OpenFreqClient.Services.OpenFreqService] PTT end: Blue (f23a2329-cca9-4d8f-bdda-384ea4044d35) on 339.750 MHz, released
2026-09-26 12:08:56.547 -07:00 [INF] [OpenFreqClient.Services.OpenFreqService] PTT start: Miner 1-1 (7c54ae18-74fa-45f3-b6a9-377a5574b95b) on 339.750 MHz, 2D
2026-09-26 12:08:56.560 -07:00 [INF] [OpenFreq.Common.RtpJitterBuffer] Transmission gap detected (12577ms RTP delta), resetting jitter measurement
2026-09-26 12:08:56.927 -07:00 [INF] [OpenFreqClient.Services.OpenFreqService] PTT end: Miner 1-1 (7c54ae18-74fa-45f3-b6a9-377a5574b95b) on 339.750 MHz, released
2026-09-26 12:08:57.308 -07:00 [INF] [OpenFreqClient.Services.OpenFreqService] PTT end: Useless (2c7de423-e66c-4a70-a299-d21d207cd0ed) on 339.750 MHz, released
2026-09-26 12:08:58.465 -07:00 [INF] [OpenFreqClient.Services.OpenFreqService] PTT end: Knight (974e1818-726d-46c2-a454-05ba12f6d736) on 339.750 MHz, released
2026-09-26 12:08:59.848 -07:00 [INF] [OpenFreqClient.Services.OpenFreqService] PTT start: Blue (f23a2329-cca9-4d8f-bdda-384ea4044d35) on 339.750 MHz, 2D
2026-09-26 12:08:59.863 -07:00 [INF] [OpenFreq.Common.RtpJitterBuffer] Transmission gap detected (3624ms RTP delta), resetting jitter measurement
2026-09-26 12:08:59.969 -07:00 [INF] [OpenFreqClient.Services.OpenFreqService] PTT start: Miner 1-1 (7c54ae18-74fa-45f3-b6a9-377a5574b95b) on 339.750 MHz, 2D
2026-09-26 12:08:59.971 -07:00 [INF] [OpenFreq.Common.RtpJitterBuffer] Transmission gap detected (2797ms RTP delta), resetting jitter measurement
2026-09-26 12:09:00.113 -07:00 [WRN] [OpenFreqAudio.RadioPlayback] Stream f23a2329-cca9-4d8f-bdda-384ea4044d35:339750 on 339.750 MHz had no samples for 10.5 ms
2026-09-26 12:09:00.744 -07:00 [INF] [OpenFreq.Common.RtpJitterBuffer] Late arrival (68ms past slot) — buffer 376→474ms
2026-09-26 12:09:00.901 -07:00 [INF] [OpenFreqClient.Services.OpenFreqService] PTT end: Blue (f23a2329-cca9-4d8f-bdda-384ea4044d35) on 339.750 MHz, released
2026-09-26 12:09:01.403 -07:00 [WRN] [OpenFreqAudio.RadioPlayback] Stream 7c54ae18-74fa-45f3-b6a9-377a5574b95b:339750 on 339.750 MHz had no samples for 19.0 ms
2026-09-26 12:09:02.506 -07:00 [INF] [OpenFreqClient.Services.OpenFreqService] PTT end: Miner 1-1 (7c54ae18-74fa-45f3-b6a9-377a5574b95b) on 339.750 MHz, released
2026-09-26 12:09:03.097 -07:00 [INF] [OpenFreqClient.Services.OpenFreqService] PTT start: Miner 1-1 (7c54ae18-74fa-45f3-b6a9-377a5574b95b) on 339.750 MHz, 2D
2026-09-26 12:09:03.097 -07:00 [INF] [OpenFreqClient.Services.OpenFreqService] PTT end: Miner 1-1 (7c54ae18-74fa-45f3-b6a9-377a5574b95b) on 339.750 MHz, released
2026-09-26 12:09:03.712 -07:00 [INF] [OpenFreq.Common.RtpJitterBuffer] Transmission gap detected (716ms RTP delta), resetting jitter measurement
2026-09-26 12:09:03.712 -07:00 [INF] [OpenFreqClient.Services.OpenFreqService] PTT start: Miner 1-1 (7c54ae18-74fa-45f3-b6a9-377a5574b95b) on 339.750 MHz, 2D
2026-09-26 12:09:03.998 -07:00 [INF] [OpenFreqClient.Services.OpenFreqService] PTT end: Miner 1-1 (7c54ae18-74fa-45f3-b6a9-377a5574b95b) on 339.750 MHz, released
2026-09-26 12:09:05.809 -07:00 [INF] [OpenFreqClient.Services.OpenFreqService] PTT start: Alligator (f39dd749-39ff-4df4-bec7-f23cc154d1a8) on 339.750 MHz, 2D
2026-09-26 12:09:05.823 -07:00 [INF] [OpenFreq.Common.RtpJitterBuffer] Transmission gap detected (18230ms RTP delta), resetting jitter measurement
2026-09-26 12:09:05.913 -07:00 [INF] [OpenFreq.Common.RtpJitterBuffer] Late arrival (15ms past slot) — buffer 43→88ms
2026-09-26 12:09:06.173 -07:00 [WRN] [OpenFreqAudio.RadioPlayback] Stream f39dd749-39ff-4df4-bec7-f23cc154d1a8:339750 on 339.750 MHz had no samples for 9.9 ms
2026-09-26 12:09:09.408 -07:00 [INF] [OpenFreqClient.Services.OpenFreqService] PTT end: Alligator (f39dd749-39ff-4df4-bec7-f23cc154d1a8) on 339.750 MHz, released
2026-09-26 12:09:09.635 -07:00 [INF] [OpenFreqClient.Services.OpenFreqService] PTT start: Stevie (32672fdf-be5f-4fe3-b8ad-00410fd1b909) on 339.750 MHz, 2D
2026-09-26 12:09:09.667 -07:00 [INF] [OpenFreq.Common.RtpJitterBuffer] Transmission gap detected (24324ms RTP delta), resetting jitter measurement
2026-09-26 12:09:10.439 -07:00 [INF] [OpenFreq.Common.RtpJitterBuffer] Late arrival (20ms past slot) — buffer 31→82ms
2026-09-26 12:09:12.070 -07:00 [INF] [OpenFreqClient.Services.OpenFreqService] PTT end: Stevie (32672fdf-be5f-4fe3-b8ad-00410fd1b909) on 339.750 MHz, released
2026-09-26 12:09:12.350 -07:00 [INF] [OpenFreq.Common.RtpJitterBuffer] Transmission gap detected (13877ms RTP delta), resetting jitter measurement
2026-09-26 12:09:12.350 -07:00 [INF] [OpenFreqClient.Services.OpenFreqService] PTT start: Knight (974e1818-726d-46c2-a454-05ba12f6d736) on 339.750 MHz, 2D
2026-09-26 12:09:12.602 -07:00 [INF] [OpenFreq.Common.RtpJitterBuffer] Late arrival (61ms past slot) — buffer 30→121ms
2026-09-26 12:09:13.255 -07:00 [INF] [OpenFreqClient.Services.OpenFreqService] PTT start: Miner 1-1 (7c54ae18-74fa-45f3-b6a9-377a5574b95b) on 339.750 MHz, 2D
2026-09-26 12:09:13.280 -07:00 [INF] [OpenFreq.Common.RtpJitterBuffer] Transmission gap detected (9271ms RTP delta), resetting jitter measurement
2026-09-26 12:09:13.592 -07:00 [INF] [OpenFreqClient.Services.OpenFreqService] PTT end: Knight (974e1818-726d-46c2-a454-05ba12f6d736) on 339.750 MHz, released
2026-09-26 12:09:13.758 -07:00 [INF] [OpenFreqClient.Services.OpenFreqService] PTT end: Miner 1-1 (7c54ae18-74fa-45f3-b6a9-377a5574b95b) on 339.750 MHz, released
2026-09-26 12:09:14.574 -07:00 [INF] [OpenFreqClient.Services.OpenFreqService] PTT start: own radio on 339.750 MHz
2026-09-26 12:09:14.775 -07:00 [INF] [OpenFreqClient.Services.OpenFreqService] PTT start: Rain (48c829fa-694d-48c8-987a-a559eb15e8f5) on 339.750 MHz, 2D
2026-09-26 12:09:14.793 -07:00 [INF] [OpenFreq.Common.RtpJitterBuffer] Transmission gap detected (85006ms RTP delta), resetting jitter measurement
2026-09-26 12:09:15.939 -07:00 [INF] [OpenFreqClient.Services.OpenFreqService] PTT end: Rain (48c829fa-694d-48c8-987a-a559eb15e8f5) on 339.750 MHz, released
2026-09-26 12:09:16.623 -07:00 [INF] [OpenFreqClient.Services.OpenFreqService] PTT start: Useless (2c7de423-e66c-4a70-a299-d21d207cd0ed) on 339.750 MHz, 2D
2026-09-26 12:09:16.631 -07:00 [INF] [OpenFreq.Common.RtpJitterBuffer] Transmission gap detected (19334ms RTP delta), resetting jitter measurement
2026-09-26 12:09:16.863 -07:00 [WRN] [OpenFreqAudio.RadioPlayback] Stream 2c7de423-e66c-4a70-a299-d21d207cd0ed:339750 on 339.750 MHz had no samples for 10.0 ms
2026-09-26 12:09:17.225 -07:00 [INF] [OpenFreqClient.Services.OpenFreqService] PTT start: Miner 1-1 (7c54ae18-74fa-45f3-b6a9-377a5574b95b) on 339.750 MHz, 2D
2026-09-26 12:09:17.227 -07:00 [INF] [OpenFreq.Common.RtpJitterBuffer] Transmission gap detected (3487ms RTP delta), resetting jitter measurement
2026-09-26 12:09:17.629 -07:00 [INF] [OpenFreq.Common.RtpJitterBuffer] Late arrival (56ms past slot) — buffer 20→107ms
2026-09-26 12:09:17.660 -07:00 [INF] [OpenFreqClient.Services.OpenFreqService] PTT end: own radio on 339.750 MHz
2026-09-26 12:09:17.670 -07:00 [INF] [OpenFreqClient.Services.OpenFreqService] TX level over 3090ms: mic peak -11.9 dBFS rms -28.9 dBFS | sent peak -1.9 dBFS rms -20.6 dBFS | normalizer on, gain 12.747, gate -64.1 dBFS
2026-09-26 12:09:17.919 -07:00 [INF] [OpenFreqClient.Services.OpenFreqService] PTT end: Miner 1-1 (7c54ae18-74fa-45f3-b6a9-377a5574b95b) on 339.750 MHz, released
2026-09-26 12:09:18.646 -07:00 [INF] [OpenFreqClient.Services.OpenFreqService] PTT end: Useless (2c7de423-e66c-4a70-a299-d21d207cd0ed) on 339.750 MHz, released
2026-09-26 12:09:18.913 -07:00 [INF] [OpenFreqClient.Services.OpenFreqService] PTT start: Knight (974e1818-726d-46c2-a454-05ba12f6d736) on 339.750 MHz, 2D
2026-09-26 12:09:18.936 -07:00 [INF] [OpenFreq.Common.RtpJitterBuffer] Transmission gap detected (5364ms RTP delta), resetting jitter measurement
2026-09-26 12:09:23.090 -07:00 [INF] [OpenFreqClient.Services.OpenFreqService] PTT end: Knight (974e1818-726d-46c2-a454-05ba12f6d736) on 339.750 MHz, released
2026-09-26 12:09:23.545 -07:00 [INF] [OpenFreqClient.Services.OpenFreqService] PTT start: Rain (48c829fa-694d-48c8-987a-a559eb15e8f5) on 339.750 MHz, 2D
2026-09-26 12:09:23.591 -07:00 [INF] [OpenFreq.Common.RtpJitterBuffer] Transmission gap detected (7627ms RTP delta), resetting jitter measurement
2026-09-26 12:09:24.023 -07:00 [WRN] [OpenFreqAudio.RadioPlayback] Stream 48c829fa-694d-48c8-987a-a559eb15e8f5:339750 on 339.750 MHz had no samples for 5.3 ms
2026-09-26 12:09:24.262 -07:00 [INF] [OpenFreqClient.Services.OpenFreqService] PTT start: own radio on 339.750 MHz
2026-09-26 12:09:24.983 -07:00 [INF] [OpenFreqClient.Services.OpenFreqService] PTT end: Rain (48c829fa-694d-48c8-987a-a559eb15e8f5) on 339.750 MHz, released
2026-09-26 12:09:25.478 -07:00 [INF] [OpenFreqClient.Services.OpenFreqService] PTT start: Useless (2c7de423-e66c-4a70-a299-d21d207cd0ed) on 339.750 MHz, 2D
2026-09-26 12:09:25.497 -07:00 [INF] [OpenFreq.Common.RtpJitterBuffer] Transmission gap detected (6866ms RTP delta), resetting jitter measurement
2026-09-26 12:09:25.501 -07:00 [INF] [OpenFreqClient.Services.OpenFreqService] PTT start: Knight (974e1818-726d-46c2-a454-05ba12f6d736) on 339.750 MHz, 2D
2026-09-26 12:09:25.515 -07:00 [INF] [OpenFreq.Common.RtpJitterBuffer] Transmission gap detected (2445ms RTP delta), resetting jitter measurement
2026-09-26 12:09:25.773 -07:00 [INF] [OpenFreqClient.Services.OpenFreqService] PTT end: own radio on 339.750 MHz
2026-09-26 12:09:25.780 -07:00 [INF] [OpenFreqClient.Services.OpenFreqService] TX level over 1510ms: mic peak -15.3 dBFS rms -34.7 dBFS | sent peak 0.0 dBFS rms -20.0 dBFS | normalizer on, gain 14.987, gate -59.8 dBFS
2026-09-26 12:09:26.505 -07:00 [INF] [OpenFreqClient.Services.OpenFreqService] PTT start: own radio on 339.750 MHz
2026-09-26 12:09:26.711 -07:00 [INF] [OpenFreqClient.Services.OpenFreqService] PTT end: Knight (974e1818-726d-46c2-a454-05ba12f6d736) on 339.750 MHz, released
2026-09-26 12:09:26.941 -07:00 [INF] [OpenFreqClient.Services.OpenFreqService] PTT start: Knight (974e1818-726d-46c2-a454-05ba12f6d736) on 339.750 MHz, 2D
2026-09-26 12:09:27.201 -07:00 [INF] [OpenFreqClient.Services.OpenFreqService] PTT end: Knight (974e1818-726d-46c2-a454-05ba12f6d736) on 339.750 MHz, released
2026-09-26 12:09:27.964 -07:00 [INF] [OpenFreqClient.Services.OpenFreqService] PTT end: Useless (2c7de423-e66c-4a70-a299-d21d207cd0ed) on 339.750 MHz, released
2026-09-26 12:09:28.016 -07:00 [INF] [OpenFreqClient.Services.OpenFreqService] PTT end: own radio on 339.750 MHz
2026-09-26 12:09:28.020 -07:00 [INF] [OpenFreqClient.Services.OpenFreqService] TX level over 1510ms: mic peak -5.3 dBFS rms -21.8 dBFS | sent peak 0.0 dBFS rms -16.8 dBFS | normalizer on, gain 2.599, gate -50.1 dBFS
2026-09-26 12:09:28.548 -07:00 [INF] [OpenFreqClient.Services.OpenFreqService] PTT start: Knight (974e1818-726d-46c2-a454-05ba12f6d736) on 339.750 MHz, 2D
2026-09-26 12:09:28.572 -07:00 [INF] [OpenFreq.Common.RtpJitterBuffer] Transmission gap detected (1375ms RTP delta), resetting jitter measurement
2026-09-26 12:09:28.789 -07:00 [INF] [OpenFreq.Common.RtpJitterBuffer] Transmission gap detected (10880ms RTP delta), resetting jitter measurement
2026-09-26 12:09:28.792 -07:00 [INF] [OpenFreqClient.Services.OpenFreqService] PTT start: Miner 1-1 (7c54ae18-74fa-45f3-b6a9-377a5574b95b) on 339.750 MHz, 2D
2026-09-26 12:09:29.204 -07:00 [WRN] [OpenFreqAudio.RadioPlayback] Stream 7c54ae18-74fa-45f3-b6a9-377a5574b95b:339750 on 339.750 MHz had no samples for 10.9 ms
2026-09-26 12:09:29.576 -07:00 [INF] [OpenFreqClient.Services.OpenFreqService] PTT start: Rain (48c829fa-694d-48c8-987a-a559eb15e8f5) on 339.750 MHz, 2D
2026-09-26 12:09:29.593 -07:00 [INF] [OpenFreq.Common.RtpJitterBuffer] Transmission gap detected (4611ms RTP delta), resetting jitter measurement
2026-09-26 12:09:29.593 -07:00 [INF] [OpenFreqClient.Services.OpenFreqService] PTT end: Knight (974e1818-726d-46c2-a454-05ba12f6d736) on 339.750 MHz, released
2026-09-26 12:09:29.694 -07:00 [WRN] [OpenFreqAudio.RadioPlayback] Stream 48c829fa-694d-48c8-987a-a559eb15e8f5:339750 on 339.750 MHz had no samples for 10.8 ms
2026-09-26 12:09:29.912 -07:00 [INF] [OpenFreqClient.Services.OpenFreqService] PTT end: Miner 1-1 (7c54ae18-74fa-45f3-b6a9-377a5574b95b) on 339.750 MHz, released
2026-09-26 12:09:30.155 -07:00 [INF] [OpenFreqClient.Services.OpenFreqService] PTT end: Rain (48c829fa-694d-48c8-987a-a559eb15e8f5) on 339.750 MHz, released
2026-09-26 12:09:31.630 -07:00 [INF] [OpenFreq.Common.RtpJitterBuffer] Late arrival (183ms past slot) — buffer 136→349ms
2026-09-26 12:09:31.631 -07:00 [INF] [OpenFreq.Common.RtpJitterBuffer] Transmission gap detected (1904ms RTP delta), resetting jitter measurement
2026-09-26 12:09:31.633 -07:00 [INF] [OpenFreqClient.Services.OpenFreqService] PTT start: Miner 1-1 (7c54ae18-74fa-45f3-b6a9-377a5574b95b) on 339.750 MHz, 2D
2026-09-26 12:09:32.203 -07:00 [INF] [OpenFreq.Common.RtpJitterBuffer] Late arrival (110ms past slot) — buffer 321→462ms
2026-09-26 12:09:32.212 -07:00 [INF] [OpenFreqClient.Services.OpenFreqService] PTT end: Miner 1-1 (7c54ae18-74fa-45f3-b6a9-377a5574b95b) on 339.750 MHz, released
2026-09-26 12:09:32.212 -07:00 [INF] [OpenFreqClient.Services.OpenFreqService] PTT start: Miner 1-1 (7c54ae18-74fa-45f3-b6a9-377a5574b95b) on 339.750 MHz, 2D
2026-09-26 12:09:32.576 -07:00 [INF] [OpenFreqClient.Services.OpenFreqService] PTT end: Miner 1-1 (7c54ae18-74fa-45f3-b6a9-377a5574b95b) on 339.750 MHz, released
2026-09-26 12:09:37.628 -07:00 [INF] [OpenFreq.Common.RtpJitterBuffer] Transmission gap detected (8048ms RTP delta), resetting jitter measurement
2026-09-26 12:09:37.629 -07:00 [INF] [OpenFreqClient.Services.OpenFreqService] PTT start: Knight (974e1818-726d-46c2-a454-05ba12f6d736) on 339.750 MHz, 2D
2026-09-26 12:09:37.917 -07:00 [INF] [OpenFreqClient.Services.OpenFreqService] PTT start: Rain (48c829fa-694d-48c8-987a-a559eb15e8f5) on 339.750 MHz, 2D
2026-09-26 12:09:37.947 -07:00 [INF] [OpenFreq.Common.RtpJitterBuffer] Transmission gap detected (7800ms RTP delta), resetting jitter measurement
2026-09-26 12:09:38.113 -07:00 [WRN] [OpenFreqAudio.RadioPlayback] Stream 48c829fa-694d-48c8-987a-a559eb15e8f5:339750 on 339.750 MHz had no samples for 10.0 ms
2026-09-26 12:09:38.123 -07:00 [INF] [OpenFreqClient.Services.OpenFreqService] PTT end: Rain (48c829fa-694d-48c8-987a-a559eb15e8f5) on 339.750 MHz, released
2026-09-26 12:09:39.271 -07:00 [INF] [OpenFreqClient.Services.OpenFreqService] PTT end: Knight (974e1818-726d-46c2-a454-05ba12f6d736) on 339.750 MHz, released
2026-09-26 12:09:39.660 -07:00 [INF] [OpenFreqClient.Services.OpenFreqService] PTT start: Rain (48c829fa-694d-48c8-987a-a559eb15e8f5) on 339.750 MHz, 2D
2026-09-26 12:09:39.678 -07:00 [INF] [OpenFreq.Common.RtpJitterBuffer] Transmission gap detected (1561ms RTP delta), resetting jitter measurement
2026-09-26 12:09:41.053 -07:00 [INF] [OpenFreqClient.Services.OpenFreqService] PTT start: Alligator (f39dd749-39ff-4df4-bec7-f23cc154d1a8) on 339.750 MHz, 2D
2026-09-26 12:09:41.075 -07:00 [INF] [OpenFreq.Common.RtpJitterBuffer] Transmission gap detected (31686ms RTP delta), resetting jitter measurement
2026-09-26 12:09:41.173 -07:00 [WRN] [OpenFreqAudio.RadioPlayback] Stream f39dd749-39ff-4df4-bec7-f23cc154d1a8:339750 on 339.750 MHz had no samples for 10.0 ms
2026-09-26 12:09:41.264 -07:00 [INF] [OpenFreqClient.Services.OpenFreqService] PTT start: Miner 1-1 (7c54ae18-74fa-45f3-b6a9-377a5574b95b) on 339.750 MHz, 2D
2026-09-26 12:09:41.295 -07:00 [INF] [OpenFreq.Common.RtpJitterBuffer] Transmission gap detected (8717ms RTP delta), resetting jitter measurement
2026-09-26 12:09:41.340 -07:00 [INF] [OpenFreqClient.Services.OpenFreqService] PTT start: Woody (e0977389-35b0-4d0f-997f-3c6be3e6f5f5) on 339.750 MHz, 2D
2026-09-26 12:09:41.362 -07:00 [INF] [OpenFreq.Common.RtpJitterBuffer] Transmission gap detected (72640ms RTP delta), resetting jitter measurement
2026-09-26 12:09:41.568 -07:00 [INF] [OpenFreqClient.Services.OpenFreqService] PTT end: Alligator (f39dd749-39ff-4df4-bec7-f23cc154d1a8) on 339.750 MHz, released
2026-09-26 12:09:41.671 -07:00 [INF] [OpenFreq.Common.RtpJitterBuffer] Late arrival (21ms past slot) — buffer 46→98ms
2026-09-26 12:09:41.907 -07:00 [INF] [OpenFreqClient.Services.OpenFreqService] PTT end: Miner 1-1 (7c54ae18-74fa-45f3-b6a9-377a5574b95b) on 339.750 MHz, released
2026-09-26 12:09:42.006 -07:00 [INF] [OpenFreqClient.Services.OpenFreqService] PTT end: Rain (48c829fa-694d-48c8-987a-a559eb15e8f5) on 339.750 MHz, released
2026-09-26 12:09:42.856 -07:00 [INF] [OpenFreqClient.Services.OpenFreqService] PTT start: Miner 1-1 (7c54ae18-74fa-45f3-b6a9-377a5574b95b) on 339.750 MHz, 2D
2026-09-26 12:09:42.866 -07:00 [INF] [OpenFreq.Common.RtpJitterBuffer] Transmission gap detected (972ms RTP delta), resetting jitter measurement
2026-09-26 12:09:43.679 -07:00 [INF] [OpenFreqClient.Services.OpenFreqService] PTT end: Woody (e0977389-35b0-4d0f-997f-3c6be3e6f5f5) on 339.750 MHz, released
2026-09-26 12:09:43.857 -07:00 [INF] [OpenFreqClient.Services.OpenFreqService] PTT end: Miner 1-1 (7c54ae18-74fa-45f3-b6a9-377a5574b95b) on 339.750 MHz, released
2026-09-26 12:09:43.903 -07:00 [INF] [OpenFreqClient.Services.OpenFreqService] PTT start: Woody (e0977389-35b0-4d0f-997f-3c6be3e6f5f5) on 339.750 MHz, 2D
2026-09-26 12:09:44.606 -07:00 [INF] [OpenFreqClient.Services.OpenFreqService] PTT start: own radio on 339.750 MHz
2026-09-26 12:09:45.536 -07:00 [INF] [OpenFreq.Common.RtpJitterBuffer] Late arrival (1ms past slot) — buffer 96→127ms
2026-09-26 12:09:45.826 -07:00 [INF] [OpenFreqClient.Services.OpenFreqService] PTT end: Woody (e0977389-35b0-4d0f-997f-3c6be3e6f5f5) on 339.750 MHz, released
2026-09-26 12:09:46.466 -07:00 [INF] [OpenFreqClient.Services.OpenFreqService] PTT end: own radio on 339.750 MHz
2026-09-26 12:09:46.470 -07:00 [INF] [OpenFreqClient.Services.OpenFreqService] TX level over 1860ms: mic peak -7.3 dBFS rms -25.6 dBFS | sent peak -5.2 dBFS rms -22.0 dBFS | normalizer on, gain 2.614, gate -44.8 dBFS
2026-09-26 12:09:47.015 -07:00 [INF] [OpenFreqClient.Services.OpenFreqService] PTT start: Miner 1-1 (7c54ae18-74fa-45f3-b6a9-377a5574b95b) on 339.750 MHz, 2D
2026-09-26 12:09:47.037 -07:00 [INF] [OpenFreq.Common.RtpJitterBuffer] Transmission gap detected (3178ms RTP delta), resetting jitter measurement
2026-09-26 12:09:48.132 -07:00 [INF] [OpenFreqClient.Services.OpenFreqService] PTT end: Miner 1-1 (7c54ae18-74fa-45f3-b6a9-377a5574b95b) on 339.750 MHz, released
2026-09-26 12:09:48.825 -07:00 [INF] [OpenFreqClient.Services.OpenFreqService] PTT start: Miner 1-1 (7c54ae18-74fa-45f3-b6a9-377a5574b95b) on 339.750 MHz, 2D
2026-09-26 12:09:48.828 -07:00 [INF] [OpenFreq.Common.RtpJitterBuffer] Transmission gap detected (725ms RTP delta), resetting jitter measurement
2026-09-26 12:09:49.322 -07:00 [INF] [OpenFreqClient.Services.OpenFreqService] PTT end: Miner 1-1 (7c54ae18-74fa-45f3-b6a9-377a5574b95b) on 339.750 MHz, released
2026-09-26 12:09:50.167 -07:00 [INF] [OpenFreqClient.Services.OpenFreqService] PTT start: Alligator (f39dd749-39ff-4df4-bec7-f23cc154d1a8) on 339.750 MHz, 2D
2026-09-26 12:09:50.190 -07:00 [INF] [OpenFreq.Common.RtpJitterBuffer] Transmission gap detected (8612ms RTP delta), resetting jitter measurement
2026-09-26 12:09:50.364 -07:00 [INF] [OpenFreqClient.Services.OpenFreqService] PTT start: own radio on 339.750 MHz
2026-09-26 12:09:51.035 -07:00 [INF] [OpenFreqClient.Services.OpenFreqService] PTT end: Alligator (f39dd749-39ff-4df4-bec7-f23cc154d1a8) on 339.750 MHz, released
2026-09-26 12:09:52.723 -07:00 [INF] [OpenFreqClient.Services.OpenFreqService] PTT start: Knight (974e1818-726d-46c2-a454-05ba12f6d736) on 339.750 MHz, 2D
2026-09-26 12:09:52.725 -07:00 [INF] [OpenFreq.Common.RtpJitterBuffer] Transmission gap detected (13461ms RTP delta), resetting jitter measurement
2026-09-26 12:09:52.733 -07:00 [INF] [OpenFreqClient.Services.OpenFreqService] PTT end: own radio on 339.750 MHz
2026-09-26 12:09:52.740 -07:00 [INF] [OpenFreqClient.Services.OpenFreqService] TX level over 2370ms: mic peak -12.4 dBFS rms -30.0 dBFS | sent peak -5.5 dBFS rms -22.8 dBFS | normalizer on, gain 5.006, gate -48.7 dBFS
2026-09-26 12:09:53.415 -07:00 [INF] [OpenFreqClient.Services.OpenFreqService] PTT end: Knight (974e1818-726d-46c2-a454-05ba12f6d736) on 339.750 MHz, released
2026-09-26 12:09:53.943 -07:00 [INF] [OpenFreqClient.Services.OpenFreqService] PTT start: own radio on 339.750 MHz
2026-09-26 12:09:55.136 -07:00 [INF] [OpenFreqClient.Services.OpenFreqService] PTT end: own radio on 339.750 MHz
2026-09-26 12:09:55.140 -07:00 [INF] [OpenFreqClient.Services.OpenFreqService] TX level over 1190ms: mic peak -18.4 dBFS rms -34.5 dBFS | sent peak -5.5 dBFS rms -22.5 dBFS | normalizer on, gain 7.675, gate -53.3 dBFS
2026-09-26 12:09:55.376 -07:00 [INF] [OpenFreq.Common.RtpJitterBuffer] Transmission gap detected (9573ms RTP delta), resetting jitter measurement
2026-09-26 12:09:55.382 -07:00 [INF] [OpenFreqClient.Services.OpenFreqService] PTT start: Woody (e0977389-35b0-4d0f-997f-3c6be3e6f5f5) on 339.750 MHz, 2D
2026-09-26 12:09:56.142 -07:00 [INF] [OpenFreqClient.Services.OpenFreqService] PTT start: Miner 1-1 (7c54ae18-74fa-45f3-b6a9-377a5574b95b) on 339.750 MHz, 2D
2026-09-26 12:09:56.145 -07:00 [INF] [OpenFreq.Common.RtpJitterBuffer] Transmission gap detected (6841ms RTP delta), resetting jitter measurement
2026-09-26 12:09:56.425 -07:00 [INF] [OpenFreqClient.Services.OpenFreqService] PTT start: Knight (974e1818-726d-46c2-a454-05ba12f6d736) on 339.750 MHz, 2D
2026-09-26 12:09:56.449 -07:00 [INF] [OpenFreq.Common.RtpJitterBuffer] Transmission gap detected (3026ms RTP delta), resetting jitter measurement
2026-09-26 12:09:56.584 -07:00 [INF] [OpenFreqClient.Services.OpenFreqService] PTT end: Miner 1-1 (7c54ae18-74fa-45f3-b6a9-377a5574b95b) on 339.750 MHz, released
2026-09-26 12:09:56.829 -07:00 [INF] [OpenFreqClient.Services.OpenFreqService] PTT end: Woody (e0977389-35b0-4d0f-997f-3c6be3e6f5f5) on 339.750 MHz, released
2026-09-26 12:10:00.157 -07:00 [INF] [OpenFreqClient.Services.OpenFreqService] PTT end: Knight (974e1818-726d-46c2-a454-05ba12f6d736) on 339.750 MHz, released
2026-09-26 12:10:00.353 -07:00 [INF] [OpenFreqClient.Services.OpenFreqService] PTT start: own radio on 339.750 MHz
2026-09-26 12:10:00.912 -07:00 [INF] [OpenFreqClient.Services.OpenFreqService] PTT start: Stevie (32672fdf-be5f-4fe3-b8ad-00410fd1b909) on 339.750 MHz, 2D
2026-09-26 12:10:00.930 -07:00 [INF] [OpenFreq.Common.RtpJitterBuffer] Transmission gap detected (48860ms RTP delta), resetting jitter measurement
2026-09-26 12:10:01.013 -07:00 [WRN] [OpenFreqAudio.RadioPlayback] Stream 32672fdf-be5f-4fe3-b8ad-00410fd1b909:339750 on 339.750 MHz had no samples for 10.0 ms
2026-09-26 12:10:01.760 -07:00 [INF] [OpenFreqClient.Services.OpenFreqService] PTT end: Stevie (32672fdf-be5f-4fe3-b8ad-00410fd1b909) on 339.750 MHz, released
2026-09-26 12:10:02.068 -07:00 [INF] [OpenFreqClient.Services.OpenFreqService] PTT start: Miner 1-1 (7c54ae18-74fa-45f3-b6a9-377a5574b95b) on 339.750 MHz, 2D
2026-09-26 12:10:02.070 -07:00 [INF] [OpenFreqClient.Services.OpenFreqService] PTT start: Blue (f23a2329-cca9-4d8f-bdda-384ea4044d35) on 339.750 MHz, 2D
2026-09-26 12:10:02.082 -07:00 [INF] [OpenFreq.Common.RtpJitterBuffer] Transmission gap detected (5509ms RTP delta), resetting jitter measurement
2026-09-26 12:10:02.083 -07:00 [INF] [OpenFreq.Common.RtpJitterBuffer] Transmission gap detected (61202ms RTP delta), resetting jitter measurement
2026-09-26 12:10:02.677 -07:00 [INF] [OpenFreqClient.Services.OpenFreqService] PTT end: Blue (f23a2329-cca9-4d8f-bdda-384ea4044d35) on 339.750 MHz, released
2026-09-26 12:10:03.517 -07:00 [INF] [OpenFreq.Common.RtpJitterBuffer] Late arrival (105ms past slot) — buffer 51→186ms
2026-09-26 12:10:03.523 -07:00 [INF] [OpenFreqClient.Services.OpenFreqService] PTT end: Miner 1-1 (7c54ae18-74fa-45f3-b6a9-377a5574b95b) on 339.750 MHz, released
2026-09-26 12:10:07.128 -07:00 [INF] [OpenFreqClient.Services.OpenFreqService] PTT start: Knight (974e1818-726d-46c2-a454-05ba12f6d736) on 339.750 MHz, 2D
2026-09-26 12:10:07.136 -07:00 [INF] [OpenFreq.Common.RtpJitterBuffer] Transmission gap detected (6977ms RTP delta), resetting jitter measurement
2026-09-26 12:10:07.286 -07:00 [WRN] [OpenFreqAudio.RadioPlayback] Stream 974e1818-726d-46c2-a454-05ba12f6d736:339750 on 339.750 MHz had no samples for 4.1 ms
2026-09-26 12:10:10.156 -07:00 [INF] [OpenFreqClient.Services.OpenFreqService] PTT end: own radio on 339.750 MHz
2026-09-26 12:10:10.160 -07:00 [INF] [OpenFreqClient.Services.OpenFreqService] TX level over 9800ms: mic peak -0.2 dBFS rms -19.5 dBFS | sent peak 0.0 dBFS rms -18.7 dBFS | normalizer on, gain 2.833, gate -54.3 dBFS
2026-09-26 12:10:10.456 -07:00 [INF] [OpenFreqClient.Services.OpenFreqService] PTT end: Knight (974e1818-726d-46c2-a454-05ba12f6d736) on 339.750 MHz, released
2026-09-26 12:10:11.203 -07:00 [INF] [OpenFreqClient.Services.OpenFreqService] PTT start: Knight (974e1818-726d-46c2-a454-05ba12f6d736) on 339.750 MHz, 2D
2026-09-26 12:10:11.225 -07:00 [INF] [OpenFreq.Common.RtpJitterBuffer] Transmission gap detected (786ms RTP delta), resetting jitter measurement
2026-09-26 12:10:11.353 -07:00 [INF] [OpenFreqAudio.RadioPlayback] Stream '58f02e35-0d8e-4c46-aa74-dce098883fa8:339750' on 339.750 MHz
2026-09-26 12:10:11.962 -07:00 [INF] [OpenFreqClient.Services.OpenFreqService] PTT end: Knight (974e1818-726d-46c2-a454-05ba12f6d736) on 339.750 MHz, released
2026-09-26 12:10:23.724 -07:00 [INF] [OpenFreqClient.Services.OpenFreqService] PTT start: Miner 1-1 (7c54ae18-74fa-45f3-b6a9-377a5574b95b) on 339.750 MHz, 2D
2026-09-26 12:10:23.728 -07:00 [INF] [OpenFreq.Common.RtpJitterBuffer] Transmission gap detected (20309ms RTP delta), resetting jitter measurement
2026-09-26 12:10:24.330 -07:00 [INF] [OpenFreqClient.Services.OpenFreqService] PTT end: Miner 1-1 (7c54ae18-74fa-45f3-b6a9-377a5574b95b) on 339.750 MHz, released
2026-09-26 12:10:30.417 -07:00 [INF] [OpenFreqClient.Services.OpenFreqService] PTT start: Miner 1-1 (7c54ae18-74fa-45f3-b6a9-377a5574b95b) on 339.750 MHz, 2D
2026-09-26 12:10:30.440 -07:00 [INF] [OpenFreq.Common.RtpJitterBuffer] Transmission gap detected (6106ms RTP delta), resetting jitter measurement
2026-09-26 12:10:30.624 -07:00 [WRN] [OpenFreqAudio.RadioPlayback] Stream 7c54ae18-74fa-45f3-b6a9-377a5574b95b:339750 on 339.750 MHz had no samples for 9.8 ms
2026-09-26 12:10:31.132 -07:00 [INF] [OpenFreqClient.Services.OpenFreqService] PTT end: Miner 1-1 (7c54ae18-74fa-45f3-b6a9-377a5574b95b) on 339.750 MHz, released
2026-09-26 12:10:33.813 -07:00 [INF] [OpenFreqClient.Services.OpenFreqService] PTT start: Alligator (f39dd749-39ff-4df4-bec7-f23cc154d1a8) on 339.750 MHz, 2D
2026-09-26 12:10:33.836 -07:00 [INF] [OpenFreq.Common.RtpJitterBuffer] Transmission gap detected (42804ms RTP delta), resetting jitter measurement
2026-09-26 12:10:33.964 -07:00 [WRN] [OpenFreqAudio.RadioPlayback] Stream f39dd749-39ff-4df4-bec7-f23cc154d1a8:339750 on 339.750 MHz had no samples for 10.1 ms
2026-09-26 12:10:35.668 -07:00 [INF] [OpenFreqClient.Services.OpenFreqService] PTT end: Alligator (f39dd749-39ff-4df4-bec7-f23cc154d1a8) on 339.750 MHz, released
2026-09-26 12:10:36.442 -07:00 [INF] [OpenFreqClient.Services.OpenFreqService] PTT start: Miner 1-1 (7c54ae18-74fa-45f3-b6a9-377a5574b95b) on 339.750 MHz, 2D
2026-09-26 12:10:36.459 -07:00 [INF] [OpenFreq.Common.RtpJitterBuffer] Transmission gap detected (5344ms RTP delta), resetting jitter measurement
2026-09-26 12:10:37.014 -07:00 [INF] [OpenFreqClient.Services.OpenFreqService] PTT end: Miner 1-1 (7c54ae18-74fa-45f3-b6a9-377a5574b95b) on 339.750 MHz, released
2026-09-26 12:10:38.525 -07:00 [INF] [OpenFreqClient.Services.OpenFreqService] PTT start: Alligator (f39dd749-39ff-4df4-bec7-f23cc154d1a8) on 339.750 MHz, 2D
2026-09-26 12:10:38.542 -07:00 [INF] [OpenFreq.Common.RtpJitterBuffer] Transmission gap detected (2886ms RTP delta), resetting jitter measurement
2026-09-26 12:10:40.038 -07:00 [INF] [OpenFreq.Common.RtpJitterBuffer] Late arrival (2ms past slot) — buffer 54→86ms
2026-09-26 12:10:41.030 -07:00 [INF] [OpenFreqClient.Services.OpenFreqService] PTT end: Alligator (f39dd749-39ff-4df4-bec7-f23cc154d1a8) on 339.750 MHz, released
2026-09-26 12:10:41.254 -07:00 [INF] [OpenFreqClient.Services.OpenFreqService] PTT start: Alligator (f39dd749-39ff-4df4-bec7-f23cc154d1a8) on 339.750 MHz, 2D
2026-09-26 12:10:41.408 -07:00 [INF] [OpenFreqClient.Services.OpenFreqService] PTT start: Miner 1-1 (7c54ae18-74fa-45f3-b6a9-377a5574b95b) on 339.750 MHz, 2D
2026-09-26 12:10:41.420 -07:00 [INF] [OpenFreq.Common.RtpJitterBuffer] Transmission gap detected (4413ms RTP delta), resetting jitter measurement
2026-09-26 12:10:41.577 -07:00 [WRN] [OpenFreqAudio.RadioPlayback] Stream 7c54ae18-74fa-45f3-b6a9-377a5574b95b:339750 on 339.750 MHz had no samples for 5.1 ms
2026-09-26 12:10:42.144 -07:00 [INF] [OpenFreqClient.Services.OpenFreqService] PTT end: Miner 1-1 (7c54ae18-74fa-45f3-b6a9-377a5574b95b) on 339.750 MHz, released
2026-09-26 12:10:42.706 -07:00 [INF] [OpenFreqClient.Services.OpenFreqService] PTT end: Alligator (f39dd749-39ff-4df4-bec7-f23cc154d1a8) on 339.750 MHz, released
2026-09-26 12:10:43.361 -07:00 [INF] [OpenFreqClient.Services.OpenFreqService] PTT start: Miner 1-1 (7c54ae18-74fa-45f3-b6a9-377a5574b95b) on 339.750 MHz, 2D
2026-09-26 12:10:43.376 -07:00 [INF] [OpenFreq.Common.RtpJitterBuffer] Transmission gap detected (1235ms RTP delta), resetting jitter measurement
2026-09-26 12:10:44.389 -07:00 [INF] [OpenFreq.Common.RtpJitterBuffer] Late arrival (21ms past slot) — buffer 60→111ms
2026-09-26 12:10:44.407 -07:00 [INF] [OpenFreqClient.Services.OpenFreqService] PTT end: Miner 1-1 (7c54ae18-74fa-45f3-b6a9-377a5574b95b) on 339.750 MHz, released
2026-09-26 12:10:44.438 -07:00 [INF] [OpenFreqClient.Services.OpenFreqService] PTT start: Miner 1-1 (7c54ae18-74fa-45f3-b6a9-377a5574b95b) on 339.750 MHz, 2D
2026-09-26 12:10:45.004 -07:00 [INF] [OpenFreqClient.Services.OpenFreqService] PTT end: Miner 1-1 (7c54ae18-74fa-45f3-b6a9-377a5574b95b) on 339.750 MHz, released
2026-09-26 12:10:45.771 -07:00 [INF] [OpenFreqClient.Services.OpenFreqService] PTT start: Miner 1-1 (7c54ae18-74fa-45f3-b6a9-377a5574b95b) on 339.750 MHz, 2D
2026-09-26 12:10:45.784 -07:00 [INF] [OpenFreq.Common.RtpJitterBuffer] Transmission gap detected (794ms RTP delta), resetting jitter measurement
2026-09-26 12:10:46.391 -07:00 [INF] [OpenFreqClient.Services.OpenFreqService] PTT end: Miner 1-1 (7c54ae18-74fa-45f3-b6a9-377a5574b95b) on 339.750 MHz, released
2026-09-26 12:10:47.624 -07:00 [INF] [OpenFreqClient.Services.OpenFreqService] PTT start: Useless (2c7de423-e66c-4a70-a299-d21d207cd0ed) on 339.750 MHz, 2D
2026-09-26 12:10:47.628 -07:00 [INF] [OpenFreq.Common.RtpJitterBuffer] Transmission gap detected (79676ms RTP delta), resetting jitter measurement
2026-09-26 12:10:47.945 -07:00 [WRN] [OpenFreqAudio.RadioPlayback] Stream 2c7de423-e66c-4a70-a299-d21d207cd0ed:339750 on 339.750 MHz had no samples for 9.3 ms
2026-09-26 12:10:49.577 -07:00 [INF] [OpenFreqClient.Services.OpenFreqService] PTT end: Useless (2c7de423-e66c-4a70-a299-d21d207cd0ed) on 339.750 MHz, released
2026-09-26 12:10:50.532 -07:00 [INF] [OpenFreq.Common.RtpJitterBuffer] Transmission gap detected (4133ms RTP delta), resetting jitter measurement
2026-09-26 12:10:50.532 -07:00 [INF] [OpenFreqClient.Services.OpenFreqService] PTT start: Miner 1-1 (7c54ae18-74fa-45f3-b6a9-377a5574b95b) on 339.750 MHz, 2D
2026-09-26 12:10:51.058 -07:00 [INF] [OpenFreqClient.Services.OpenFreqService] PTT end: Miner 1-1 (7c54ae18-74fa-45f3-b6a9-377a5574b95b) on 339.750 MHz, released
2026-09-26 12:10:52.375 -07:00 [INF] [OpenFreqClient.Services.OpenFreqService] PTT start: Alligator (f39dd749-39ff-4df4-bec7-f23cc154d1a8) on 339.750 MHz, 2D
2026-09-26 12:10:52.389 -07:00 [INF] [OpenFreq.Common.RtpJitterBuffer] Transmission gap detected (9721ms RTP delta), resetting jitter measurement
2026-09-26 12:10:53.328 -07:00 [WRN] [OpenFreqAudio.RadioPlayback] Stream f39dd749-39ff-4df4-bec7-f23cc154d1a8:339750 on 339.750 MHz had no samples for 10.6 ms
2026-09-26 12:10:53.379 -07:00 [INF] [OpenFreqClient.Services.OpenFreqService] PTT end: Alligator (f39dd749-39ff-4df4-bec7-f23cc154d1a8) on 339.750 MHz, released
2026-09-26 12:10:53.790 -07:00 [INF] [OpenFreqClient.Services.OpenFreqService] PTT start: Miner 1-1 (7c54ae18-74fa-45f3-b6a9-377a5574b95b) on 339.750 MHz, 2D
2026-09-26 12:10:53.794 -07:00 [INF] [OpenFreq.Common.RtpJitterBuffer] Transmission gap detected (2757ms RTP delta), resetting jitter measurement
2026-09-26 12:10:54.301 -07:00 [INF] [OpenFreqClient.Services.OpenFreqService] PTT end: Miner 1-1 (7c54ae18-74fa-45f3-b6a9-377a5574b95b) on 339.750 MHz, released
2026-09-26 12:10:54.473 -07:00 [INF] [OpenFreqClient.Services.OpenFreqService] PTT start: Miner 1-1 (7c54ae18-74fa-45f3-b6a9-377a5574b95b) on 339.750 MHz, 2D
2026-09-26 12:10:54.556 -07:00 [WRN] [OpenFreqAudio.RadioPlayback] Stream 7c54ae18-74fa-45f3-b6a9-377a5574b95b:339750 on 339.750 MHz had no samples for 10.5 ms
2026-09-26 12:10:55.160 -07:00 [INF] [OpenFreqClient.Services.OpenFreqService] PTT end: Miner 1-1 (7c54ae18-74fa-45f3-b6a9-377a5574b95b) on 339.750 MHz, released
2026-09-26 12:10:55.571 -07:00 [INF] [OpenFreqClient.Services.OpenFreqService] PTT start: Miner 1-1 (7c54ae18-74fa-45f3-b6a9-377a5574b95b) on 339.750 MHz, 2D
2026-09-26 12:10:56.553 -07:00 [INF] [OpenFreqClient.Services.OpenFreqService] PTT end: Miner 1-1 (7c54ae18-74fa-45f3-b6a9-377a5574b95b) on 339.750 MHz, released
2026-09-26 12:10:56.868 -07:00 [INF] [OpenFreqClient.Services.OpenFreqService] PTT start: gci-chaos (98b50b09-72be-4e1c-9a30-79d237a36aad) on 339.750 MHz, 3D
2026-09-26 12:10:56.885 -07:00 [INF] [OpenFreq.Common.RtpJitterBufferPool] New RTP source: SSRC=662ABEBC
2026-09-26 12:10:56.885 -07:00 [INF] [OpenFreq.Common.RtpJitterBuffer] Manual buffer size: 150ms
2026-09-26 12:10:56.885 -07:00 [INF] [OpenFreq.Common.RtpAudioReceiver] Source joined:  SSRC=662ABEBC
2026-09-26 12:10:56.885 -07:00 [INF] [OpenFreq.Common.RtpJitterBuffer] Initialized: buffer=150ms
2026-09-26 12:10:56.969 -07:00 [INF] [OpenFreqClient.Services.OpenFreqService] PTT start: Joe (c56f5c33-10e6-473d-96e0-90de94b49519) on 339.750 MHz, 2D
2026-09-26 12:10:57.001 -07:00 [INF] [OpenFreq.Common.RtpJitterBuffer] Transmission gap detected (196145ms RTP delta), resetting jitter measurement
2026-09-26 12:10:57.130 -07:00 [INF] [OpenFreqClient.Services.OpenFreqService] PTT end: gci-chaos (98b50b09-72be-4e1c-9a30-79d237a36aad) on 339.750 MHz, released
2026-09-26 12:10:57.176 -07:00 [INF] [OpenFreqAudio.RadioPlayback] Stream 'f23a2329-cca9-4d8f-bdda-384ea4044d35:339750' on 339.750 MHz
2026-09-26 12:10:57.296 -07:00 [WRN] [OpenFreqAudio.RadioPlayback] Stream c56f5c33-10e6-473d-96e0-90de94b49519:339750 on 339.750 MHz had no samples for 5.2 ms
2026-09-26 12:10:57.648 -07:00 [INF] [OpenFreqClient.Services.OpenFreqService] PTT start: Useless (2c7de423-e66c-4a70-a299-d21d207cd0ed) on 339.750 MHz, 2D
2026-09-26 12:10:57.665 -07:00 [INF] [OpenFreq.Common.RtpJitterBuffer] Transmission gap detected (8090ms RTP delta), resetting jitter measurement
2026-09-26 12:10:57.813 -07:00 [INF] [OpenFreqClient.Services.OpenFreqService] PTT start: Miner 1-1 (7c54ae18-74fa-45f3-b6a9-377a5574b95b) on 339.750 MHz, 2D
2026-09-26 12:10:57.845 -07:00 [INF] [OpenFreq.Common.RtpJitterBuffer] Transmission gap detected (1282ms RTP delta), resetting jitter measurement
2026-09-26 12:10:58.356 -07:00 [INF] [OpenFreqClient.Services.OpenFreqService] PTT end: Joe (c56f5c33-10e6-473d-96e0-90de94b49519) on 339.750 MHz, released
2026-09-26 12:10:58.506 -07:00 [INF] [OpenFreqClient.Services.OpenFreqService] PTT end: Miner 1-1 (7c54ae18-74fa-45f3-b6a9-377a5574b95b) on 339.750 MHz, released
2026-09-26 12:11:00.455 -07:00 [INF] [OpenFreqAudio.RadioPlayback] Stream '982e2bb0-182d-4217-bce2-d56d6e7b2782:339750' on 339.750 MHz
2026-09-26 12:11:02.261 -07:00 [INF] [OpenFreqClient.Services.OpenFreqService] PTT end: Useless (2c7de423-e66c-4a70-a299-d21d207cd0ed) on 339.750 MHz, released
2026-09-26 12:11:02.489 -07:00 [INF] [OpenFreqClient.Services.OpenFreqService] PTT start: Useless (2c7de423-e66c-4a70-a299-d21d207cd0ed) on 339.750 MHz, 2D
2026-09-26 12:11:02.707 -07:00 [INF] [OpenFreqClient.Services.OpenFreqService] PTT start: own radio on 1.234 MHz
2026-09-26 12:11:02.977 -07:00 [INF] [OpenFreq.Common.RtpJitterBuffer] Transmission gap detected (4492ms RTP delta), resetting jitter measurement
2026-09-26 12:11:02.978 -07:00 [INF] [OpenFreqClient.Services.OpenFreqService] PTT start: Miner 1-1 (7c54ae18-74fa-45f3-b6a9-377a5574b95b) on 339.750 MHz, 2D
2026-09-26 12:11:03.277 -07:00 [WRN] [OpenFreqAudio.RadioPlayback] Stream 7c54ae18-74fa-45f3-b6a9-377a5574b95b:339750 on 339.750 MHz had no samples for 9.6 ms
2026-09-26 12:11:03.633 -07:00 [INF] [OpenFreqClient.Services.OpenFreqService] PTT end: Miner 1-1 (7c54ae18-74fa-45f3-b6a9-377a5574b95b) on 339.750 MHz, released
2026-09-26 12:11:03.815 -07:00 [INF] [OpenFreqClient.Services.OpenFreqService] PTT end: Useless (2c7de423-e66c-4a70-a299-d21d207cd0ed) on 339.750 MHz, released
2026-09-26 12:11:04.552 -07:00 [INF] [OpenFreqClient.Services.OpenFreqService] PTT end: own radio on 1.234 MHz
2026-09-26 12:11:04.560 -07:00 [INF] [OpenFreqClient.Services.OpenFreqService] TX level over 1850ms: mic peak -7.3 dBFS rms -26.9 dBFS | sent peak 0.0 dBFS rms -18.8 dBFS | normalizer on, gain 3.951, gate -53.7 dBFS
2026-09-26 12:11:05.252 -07:00 [INF] [OpenFreqClient.Services.OpenFreqService] PTT start: Miner 1-1 (7c54ae18-74fa-45f3-b6a9-377a5574b95b) on 339.750 MHz, 2D
2026-09-26 12:11:05.281 -07:00 [INF] [OpenFreq.Common.RtpJitterBuffer] Transmission gap detected (1640ms RTP delta), resetting jitter measurement
2026-09-26 12:11:05.828 -07:00 [INF] [OpenFreqClient.Services.OpenFreqService] PTT end: Miner 1-1 (7c54ae18-74fa-45f3-b6a9-377a5574b95b) on 339.750 MHz, released
2026-09-26 12:11:09.001 -07:00 [INF] [OpenFreqClient.Services.OpenFreqService] PTT start: Alligator (f39dd749-39ff-4df4-bec7-f23cc154d1a8) on 339.750 MHz, 2D
2026-09-26 12:11:09.017 -07:00 [INF] [OpenFreq.Common.RtpJitterBuffer] Transmission gap detected (15652ms RTP delta), resetting jitter measurement
2026-09-26 12:11:09.159 -07:00 [WRN] [OpenFreqAudio.RadioPlayback] Stream f39dd749-39ff-4df4-bec7-f23cc154d1a8:339750 on 339.750 MHz had no samples for 10.0 ms
2026-09-26 12:11:10.515 -07:00 [INF] [OpenFreqClient.Services.OpenFreqService] PTT end: Alligator (f39dd749-39ff-4df4-bec7-f23cc154d1a8) on 339.750 MHz, released
2026-09-26 12:11:19.785 -07:00 [INF] [OpenFreq.Client.Services.FalconSharedMemoryService] Flying state changed: false -> true
2026-09-26 12:11:19.786 -07:00 [INF] [OpenFreqClient.ViewModels.SettingsViewModel] Game mode changed to In-game
2026-09-26 12:11:19.898 -07:00 [INF] [OpenFreqClient.ViewModels.ChannelCardListViewModel] BMS volume map (knob change): Radio1 raw=0 gain=1.995 | Radio2 raw=0 gain=1.995 | Guard raw=0 gain=1.995
2026-09-26 12:11:19.899 -07:00 [INF] [OpenFreqAudio.RadioPlayback] TuneFrequency 243.000 MHz
2026-09-26 12:11:19.900 -07:00 [INF] [OpenFreqClient.ViewModels.ChannelCardListViewModel] "Guard": 243000 → 243000 kHz, power on, joined
2026-09-26 12:11:19.909 -07:00 [INF] [OpenFreqAudio.RadioPlayback] TuneFrequency 143.975 MHz
2026-09-26 12:11:19.909 -07:00 [INF] [OpenFreqClient.ViewModels.ChannelCardListViewModel] "Radio2": 1234 → 143975 kHz, power on, joined
2026-09-26 12:11:19.910 -07:00 [INF] [OpenFreqAudio.RadioPlayback] TuneFrequency 292.300 MHz
2026-09-26 12:11:19.910 -07:00 [INF] [OpenFreqClient.ViewModels.ChannelCardListViewModel] "Radio1": 339750 → 292300 kHz, power on, joined
2026-09-26 12:11:19.998 -07:00 [INF] [OpenFreqAudio.RadioPlayback] Stream '98b50b09-72be-4e1c-9a30-79d237a36aad:243000' on 243.000 MHz
2026-09-26 12:11:19.998 -07:00 [INF] [OpenFreqAudio.RadioPlayback] Stream '58f02e35-0d8e-4c46-aa74-dce098883fa8:243000' on 243.000 MHz
2026-09-26 12:11:19.998 -07:00 [INF] [OpenFreqAudio.RadioPlayback] Stream '48c829fa-694d-48c8-987a-a559eb15e8f5:243000' on 243.000 MHz
2026-09-26 12:11:19.998 -07:00 [INF] [OpenFreqAudio.RadioPlayback] Stream '989f8d1f-44d2-4246-acc8-1677a1c53143:243000' on 243.000 MHz
2026-09-26 12:11:19.998 -07:00 [INF] [OpenFreqAudio.RadioPlayback] Stream 'e0977389-35b0-4d0f-997f-3c6be3e6f5f5:243000' on 243.000 MHz
2026-09-26 12:11:19.998 -07:00 [INF] [OpenFreqAudio.RadioPlayback] Stream 'c231414f-6549-4b18-9f0e-ef37b3ff8b2a:243000' on 243.000 MHz
2026-09-26 12:11:19.998 -07:00 [INF] [OpenFreqAudio.RadioPlayback] Stream '982e2bb0-182d-4217-bce2-d56d6e7b2782:243000' on 243.000 MHz
2026-09-26 12:11:19.998 -07:00 [INF] [OpenFreqAudio.RadioPlayback] Stream 'f23a2329-cca9-4d8f-bdda-384ea4044d35:243000' on 243.000 MHz
2026-09-26 12:11:19.998 -07:00 [INF] [OpenFreqAudio.RadioPlayback] Stream '77f4187c-e0a3-4dfc-a6ac-bb4a10769ddb:243000' on 243.000 MHz
2026-09-26 12:11:19.998 -07:00 [INF] [OpenFreqAudio.RadioPlayback] Stream '58355e30-5857-4e01-882f-86b5f2200072:243000' on 243.000 MHz
2026-09-26 12:11:19.998 -07:00 [INF] [OpenFreqAudio.RadioPlayback] Stream '1c406e7f-2bcc-4a8e-827b-8b4f22c5e0d6:243000' on 243.000 MHz
2026-09-26 12:11:19.998 -07:00 [INF] [OpenFreqAudio.RadioPlayback] Stream '48abd6ed-f57c-43d5-af5e-3fe33e06395b:243000' on 243.000 MHz
2026-09-26 12:11:19.998 -07:00 [INF] [OpenFreqAudio.RadioPlayback] Stream 'c220f187-a6fa-4848-ac66-ff0dd03f1bde:243000' on 243.000 MHz
2026-09-26 12:11:19.998 -07:00 [INF] [OpenFreqAudio.RadioPlayback] Stream '974e1818-726d-46c2-a454-05ba12f6d736:243000' on 243.000 MHz
2026-09-26 12:11:20.007 -07:00 [INF] [OpenFreqAudio.RadioPlayback] Stream 'c231414f-6549-4b18-9f0e-ef37b3ff8b2a:143975' on 143.975 MHz
2026-09-26 12:11:20.007 -07:00 [INF] [OpenFreqAudio.RadioPlayback] Stream '48abd6ed-f57c-43d5-af5e-3fe33e06395b:143975' on 143.975 MHz
2026-09-26 12:11:20.007 -07:00 [INF] [OpenFreqAudio.RadioPlayback] Stream 'c220f187-a6fa-4848-ac66-ff0dd03f1bde:143975' on 143.975 MHz
2026-09-26 12:11:22.200 -07:00 [INF] [OpenFreqAudio.RadioPlayback] Stream '7c54ae18-74fa-45f3-b6a9-377a5574b95b:243000' on 243.000 MHz
2026-09-26 12:11:22.200 -07:00 [INF] [OpenFreqAudio.RadioPlayback] Stream '7c54ae18-74fa-45f3-b6a9-377a5574b95b:143975' on 143.975 MHz
2026-09-26 12:11:25.317 -07:00 [INF] [OpenFreqAudio.RadioPlayback] Stream '32672fdf-be5f-4fe3-b8ad-00410fd1b909:243000' on 243.000 MHz
2026-09-26 12:11:26.428 -07:00 [INF] [OpenFreqAudio.RadioPlayback] TuneFrequency 140.550 MHz
2026-09-26 12:11:26.428 -07:00 [INF] [OpenFreqClient.ViewModels.ChannelCardListViewModel] "Radio2": 143975 → 140550 kHz, power on, joined
2026-09-26 12:11:26.499 -07:00 [INF] [OpenFreqAudio.RadioPlayback] Stream '32672fdf-be5f-4fe3-b8ad-00410fd1b909:140550' on 140.550 MHz
2026-09-26 12:11:27.236 -07:00 [INF] [OpenFreqAudio.RadioPlayback] Stream 'f8c742ac-257a-4450-aadc-59aa8b2f44b5:140550' on 140.550 MHz
2026-09-26 12:11:27.237 -07:00 [INF] [OpenFreqAudio.RadioPlayback] Stream 'f8c742ac-257a-4450-aadc-59aa8b2f44b5:243000' on 243.000 MHz
2026-09-26 12:11:34.757 -07:00 [INF] [OpenFreqAudio.RadioPlayback] Stream '974e1818-726d-46c2-a454-05ba12f6d736:140550' on 140.550 MHz
2026-09-26 12:11:34.870 -07:00 [INF] [OpenFreqClient.Services.OpenFreqService] PTT start: own radio on 140.550 MHz, game time 04:47:32
2026-09-26 12:11:35.346 -07:00 [INF] [OpenFreqAudio.RadioPlayback] Stream '974e1818-726d-46c2-a454-05ba12f6d736:140550' on 140.550 MHz
2026-09-26 12:11:36.650 -07:00 [INF] [OpenFreqAudio.RadioPlayback] Stream '7c54ae18-74fa-45f3-b6a9-377a5574b95b:140550' on 140.550 MHz
2026-09-26 12:11:37.575 -07:00 [INF] [OpenFreqClient.Services.OpenFreqService] PTT end: own radio on 140.550 MHz, game time 04:47:35
2026-09-26 12:11:37.580 -07:00 [INF] [OpenFreqClient.Services.OpenFreqService] TX level over 2700ms: mic peak -19.7 dBFS rms -36.3 dBFS | sent peak -2.5 dBFS rms -21.2 dBFS | normalizer on, gain 9.301, gate -53.8 dBFS
2026-09-26 12:11:39.449 -07:00 [INF] [OpenFreqAudio.RadioPlayback] Stream '82f4c276-d732-442e-816e-9c2cc3cab039:243000' on 243.000 MHz
2026-09-26 12:11:43.078 -07:00 [INF] [OpenFreqClient.Services.OpenFreqService] PTT start: SkyFox (f8c742ac-257a-4450-aadc-59aa8b2f44b5) on 140.550 MHz, 3D, game time 04:47:40
2026-09-26 12:11:43.084 -07:00 [INF] [OpenFreq.Common.RtpJitterBufferPool] New RTP source: SSRC=2B251449
2026-09-26 12:11:43.084 -07:00 [INF] [OpenFreq.Common.RtpJitterBuffer] Manual buffer size: 150ms
2026-09-26 12:11:43.084 -07:00 [INF] [OpenFreq.Common.RtpAudioReceiver] Source joined:  SSRC=2B251449
2026-09-26 12:11:43.084 -07:00 [INF] [OpenFreq.Common.RtpJitterBuffer] Initialized: buffer=150ms
2026-09-26 12:11:43.235 -07:00 [INF] [OpenFreqClient.Services.OpenFreqService] RX 140.550 MHz from SkyFox (f8c742ac-257a-4450-aadc-59aa8b2f44b5), game time 04:47:40: -23.9 dBm, SNR 86.1 dB, FSPL 51.6 dB, terrain 12.2 dB, 0.1 km, tx 8 m / rx 8 m MSL
2026-09-26 12:11:43.643 -07:00 [INF] [OpenFreq.Common.RtpJitterBuffer] Late arrival (19ms past slot) — buffer 54→103ms
2026-09-26 12:11:43.643 -07:00 [INF] [OpenFreq.Common.RtpJitterBuffer] Transmission gap detected (101823ms RTP delta), resetting jitter measurement
2026-09-26 12:11:43.644 -07:00 [INF] [OpenFreqClient.Services.OpenFreqService] PTT start: Stevie (32672fdf-be5f-4fe3-b8ad-00410fd1b909) on 140.550 MHz, 3D, game time 04:47:41
2026-09-26 12:11:43.674 -07:00 [INF] [OpenFreqClient.Services.OpenFreqService] RX 140.550 MHz from Stevie (32672fdf-be5f-4fe3-b8ad-00410fd1b909), game time 04:47:41: -29.3 dBm, SNR 80.7 dB, FSPL 54.5 dB, terrain 14.8 dB, 0.1 km, tx 8 m / rx 8 m MSL
2026-09-26 12:11:43.781 -07:00 [INF] [OpenFreqClient.Services.OpenFreqService] PTT end: Stevie (32672fdf-be5f-4fe3-b8ad-00410fd1b909) on 140.550 MHz, released, game time 04:47:41
2026-09-26 12:11:44.076 -07:00 [INF] [OpenFreqAudio.RadioPlayback] Stream 'c56f5c33-10e6-473d-96e0-90de94b49519:243000' on 243.000 MHz
2026-09-26 12:11:44.130 -07:00 [INF] [OpenFreqClient.Services.OpenFreqService] PTT end: SkyFox (f8c742ac-257a-4450-aadc-59aa8b2f44b5) on 140.550 MHz, released, game time 04:47:41
2026-09-26 12:11:44.266 -07:00 [WRN] [OpenFreqAudio.RadioPlayback] Stream f8c742ac-257a-4450-aadc-59aa8b2f44b5:140550 on 140.550 MHz had no samples for 1.3 ms
2026-09-26 12:11:44.897 -07:00 [INF] [OpenFreqClient.Services.OpenFreqService] PTT start: Stevie (32672fdf-be5f-4fe3-b8ad-00410fd1b909) on 140.550 MHz, 3D, game time 04:47:42
2026-09-26 12:11:44.913 -07:00 [INF] [OpenFreq.Common.RtpJitterBuffer] Transmission gap detected (1150ms RTP delta), resetting jitter measurement
2026-09-26 12:11:44.993 -07:00 [INF] [OpenFreqClient.Services.OpenFreqService] RX 140.550 MHz from Stevie (32672fdf-be5f-4fe3-b8ad-00410fd1b909), game time 04:47:42: -29.3 dBm, SNR 80.7 dB, FSPL 54.5 dB, terrain 14.8 dB, 0.1 km, tx 8 m / rx 8 m MSL
2026-09-26 12:11:45.367 -07:00 [WRN] [OpenFreqAudio.RadioPlayback] Stream 32672fdf-be5f-4fe3-b8ad-00410fd1b909:140550 on 140.550 MHz had no samples for 5.6 ms
2026-09-26 12:11:45.491 -07:00 [INF] [OpenFreqClient.Services.OpenFreqService] PTT end: Stevie (32672fdf-be5f-4fe3-b8ad-00410fd1b909) on 140.550 MHz, released, game time 04:47:43
2026-09-26 12:11:48.650 -07:00 [INF] [OpenFreqAudio.RadioPlayback] Stream '58355e30-5857-4e01-882f-86b5f2200072:140550' on 140.550 MHz
2026-09-26 12:11:49.401 -07:00 [INF] [OpenFreqAudio.RadioPlayback] Stream 'f39dd749-39ff-4df4-bec7-f23cc154d1a8:243000' on 243.000 MHz
2026-09-26 12:11:52.391 -07:00 [INF] [OpenFreqClient.Services.OpenFreqService] PTT start: Miner 1-1 (7c54ae18-74fa-45f3-b6a9-377a5574b95b) on 140.550 MHz, 3D, game time 04:47:49
2026-09-26 12:11:52.411 -07:00 [INF] [OpenFreq.Common.RtpJitterBuffer] Transmission gap detected (46588ms RTP delta), resetting jitter measurement
2026-09-26 12:11:52.465 -07:00 [INF] [OpenFreqClient.Services.OpenFreqService] RX 140.550 MHz from Miner 1-1 (7c54ae18-74fa-45f3-b6a9-377a5574b95b), game time 04:47:49: -3.4 dBm, SNR 106.6 dB, FSPL 43.4 dB, terrain 0.0 dB, 0.0 km, tx 8 m / rx 8 m MSL
2026-09-26 12:11:53.277 -07:00 [WRN] [OpenFreqAudio.RadioPlayback] Stream 7c54ae18-74fa-45f3-b6a9-377a5574b95b:140550 on 140.550 MHz had no samples for 9.6 ms
2026-09-26 12:11:53.536 -07:00 [INF] [OpenFreq.Common.RtpJitterBuffer] Late arrival (12ms past slot) — buffer 61→102ms
2026-09-26 12:11:53.695 -07:00 [INF] [OpenFreqClient.Services.OpenFreqService] PTT end: Miner 1-1 (7c54ae18-74fa-45f3-b6a9-377a5574b95b) on 140.550 MHz, released, game time 04:47:51
2026-09-26 12:11:54.407 -07:00 [INF] [OpenFreqClient.Services.OpenFreqService] PTT start: own radio on 140.550 MHz, game time 04:47:51
2026-09-26 12:11:57.590 -07:00 [INF] [OpenFreqClient.Services.OpenFreqService] PTT end: own radio on 140.550 MHz, game time 04:47:55
2026-09-26 12:11:57.600 -07:00 [INF] [OpenFreqClient.Services.OpenFreqService] TX level over 3190ms: mic peak -13.6 dBFS rms -31.5 dBFS | sent peak 0.0 dBFS rms -19.3 dBFS | normalizer on, gain 5.095, gate -60.9 dBFS
2026-09-26 12:12:06.960 -07:00 [INF] [OpenFreqAudio.RadioPlayback] Stream '4f4671de-f769-4dd1-a389-fe7beb123829:243000' on 243.000 MHz
2026-09-26 12:12:09.234 -07:00 [INF] [OpenFreqAudio.RadioPlayback] Stream 'efe0f587-f81f-4522-b158-2db2990e67b3:243000' on 243.000 MHz
2026-09-26 12:12:13.345 -07:00 [INF] [OpenFreqAudio.RadioPlayback] Stream '2c7de423-e66c-4a70-a299-d21d207cd0ed:243000' on 243.000 MHz
2026-09-26 12:12:15.728 -07:00 [INF] [OpenFreqAudio.RadioPlayback] Stream '4d102c94-5b1d-430f-ac47-2af9e76711c3:243000' on 243.000 MHz
2026-09-26 12:12:19.593 -07:00 [INF] [OpenFreqAudio.RadioPlayback] TuneFrequency 273.525 MHz
2026-09-26 12:12:19.593 -07:00 [INF] [OpenFreqClient.ViewModels.ChannelCardListViewModel] "Radio1": 292300 → 273525 kHz, power on, joined
2026-09-26 12:12:19.660 -07:00 [INF] [OpenFreqAudio.RadioPlayback] Stream '48c829fa-694d-48c8-987a-a559eb15e8f5:273525' on 273.525 MHz
2026-09-26 12:12:19.660 -07:00 [INF] [OpenFreqAudio.RadioPlayback] Stream 'e0977389-35b0-4d0f-997f-3c6be3e6f5f5:273525' on 273.525 MHz
2026-09-26 12:12:19.660 -07:00 [INF] [OpenFreqAudio.RadioPlayback] Stream '989f8d1f-44d2-4246-acc8-1677a1c53143:273525' on 273.525 MHz
2026-09-26 12:12:19.660 -07:00 [INF] [OpenFreqAudio.RadioPlayback] Stream 'f23a2329-cca9-4d8f-bdda-384ea4044d35:273525' on 273.525 MHz
2026-09-26 12:12:19.660 -07:00 [INF] [OpenFreqAudio.RadioPlayback] Stream 'c231414f-6549-4b18-9f0e-ef37b3ff8b2a:273525' on 273.525 MHz
2026-09-26 12:12:19.660 -07:00 [INF] [OpenFreqAudio.RadioPlayback] Stream '48abd6ed-f57c-43d5-af5e-3fe33e06395b:273525' on 273.525 MHz
2026-09-26 12:12:19.660 -07:00 [INF] [OpenFreqAudio.RadioPlayback] Stream '58f02e35-0d8e-4c46-aa74-dce098883fa8:273525' on 273.525 MHz
2026-09-26 12:12:19.660 -07:00 [INF] [OpenFreqAudio.RadioPlayback] Stream 'c220f187-a6fa-4848-ac66-ff0dd03f1bde:273525' on 273.525 MHz
2026-09-26 12:12:19.660 -07:00 [INF] [OpenFreqAudio.RadioPlayback] Stream '982e2bb0-182d-4217-bce2-d56d6e7b2782:273525' on 273.525 MHz
2026-09-26 12:12:19.660 -07:00 [INF] [OpenFreqAudio.RadioPlayback] Stream '974e1818-726d-46c2-a454-05ba12f6d736:273525' on 273.525 MHz
2026-09-26 12:12:19.660 -07:00 [INF] [OpenFreqAudio.RadioPlayback] Stream '7c54ae18-74fa-45f3-b6a9-377a5574b95b:273525' on 273.525 MHz
2026-09-26 12:12:19.661 -07:00 [INF] [OpenFreqAudio.RadioPlayback] Stream 'f8c742ac-257a-4450-aadc-59aa8b2f44b5:273525' on 273.525 MHz
2026-09-26 12:12:19.661 -07:00 [INF] [OpenFreqAudio.RadioPlayback] Stream 'f39dd749-39ff-4df4-bec7-f23cc154d1a8:273525' on 273.525 MHz
2026-09-26 12:12:19.661 -07:00 [INF] [OpenFreqAudio.RadioPlayback] Stream 'c56f5c33-10e6-473d-96e0-90de94b49519:273525' on 273.525 MHz
2026-09-26 12:12:24.918 -07:00 [INF] [OpenFreqClient.Services.OpenFreqService] PTT start: SkyFox (f8c742ac-257a-4450-aadc-59aa8b2f44b5) on 140.550 MHz, 3D, game time 04:48:22
2026-09-26 12:12:24.930 -07:00 [INF] [OpenFreq.Common.RtpJitterBuffer] Transmission gap detected (40866ms RTP delta), resetting jitter measurement
2026-09-26 12:12:24.930 -07:00 [INF] [OpenFreq.Common.RtpJitterBufferPool] Pruned stale source SSRC=6685BCEA
2026-09-26 12:12:24.930 -07:00 [INF] [OpenFreq.Common.RtpAudioReceiver] Source expired: SSRC=6685BCEA
2026-09-26 12:12:25.055 -07:00 [INF] [OpenFreqClient.Services.OpenFreqService] RX 140.550 MHz from SkyFox (f8c742ac-257a-4450-aadc-59aa8b2f44b5), game time 04:48:22: -23.9 dBm, SNR 86.1 dB, FSPL 51.6 dB, terrain 12.2 dB, 0.1 km, tx 8 m / rx 8 m MSL
2026-09-26 12:12:26.117 -07:00 [WRN] [OpenFreqAudio.RadioPlayback] Stream f8c742ac-257a-4450-aadc-59aa8b2f44b5:140550 on 140.550 MHz had no samples for 4.2 ms
2026-09-26 12:12:26.132 -07:00 [INF] [OpenFreqClient.Services.OpenFreqService] PTT end: SkyFox (f8c742ac-257a-4450-aadc-59aa8b2f44b5) on 140.550 MHz, released, game time 04:48:23
2026-09-26 12:12:28.217 -07:00 [INF] [OpenFreqClient.Services.OpenFreqService] PTT start: Miner 1-1 (7c54ae18-74fa-45f3-b6a9-377a5574b95b) on 140.550 MHz, 3D, game time 04:48:25
2026-09-26 12:12:28.227 -07:00 [INF] [OpenFreq.Common.RtpJitterBuffer] Transmission gap detected (34554ms RTP delta), resetting jitter measurement
2026-09-26 12:12:28.313 -07:00 [INF] [OpenFreqClient.Services.OpenFreqService] RX 140.550 MHz from Miner 1-1 (7c54ae18-74fa-45f3-b6a9-377a5574b95b), game time 04:48:25: -3.4 dBm, SNR 106.6 dB, FSPL 43.4 dB, terrain 0.0 dB, 0.0 km, tx 8 m / rx 8 m MSL
2026-09-26 12:12:28.691 -07:00 [INF] [OpenFreqClient.Services.OpenFreqService] PTT end: Miner 1-1 (7c54ae18-74fa-45f3-b6a9-377a5574b95b) on 140.550 MHz, released, game time 04:48:26
2026-09-26 12:12:28.766 -07:00 [WRN] [OpenFreqAudio.RadioPlayback] Stream 7c54ae18-74fa-45f3-b6a9-377a5574b95b:140550 on 140.550 MHz had no samples for 10.4 ms
2026-09-26 12:12:30.707 -07:00 [INF] [OpenFreqClient.Services.OpenFreqService] PTT start: Stevie (32672fdf-be5f-4fe3-b8ad-00410fd1b909) on 140.550 MHz, 3D, game time 04:48:28
2026-09-26 12:12:30.718 -07:00 [INF] [OpenFreq.Common.RtpJitterBuffer] Transmission gap detected (45254ms RTP delta), resetting jitter measurement
2026-09-26 12:12:30.790 -07:00 [INF] [OpenFreqClient.Services.OpenFreqService] RX 140.550 MHz from Stevie (32672fdf-be5f-4fe3-b8ad-00410fd1b909), game time 04:48:28: -29.3 dBm, SNR 80.7 dB, FSPL 54.5 dB, terrain 14.8 dB, 0.1 km, tx 8 m / rx 8 m MSL
2026-09-26 12:12:30.821 -07:00 [WRN] [OpenFreqAudio.RadioPlayback] Stream 32672fdf-be5f-4fe3-b8ad-00410fd1b909:140550 on 140.550 MHz had no samples for 15.0 ms
2026-09-26 12:12:31.360 -07:00 [INF] [OpenFreqClient.Services.OpenFreqService] PTT end: Stevie (32672fdf-be5f-4fe3-b8ad-00410fd1b909) on 140.550 MHz, released, game time 04:48:28
2026-09-26 12:12:40.694 -07:00 [INF] [OpenFreqAudio.RadioPlayback] Stream '86d6d8aa-64e3-4106-890a-252d3f93f28e:243000' on 243.000 MHz
2026-09-26 12:12:46.430 -07:00 [INF] [OpenFreqAudio.RadioPlayback] Stream 'd2bb94ce-e83a-452c-a9af-5c14c9690242:243000' on 243.000 MHz
2026-09-26 12:12:47.378 -07:00 [INF] [OpenFreqClient.Services.OpenFreqService] PTT start: own radio on 140.550 MHz, game time 04:48:44
2026-09-26 12:12:48.750 -07:00 [INF] [OpenFreqAudio.RadioPlayback] Stream '4f196d30-7656-4fd9-88c3-ba678f56106e:243000' on 243.000 MHz
2026-09-26 12:12:49.513 -07:00 [INF] [OpenFreqClient.Services.OpenFreqService] PTT end: own radio on 140.550 MHz, game time 04:48:46
2026-09-26 12:12:49.522 -07:00 [INF] [OpenFreqClient.Services.OpenFreqService] TX level over 2140ms: mic peak -22.0 dBFS rms -39.5 dBFS | sent peak -1.2 dBFS rms -20.2 dBFS | normalizer on, gain 10.457, gate -55.2 dBFS
2026-09-26 12:12:54.757 -07:00 [INF] [OpenFreqAudio.RadioPlayback] Stream '4e89dcee-8608-4fc5-ba4b-b9d5c9f32258:243000' on 243.000 MHz
2026-09-26 12:12:55.913 -07:00 [INF] [OpenFreqClient.ViewModels.ChannelCardListViewModel] BMS volume map (knob change): Radio1 raw=9 gain=1.986 | Radio2 raw=0 gain=1.995 | Guard raw=9 gain=1.986
2026-09-26 12:12:56.010 -07:00 [INF] [OpenFreqClient.ViewModels.ChannelCardListViewModel] BMS volume map (knob change): Radio1 raw=277 gain=1.723 | Radio2 raw=0 gain=1.995 | Guard raw=277 gain=1.723
2026-09-26 12:12:56.105 -07:00 [INF] [OpenFreqClient.ViewModels.ChannelCardListViewModel] BMS volume map (knob change): Radio1 raw=598 gain=1.454 | Radio2 raw=0 gain=1.995 | Guard raw=598 gain=1.454
2026-09-26 12:12:56.202 -07:00 [INF] [OpenFreqClient.ViewModels.ChannelCardListViewModel] BMS volume map (knob change): Radio1 raw=984 gain=1.185 | Radio2 raw=0 gain=1.995 | Guard raw=984 gain=1.185
2026-09-26 12:12:56.394 -07:00 [INF] [OpenFreqClient.ViewModels.ChannelCardListViewModel] BMS volume map (knob change): Radio1 raw=1447 gain=0.927 | Radio2 raw=0 gain=1.995 | Guard raw=1447 gain=0.927
2026-09-26 12:12:57.065 -07:00 [INF] [OpenFreqClient.ViewModels.ChannelCardListViewModel] BMS volume map (knob change): Radio1 raw=984 gain=1.185 | Radio2 raw=0 gain=1.995 | Guard raw=984 gain=1.185
2026-09-26 12:13:20.994 -07:00 [INF] [OpenFreqClient.Services.OpenFreqService] PTT start: Woody (e0977389-35b0-4d0f-997f-3c6be3e6f5f5) on 273.525 MHz, 3D, game time 04:49:18
2026-09-26 12:13:21.011 -07:00 [INF] [OpenFreq.Common.RtpJitterBuffer] Transmission gap detected (204186ms RTP delta), resetting jitter measurement
2026-09-26 12:13:21.077 -07:00 [INF] [OpenFreqClient.Services.OpenFreqService] RX 273.525 MHz from Woody (e0977389-35b0-4d0f-997f-3c6be3e6f5f5), game time 04:49:18: -74.0 dBm, SNR 33.0 dB, FSPL 83.7 dB, terrain 30.3 dB, 1.3 km, tx 9 m / rx 8 m MSL
2026-09-26 12:13:23.593 -07:00 [INF] [OpenFreqClient.Services.OpenFreqService] PTT end: Woody (e0977389-35b0-4d0f-997f-3c6be3e6f5f5) on 273.525 MHz, released, game time 04:49:21
2026-09-26 12:13:37.673 -07:00 [INF] [OpenFreqAudio.RadioPlayback] Stream '4e89dcee-8608-4fc5-ba4b-b9d5c9f32258:273525' on 273.525 MHz
2026-09-26 12:13:38.537 -07:00 [INF] [OpenFreqAudio.RadioPlayback] Stream '4e89dcee-8608-4fc5-ba4b-b9d5c9f32258:273525' on 273.525 MHz
2026-09-26 12:13:46.381 -07:00 [INF] [OpenFreqAudio.RadioPlayback] Stream '0359b875-89b6-499f-82ad-a1ef43c5b232:243000' on 243.000 MHz
2026-09-26 12:13:58.648 -07:00 [INF] [OpenFreqClient.Services.OpenFreqService] PTT start: Krieger (c231414f-6549-4b18-9f0e-ef37b3ff8b2a) on 273.525 MHz, 3D, game time 04:49:56
2026-09-26 12:13:58.677 -07:00 [INF] [OpenFreq.Common.RtpJitterBufferPool] New RTP source: SSRC=15B167C8
2026-09-26 12:13:58.677 -07:00 [INF] [OpenFreq.Common.RtpJitterBuffer] Manual buffer size: 150ms
2026-09-26 12:13:58.677 -07:00 [INF] [OpenFreq.Common.RtpAudioReceiver] Source joined:  SSRC=15B167C8
2026-09-26 12:13:58.677 -07:00 [INF] [OpenFreq.Common.RtpJitterBuffer] Initialized: buffer=150ms
2026-09-26 12:13:58.677 -07:00 [INF] [OpenFreq.Common.RtpJitterBufferPool] Pruned stale source SSRC=63865412
2026-09-26 12:13:58.677 -07:00 [INF] [OpenFreq.Common.RtpAudioReceiver] Source expired: SSRC=63865412
2026-09-26 12:13:58.677 -07:00 [INF] [OpenFreq.Common.RtpJitterBufferPool] Pruned stale source SSRC=6FCB22C3
2026-09-26 12:13:58.677 -07:00 [INF] [OpenFreq.Common.RtpAudioReceiver] Source expired: SSRC=6FCB22C3
2026-09-26 12:13:58.827 -07:00 [INF] [OpenFreqClient.Services.OpenFreqService] RX 273.525 MHz from Krieger (c231414f-6549-4b18-9f0e-ef37b3ff8b2a), game time 04:49:56: -35.9 dBm, SNR 71.1 dB, FSPL 63.5 dB, terrain 12.5 dB, 0.1 km, tx 8 m / rx 8 m MSL
2026-09-26 12:13:59.236 -07:00 [INF] [OpenFreqClient.Services.OpenFreqService] PTT start: Blue (f23a2329-cca9-4d8f-bdda-384ea4044d35) on 273.525 MHz, 3D, game time 04:49:56
2026-09-26 12:13:59.273 -07:00 [INF] [OpenFreq.Common.RtpJitterBuffer] Transmission gap detected (236581ms RTP delta), resetting jitter measurement
2026-09-26 12:13:59.293 -07:00 [INF] [OpenFreqClient.Services.OpenFreqService] RX 273.525 MHz from Blue (f23a2329-cca9-4d8f-bdda-384ea4044d35), game time 04:49:56: -58.1 dBm, SNR 48.9 dB, FSPL 75.7 dB, terrain 22.4 dB, 0.5 km, tx 9 m / rx 8 m MSL
2026-09-26 12:13:59.738 -07:00 [WRN] [OpenFreqAudio.RadioPlayback] Stream c231414f-6549-4b18-9f0e-ef37b3ff8b2a:273525 on 273.525 MHz had no samples for 10.5 ms
2026-09-26 12:13:59.774 -07:00 [INF] [OpenFreqClient.Services.OpenFreqService] PTT end: Blue (f23a2329-cca9-4d8f-bdda-384ea4044d35) on 273.525 MHz, released, game time 04:49:57
2026-09-26 12:13:59.779 -07:00 [WRN] [OpenFreqAudio.RadioPlayback] Stream f23a2329-cca9-4d8f-bdda-384ea4044d35:273525 on 273.525 MHz had no samples for 9.8 ms
2026-09-26 12:14:01.995 -07:00 [INF] [OpenFreqClient.Services.OpenFreqService] PTT end: Krieger (c231414f-6549-4b18-9f0e-ef37b3ff8b2a) on 273.525 MHz, released, game time 04:49:59
2026-09-26 12:14:06.444 -07:00 [INF] [OpenFreqAudio.RadioPlayback] Stream '32672fdf-be5f-4fe3-b8ad-00410fd1b909:273525' on 273.525 MHz
2026-09-26 12:14:06.613 -07:00 [INF] [OpenFreqClient.Services.OpenFreqService] PTT start: Blue (f23a2329-cca9-4d8f-bdda-384ea4044d35) on 273.525 MHz, 3D, game time 04:50:04
2026-09-26 12:14:06.620 -07:00 [INF] [OpenFreq.Common.RtpJitterBuffer] Transmission gap detected (6857ms RTP delta), resetting jitter measurement
2026-09-26 12:14:06.673 -07:00 [INF] [OpenFreqClient.Services.OpenFreqService] RX 273.525 MHz from Blue (f23a2329-cca9-4d8f-bdda-384ea4044d35), game time 04:50:04: -58.1 dBm, SNR 48.9 dB, FSPL 75.7 dB, terrain 22.4 dB, 0.5 km, tx 9 m / rx 8 m MSL
2026-09-26 12:14:06.819 -07:00 [WRN] [OpenFreqAudio.RadioPlayback] Stream f23a2329-cca9-4d8f-bdda-384ea4044d35:273525 on 273.525 MHz had no samples for 9.0 ms
2026-09-26 12:14:09.024 -07:00 [INF] [OpenFreq.Common.RtpJitterBuffer] Late arrival (11ms past slot) — buffer 48→89ms
2026-09-26 12:14:09.139 -07:00 [INF] [OpenFreqClient.Services.OpenFreqService] PTT end: Blue (f23a2329-cca9-4d8f-bdda-384ea4044d35) on 273.525 MHz, released, game time 04:50:06
2026-09-26 12:14:09.235 -07:00 [INF] [OpenFreqAudio.RadioPlayback] Stream '32672fdf-be5f-4fe3-b8ad-00410fd1b909:273525' on 273.525 MHz
2026-09-26 12:14:13.948 -07:00 [INF] [OpenFreqClient.Services.OpenFreqService] PTT start: Wild (982e2bb0-182d-4217-bce2-d56d6e7b2782) on 273.525 MHz, 3D, game time 04:50:11
2026-09-26 12:14:13.954 -07:00 [INF] [OpenFreq.Common.RtpJitterBufferPool] New RTP source: SSRC=63865412
2026-09-26 12:14:13.954 -07:00 [INF] [OpenFreq.Common.RtpJitterBuffer] Manual buffer size: 150ms
2026-09-26 12:14:13.954 -07:00 [INF] [OpenFreq.Common.RtpAudioReceiver] Source joined:  SSRC=63865412
2026-09-26 12:14:13.954 -07:00 [INF] [OpenFreq.Common.RtpJitterBuffer] Initialized: buffer=150ms
2026-09-26 12:14:14.106 -07:00 [INF] [OpenFreqClient.Services.OpenFreqService] RX 273.525 MHz from Wild (982e2bb0-182d-4217-bce2-d56d6e7b2782), game time 04:50:11: -49.9 dBm, SNR 57.1 dB, FSPL 71.5 dB, terrain 18.4 dB, 0.3 km, tx 9 m / rx 8 m MSL
2026-09-26 12:14:14.505 -07:00 [INF] [OpenFreqClient.Services.OpenFreqService] PTT end: Wild (982e2bb0-182d-4217-bce2-d56d6e7b2782) on 273.525 MHz, released, game time 04:50:12
2026-09-26 12:14:15.584 -07:00 [INF] [OpenFreqClient.Services.OpenFreqService] PTT start: Tipple (4e89dcee-8608-4fc5-ba4b-b9d5c9f32258) on 273.525 MHz, 3D, game time 04:50:13
2026-09-26 12:14:15.608 -07:00 [INF] [OpenFreq.Common.RtpJitterBufferPool] New RTP source: SSRC=6B82F924
2026-09-26 12:14:15.608 -07:00 [INF] [OpenFreq.Common.RtpJitterBuffer] Manual buffer size: 150ms
2026-09-26 12:14:15.608 -07:00 [INF] [OpenFreq.Common.RtpAudioReceiver] Source joined:  SSRC=6B82F924
2026-09-26 12:14:15.608 -07:00 [INF] [OpenFreq.Common.RtpJitterBuffer] Initialized: buffer=150ms
2026-09-26 12:14:15.758 -07:00 [INF] [OpenFreqClient.Services.OpenFreqService] RX 273.525 MHz from Tipple (4e89dcee-8608-4fc5-ba4b-b9d5c9f32258), game time 04:50:13: -50.6 dBm, SNR 56.4 dB, FSPL 71.8 dB, terrain 18.7 dB, 0.3 km, tx 9 m / rx 8 m MSL
2026-09-26 12:14:15.852 -07:00 [WRN] [OpenFreqAudio.RadioPlayback] Stream 4e89dcee-8608-4fc5-ba4b-b9d5c9f32258:273525 on 273.525 MHz had no samples for 10.1 ms
2026-09-26 12:14:16.060 -07:00 [INF] [OpenFreqClient.Services.OpenFreqService] PTT end: Tipple (4e89dcee-8608-4fc5-ba4b-b9d5c9f32258) on 273.525 MHz, released, game time 04:50:13
2026-09-26 12:14:17.293 -07:00 [INF] [OpenFreqClient.Services.OpenFreqService] PTT start: Blue (f23a2329-cca9-4d8f-bdda-384ea4044d35) on 273.525 MHz, 3D, game time 04:50:14
2026-09-26 12:14:17.305 -07:00 [INF] [OpenFreq.Common.RtpJitterBuffer] Transmission gap detected (8186ms RTP delta), resetting jitter measurement
2026-09-26 12:14:17.391 -07:00 [INF] [OpenFreqClient.Services.OpenFreqService] RX 273.525 MHz from Blue (f23a2329-cca9-4d8f-bdda-384ea4044d35), game time 04:50:14: -58.1 dBm, SNR 48.9 dB, FSPL 75.7 dB, terrain 22.4 dB, 0.5 km, tx 9 m / rx 8 m MSL
2026-09-26 12:14:19.697 -07:00 [INF] [OpenFreqClient.Services.OpenFreqService] PTT end: Blue (f23a2329-cca9-4d8f-bdda-384ea4044d35) on 273.525 MHz, released, game time 04:50:17
2026-09-26 12:14:33.063 -07:00 [INF] [OpenFreqAudio.RadioPlayback] Stream '974e1818-726d-46c2-a454-05ba12f6d736:273525' on 273.525 MHz
2026-09-26 12:14:36.754 -07:00 [INF] [OpenFreqClient.Services.OpenFreqService] PTT start: own radio on 140.550 MHz, game time 04:50:34
2026-09-26 12:14:38.626 -07:00 [INF] [OpenFreqClient.Services.OpenFreqService] PTT end: own radio on 140.550 MHz, game time 04:50:36
2026-09-26 12:14:38.631 -07:00 [INF] [OpenFreqClient.Services.OpenFreqService] TX level over 1870ms: mic peak -21.3 dBFS rms -37.7 dBFS | sent peak -1.2 dBFS rms -19.8 dBFS | normalizer on, gain 6.351, gate -64.2 dBFS
2026-09-26 12:14:40.171 -07:00 [INF] [OpenFreqClient.Services.OpenFreqService] PTT start: Stevie (32672fdf-be5f-4fe3-b8ad-00410fd1b909) on 140.550 MHz, 3D, game time 04:50:37
2026-09-26 12:14:40.197 -07:00 [INF] [OpenFreq.Common.RtpJitterBuffer] Transmission gap detected (128842ms RTP delta), resetting jitter measurement
2026-09-26 12:14:40.239 -07:00 [INF] [OpenFreqClient.Services.OpenFreqService] RX 140.550 MHz from Stevie (32672fdf-be5f-4fe3-b8ad-00410fd1b909), game time 04:50:37: -28.7 dBm, SNR 81.3 dB, FSPL 54.5 dB, terrain 14.2 dB, 0.1 km, tx 8 m / rx 8 m MSL
2026-09-26 12:14:40.631 -07:00 [WRN] [OpenFreqAudio.RadioPlayback] Stream 32672fdf-be5f-4fe3-b8ad-00410fd1b909:140550 on 140.550 MHz had no samples for 9.3 ms
2026-09-26 12:14:41.357 -07:00 [INF] [OpenFreqClient.Services.OpenFreqService] PTT end: Stevie (32672fdf-be5f-4fe3-b8ad-00410fd1b909) on 140.550 MHz, released, game time 04:50:38
2026-09-26 12:14:42.051 -07:00 [INF] [OpenFreqClient.Services.OpenFreqService] PTT start: own radio on 140.550 MHz, game time 04:50:39
2026-09-26 12:14:42.482 -07:00 [INF] [OpenFreqClient.Services.OpenFreqService] PTT end: own radio on 140.550 MHz, game time 04:50:39
2026-09-26 12:14:42.491 -07:00 [INF] [OpenFreqClient.Services.OpenFreqService] TX level over 440ms: mic peak -28.9 dBFS rms -47.1 dBFS | sent peak -6.8 dBFS rms -25.0 dBFS | normalizer on, gain 20.995, gate -70.1 dBFS
2026-09-26 12:14:49.426 -07:00 [INF] [OpenFreqClient.Services.OpenFreqService] PTT start: own radio on 140.550 MHz, game time 04:50:46
2026-09-26 12:14:50.355 -07:00 [INF] [OpenFreqClient.Services.OpenFreqService] PTT end: own radio on 140.550 MHz, game time 04:50:47
2026-09-26 12:14:50.362 -07:00 [INF] [OpenFreqClient.Services.OpenFreqService] TX level over 930ms: mic peak -22.0 dBFS rms -41.3 dBFS | sent peak -1.3 dBFS rms -18.6 dBFS | normalizer on, gain 7.993, gate -74.0 dBFS
2026-09-26 12:14:55.058 -07:00 [INF] [OpenFreqClient.Services.OpenFreqService] PTT start: Krieger (c231414f-6549-4b18-9f0e-ef37b3ff8b2a) on 273.525 MHz, 3D, game time 04:50:52
2026-09-26 12:14:55.080 -07:00 [INF] [OpenFreq.Common.RtpJitterBuffer] Transmission gap detected (53105ms RTP delta), resetting jitter measurement
2026-09-26 12:14:55.080 -07:00 [INF] [OpenFreq.Common.RtpJitterBufferPool] Pruned stale source SSRC=056D8B17
2026-09-26 12:14:55.080 -07:00 [INF] [OpenFreq.Common.RtpAudioReceiver] Source expired: SSRC=056D8B17
2026-09-26 12:14:55.128 -07:00 [INF] [OpenFreqClient.Services.OpenFreqService] RX 273.525 MHz from Krieger (c231414f-6549-4b18-9f0e-ef37b3ff8b2a), game time 04:50:52: -35.6 dBm, SNR 71.4 dB, FSPL 63.5 dB, terrain 12.1 dB, 0.1 km, tx 8 m / rx 8 m MSL
2026-09-26 12:14:55.194 -07:00 [WRN] [OpenFreqAudio.RadioPlayback] Stream c231414f-6549-4b18-9f0e-ef37b3ff8b2a:273525 on 273.525 MHz had no samples for 10.2 ms
2026-09-26 12:14:56.396 -07:00 [INF] [OpenFreq.Common.RtpJitterBuffer] Late arrival (8ms past slot) — buffer 46→84ms
2026-09-26 12:14:58.388 -07:00 [INF] [OpenFreqClient.Services.OpenFreqService] PTT end: Krieger (c231414f-6549-4b18-9f0e-ef37b3ff8b2a) on 273.525 MHz, released, game time 04:50:55
2026-09-26 12:14:59.033 -07:00 [INF] [OpenFreqClient.Services.OpenFreqService] PTT start: Wild (982e2bb0-182d-4217-bce2-d56d6e7b2782) on 273.525 MHz, 3D, game time 04:50:56
2026-09-26 12:14:59.051 -07:00 [INF] [OpenFreq.Common.RtpJitterBuffer] Transmission gap detected (44550ms RTP delta), resetting jitter measurement
2026-09-26 12:14:59.155 -07:00 [INF] [OpenFreqClient.Services.OpenFreqService] RX 273.525 MHz from Wild (982e2bb0-182d-4217-bce2-d56d6e7b2782), game time 04:50:56: -26.5 dBm, SNR 80.5 dB, FSPL 59.4 dB, terrain 7.1 dB, 0.1 km, tx 9 m / rx 8 m MSL
2026-09-26 12:15:00.009 -07:00 [INF] [OpenFreqClient.Services.OpenFreqService] PTT end: Wild (982e2bb0-182d-4217-bce2-d56d6e7b2782) on 273.525 MHz, released, game time 04:50:57
2026-09-26 12:15:01.210 -07:00 [INF] [OpenFreqClient.Services.OpenFreqService] PTT start: Blue (f23a2329-cca9-4d8f-bdda-384ea4044d35) on 273.525 MHz, 3D, game time 04:50:58
2026-09-26 12:15:01.228 -07:00 [INF] [OpenFreq.Common.RtpJitterBuffer] Transmission gap detected (41536ms RTP delta), resetting jitter measurement
2026-09-26 12:15:01.271 -07:00 [INF] [OpenFreqClient.Services.OpenFreqService] RX 273.525 MHz from Blue (f23a2329-cca9-4d8f-bdda-384ea4044d35), game time 04:50:58: -53.8 dBm, SNR 53.2 dB, FSPL 73.5 dB, terrain 20.2 dB, 0.4 km, tx 9 m / rx 8 m MSL
2026-09-26 12:15:01.590 -07:00 [INF] [OpenFreqClient.Services.OpenFreqService] PTT end: Blue (f23a2329-cca9-4d8f-bdda-384ea4044d35) on 273.525 MHz, released, game time 04:50:59
2026-09-26 12:15:14.646 -07:00 [INF] [OpenFreqClient.Services.OpenFreqService] PTT start: Miner 1-1 (7c54ae18-74fa-45f3-b6a9-377a5574b95b) on 140.550 MHz, 3D, game time 04:51:12
2026-09-26 12:15:14.664 -07:00 [INF] [OpenFreq.Common.RtpJitterBuffer] Transmission gap detected (165999ms RTP delta), resetting jitter measurement
2026-09-26 12:15:14.664 -07:00 [INF] [OpenFreq.Common.RtpJitterBufferPool] Pruned stale source SSRC=2BA1D578
2026-09-26 12:15:14.664 -07:00 [INF] [OpenFreq.Common.RtpAudioReceiver] Source expired: SSRC=2BA1D578
2026-09-26 12:15:14.735 -07:00 [INF] [OpenFreqClient.Services.OpenFreqService] RX 140.550 MHz from Miner 1-1 (7c54ae18-74fa-45f3-b6a9-377a5574b95b), game time 04:51:12: -3.5 dBm, SNR 106.5 dB, FSPL 43.5 dB, terrain 0.0 dB, 0.0 km, tx 8 m / rx 8 m MSL
2026-09-26 12:15:15.342 -07:00 [INF] [OpenFreq.Common.RtpJitterBuffer] Late arrival (8ms past slot) — buffer 78→116ms
2026-09-26 12:15:15.824 -07:00 [WRN] [OpenFreqAudio.RadioPlayback] Stream 7c54ae18-74fa-45f3-b6a9-377a5574b95b:140550 on 140.550 MHz had no samples for 10.6 ms
2026-09-26 12:15:16.643 -07:00 [INF] [OpenFreqClient.Services.OpenFreqService] PTT end: Miner 1-1 (7c54ae18-74fa-45f3-b6a9-377a5574b95b) on 140.550 MHz, released, game time 04:51:14
2026-09-26 12:15:20.818 -07:00 [INF] [OpenFreqClient.Services.OpenFreqService] PTT start: own radio on 140.550 MHz, game time 04:51:18
2026-09-26 12:15:22.131 -07:00 [INF] [OpenFreqClient.Services.OpenFreqService] PTT end: own radio on 140.550 MHz, game time 04:51:19
2026-09-26 12:15:22.141 -07:00 [INF] [OpenFreqClient.Services.OpenFreqService] TX level over 1320ms: mic peak -18.5 dBFS rms -35.8 dBFS | sent peak -3.7 dBFS rms -21.3 dBFS | normalizer on, gain 8.067, gate -69.9 dBFS
2026-09-26 12:15:24.706 -07:00 [INF] [OpenFreqClient.Services.OpenFreqService] PTT start: Miner 1-1 (7c54ae18-74fa-45f3-b6a9-377a5574b95b) on 140.550 MHz, 3D, game time 04:51:22
2026-09-26 12:15:24.735 -07:00 [INF] [OpenFreq.Common.RtpJitterBuffer] Transmission gap detected (8088ms RTP delta), resetting jitter measurement
2026-09-26 12:15:24.795 -07:00 [INF] [OpenFreqClient.Services.OpenFreqService] RX 140.550 MHz from Miner 1-1 (7c54ae18-74fa-45f3-b6a9-377a5574b95b), game time 04:51:22: -3.5 dBm, SNR 106.5 dB, FSPL 43.5 dB, terrain 0.0 dB, 0.0 km, tx 8 m / rx 8 m MSL
2026-09-26 12:15:26.290 -07:00 [INF] [OpenFreqClient.Services.OpenFreqService] PTT end: Miner 1-1 (7c54ae18-74fa-45f3-b6a9-377a5574b95b) on 140.550 MHz, released, game time 04:51:23
2026-09-26 12:16:07.838 -07:00 [INF] [OpenFreqClient.Services.OpenFreqService] PTT start: Krieger (c231414f-6549-4b18-9f0e-ef37b3ff8b2a) on 273.525 MHz, 3D, game time 04:52:05
2026-09-26 12:16:07.847 -07:00 [INF] [OpenFreq.Common.RtpJitterBuffer] Transmission gap detected (69495ms RTP delta), resetting jitter measurement
2026-09-26 12:16:07.847 -07:00 [INF] [OpenFreq.Common.RtpJitterBufferPool] Pruned stale source SSRC=662ABEBC
2026-09-26 12:16:07.847 -07:00 [INF] [OpenFreq.Common.RtpAudioReceiver] Source expired: SSRC=662ABEBC
2026-09-26 12:16:07.847 -07:00 [INF] [OpenFreq.Common.RtpJitterBufferPool] Pruned stale source SSRC=5FC1A72A
2026-09-26 12:16:07.847 -07:00 [INF] [OpenFreq.Common.RtpAudioReceiver] Source expired: SSRC=5FC1A72A
2026-09-26 12:16:07.847 -07:00 [INF] [OpenFreq.Common.RtpJitterBufferPool] Pruned stale source SSRC=2C22CB47
2026-09-26 12:16:07.847 -07:00 [INF] [OpenFreq.Common.RtpAudioReceiver] Source expired: SSRC=2C22CB47
2026-09-26 12:16:07.908 -07:00 [INF] [OpenFreqClient.Services.OpenFreqService] RX 273.525 MHz from Krieger (c231414f-6549-4b18-9f0e-ef37b3ff8b2a), game time 04:52:05: -35.6 dBm, SNR 71.4 dB, FSPL 63.5 dB, terrain 12.1 dB, 0.1 km, tx 8 m / rx 8 m MSL
2026-09-26 12:16:09.193 -07:00 [INF] [OpenFreqClient.Services.OpenFreqService] PTT end: Krieger (c231414f-6549-4b18-9f0e-ef37b3ff8b2a) on 273.525 MHz, released, game time 04:52:06
2026-09-26 12:16:22.602 -07:00 [INF] [OpenFreqClient.Services.OpenFreqService] PTT start: own radio on 273.525 MHz, game time 04:52:20
2026-09-26 12:16:24.091 -07:00 [INF] [OpenFreqClient.Services.OpenFreqService] PTT end: own radio on 273.525 MHz, game time 04:52:21
2026-09-26 12:16:24.101 -07:00 [INF] [OpenFreqClient.Services.OpenFreqService] TX level over 1490ms: mic peak -16.3 dBFS rms -32.6 dBFS | sent peak 0.0 dBFS rms -18.4 dBFS | normalizer on, gain 3.756, gate -68.0 dBFS
2026-09-26 12:16:27.674 -07:00 [INF] [OpenFreqClient.Services.OpenFreqService] PTT start: own radio on 140.550 MHz, game time 04:52:25
2026-09-26 12:16:28.475 -07:00 [INF] [OpenFreqClient.Services.OpenFreqService] PTT end: own radio on 140.550 MHz, game time 04:52:25
2026-09-26 12:16:28.481 -07:00 [INF] [OpenFreqClient.Services.OpenFreqService] TX level over 800ms: mic peak -18.2 dBFS rms -35.0 dBFS | sent peak -4.1 dBFS rms -21.2 dBFS | normalizer on, gain 8.170, gate -84.5 dBFS
2026-09-26 12:16:33.832 -07:00 [INF] [OpenFreqClient.Services.OpenFreqService] PTT start: Miner 1-1 (7c54ae18-74fa-45f3-b6a9-377a5574b95b) on 140.550 MHz, 3D, game time 04:52:31
2026-09-26 12:16:33.851 -07:00 [INF] [OpenFreq.Common.RtpJitterBuffer] Transmission gap detected (67564ms RTP delta), resetting jitter measurement
2026-09-26 12:16:33.851 -07:00 [INF] [OpenFreq.Common.RtpJitterBufferPool] Pruned stale source SSRC=407FFF3F
2026-09-26 12:16:33.851 -07:00 [INF] [OpenFreq.Common.RtpAudioReceiver] Source expired: SSRC=407FFF3F
2026-09-26 12:16:33.904 -07:00 [INF] [OpenFreqClient.Services.OpenFreqService] RX 140.550 MHz from Miner 1-1 (7c54ae18-74fa-45f3-b6a9-377a5574b95b), game time 04:52:31: -11.2 dBm, SNR 98.8 dB, FSPL 45.0 dB, terrain 6.2 dB, 0.0 km, tx 8 m / rx 8 m MSL
2026-09-26 12:16:34.133 -07:00 [WRN] [OpenFreqAudio.RadioPlayback] Stream 7c54ae18-74fa-45f3-b6a9-377a5574b95b:140550 on 140.550 MHz had no samples for 5.2 ms
2026-09-26 12:16:34.350 -07:00 [INF] [OpenFreqClient.Services.OpenFreqService] PTT end: Miner 1-1 (7c54ae18-74fa-45f3-b6a9-377a5574b95b) on 140.550 MHz, released, game time 04:52:31
2026-09-26 12:16:36.420 -07:00 [INF] [OpenFreqClient.Services.OpenFreqService] PTT start: SkyFox (f8c742ac-257a-4450-aadc-59aa8b2f44b5) on 140.550 MHz, 3D, game time 04:52:33
2026-09-26 12:16:36.434 -07:00 [INF] [OpenFreq.Common.RtpJitterBuffer] Transmission gap detected (250315ms RTP delta), resetting jitter measurement
2026-09-26 12:16:36.499 -07:00 [INF] [OpenFreqClient.Services.OpenFreqService] RX 140.550 MHz from SkyFox (f8c742ac-257a-4450-aadc-59aa8b2f44b5), game time 04:52:34: -26.3 dBm, SNR 83.7 dB, FSPL 52.9 dB, terrain 13.4 dB, 0.1 km, tx 8 m / rx 8 m MSL
2026-09-26 12:16:37.302 -07:00 [INF] [OpenFreqClient.Services.OpenFreqService] PTT end: SkyFox (f8c742ac-257a-4450-aadc-59aa8b2f44b5) on 140.550 MHz, released, game time 04:52:34
2026-09-26 12:16:37.983 -07:00 [INF] [OpenFreqClient.Services.OpenFreqService] PTT start: Stevie (32672fdf-be5f-4fe3-b8ad-00410fd1b909) on 140.550 MHz, 3D, game time 04:52:35
2026-09-26 12:16:38.004 -07:00 [INF] [OpenFreq.Common.RtpJitterBuffer] Transmission gap detected (116652ms RTP delta), resetting jitter measurement
2026-09-26 12:16:38.051 -07:00 [INF] [OpenFreqClient.Services.OpenFreqService] RX 140.550 MHz from Stevie (32672fdf-be5f-4fe3-b8ad-00410fd1b909), game time 04:52:35: -29.9 dBm, SNR 80.1 dB, FSPL 54.8 dB, terrain 15.1 dB, 0.1 km, tx 8 m / rx 8 m MSL
2026-09-26 12:16:38.151 -07:00 [WRN] [OpenFreqAudio.RadioPlayback] Stream 32672fdf-be5f-4fe3-b8ad-00410fd1b909:140550 on 140.550 MHz had no samples for 4.9 ms
2026-09-26 12:16:38.846 -07:00 [INF] [OpenFreqClient.Services.OpenFreqService] PTT end: Stevie (32672fdf-be5f-4fe3-b8ad-00410fd1b909) on 140.550 MHz, released, game time 04:52:36
2026-09-26 12:17:31.141 -07:00 [INF] [OpenFreqClient.Services.OpenFreqService] PTT start: Blue (f23a2329-cca9-4d8f-bdda-384ea4044d35) on 273.525 MHz, 3D, game time 04:53:28
2026-09-26 12:17:31.173 -07:00 [INF] [OpenFreq.Common.RtpJitterBuffer] Transmission gap detected (149575ms RTP delta), resetting jitter measurement
2026-09-26 12:17:31.215 -07:00 [INF] [OpenFreqClient.Services.OpenFreqService] RX 273.525 MHz from Blue (f23a2329-cca9-4d8f-bdda-384ea4044d35), game time 04:53:28: -70.6 dBm, SNR 36.4 dB, FSPL 82.0 dB, terrain 28.6 dB, 1.1 km, tx 9 m / rx 8 m MSL
2026-09-26 12:17:32.522 -07:00 [INF] [OpenFreqClient.Services.OpenFreqService] PTT end: Blue (f23a2329-cca9-4d8f-bdda-384ea4044d35) on 273.525 MHz, released, game time 04:53:30
2026-09-26 12:17:47.394 -07:00 [INF] [OpenFreqAudio.RadioPlayback] Stream '82f4c276-d732-442e-816e-9c2cc3cab039:273525' on 273.525 MHz
2026-09-26 12:17:49.745 -07:00 [INF] [OpenFreqClient.Services.OpenFreqService] PTT start: Alligator (f39dd749-39ff-4df4-bec7-f23cc154d1a8) on 273.525 MHz, 3D, game time 04:53:47
2026-09-26 12:17:49.763 -07:00 [INF] [OpenFreq.Common.RtpJitterBufferPool] New RTP source: SSRC=407FFF3F
2026-09-26 12:17:49.763 -07:00 [INF] [OpenFreq.Common.RtpJitterBuffer] Manual buffer size: 150ms
2026-09-26 12:17:49.763 -07:00 [INF] [OpenFreq.Common.RtpAudioReceiver] Source joined:  SSRC=407FFF3F
2026-09-26 12:17:49.763 -07:00 [INF] [OpenFreq.Common.RtpJitterBuffer] Initialized: buffer=150ms
2026-09-26 12:17:49.913 -07:00 [INF] [OpenFreqClient.Services.OpenFreqService] RX 273.525 MHz from Alligator (f39dd749-39ff-4df4-bec7-f23cc154d1a8), game time 04:53:47: -54.4 dBm, SNR 52.6 dB, FSPL 73.0 dB, terrain 21.4 dB, 0.4 km, tx 8 m / rx 8 m MSL
2026-09-26 12:17:51.964 -07:00 [INF] [OpenFreqClient.Services.OpenFreqService] PTT end: Alligator (f39dd749-39ff-4df4-bec7-f23cc154d1a8) on 273.525 MHz, released, game time 04:53:49
2026-09-26 12:17:53.815 -07:00 [INF] [OpenFreqClient.Services.OpenFreqService] PTT start: own radio on 140.550 MHz, game time 04:53:51
2026-09-26 12:17:55.863 -07:00 [INF] [OpenFreqClient.Services.OpenFreqService] PTT end: own radio on 140.550 MHz, game time 04:53:53
2026-09-26 12:17:55.872 -07:00 [INF] [OpenFreqClient.Services.OpenFreqService] TX level over 2050ms: mic peak -9.1 dBFS rms -25.1 dBFS | sent peak 0.0 dBFS rms -17.1 dBFS | normalizer on, gain 6.856, gate -59.3 dBFS
2026-09-26 12:17:58.757 -07:00 [INF] [OpenFreqClient.Services.OpenFreqService] PTT start: Stevie (32672fdf-be5f-4fe3-b8ad-00410fd1b909) on 140.550 MHz, 3D, game time 04:53:56
2026-09-26 12:17:58.768 -07:00 [INF] [OpenFreq.Common.RtpJitterBuffer] Transmission gap detected (79930ms RTP delta), resetting jitter measurement
2026-09-26 12:17:58.820 -07:00 [INF] [OpenFreqClient.Services.OpenFreqService] RX 140.550 MHz from Stevie (32672fdf-be5f-4fe3-b8ad-00410fd1b909), game time 04:53:56: -43.0 dBm, SNR 67.0 dB, FSPL 61.6 dB, terrain 21.5 dB, 0.2 km, tx 8 m / rx 8 m MSL
2026-09-26 12:18:01.300 -07:00 [INF] [OpenFreqClient.Services.OpenFreqService] PTT end: Stevie (32672fdf-be5f-4fe3-b8ad-00410fd1b909) on 140.550 MHz, released, game time 04:53:58
2026-09-26 12:18:01.825 -07:00 [INF] [OpenFreqClient.Services.OpenFreqService] PTT start: Stevie (32672fdf-be5f-4fe3-b8ad-00410fd1b909) on 140.550 MHz, 3D, game time 04:53:59
2026-09-26 12:18:01.840 -07:00 [INF] [OpenFreq.Common.RtpJitterBuffer] Transmission gap detected (572ms RTP delta), resetting jitter measurement
2026-09-26 12:18:01.891 -07:00 [INF] [OpenFreqClient.Services.OpenFreqService] RX 140.550 MHz from Stevie (32672fdf-be5f-4fe3-b8ad-00410fd1b909), game time 04:53:59: -43.4 dBm, SNR 66.6 dB, FSPL 61.8 dB, terrain 21.6 dB, 0.2 km, tx 8 m / rx 8 m MSL
2026-09-26 12:18:03.019 -07:00 [INF] [OpenFreqClient.Services.OpenFreqService] PTT end: Stevie (32672fdf-be5f-4fe3-b8ad-00410fd1b909) on 140.550 MHz, released, game time 04:54:00
2026-09-26 12:18:03.736 -07:00 [INF] [OpenFreqClient.Services.OpenFreqService] PTT start: own radio on 140.550 MHz, game time 04:54:01
2026-09-26 12:18:06.312 -07:00 [INF] [OpenFreqClient.Services.OpenFreqService] PTT end: own radio on 140.550 MHz, game time 04:54:03
2026-09-26 12:18:06.312 -07:00 [INF] [OpenFreqClient.Services.OpenFreqService] TX level over 2570ms: mic peak -8.4 dBFS rms -25.6 dBFS | sent peak 0.0 dBFS rms -15.5 dBFS | normalizer on, gain 1.959, gate -78.7 dBFS
2026-09-26 12:18:07.125 -07:00 [INF] [OpenFreqClient.Services.OpenFreqService] PTT start: Stevie (32672fdf-be5f-4fe3-b8ad-00410fd1b909) on 140.550 MHz, 3D, game time 04:54:04
2026-09-26 12:18:07.141 -07:00 [INF] [OpenFreq.Common.RtpJitterBuffer] Transmission gap detected (4136ms RTP delta), resetting jitter measurement
2026-09-26 12:18:07.191 -07:00 [INF] [OpenFreqClient.Services.OpenFreqService] RX 140.550 MHz from Stevie (32672fdf-be5f-4fe3-b8ad-00410fd1b909), game time 04:54:04: -43.9 dBm, SNR 66.1 dB, FSPL 62.0 dB, terrain 21.9 dB, 0.2 km, tx 8 m / rx 8 m MSL
2026-09-26 12:18:07.485 -07:00 [INF] [OpenFreqClient.Services.OpenFreqService] PTT end: Stevie (32672fdf-be5f-4fe3-b8ad-00410fd1b909) on 140.550 MHz, released, game time 04:54:05
2026-09-26 12:18:25.582 -07:00 [INF] [OpenFreqClient.Services.OpenFreqService] PTT start: Miner 1-1 (7c54ae18-74fa-45f3-b6a9-377a5574b95b) on 140.550 MHz, 3D, game time 04:54:23
2026-09-26 12:18:25.593 -07:00 [INF] [OpenFreq.Common.RtpJitterBuffer] Transmission gap detected (111273ms RTP delta), resetting jitter measurement
2026-09-26 12:18:25.594 -07:00 [INF] [OpenFreq.Common.RtpJitterBufferPool] Pruned stale source SSRC=365CD622
2026-09-26 12:18:25.594 -07:00 [INF] [OpenFreq.Common.RtpAudioReceiver] Source expired: SSRC=365CD622
2026-09-26 12:18:25.653 -07:00 [INF] [OpenFreqClient.Services.OpenFreqService] RX 140.550 MHz from Miner 1-1 (7c54ae18-74fa-45f3-b6a9-377a5574b95b), game time 04:54:23: -23.7 dBm, SNR 86.3 dB, FSPL 51.9 dB, terrain 11.8 dB, 0.1 km, tx 8 m / rx 8 m MSL
2026-09-26 12:18:26.064 -07:00 [WRN] [OpenFreqAudio.RadioPlayback] Stream 7c54ae18-74fa-45f3-b6a9-377a5574b95b:140550 on 140.550 MHz had no samples for 10.5 ms
2026-09-26 12:18:27.404 -07:00 [INF] [OpenFreq.Common.RtpJitterBuffer] Late arrival (11ms past slot) — buffer 71→112ms
2026-09-26 12:18:28.810 -07:00 [INF] [OpenFreqAudio.RadioPlayback] Stream '48c829fa-694d-48c8-987a-a559eb15e8f5:273525' on 273.525 MHz
2026-09-26 12:18:29.117 -07:00 [INF] [OpenFreqAudio.RadioPlayback] Stream '989f8d1f-44d2-4246-acc8-1677a1c53143:273525' on 273.525 MHz
2026-09-26 12:18:29.244 -07:00 [INF] [OpenFreqAudio.RadioPlayback] Stream 'e0977389-35b0-4d0f-997f-3c6be3e6f5f5:273525' on 273.525 MHz
2026-09-26 12:18:29.263 -07:00 [INF] [OpenFreqClient.Services.OpenFreqService] PTT end: Miner 1-1 (7c54ae18-74fa-45f3-b6a9-377a5574b95b) on 140.550 MHz, released, game time 04:54:26
2026-09-26 12:18:30.773 -07:00 [INF] [OpenFreqClient.Services.OpenFreqService] PTT start: own radio on 140.550 MHz, game time 04:54:28
2026-09-26 12:18:31.165 -07:00 [INF] [OpenFreqAudio.RadioPlayback] Stream '58f02e35-0d8e-4c46-aa74-dce098883fa8:273525' on 273.525 MHz
2026-09-26 12:18:31.268 -07:00 [INF] [OpenFreqClient.Services.OpenFreqService] PTT end: own radio on 140.550 MHz, game time 04:54:28
2026-09-26 12:18:31.272 -07:00 [INF] [OpenFreqClient.Services.OpenFreqService] TX level over 490ms: mic peak -15.0 dBFS rms -39.0 dBFS | sent peak -4.4 dBFS rms -28.3 dBFS | normalizer on, gain 11.226, gate -95.1 dBFS
2026-09-26 12:18:32.139 -07:00 [INF] [OpenFreq.Common.RtpJitterBuffer] Transmission gap detected (2895ms RTP delta), resetting jitter measurement
2026-09-26 12:18:32.139 -07:00 [INF] [OpenFreqClient.Services.OpenFreqService] PTT start: Miner 1-1 (7c54ae18-74fa-45f3-b6a9-377a5574b95b) on 140.550 MHz, 3D, game time 04:54:29
2026-09-26 12:18:32.187 -07:00 [INF] [OpenFreqClient.Services.OpenFreqService] RX 140.550 MHz from Miner 1-1 (7c54ae18-74fa-45f3-b6a9-377a5574b95b), game time 04:54:29: -25.8 dBm, SNR 84.2 dB, FSPL 52.7 dB, terrain 13.2 dB, 0.1 km, tx 8 m / rx 8 m MSL
2026-09-26 12:18:32.621 -07:00 [INF] [OpenFreqClient.Services.OpenFreqService] PTT end: Miner 1-1 (7c54ae18-74fa-45f3-b6a9-377a5574b95b) on 140.550 MHz, released, game time 04:54:30
2026-09-26 12:18:34.188 -07:00 [INF] [OpenFreqClient.Services.OpenFreqService] PTT start: Miner 1-1 (7c54ae18-74fa-45f3-b6a9-377a5574b95b) on 140.550 MHz, 3D, game time 04:54:31
2026-09-26 12:18:34.195 -07:00 [INF] [OpenFreq.Common.RtpJitterBuffer] Transmission gap detected (1604ms RTP delta), resetting jitter measurement
2026-09-26 12:18:34.277 -07:00 [INF] [OpenFreqClient.Services.OpenFreqService] RX 140.550 MHz from Miner 1-1 (7c54ae18-74fa-45f3-b6a9-377a5574b95b), game time 04:54:31: -26.0 dBm, SNR 84.0 dB, FSPL 52.9 dB, terrain 13.1 dB, 0.1 km, tx 8 m / rx 8 m MSL
2026-09-26 12:18:36.702 -07:00 [INF] [OpenFreqClient.Services.OpenFreqService] PTT end: Miner 1-1 (7c54ae18-74fa-45f3-b6a9-377a5574b95b) on 140.550 MHz, released, game time 04:54:34
2026-09-26 12:18:38.966 -07:00 [INF] [OpenFreqAudio.RadioPlayback] Stream '974e1818-726d-46c2-a454-05ba12f6d736:273525' on 273.525 MHz
2026-09-26 12:18:39.386 -07:00 [INF] [OpenFreqClient.Services.OpenFreqService] PTT start: Miner 1-1 (7c54ae18-74fa-45f3-b6a9-377a5574b95b) on 140.550 MHz, 3D, game time 04:54:36
2026-09-26 12:18:39.435 -07:00 [INF] [OpenFreq.Common.RtpJitterBuffer] Transmission gap detected (2703ms RTP delta), resetting jitter measurement
2026-09-26 12:18:39.454 -07:00 [INF] [OpenFreqClient.Services.OpenFreqService] RX 140.550 MHz from Miner 1-1 (7c54ae18-74fa-45f3-b6a9-377a5574b95b), game time 04:54:36: -26.9 dBm, SNR 83.1 dB, FSPL 53.2 dB, terrain 13.7 dB, 0.1 km, tx 8 m / rx 8 m MSL
2026-09-26 12:18:39.564 -07:00 [WRN] [OpenFreqAudio.RadioPlayback] Stream 7c54ae18-74fa-45f3-b6a9-377a5574b95b:140550 on 140.550 MHz had no samples for 10.0 ms
2026-09-26 12:18:40.208 -07:00 [INF] [OpenFreqClient.Services.OpenFreqService] PTT end: Miner 1-1 (7c54ae18-74fa-45f3-b6a9-377a5574b95b) on 140.550 MHz, released, game time 04:54:37
2026-09-26 12:19:23.103 -07:00 [INF] [OpenFreqAudio.RadioPlayback] Stream 'f23a2329-cca9-4d8f-bdda-384ea4044d35:273525' on 273.525 MHz
2026-09-26 12:19:29.019 -07:00 [INF] [OpenFreqAudio.RadioPlayback] Stream '982e2bb0-182d-4217-bce2-d56d6e7b2782:273525' on 273.525 MHz
2026-09-26 12:19:30.855 -07:00 [INF] [OpenFreqAudio.RadioPlayback] Stream '4e89dcee-8608-4fc5-ba4b-b9d5c9f32258:273525' on 273.525 MHz
2026-09-26 12:19:34.334 -07:00 [INF] [OpenFreqClient.Services.OpenFreqService] PTT start: Alligator (f39dd749-39ff-4df4-bec7-f23cc154d1a8) on 273.525 MHz, 3D, game time 04:55:31
2026-09-26 12:19:34.343 -07:00 [INF] [OpenFreq.Common.RtpJitterBuffer] Transmission gap detected (102393ms RTP delta), resetting jitter measurement
2026-09-26 12:19:34.344 -07:00 [INF] [OpenFreq.Common.RtpJitterBufferPool] Pruned stale source SSRC=6B82F924
2026-09-26 12:19:34.344 -07:00 [INF] [OpenFreq.Common.RtpAudioReceiver] Source expired: SSRC=6B82F924
2026-09-26 12:19:34.406 -07:00 [INF] [OpenFreqClient.Services.OpenFreqService] RX 273.525 MHz from Alligator (f39dd749-39ff-4df4-bec7-f23cc154d1a8), game time 04:55:31: -20.7 dBm, SNR 86.3 dB, FSPL 55.5 dB, terrain 5.2 dB, 0.1 km, tx 8 m / rx 8 m MSL
2026-09-26 12:19:34.674 -07:00 [WRN] [OpenFreqAudio.RadioPlayback] Stream f39dd749-39ff-4df4-bec7-f23cc154d1a8:273525 on 273.525 MHz had no samples for 1.3 ms
2026-09-26 12:19:38.062 -07:00 [INF] [OpenFreqClient.Services.OpenFreqService] PTT end: Alligator (f39dd749-39ff-4df4-bec7-f23cc154d1a8) on 273.525 MHz, released, game time 04:55:35
2026-09-26 12:19:38.233 -07:00 [INF] [OpenFreqAudio.RadioPlayback] Stream 'f23a2329-cca9-4d8f-bdda-384ea4044d35:273525' on 273.525 MHz
2026-09-26 12:19:44.638 -07:00 [INF] [OpenFreqClient.Services.OpenFreqService] PTT start: own radio on 273.525 MHz, game time 04:55:42
2026-09-26 12:19:44.734 -07:00 [INF] [OpenFreqClient.Services.OpenFreqService] PTT end: own radio on 273.525 MHz, game time 04:55:42
2026-09-26 12:19:44.743 -07:00 [INF] [OpenFreqClient.Services.OpenFreqService] TX level over 100ms: mic peak -41.6 dBFS rms -50.9 dBFS | sent peak -18.7 dBFS rms -28.1 dBFS | normalizer on, gain 15.030, gate -65.6 dBFS
2026-09-26 12:19:44.879 -07:00 [INF] [OpenFreqClient.Services.OpenFreqService] PTT start: own radio on 273.525 MHz, game time 04:55:42
2026-09-26 12:19:45.007 -07:00 [INF] [OpenFreqClient.Services.OpenFreqService] PTT end: own radio on 273.525 MHz, game time 04:55:42
2026-09-26 12:19:45.012 -07:00 [INF] [OpenFreqClient.Services.OpenFreqService] TX level over 130ms: mic peak -39.1 dBFS rms -51.4 dBFS | sent peak -14.7 dBFS rms -26.9 dBFS | normalizer on, gain 17.895, gate -62.3 dBFS
2026-09-26 12:19:52.363 -07:00 [INF] [OpenFreqClient.Services.OpenFreqService] PTT start: own radio on 140.550 MHz, game time 04:55:49
2026-09-26 12:19:54.185 -07:00 [INF] [OpenFreqClient.Services.OpenFreqService] PTT end: own radio on 140.550 MHz, game time 04:55:51
2026-09-26 12:19:54.193 -07:00 [INF] [OpenFreqClient.Services.OpenFreqService] TX level over 1820ms: mic peak -17.1 dBFS rms -34.9 dBFS | sent peak 0.0 dBFS rms -20.0 dBFS | normalizer on, gain 5.323, gate -53.5 dBFS
2026-09-26 12:19:54.846 -07:00 [INF] [OpenFreqClient.Services.OpenFreqService] PTT start: Miner 1-1 (7c54ae18-74fa-45f3-b6a9-377a5574b95b) on 140.550 MHz, 3D, game time 04:55:52
2026-09-26 12:19:54.874 -07:00 [INF] [OpenFreq.Common.RtpJitterBuffer] Transmission gap detected (74680ms RTP delta), resetting jitter measurement
2026-09-26 12:19:54.925 -07:00 [INF] [OpenFreqClient.Services.OpenFreqService] RX 140.550 MHz from Miner 1-1 (7c54ae18-74fa-45f3-b6a9-377a5574b95b), game time 04:55:52: -37.7 dBm, SNR 72.3 dB, FSPL 58.9 dB, terrain 18.9 dB, 0.1 km, tx 8 m / rx 8 m MSL
2026-09-26 12:19:54.994 -07:00 [WRN] [OpenFreqAudio.RadioPlayback] Stream 7c54ae18-74fa-45f3-b6a9-377a5574b95b:140550 on 140.550 MHz had no samples for 0.9 ms
2026-09-26 12:19:55.825 -07:00 [INF] [OpenFreqClient.Services.OpenFreqService] PTT end: Miner 1-1 (7c54ae18-74fa-45f3-b6a9-377a5574b95b) on 140.550 MHz, released, game time 04:55:53
2026-09-26 12:19:59.241 -07:00 [INF] [OpenFreqClient.Services.OpenFreqService] PTT start: Miner 1-1 (7c54ae18-74fa-45f3-b6a9-377a5574b95b) on 140.550 MHz, 3D, game time 04:55:56
2026-09-26 12:19:59.268 -07:00 [INF] [OpenFreq.Common.RtpJitterBuffer] Transmission gap detected (3459ms RTP delta), resetting jitter measurement
2026-09-26 12:19:59.320 -07:00 [INF] [OpenFreqClient.Services.OpenFreqService] RX 140.550 MHz from Miner 1-1 (7c54ae18-74fa-45f3-b6a9-377a5574b95b), game time 04:55:56: -39.5 dBm, SNR 70.5 dB, FSPL 59.8 dB, terrain 19.7 dB, 0.2 km, tx 8 m / rx 8 m MSL
2026-09-26 12:19:59.559 -07:00 [INF] [OpenFreqClient.Services.OpenFreqService] PTT end: Miner 1-1 (7c54ae18-74fa-45f3-b6a9-377a5574b95b) on 140.550 MHz, released, game time 04:55:57
2026-09-26 12:19:59.664 -07:00 [INF] [OpenFreqClient.Services.OpenFreqService] PTT start: Miner 1-1 (7c54ae18-74fa-45f3-b6a9-377a5574b95b) on 140.550 MHz, 3D, game time 04:55:57
2026-09-26 12:20:00.014 -07:00 [INF] [OpenFreq.Common.RtpJitterBufferPool] Pruned stale source SSRC=63865412
2026-09-26 12:20:00.014 -07:00 [INF] [OpenFreq.Common.RtpAudioReceiver] Source expired: SSRC=63865412
2026-09-26 12:20:00.522 -07:00 [INF] [OpenFreqClient.Services.OpenFreqService] PTT end: Miner 1-1 (7c54ae18-74fa-45f3-b6a9-377a5574b95b) on 140.550 MHz, released, game time 04:55:58
2026-09-26 12:20:10.331 -07:00 [INF] [OpenFreqClient.Services.OpenFreqService] PTT start: own radio on 140.550 MHz, game time 04:56:07
2026-09-26 12:20:13.552 -07:00 [INF] [OpenFreqClient.Services.OpenFreqService] PTT end: own radio on 140.550 MHz, game time 04:56:11
2026-09-26 12:20:13.563 -07:00 [INF] [OpenFreqClient.Services.OpenFreqService] TX level over 3230ms: mic peak -16.1 dBFS rms -38.0 dBFS | sent peak 0.0 dBFS rms -21.5 dBFS | normalizer on, gain 21.246, gate -68.3 dBFS
2026-09-26 12:20:17.531 -07:00 [INF] [OpenFreqClient.Services.OpenFreqService] PTT start: Miner 1-1 (7c54ae18-74fa-45f3-b6a9-377a5574b95b) on 140.550 MHz, 3D, game time 04:56:15
2026-09-26 12:20:17.545 -07:00 [INF] [OpenFreq.Common.RtpJitterBuffer] Transmission gap detected (17021ms RTP delta), resetting jitter measurement
2026-09-26 12:20:17.594 -07:00 [INF] [OpenFreqClient.Services.OpenFreqService] RX 140.550 MHz from Miner 1-1 (7c54ae18-74fa-45f3-b6a9-377a5574b95b), game time 04:56:15: -34.9 dBm, SNR 75.1 dB, FSPL 57.4 dB, terrain 17.5 dB, 0.1 km, tx 8 m / rx 8 m MSL
2026-09-26 12:20:18.014 -07:00 [INF] [OpenFreqClient.Services.OpenFreqService] PTT end: Miner 1-1 (7c54ae18-74fa-45f3-b6a9-377a5574b95b) on 140.550 MHz, released, game time 04:56:15
2026-09-26 12:20:19.282 -07:00 [INF] [OpenFreq.Common.RtpJitterBuffer] Transmission gap detected (221981ms RTP delta), resetting jitter measurement
2026-09-26 12:20:19.283 -07:00 [INF] [OpenFreqClient.Services.OpenFreqService] PTT start: SkyFox (f8c742ac-257a-4450-aadc-59aa8b2f44b5) on 140.550 MHz, 3D, game time 04:56:16
2026-09-26 12:20:19.332 -07:00 [INF] [OpenFreqClient.Services.OpenFreqService] RX 140.550 MHz from SkyFox (f8c742ac-257a-4450-aadc-59aa8b2f44b5), game time 04:56:16: -46.4 dBm, SNR 63.6 dB, FSPL 63.3 dB, terrain 23.1 dB, 0.2 km, tx 8 m / rx 8 m MSL
2026-09-26 12:20:19.363 -07:00 [INF] [OpenFreq.Common.RtpJitterBuffer] Late arrival (16ms past slot) — buffer 61→107ms
2026-09-26 12:20:19.859 -07:00 [INF] [OpenFreqClient.Services.OpenFreqService] PTT end: SkyFox (f8c742ac-257a-4450-aadc-59aa8b2f44b5) on 140.550 MHz, released, game time 04:56:17
2026-09-26 12:20:20.238 -07:00 [INF] [OpenFreqClient.Services.OpenFreqService] PTT start: Stevie (32672fdf-be5f-4fe3-b8ad-00410fd1b909) on 140.550 MHz, 3D, game time 04:56:17
2026-09-26 12:20:20.247 -07:00 [INF] [OpenFreq.Common.RtpJitterBuffer] Transmission gap detected (132770ms RTP delta), resetting jitter measurement
2026-09-26 12:20:20.298 -07:00 [INF] [OpenFreqClient.Services.OpenFreqService] RX 140.550 MHz from Stevie (32672fdf-be5f-4fe3-b8ad-00410fd1b909), game time 04:56:17: -51.6 dBm, SNR 58.4 dB, FSPL 65.9 dB, terrain 25.7 dB, 0.3 km, tx 8 m / rx 8 m MSL
2026-09-26 12:20:20.757 -07:00 [INF] [OpenFreqClient.Services.OpenFreqService] PTT end: Stevie (32672fdf-be5f-4fe3-b8ad-00410fd1b909) on 140.550 MHz, released, game time 04:56:18
2026-09-26 12:20:23.029 -07:00 [INF] [OpenFreqClient.Services.OpenFreqService] PTT start: own radio on 140.550 MHz, game time 04:56:20
2026-09-26 12:20:23.336 -07:00 [INF] [OpenFreqClient.Services.OpenFreqService] PTT start: Stevie (32672fdf-be5f-4fe3-b8ad-00410fd1b909) on 140.550 MHz, 3D, game time 04:56:20
2026-09-26 12:20:23.372 -07:00 [INF] [OpenFreq.Common.RtpJitterBuffer] Transmission gap detected (2604ms RTP delta), resetting jitter measurement
2026-09-26 12:20:23.493 -07:00 [INF] [OpenFreqClient.Services.OpenFreqService] PTT end: own radio on 140.550 MHz, game time 04:56:21
2026-09-26 12:20:23.497 -07:00 [INF] [OpenFreqClient.Services.OpenFreqService] RX 140.550 MHz from Stevie (32672fdf-be5f-4fe3-b8ad-00410fd1b909), game time 04:56:21: -50.3 dBm, SNR 59.7 dB, FSPL 65.3 dB, terrain 25.0 dB, 0.3 km, tx 8 m / rx 8 m MSL
2026-09-26 12:20:23.503 -07:00 [INF] [OpenFreqClient.Services.OpenFreqService] TX level over 470ms: mic peak -18.5 dBFS rms -35.6 dBFS | sent peak 0.0 dBFS rms -14.3 dBFS | normalizer on, gain 4.968, gate -38.5 dBFS
2026-09-26 12:20:23.545 -07:00 [WRN] [OpenFreqAudio.RadioPlayback] Stream 32672fdf-be5f-4fe3-b8ad-00410fd1b909:140550 on 140.550 MHz had no samples for 10.5 ms
2026-09-26 12:20:23.789 -07:00 [INF] [OpenFreqAudio.RadioPlayback] Stream 'be29ec7e-29ec-4835-a687-4085edb1878c:243000' on 243.000 MHz
2026-09-26 12:20:24.261 -07:00 [INF] [OpenFreq.Common.RtpJitterBuffer] Late arrival (4ms past slot) — buffer 57→92ms
2026-09-26 12:20:25.896 -07:00 [INF] [OpenFreqClient.Services.OpenFreqService] PTT end: Stevie (32672fdf-be5f-4fe3-b8ad-00410fd1b909) on 140.550 MHz, released, game time 04:56:23
2026-09-26 12:20:26.248 -07:00 [INF] [OpenFreqClient.Services.OpenFreqService] PTT start: Stevie (32672fdf-be5f-4fe3-b8ad-00410fd1b909) on 140.550 MHz, 3D, game time 04:56:23
2026-09-26 12:20:27.218 -07:00 [INF] [OpenFreqClient.Services.OpenFreqService] PTT end: Stevie (32672fdf-be5f-4fe3-b8ad-00410fd1b909) on 140.550 MHz, released, game time 04:56:24
2026-09-26 12:20:30.599 -07:00 [INF] [OpenFreqClient.Services.OpenFreqService] PTT start: SkyFox (f8c742ac-257a-4450-aadc-59aa8b2f44b5) on 140.550 MHz, 3D, game time 04:56:28
2026-09-26 12:20:30.615 -07:00 [INF] [OpenFreq.Common.RtpJitterBuffer] Transmission gap detected (10773ms RTP delta), resetting jitter measurement
2026-09-26 12:20:30.694 -07:00 [INF] [OpenFreqClient.Services.OpenFreqService] RX 140.550 MHz from SkyFox (f8c742ac-257a-4450-aadc-59aa8b2f44b5), game time 04:56:28: -35.7 dBm, SNR 74.3 dB, FSPL 57.8 dB, terrain 17.9 dB, 0.1 km, tx 8 m / rx 8 m MSL
2026-09-26 12:20:32.210 -07:00 [INF] [OpenFreq.Common.RtpJitterBuffer] Late arrival (35ms past slot) — buffer 95→161ms
2026-09-26 12:20:32.287 -07:00 [INF] [OpenFreqClient.Services.OpenFreqService] PTT end: SkyFox (f8c742ac-257a-4450-aadc-59aa8b2f44b5) on 140.550 MHz, released, game time 04:56:29
2026-09-26 12:20:35.484 -07:00 [INF] [OpenFreqClient.ViewModels.ChannelCardListViewModel] "Radio1": 273525 → 292300 kHz, power on, joined
2026-09-26 12:20:35.549 -07:00 [INF] [OpenFreqAudio.RadioPlayback] Stream 'c231414f-6549-4b18-9f0e-ef37b3ff8b2a:292300' on 292.300 MHz
2026-09-26 12:20:35.549 -07:00 [INF] [OpenFreqAudio.RadioPlayback] Stream '48abd6ed-f57c-43d5-af5e-3fe33e06395b:292300' on 292.300 MHz
2026-09-26 12:20:35.549 -07:00 [INF] [OpenFreqAudio.RadioPlayback] Stream '974e1818-726d-46c2-a454-05ba12f6d736:292300' on 292.300 MHz
2026-09-26 12:20:35.549 -07:00 [INF] [OpenFreqAudio.RadioPlayback] Stream 'c220f187-a6fa-4848-ac66-ff0dd03f1bde:292300' on 292.300 MHz
2026-09-26 12:20:37.531 -07:00 [INF] [OpenFreqAudio.RadioPlayback] Stream '7c54ae18-74fa-45f3-b6a9-377a5574b95b:292300' on 292.300 MHz
2026-09-26 12:20:52.650 -07:00 [INF] [OpenFreqClient.Services.OpenFreqService] PTT start: Miner 1-1 (7c54ae18-74fa-45f3-b6a9-377a5574b95b) on 140.550 MHz, 3D, game time 04:56:50
2026-09-26 12:20:52.675 -07:00 [INF] [OpenFreq.Common.RtpJitterBuffer] Transmission gap detected (34720ms RTP delta), resetting jitter measurement
2026-09-26 12:20:52.711 -07:00 [INF] [OpenFreqClient.Services.OpenFreqService] RX 140.550 MHz from Miner 1-1 (7c54ae18-74fa-45f3-b6a9-377a5574b95b), game time 04:56:50: -27.2 dBm, SNR 82.8 dB, FSPL 53.7 dB, terrain 13.5 dB, 0.1 km, tx 8 m / rx 8 m MSL
2026-09-26 12:20:52.915 -07:00 [WRN] [OpenFreqAudio.RadioPlayback] Stream 7c54ae18-74fa-45f3-b6a9-377a5574b95b:140550 on 140.550 MHz had no samples for 0.4 ms
2026-09-26 12:20:54.221 -07:00 [INF] [OpenFreqClient.Services.OpenFreqService] PTT end: Miner 1-1 (7c54ae18-74fa-45f3-b6a9-377a5574b95b) on 140.550 MHz, released, game time 04:56:51
2026-09-26 12:20:55.187 -07:00 [INF] [OpenFreqClient.Services.OpenFreqService] PTT start: own radio on 140.550 MHz, game time 04:56:52
2026-09-26 12:20:55.235 -07:00 [INF] [OpenFreqAudio.RadioPlayback] Stream 'bff512f0-7e44-426a-ad12-9ffb447115c3:243000' on 243.000 MHz
2026-09-26 12:20:56.314 -07:00 [INF] [OpenFreqClient.Services.OpenFreqService] PTT end: own radio on 140.550 MHz, game time 04:56:53
2026-09-26 12:20:56.323 -07:00 [INF] [OpenFreqClient.Services.OpenFreqService] TX level over 1130ms: mic peak -19.2 dBFS rms -40.5 dBFS | sent peak 0.0 dBFS rms -21.1 dBFS | normalizer on, gain 18.022, gate -62.5 dBFS
2026-09-26 12:21:00.259 -07:00 [INF] [OpenFreqAudio.RadioPlayback] Stream 'f8c742ac-257a-4450-aadc-59aa8b2f44b5:292300' on 292.300 MHz
2026-09-26 12:21:10.703 -07:00 [INF] [OpenFreqClient.Services.OpenFreqService] PTT start: own radio on 140.550 MHz, game time 04:57:08
2026-09-26 12:21:16.496 -07:00 [INF] [OpenFreqClient.Services.OpenFreqService] PTT start: Miner 1-1 (7c54ae18-74fa-45f3-b6a9-377a5574b95b) on 140.550 MHz, 3D, game time 04:57:14
2026-09-26 12:21:16.503 -07:00 [INF] [OpenFreq.Common.RtpJitterBuffer] Transmission gap detected (22286ms RTP delta), resetting jitter measurement
2026-09-26 12:21:16.503 -07:00 [INF] [OpenFreq.Common.RtpJitterBufferPool] Pruned stale source SSRC=15B167C8
2026-09-26 12:21:16.503 -07:00 [INF] [OpenFreq.Common.RtpAudioReceiver] Source expired: SSRC=15B167C8
2026-09-26 12:21:17.105 -07:00 [INF] [OpenFreqClient.Services.OpenFreqService] PTT end: Miner 1-1 (7c54ae18-74fa-45f3-b6a9-377a5574b95b) on 140.550 MHz, released, game time 04:57:14
2026-09-26 12:21:20.083 -07:00 [INF] [OpenFreqClient.Services.OpenFreqService] PTT end: own radio on 140.550 MHz, game time 04:57:17
2026-09-26 12:21:20.084 -07:00 [INF] [OpenFreqClient.Services.OpenFreqService] TX level over 9380ms: mic peak -14.6 dBFS rms -39.0 dBFS | sent peak 0.0 dBFS rms -11.6 dBFS | normalizer on, gain 7.676, gate -94.1 dBFS
2026-09-26 12:21:21.045 -07:00 [INF] [OpenFreqClient.Services.OpenFreqService] PTT start: Miner 1-1 (7c54ae18-74fa-45f3-b6a9-377a5574b95b) on 140.550 MHz, 3D, game time 04:57:18
2026-09-26 12:21:21.061 -07:00 [INF] [OpenFreq.Common.RtpJitterBuffer] Transmission gap detected (3960ms RTP delta), resetting jitter measurement
2026-09-26 12:21:21.100 -07:00 [INF] [OpenFreqClient.Services.OpenFreqService] RX 140.550 MHz from Miner 1-1 (7c54ae18-74fa-45f3-b6a9-377a5574b95b), game time 04:57:18: -9.4 dBm, SNR 100.6 dB, FSPL 44.1 dB, terrain 5.3 dB, 0.0 km, tx 8 m / rx 8 m MSL
2026-09-26 12:21:21.150 -07:00 [WRN] [OpenFreqAudio.RadioPlayback] Stream 7c54ae18-74fa-45f3-b6a9-377a5574b95b:140550 on 140.550 MHz had no samples for 14.0 ms
2026-09-26 12:21:21.740 -07:00 [INF] [OpenFreqClient.Services.OpenFreqService] PTT end: Miner 1-1 (7c54ae18-74fa-45f3-b6a9-377a5574b95b) on 140.550 MHz, released, game time 04:57:19
2026-09-26 12:21:23.490 -07:00 [INF] [OpenFreqClient.Services.OpenFreqService] PTT start: own radio on 140.550 MHz, game time 04:57:20
2026-09-26 12:21:24.131 -07:00 [INF] [OpenFreqClient.Services.OpenFreqService] PTT end: own radio on 140.550 MHz, game time 04:57:21
2026-09-26 12:21:24.133 -07:00 [INF] [OpenFreqClient.Services.OpenFreqService] TX level over 640ms: mic peak -19.3 dBFS rms -36.2 dBFS | sent peak -4.1 dBFS rms -20.4 dBFS | normalizer on, gain 5.200, gate -49.6 dBFS
2026-09-26 12:21:24.360 -07:00 [INF] [OpenFreqAudio.RadioPlayback] Stream 'f39dd749-39ff-4df4-bec7-f23cc154d1a8:292300' on 292.300 MHz
2026-09-26 12:21:25.124 -07:00 [INF] [OpenFreqClient.Services.OpenFreqService] PTT start: Miner 1-1 (7c54ae18-74fa-45f3-b6a9-377a5574b95b) on 140.550 MHz, 3D, game time 04:57:22
2026-09-26 12:21:25.141 -07:00 [INF] [OpenFreq.Common.RtpJitterBuffer] Transmission gap detected (3401ms RTP delta), resetting jitter measurement
2026-09-26 12:21:25.183 -07:00 [INF] [OpenFreqClient.Services.OpenFreqService] RX 140.550 MHz from Miner 1-1 (7c54ae18-74fa-45f3-b6a9-377a5574b95b), game time 04:57:22: -23.1 dBm, SNR 86.9 dB, FSPL 51.3 dB, terrain 11.9 dB, 0.1 km, tx 8 m / rx 8 m MSL
2026-09-26 12:21:25.782 -07:00 [INF] [OpenFreqClient.Services.OpenFreqService] PTT end: Miner 1-1 (7c54ae18-74fa-45f3-b6a9-377a5574b95b) on 140.550 MHz, released, game time 04:57:23
2026-09-26 12:21:27.189 -07:00 [INF] [OpenFreqAudio.RadioPlayback] Stream 'c56f5c33-10e6-473d-96e0-90de94b49519:292300' on 292.300 MHz
2026-09-26 12:21:27.482 -07:00 [INF] [OpenFreqAudio.RadioPlayback] Stream '82f4c276-d732-442e-816e-9c2cc3cab039:292300' on 292.300 MHz
2026-09-26 12:21:30.534 -07:00 [INF] [OpenFreqClient.Services.OpenFreqService] PTT start: SkyFox (f8c742ac-257a-4450-aadc-59aa8b2f44b5) on 140.550 MHz, 3D, game time 04:57:28
2026-09-26 12:21:30.547 -07:00 [INF] [OpenFreq.Common.RtpJitterBuffer] Transmission gap detected (58310ms RTP delta), resetting jitter measurement
2026-09-26 12:21:30.681 -07:00 [INF] [OpenFreqClient.Services.OpenFreqService] RX 140.550 MHz from SkyFox (f8c742ac-257a-4450-aadc-59aa8b2f44b5), game time 04:57:28: -48.8 dBm, SNR 61.2 dB, FSPL 64.6 dB, terrain 24.2 dB, 0.3 km, tx 8 m / rx 8 m MSL
2026-09-26 12:21:32.898 -07:00 [INF] [OpenFreqClient.Services.OpenFreqService] PTT start: own radio on 140.550 MHz, game time 04:57:30
2026-09-26 12:21:33.669 -07:00 [INF] [OpenFreqClient.Services.OpenFreqService] PTT end: SkyFox (f8c742ac-257a-4450-aadc-59aa8b2f44b5) on 140.550 MHz, released, game time 04:57:31
2026-09-26 12:21:34.787 -07:00 [INF] [OpenFreqClient.Services.OpenFreqService] PTT end: own radio on 140.550 MHz, game time 04:57:32
2026-09-26 12:21:34.793 -07:00 [INF] [OpenFreqClient.Services.OpenFreqService] TX level over 1890ms: mic peak -11.0 dBFS rms -27.4 dBFS | sent peak -0.8 dBFS rms -20.0 dBFS | normalizer on, gain 2.447, gate -46.9 dBFS
2026-09-26 12:21:36.582 -07:00 [INF] [OpenFreqClient.Services.OpenFreqService] PTT start: SkyFox (f8c742ac-257a-4450-aadc-59aa8b2f44b5) on 140.550 MHz, 3D, game time 04:57:34
2026-09-26 12:21:36.602 -07:00 [INF] [OpenFreq.Common.RtpJitterBuffer] Transmission gap detected (2947ms RTP delta), resetting jitter measurement
2026-09-26 12:21:36.638 -07:00 [INF] [OpenFreqClient.Services.OpenFreqService] RX 140.550 MHz from SkyFox (f8c742ac-257a-4450-aadc-59aa8b2f44b5), game time 04:57:34: -64.6 dBm, SNR 45.4 dB, FSPL 72.4 dB, terrain 32.2 dB, 0.7 km, tx 8 m / rx 8 m MSL
2026-09-26 12:21:37.465 -07:00 [INF] [OpenFreq.Common.RtpJitterBuffer] Late arrival (59ms past slot) — buffer 69→158ms
2026-09-26 12:21:37.502 -07:00 [WRN] [OpenFreqAudio.RadioPlayback] Stream f8c742ac-257a-4450-aadc-59aa8b2f44b5:140550 on 140.550 MHz had no samples for 15.0 ms
2026-09-26 12:21:38.322 -07:00 [INF] [OpenFreqClient.Services.OpenFreqService] PTT end: SkyFox (f8c742ac-257a-4450-aadc-59aa8b2f44b5) on 140.550 MHz, released, game time 04:57:35
2026-09-26 12:21:40.115 -07:00 [INF] [OpenFreqClient.Services.OpenFreqService] PTT start: SkyFox (f8c742ac-257a-4450-aadc-59aa8b2f44b5) on 140.550 MHz, 3D, game time 04:57:37
2026-09-26 12:21:40.131 -07:00 [INF] [OpenFreq.Common.RtpJitterBuffer] Transmission gap detected (1836ms RTP delta), resetting jitter measurement
2026-09-26 12:21:40.241 -07:00 [INF] [OpenFreqClient.Services.OpenFreqService] RX 140.550 MHz from SkyFox (f8c742ac-257a-4450-aadc-59aa8b2f44b5), game time 04:57:37: -66.3 dBm, SNR 43.7 dB, FSPL 75.8 dB, terrain 30.5 dB, 1.0 km, tx 8 m / rx 9 m MSL
2026-09-26 12:21:40.938 -07:00 [INF] [OpenFreqClient.Services.OpenFreqService] PTT end: SkyFox (f8c742ac-257a-4450-aadc-59aa8b2f44b5) on 140.550 MHz, released, game time 04:57:38
2026-09-26 12:21:54.656 -07:00 [INF] [OpenFreqAudio.RadioPlayback] Stream '82f4c276-d732-442e-816e-9c2cc3cab039:292300' on 292.300 MHz
2026-09-26 12:21:55.553 -07:00 [INF] [OpenFreqAudio.RadioPlayback] Stream '974e1818-726d-46c2-a454-05ba12f6d736:292300' on 292.300 MHz
2026-09-26 12:22:06.285 -07:00 [INF] [OpenFreqClient.Services.OpenFreqService] PTT start: Alligator (f39dd749-39ff-4df4-bec7-f23cc154d1a8) on 292.300 MHz, 3D, game time 04:58:03
2026-09-26 12:22:06.299 -07:00 [INF] [OpenFreq.Common.RtpJitterBuffer] Transmission gap detected (148256ms RTP delta), resetting jitter measurement
2026-09-26 12:22:06.363 -07:00 [INF] [OpenFreqClient.Services.OpenFreqService] RX 292.300 MHz from Alligator (f39dd749-39ff-4df4-bec7-f23cc154d1a8), game time 04:58:03: -55.9 dBm, SNR 51.1 dB, FSPL 95.9 dB, terrain 0.0 dB, 5.1 km, tx 8 m / rx 273 m MSL
2026-09-26 12:22:06.918 -07:00 [WRN] [OpenFreqAudio.RadioPlayback] Stream f39dd749-39ff-4df4-bec7-f23cc154d1a8:292300 on 292.300 MHz had no samples for 10.4 ms
2026-09-26 12:22:07.744 -07:00 [INF] [OpenFreqAudio.RadioPlayback] Stream '7ebf02fc-ba84-466f-850d-2eeffc48b655:243000' on 243.000 MHz
2026-09-26 12:22:08.305 -07:00 [INF] [OpenFreqClient.Services.OpenFreqService] PTT end: Alligator (f39dd749-39ff-4df4-bec7-f23cc154d1a8) on 292.300 MHz, released, game time 04:58:05
2026-09-26 12:22:09.608 -07:00 [INF] [OpenFreqClient.Services.OpenFreqService] PTT start: Miner 1-1 (7c54ae18-74fa-45f3-b6a9-377a5574b95b) on 140.550 MHz, 3D, game time 04:58:07
2026-09-26 12:22:09.611 -07:00 [INF] [OpenFreq.Common.RtpJitterBuffer] Transmission gap detected (43834ms RTP delta), resetting jitter measurement
2026-09-26 12:22:09.659 -07:00 [INF] [OpenFreqClient.Services.OpenFreqService] RX 140.550 MHz from Miner 1-1 (7c54ae18-74fa-45f3-b6a9-377a5574b95b), game time 04:58:07: -28.3 dBm, SNR 81.7 dB, FSPL 68.3 dB, terrain 0.0 dB, 0.4 km, tx 275 m / rx 292 m MSL
2026-09-26 12:22:09.889 -07:00 [WRN] [OpenFreqAudio.RadioPlayback] Stream 7c54ae18-74fa-45f3-b6a9-377a5574b95b:140550 on 140.550 MHz had no samples for 9.5 ms
2026-09-26 12:22:10.353 -07:00 [INF] [OpenFreqClient.Services.OpenFreqService] PTT end: Miner 1-1 (7c54ae18-74fa-45f3-b6a9-377a5574b95b) on 140.550 MHz, released, game time 04:58:07
2026-09-26 12:22:12.226 -07:00 [INF] [OpenFreqClient.Services.OpenFreqService] PTT start: own radio on 140.550 MHz, game time 04:58:09
2026-09-26 12:22:20.985 -07:00 [INF] [OpenFreqClient.Services.OpenFreqService] PTT end: own radio on 140.550 MHz, game time 04:58:18
2026-09-26 12:22:20.993 -07:00 [INF] [OpenFreqClient.Services.OpenFreqService] TX level over 8760ms: mic peak -8.9 dBFS rms -29.2 dBFS | sent peak 0.0 dBFS rms -18.3 dBFS | normalizer on, gain 9.059, gate -74.8 dBFS
2026-09-26 12:22:23.146 -07:00 [INF] [OpenFreqClient.Services.OpenFreqService] PTT start: Miner 1-1 (7c54ae18-74fa-45f3-b6a9-377a5574b95b) on 140.550 MHz, 3D, game time 04:58:20
2026-09-26 12:22:23.163 -07:00 [INF] [OpenFreq.Common.RtpJitterBuffer] Transmission gap detected (12813ms RTP delta), resetting jitter measurement
2026-09-26 12:22:23.208 -07:00 [INF] [OpenFreqClient.Services.OpenFreqService] RX 140.550 MHz from Miner 1-1 (7c54ae18-74fa-45f3-b6a9-377a5574b95b), game time 04:58:20: -29.4 dBm, SNR 80.6 dB, FSPL 69.4 dB, terrain 0.0 dB, 0.5 km, tx 508 m / rx 636 m MSL
2026-09-26 12:22:23.560 -07:00 [INF] [OpenFreqClient.Services.OpenFreqService] PTT end: Miner 1-1 (7c54ae18-74fa-45f3-b6a9-377a5574b95b) on 140.550 MHz, released, game time 04:58:21
2026-09-26 12:22:25.385 -07:00 [INF] [OpenFreqClient.Services.OpenFreqService] PTT start: own radio on 140.550 MHz, game time 04:58:22
2026-09-26 12:22:28.314 -07:00 [INF] [OpenFreqClient.Services.OpenFreqService] PTT end: own radio on 140.550 MHz, game time 04:58:25
2026-09-26 12:22:28.324 -07:00 [INF] [OpenFreqClient.Services.OpenFreqService] TX level over 2930ms: mic peak -12.9 dBFS rms -31.4 dBFS | sent peak 0.0 dBFS rms -15.8 dBFS | normalizer on, gain 3.684, gate -76.5 dBFS
2026-09-26 12:22:29.624 -07:00 [INF] [OpenFreqAudio.RadioPlayback] TuneFrequency 280.500 MHz
2026-09-26 12:22:29.625 -07:00 [INF] [OpenFreqClient.ViewModels.ChannelCardListViewModel] "Radio1": 292300 → 280500 kHz, power on, joined
2026-09-26 12:22:29.699 -07:00 [INF] [OpenFreqAudio.RadioPlayback] Stream '98b50b09-72be-4e1c-9a30-79d237a36aad:280500' on 280.500 MHz
2026-09-26 12:22:29.699 -07:00 [INF] [OpenFreqAudio.RadioPlayback] Stream '1c406e7f-2bcc-4a8e-827b-8b4f22c5e0d6:280500' on 280.500 MHz
2026-09-26 12:22:29.699 -07:00 [INF] [OpenFreqAudio.RadioPlayback] Stream '0359b875-89b6-499f-82ad-a1ef43c5b232:280500' on 280.500 MHz
2026-09-26 12:22:29.699 -07:00 [INF] [OpenFreqAudio.RadioPlayback] Stream '58355e30-5857-4e01-882f-86b5f2200072:280500' on 280.500 MHz
2026-09-26 12:22:29.699 -07:00 [INF] [OpenFreqAudio.RadioPlayback] Stream '2c7de423-e66c-4a70-a299-d21d207cd0ed:280500' on 280.500 MHz
2026-09-26 12:22:29.699 -07:00 [INF] [OpenFreqAudio.RadioPlayback] Stream 'efe0f587-f81f-4522-b158-2db2990e67b3:280500' on 280.500 MHz
2026-09-26 12:22:29.699 -07:00 [INF] [OpenFreqAudio.RadioPlayback] Stream '4d102c94-5b1d-430f-ac47-2af9e76711c3:280500' on 280.500 MHz
2026-09-26 12:22:29.699 -07:00 [INF] [OpenFreqAudio.RadioPlayback] Stream '4f4671de-f769-4dd1-a389-fe7beb123829:280500' on 280.500 MHz
2026-09-26 12:22:29.699 -07:00 [INF] [OpenFreqAudio.RadioPlayback] Stream 'c231414f-6549-4b18-9f0e-ef37b3ff8b2a:280500' on 280.500 MHz
2026-09-26 12:22:29.699 -07:00 [INF] [OpenFreqAudio.RadioPlayback] Stream '48abd6ed-f57c-43d5-af5e-3fe33e06395b:280500' on 280.500 MHz
2026-09-26 12:22:29.699 -07:00 [INF] [OpenFreqAudio.RadioPlayback] Stream 'c220f187-a6fa-4848-ac66-ff0dd03f1bde:280500' on 280.500 MHz
2026-09-26 12:22:29.699 -07:00 [INF] [OpenFreqAudio.RadioPlayback] Stream '974e1818-726d-46c2-a454-05ba12f6d736:280500' on 280.500 MHz
2026-09-26 12:22:29.720 -07:00 [INF] [OpenFreq.Common.RtpJitterBufferPool] New RTP source: SSRC=15B167C8
2026-09-26 12:22:29.720 -07:00 [INF] [OpenFreq.Common.RtpJitterBuffer] Manual buffer size: 150ms
2026-09-26 12:22:29.720 -07:00 [INF] [OpenFreq.Common.RtpAudioReceiver] Source joined:  SSRC=15B167C8
2026-09-26 12:22:29.720 -07:00 [INF] [OpenFreq.Common.RtpJitterBuffer] Initialized: buffer=150ms
2026-09-26 12:22:29.870 -07:00 [INF] [OpenFreqClient.Services.OpenFreqService] RX 280.500 MHz from Krieger (c231414f-6549-4b18-9f0e-ef37b3ff8b2a), game time 04:58:27: -65.2 dBm, SNR 41.8 dB, FSPL 105.2 dB, terrain 0.0 dB, 15.5 km, tx 1323 m / rx 859 m MSL
2026-09-26 12:22:29.960 -07:00 [WRN] [OpenFreqAudio.RadioPlayback] Stream c231414f-6549-4b18-9f0e-ef37b3ff8b2a:280500 on 280.500 MHz had no samples for 10.0 ms
2026-09-26 12:22:30.008 -07:00 [INF] [OpenFreqClient.Services.OpenFreqService] PTT start: Krieger (c231414f-6549-4b18-9f0e-ef37b3ff8b2a) on 280.500 MHz, 3D, game time 04:58:27
2026-09-26 12:22:31.778 -07:00 [INF] [OpenFreqClient.Services.OpenFreqService] PTT end: Krieger (c231414f-6549-4b18-9f0e-ef37b3ff8b2a) on 280.500 MHz, released, game time 04:58:29
2026-09-26 12:22:32.517 -07:00 [INF] [OpenFreqAudio.RadioPlayback] Stream 'f8c742ac-257a-4450-aadc-59aa8b2f44b5:280500' on 280.500 MHz
2026-09-26 12:22:33.423 -07:00 [INF] [OpenFreqAudio.RadioPlayback] Stream '7c54ae18-74fa-45f3-b6a9-377a5574b95b:280500' on 280.500 MHz
2026-09-26 12:22:33.846 -07:00 [INF] [OpenFreqClient.Services.OpenFreqService] PTT start: Miner 1-1 (7c54ae18-74fa-45f3-b6a9-377a5574b95b) on 140.550 MHz, 3D, game time 04:58:31
2026-09-26 12:22:33.851 -07:00 [INF] [OpenFreq.Common.RtpJitterBuffer] Transmission gap detected (10308ms RTP delta), resetting jitter measurement
2026-09-26 12:22:33.851 -07:00 [INF] [OpenFreq.Common.RtpJitterBufferPool] Pruned stale source SSRC=0B8FB835
2026-09-26 12:22:33.851 -07:00 [INF] [OpenFreq.Common.RtpAudioReceiver] Source expired: SSRC=0B8FB835
2026-09-26 12:22:33.898 -07:00 [INF] [OpenFreqClient.Services.OpenFreqService] RX 140.550 MHz from Miner 1-1 (7c54ae18-74fa-45f3-b6a9-377a5574b95b), game time 04:58:31: -30.3 dBm, SNR 79.7 dB, FSPL 70.3 dB, terrain 0.0 dB, 0.6 km, tx 846 m / rx 953 m MSL
2026-09-26 12:22:33.978 -07:00 [WRN] [OpenFreqAudio.RadioPlayback] Stream 7c54ae18-74fa-45f3-b6a9-377a5574b95b:140550 on 140.550 MHz had no samples for 1.1 ms
2026-09-26 12:22:35.405 -07:00 [INF] [OpenFreqClient.Services.OpenFreqService] PTT end: Miner 1-1 (7c54ae18-74fa-45f3-b6a9-377a5574b95b) on 140.550 MHz, released, game time 04:58:32
2026-09-26 12:22:36.545 -07:00 [INF] [OpenFreqClient.Services.OpenFreqService] PTT start: own radio on 140.550 MHz, game time 04:58:34
2026-09-26 12:22:39.500 -07:00 [INF] [OpenFreqAudio.RadioPlayback] Stream 'b28176fd-1fdc-4825-9c1c-0a6142dfc872:140550' on 140.550 MHz
2026-09-26 12:22:39.504 -07:00 [INF] [OpenFreqAudio.RadioPlayback] Stream 'b28176fd-1fdc-4825-9c1c-0a6142dfc872:243000' on 243.000 MHz
2026-09-26 12:22:39.743 -07:00 [INF] [OpenFreqAudio.RadioPlayback] Stream 'b28176fd-1fdc-4825-9c1c-0a6142dfc872:280500' on 280.500 MHz
2026-09-26 12:22:40.673 -07:00 [INF] [OpenFreqClient.Services.OpenFreqService] PTT end: own radio on 140.550 MHz, game time 04:58:38
2026-09-26 12:22:40.684 -07:00 [INF] [OpenFreqClient.Services.OpenFreqService] TX level over 4130ms: mic peak -7.3 dBFS rms -27.3 dBFS | sent peak 0.0 dBFS rms -18.8 dBFS | normalizer on, gain 17.931, gate -69.0 dBFS
2026-09-26 12:22:41.517 -07:00 [INF] [OpenFreqClient.Services.OpenFreqService] PTT start: Miner 1-1 (7c54ae18-74fa-45f3-b6a9-377a5574b95b) on 140.550 MHz, 3D, game time 04:58:39
2026-09-26 12:22:41.535 -07:00 [INF] [OpenFreq.Common.RtpJitterBuffer] Transmission gap detected (6134ms RTP delta), resetting jitter measurement
2026-09-26 12:22:41.587 -07:00 [INF] [OpenFreqClient.Services.OpenFreqService] RX 140.550 MHz from Miner 1-1 (7c54ae18-74fa-45f3-b6a9-377a5574b95b), game time 04:58:39: -31.0 dBm, SNR 79.0 dB, FSPL 70.2 dB, terrain 0.0 dB, 0.5 km, tx 989 m / rx 1059 m MSL
2026-09-26 12:22:42.126 -07:00 [INF] [OpenFreqClient.Services.OpenFreqService] PTT end: Miner 1-1 (7c54ae18-74fa-45f3-b6a9-377a5574b95b) on 140.550 MHz, released, game time 04:58:39
2026-09-26 12:22:43.668 -07:00 [INF] [OpenFreqClient.Services.OpenFreqService] PTT start: own radio on 280.500 MHz, game time 04:58:41
2026-09-26 12:22:45.396 -07:00 [INF] [OpenFreqClient.Services.OpenFreqService] PTT end: own radio on 280.500 MHz, game time 04:58:42
2026-09-26 12:22:45.404 -07:00 [INF] [OpenFreqClient.Services.OpenFreqService] TX level over 1730ms: mic peak -12.8 dBFS rms -29.5 dBFS | sent peak 0.0 dBFS rms -11.6 dBFS | normalizer on, gain 9.678, gate -86.8 dBFS
2026-09-26 12:22:46.262 -07:00 [INF] [OpenFreq.Common.RtpJitterBuffer] Transmission gap detected (4139ms RTP delta), resetting jitter measurement
2026-09-26 12:22:46.265 -07:00 [INF] [OpenFreqClient.Services.OpenFreqService] PTT start: Miner 1-1 (7c54ae18-74fa-45f3-b6a9-377a5574b95b) on 280.500 MHz, 3D, game time 04:58:43
2026-09-26 12:22:46.304 -07:00 [INF] [OpenFreqClient.Services.OpenFreqService] RX 280.500 MHz from Miner 1-1 (7c54ae18-74fa-45f3-b6a9-377a5574b95b), game time 04:58:43: -35.3 dBm, SNR 71.7 dB, FSPL 75.3 dB, terrain 0.0 dB, 0.5 km, tx 1057 m / rx 1110 m MSL
2026-09-26 12:22:46.611 -07:00 [INF] [OpenFreqClient.Services.OpenFreqService] PTT end: Miner 1-1 (7c54ae18-74fa-45f3-b6a9-377a5574b95b) on 280.500 MHz, released, game time 04:58:44
2026-09-26 12:22:47.655 -07:00 [INF] [OpenFreqClient.Services.OpenFreqService] PTT start: SkyFox (f8c742ac-257a-4450-aadc-59aa8b2f44b5) on 280.500 MHz, 3D, game time 04:58:45
2026-09-26 12:22:47.665 -07:00 [INF] [OpenFreq.Common.RtpJitterBuffer] Transmission gap detected (66759ms RTP delta), resetting jitter measurement
2026-09-26 12:22:47.742 -07:00 [INF] [OpenFreqClient.Services.OpenFreqService] RX 280.500 MHz from SkyFox (f8c742ac-257a-4450-aadc-59aa8b2f44b5), game time 04:58:45: -49.3 dBm, SNR 57.7 dB, FSPL 89.3 dB, terrain 0.0 dB, 2.5 km, tx 885 m / rx 1123 m MSL
2026-09-26 12:22:47.772 -07:00 [WRN] [OpenFreqAudio.RadioPlayback] Stream f8c742ac-257a-4450-aadc-59aa8b2f44b5:280500 on 280.500 MHz had no samples for 14.1 ms
2026-09-26 12:22:48.259 -07:00 [INF] [OpenFreqClient.Services.OpenFreqService] PTT end: SkyFox (f8c742ac-257a-4450-aadc-59aa8b2f44b5) on 280.500 MHz, released, game time 04:58:45
2026-09-26 12:22:48.940 -07:00 [INF] [OpenFreqClient.Services.OpenFreqService] PTT start: Stevie (b28176fd-1fdc-4825-9c1c-0a6142dfc872) on 280.500 MHz, 3D, game time 04:58:46
2026-09-26 12:22:48.957 -07:00 [INF] [OpenFreq.Common.RtpJitterBufferPool] New RTP source: SSRC=1791C552
2026-09-26 12:22:48.957 -07:00 [INF] [OpenFreq.Common.RtpJitterBuffer] Manual buffer size: 150ms
2026-09-26 12:22:48.957 -07:00 [INF] [OpenFreq.Common.RtpAudioReceiver] Source joined:  SSRC=1791C552
2026-09-26 12:22:48.957 -07:00 [INF] [OpenFreq.Common.RtpJitterBuffer] Initialized: buffer=150ms
2026-09-26 12:22:49.108 -07:00 [INF] [OpenFreqClient.Services.OpenFreqService] RX 280.500 MHz from Stevie (b28176fd-1fdc-4825-9c1c-0a6142dfc872), game time 04:58:46: -52.3 dBm, SNR 54.7 dB, FSPL 92.3 dB, terrain 0.0 dB, 3.5 km, tx 772 m / rx 1135 m MSL
2026-09-26 12:22:49.625 -07:00 [INF] [OpenFreqClient.Services.OpenFreqService] PTT end: Stevie (b28176fd-1fdc-4825-9c1c-0a6142dfc872) on 280.500 MHz, released, game time 04:58:47
2026-09-26 12:22:50.495 -07:00 [INF] [OpenFreqClient.Services.OpenFreqService] PTT start: gci-chaos (98b50b09-72be-4e1c-9a30-79d237a36aad) on 280.500 MHz, 3D, game time 04:58:47
2026-09-26 12:22:50.516 -07:00 [INF] [OpenFreq.Common.RtpJitterBufferPool] New RTP source: SSRC=662ABEBC
2026-09-26 12:22:50.516 -07:00 [INF] [OpenFreq.Common.RtpJitterBuffer] Manual buffer size: 150ms
2026-09-26 12:22:50.516 -07:00 [INF] [OpenFreq.Common.RtpAudioReceiver] Source joined:  SSRC=662ABEBC
2026-09-26 12:22:50.516 -07:00 [INF] [OpenFreq.Common.RtpJitterBuffer] Initialized: buffer=150ms
2026-09-26 12:22:50.666 -07:00 [INF] [OpenFreqClient.Services.OpenFreqService] RX 280.500 MHz from gci-chaos (98b50b09-72be-4e1c-9a30-79d237a36aad), game time 04:58:48: -87.1 dBm, SNR 19.9 dB, FSPL 131.1 dB, terrain 0.0 dB, 305.8 km, tx 9147 m / rx 1146 m MSL
2026-09-26 12:22:50.796 -07:00 [INF] [OpenFreqClient.Services.OpenFreqService] PTT end: gci-chaos (98b50b09-72be-4e1c-9a30-79d237a36aad) on 280.500 MHz, released, game time 04:58:48
2026-09-26 12:22:52.644 -07:00 [INF] [OpenFreqClient.Services.OpenFreqService] PTT start: own radio on 280.500 MHz, game time 04:58:50
2026-09-26 12:22:54.837 -07:00 [INF] [OpenFreqClient.Services.OpenFreqService] PTT end: own radio on 280.500 MHz, game time 04:58:52
2026-09-26 12:22:54.843 -07:00 [INF] [OpenFreqClient.Services.OpenFreqService] TX level over 2190ms: mic peak -12.2 dBFS rms -30.3 dBFS | sent peak 0.0 dBFS rms -14.1 dBFS | normalizer on, gain 5.723, gate -81.6 dBFS
2026-09-26 12:22:55.836 -07:00 [INF] [OpenFreqClient.Services.OpenFreqService] PTT start: gci-chaos (98b50b09-72be-4e1c-9a30-79d237a36aad) on 280.500 MHz, 3D, game time 04:58:53
2026-09-26 12:22:55.857 -07:00 [INF] [OpenFreq.Common.RtpJitterBuffer] Transmission gap detected (5071ms RTP delta), resetting jitter measurement
2026-09-26 12:22:55.985 -07:00 [INF] [OpenFreqClient.Services.OpenFreqService] RX 280.500 MHz from gci-chaos (98b50b09-72be-4e1c-9a30-79d237a36aad), game time 04:58:53: -87.1 dBm, SNR 19.9 dB, FSPL 131.1 dB, terrain 0.0 dB, 305.2 km, tx 9147 m / rx 1189 m MSL
2026-09-26 12:22:58.817 -07:00 [INF] [OpenFreqClient.Services.OpenFreqService] PTT end: gci-chaos (98b50b09-72be-4e1c-9a30-79d237a36aad) on 280.500 MHz, released, game time 04:58:56
2026-09-26 12:23:02.037 -07:00 [INF] [OpenFreqClient.Services.OpenFreqService] PTT start: own radio on 140.550 MHz, game time 04:58:59
2026-09-26 12:23:02.997 -07:00 [INF] [OpenFreqClient.Services.OpenFreqService] PTT end: own radio on 140.550 MHz, game time 04:59:00
2026-09-26 12:23:03.005 -07:00 [INF] [OpenFreqClient.Services.OpenFreqService] TX level over 960ms: mic peak -15.0 dBFS rms -37.2 dBFS | sent peak 0.0 dBFS rms -20.0 dBFS | normalizer on, gain 15.616, gate -66.2 dBFS
2026-09-26 12:23:04.391 -07:00 [INF] [OpenFreqClient.Services.OpenFreqService] PTT start: Stevie (b28176fd-1fdc-4825-9c1c-0a6142dfc872) on 140.550 MHz, 3D, game time 04:59:01
2026-09-26 12:23:04.428 -07:00 [INF] [OpenFreq.Common.RtpJitterBuffer] Transmission gap detected (14869ms RTP delta), resetting jitter measurement
2026-09-26 12:23:04.509 -07:00 [INF] [OpenFreqClient.Services.OpenFreqService] RX 140.550 MHz from Stevie (b28176fd-1fdc-4825-9c1c-0a6142dfc872), game time 04:59:01: -47.4 dBm, SNR 62.6 dB, FSPL 87.4 dB, terrain 0.0 dB, 4.0 km, tx 958 m / rx 1275 m MSL
2026-09-26 12:23:05.040 -07:00 [WRN] [OpenFreqAudio.RadioPlayback] Stream b28176fd-1fdc-4825-9c1c-0a6142dfc872:140550 on 140.550 MHz had no samples for 10.5 ms
2026-09-26 12:23:05.331 -07:00 [INF] [OpenFreqClient.Services.OpenFreqService] PTT end: Stevie (b28176fd-1fdc-4825-9c1c-0a6142dfc872) on 140.550 MHz, released, game time 04:59:02
2026-09-26 12:23:06.710 -07:00 [INF] [OpenFreqClient.Services.OpenFreqService] PTT start: Miner 1-1 (7c54ae18-74fa-45f3-b6a9-377a5574b95b) on 140.550 MHz, 3D, game time 04:59:04
2026-09-26 12:23:06.731 -07:00 [INF] [OpenFreq.Common.RtpJitterBuffer] Transmission gap detected (20121ms RTP delta), resetting jitter measurement
2026-09-26 12:23:06.781 -07:00 [INF] [OpenFreqClient.Services.OpenFreqService] RX 140.550 MHz from Miner 1-1 (7c54ae18-74fa-45f3-b6a9-377a5574b95b), game time 04:59:04: -28.7 dBm, SNR 81.3 dB, FSPL 68.7 dB, terrain 0.0 dB, 0.5 km, tx 1273 m / rx 1297 m MSL
2026-09-26 12:23:07.942 -07:00 [INF] [OpenFreq.Common.RtpJitterBuffer] Late arrival (1ms past slot) — buffer 83→115ms
2026-09-26 12:23:08.699 -07:00 [WRN] [OpenFreqAudio.RadioPlayback] Stream 7c54ae18-74fa-45f3-b6a9-377a5574b95b:140550 on 140.550 MHz had no samples for 4.0 ms
2026-09-26 12:23:08.833 -07:00 [INF] [OpenFreqClient.Services.OpenFreqService] PTT end: Miner 1-1 (7c54ae18-74fa-45f3-b6a9-377a5574b95b) on 140.550 MHz, released, game time 04:59:06
2026-09-26 12:23:13.508 -07:00 [INF] [OpenFreqClient.Services.OpenFreqService] PTT start: own radio on 140.550 MHz, game time 04:59:11
2026-09-26 12:23:20.228 -07:00 [INF] [OpenFreqClient.Services.OpenFreqService] PTT end: own radio on 140.550 MHz, game time 04:59:17
2026-09-26 12:23:20.234 -07:00 [INF] [OpenFreqClient.Services.OpenFreqService] TX level over 6720ms: mic peak -14.0 dBFS rms -30.9 dBFS | sent peak 0.0 dBFS rms -20.4 dBFS | normalizer on, gain 4.008, gate -71.3 dBFS
2026-09-26 12:23:21.230 -07:00 [INF] [OpenFreqClient.Services.OpenFreqService] PTT start: Stevie (b28176fd-1fdc-4825-9c1c-0a6142dfc872) on 140.550 MHz, 3D, game time 04:59:18
2026-09-26 12:23:21.237 -07:00 [INF] [OpenFreq.Common.RtpJitterBuffer] Transmission gap detected (15915ms RTP delta), resetting jitter measurement
2026-09-26 12:23:21.307 -07:00 [INF] [OpenFreqClient.Services.OpenFreqService] RX 140.550 MHz from Stevie (b28176fd-1fdc-4825-9c1c-0a6142dfc872), game time 04:59:18: -47.7 dBm, SNR 62.3 dB, FSPL 87.7 dB, terrain 0.0 dB, 4.1 km, tx 1192 m / rx 1431 m MSL
2026-09-26 12:23:21.702 -07:00 [WRN] [OpenFreqAudio.RadioPlayback] Stream b28176fd-1fdc-4825-9c1c-0a6142dfc872:140550 on 140.550 MHz had no samples for 10.4 ms
2026-09-26 12:23:21.728 -07:00 [INF] [OpenFreqClient.Services.OpenFreqService] PTT end: Stevie (b28176fd-1fdc-4825-9c1c-0a6142dfc872) on 140.550 MHz, released, game time 04:59:19
2026-09-26 12:23:23.557 -07:00 [INF] [OpenFreqAudio.RadioPlayback] Stream 'f39dd749-39ff-4df4-bec7-f23cc154d1a8:280500' on 280.500 MHz
2026-09-26 12:23:23.831 -07:00 [INF] [OpenFreqAudio.RadioPlayback] Stream '82f4c276-d732-442e-816e-9c2cc3cab039:280500' on 280.500 MHz
2026-09-26 12:23:31.507 -07:00 [INF] [OpenFreqAudio.RadioPlayback] Stream 'c56f5c33-10e6-473d-96e0-90de94b49519:280500' on 280.500 MHz
2026-09-26 12:23:32.691 -07:00 [INF] [OpenFreqAudio.RadioPlayback] Stream '4f196d30-7656-4fd9-88c3-ba678f56106e:280500' on 280.500 MHz
2026-09-26 12:23:33.146 -07:00 [INF] [OpenFreqAudio.RadioPlayback] Stream '86d6d8aa-64e3-4106-890a-252d3f93f28e:280500' on 280.500 MHz
2026-09-26 12:23:34.435 -07:00 [INF] [OpenFreqAudio.RadioPlayback] Stream 'd2bb94ce-e83a-452c-a9af-5c14c9690242:280500' on 280.500 MHz
2026-09-26 12:23:36.729 -07:00 [INF] [OpenFreqClient.Services.OpenFreqService] PTT start: Polaris (86d6d8aa-64e3-4106-890a-252d3f93f28e) on 280.500 MHz, 3D, game time 04:59:34
2026-09-26 12:23:36.748 -07:00 [INF] [OpenFreq.Common.RtpJitterBufferPool] New RTP source: SSRC=6685BCEA
2026-09-26 12:23:36.748 -07:00 [INF] [OpenFreq.Common.RtpJitterBuffer] Manual buffer size: 150ms
2026-09-26 12:23:36.749 -07:00 [INF] [OpenFreq.Common.RtpAudioReceiver] Source joined:  SSRC=6685BCEA
2026-09-26 12:23:36.749 -07:00 [INF] [OpenFreq.Common.RtpJitterBuffer] Initialized: buffer=150ms
2026-09-26 12:23:36.899 -07:00 [INF] [OpenFreqClient.Services.OpenFreqService] RX 280.500 MHz from Polaris (86d6d8aa-64e3-4106-890a-252d3f93f28e), game time 04:59:34: -79.5 dBm, SNR 27.5 dB, FSPL 119.5 dB, terrain 0.0 dB, 80.6 km, tx 1389 m / rx 1588 m MSL
2026-09-26 12:23:37.070 -07:00 [WRN] [OpenFreqAudio.RadioPlayback] Stream 86d6d8aa-64e3-4106-890a-252d3f93f28e:280500 on 280.500 MHz had no samples for 9.4 ms
2026-09-26 12:23:39.626 -07:00 [INF] [OpenFreqClient.Services.OpenFreqService] PTT end: Polaris (86d6d8aa-64e3-4106-890a-252d3f93f28e) on 280.500 MHz, released, game time 04:59:37
2026-09-26 12:23:40.271 -07:00 [INF] [OpenFreqClient.Services.OpenFreqService] PTT start: Sk8r (d2bb94ce-e83a-452c-a9af-5c14c9690242) on 280.500 MHz, 3D, game time 04:59:37
2026-09-26 12:23:40.286 -07:00 [INF] [OpenFreq.Common.RtpJitterBufferPool] New RTP source: SSRC=017FD48D
2026-09-26 12:23:40.286 -07:00 [INF] [OpenFreq.Common.RtpJitterBuffer] Manual buffer size: 150ms
2026-09-26 12:23:40.286 -07:00 [INF] [OpenFreq.Common.RtpAudioReceiver] Source joined:  SSRC=017FD48D
2026-09-26 12:23:40.286 -07:00 [INF] [OpenFreq.Common.RtpJitterBuffer] Initialized: buffer=150ms
2026-09-26 12:23:40.436 -07:00 [INF] [OpenFreqClient.Services.OpenFreqService] RX 280.500 MHz from Sk8r (d2bb94ce-e83a-452c-a9af-5c14c9690242), game time 04:59:37: -79.6 dBm, SNR 27.4 dB, FSPL 119.6 dB, terrain 0.0 dB, 80.9 km, tx 1255 m / rx 1625 m MSL
2026-09-26 12:23:40.872 -07:00 [INF] [OpenFreqClient.Services.OpenFreqService] PTT end: Sk8r (d2bb94ce-e83a-452c-a9af-5c14c9690242) on 280.500 MHz, released, game time 04:59:38
2026-09-26 12:23:41.490 -07:00 [INF] [OpenFreqClient.Services.OpenFreqService] PTT start: armapirx (4f196d30-7656-4fd9-88c3-ba678f56106e) on 280.500 MHz, 3D, game time 04:59:38
2026-09-26 12:23:41.511 -07:00 [INF] [OpenFreq.Common.RtpJitterBufferPool] New RTP source: SSRC=0540A395
2026-09-26 12:23:41.511 -07:00 [INF] [OpenFreq.Common.RtpJitterBuffer] Manual buffer size: 150ms
2026-09-26 12:23:41.511 -07:00 [INF] [OpenFreq.Common.RtpAudioReceiver] Source joined:  SSRC=0540A395
2026-09-26 12:23:41.511 -07:00 [INF] [OpenFreq.Common.RtpJitterBuffer] Initialized: buffer=150ms
2026-09-26 12:23:41.661 -07:00 [INF] [OpenFreqClient.Services.OpenFreqService] RX 280.500 MHz from armapirx (4f196d30-7656-4fd9-88c3-ba678f56106e), game time 04:59:39: -79.8 dBm, SNR 27.2 dB, FSPL 119.8 dB, terrain 0.0 dB, 82.8 km, tx 787 m / rx 1637 m MSL
2026-09-26 12:23:42.153 -07:00 [WRN] [OpenFreqAudio.RadioPlayback] Stream 4f196d30-7656-4fd9-88c3-ba678f56106e:280500 on 280.500 MHz had no samples for 9.2 ms
2026-09-26 12:23:42.436 -07:00 [INF] [OpenFreqClient.Services.OpenFreqService] PTT end: armapirx (4f196d30-7656-4fd9-88c3-ba678f56106e) on 280.500 MHz, released, game time 04:59:39
2026-09-26 12:23:43.134 -07:00 [INF] [OpenFreq.Common.RtpJitterBuffer] Transmission gap detected (44313ms RTP delta), resetting jitter measurement
2026-09-26 12:23:43.135 -07:00 [INF] [OpenFreqClient.Services.OpenFreqService] PTT start: gci-chaos (98b50b09-72be-4e1c-9a30-79d237a36aad) on 280.500 MHz, 3D, game time 04:59:40
2026-09-26 12:23:43.148 -07:00 [INF] [OpenFreqClient.Services.OpenFreqService] PTT start: Polaris (86d6d8aa-64e3-4106-890a-252d3f93f28e) on 280.500 MHz, 3D, game time 04:59:40
2026-09-26 12:23:43.162 -07:00 [INF] [OpenFreqClient.Services.OpenFreqService] RX 280.500 MHz from gci-chaos (98b50b09-72be-4e1c-9a30-79d237a36aad), game time 04:59:40: -87.0 dBm, SNR 20.0 dB, FSPL 131.0 dB, terrain 0.0 dB, 300.4 km, tx 9147 m / rx 1653 m MSL
2026-09-26 12:23:43.172 -07:00 [INF] [OpenFreq.Common.RtpJitterBuffer] Transmission gap detected (3556ms RTP delta), resetting jitter measurement
2026-09-26 12:23:43.216 -07:00 [INF] [OpenFreqClient.Services.OpenFreqService] RX 280.500 MHz from Polaris (86d6d8aa-64e3-4106-890a-252d3f93f28e), game time 04:59:40: -79.4 dBm, SNR 27.6 dB, FSPL 119.4 dB, terrain 0.0 dB, 79.2 km, tx 1524 m / rx 1654 m MSL
2026-09-26 12:23:43.292 -07:00 [WRN] [OpenFreqAudio.RadioPlayback] Stream 98b50b09-72be-4e1c-9a30-79d237a36aad:280500 on 280.500 MHz had no samples for 10.5 ms
2026-09-26 12:23:43.352 -07:00 [INF] [OpenFreqClient.Services.OpenFreqService] PTT end: gci-chaos (98b50b09-72be-4e1c-9a30-79d237a36aad) on 280.500 MHz, released, game time 04:59:40
2026-09-26 12:23:43.562 -07:00 [WRN] [OpenFreqAudio.RadioPlayback] Stream 86d6d8aa-64e3-4106-890a-252d3f93f28e:280500 on 280.500 MHz had no samples for 9.5 ms
2026-09-26 12:23:46.969 -07:00 [INF] [OpenFreqClient.Services.OpenFreqService] PTT end: Polaris (86d6d8aa-64e3-4106-890a-252d3f93f28e) on 280.500 MHz, released, game time 04:59:44
2026-09-26 12:23:47.834 -07:00 [INF] [OpenFreq.Common.RtpJitterBuffer] Transmission gap detected (4492ms RTP delta), resetting jitter measurement
2026-09-26 12:23:47.863 -07:00 [INF] [OpenFreqClient.Services.OpenFreqService] PTT start: gci-chaos (98b50b09-72be-4e1c-9a30-79d237a36aad) on 280.500 MHz, 3D, game time 04:59:45
2026-09-26 12:23:47.874 -07:00 [INF] [OpenFreqClient.Services.OpenFreqService] RX 280.500 MHz from gci-chaos (98b50b09-72be-4e1c-9a30-79d237a36aad), game time 04:59:45: -87.0 dBm, SNR 20.0 dB, FSPL 130.9 dB, terrain 0.0 dB, 299.9 km, tx 9147 m / rx 1703 m MSL
2026-09-26 12:23:50.180 -07:00 [INF] [OpenFreq.Common.RtpJitterBuffer] Late arrival (67ms past slot) — buffer 41→138ms
2026-09-26 12:23:50.783 -07:00 [INF] [OpenFreqClient.Services.OpenFreqService] PTT end: gci-chaos (98b50b09-72be-4e1c-9a30-79d237a36aad) on 280.500 MHz, released, game time 04:59:48
2026-09-26 12:23:59.215 -07:00 [INF] [OpenFreqClient.Services.OpenFreqService] PTT start: own radio on 140.550 MHz, game time 04:59:56
2026-09-26 12:24:01.535 -07:00 [INF] [OpenFreqClient.Services.OpenFreqService] PTT end: own radio on 140.550 MHz, game time 04:59:59
2026-09-26 12:24:01.543 -07:00 [INF] [OpenFreqClient.Services.OpenFreqService] TX level over 2320ms: mic peak -13.7 dBFS rms -32.7 dBFS | sent peak -2.7 dBFS rms -22.3 dBFS | normalizer on, gain 3.438, gate -40.9 dBFS
2026-09-26 12:24:04.893 -07:00 [INF] [OpenFreqClient.Services.OpenFreqService] PTT start: Miner 1-1 (7c54ae18-74fa-45f3-b6a9-377a5574b95b) on 140.550 MHz, 3D, game time 05:00:02
2026-09-26 12:24:04.913 -07:00 [INF] [OpenFreq.Common.RtpJitterBuffer] Transmission gap detected (56102ms RTP delta), resetting jitter measurement
2026-09-26 12:24:04.974 -07:00 [INF] [OpenFreqClient.Services.OpenFreqService] RX 140.550 MHz from Miner 1-1 (7c54ae18-74fa-45f3-b6a9-377a5574b95b), game time 05:00:02: -17.6 dBm, SNR 92.4 dB, FSPL 57.6 dB, terrain 0.0 dB, 0.1 km, tx 1882 m / rx 1894 m MSL
2026-09-26 12:24:05.330 -07:00 [INF] [OpenFreqClient.Services.OpenFreqService] PTT end: Miner 1-1 (7c54ae18-74fa-45f3-b6a9-377a5574b95b) on 140.550 MHz, released, game time 05:00:02
2026-09-26 12:24:14.036 -07:00 [INF] [OpenFreqClient.Services.OpenFreqService] PTT start: gci-chaos (98b50b09-72be-4e1c-9a30-79d237a36aad) on 280.500 MHz, 3D, game time 05:00:11
2026-09-26 12:24:14.060 -07:00 [INF] [OpenFreq.Common.RtpJitterBuffer] Transmission gap detected (23263ms RTP delta), resetting jitter measurement
2026-09-26 12:24:14.165 -07:00 [INF] [OpenFreqClient.Services.OpenFreqService] RX 280.500 MHz from gci-chaos (98b50b09-72be-4e1c-9a30-79d237a36aad), game time 05:00:11: -86.9 dBm, SNR 20.1 dB, FSPL 130.9 dB, terrain 0.0 dB, 297.4 km, tx 9147 m / rx 2004 m MSL
2026-09-26 12:24:15.263 -07:00 [INF] [OpenFreqClient.Services.OpenFreqService] PTT end: gci-chaos (98b50b09-72be-4e1c-9a30-79d237a36aad) on 280.500 MHz, released, game time 05:00:12
2026-09-26 12:24:17.207 -07:00 [INF] [OpenFreqClient.Services.OpenFreqService] PTT start: Miner 1-1 (7c54ae18-74fa-45f3-b6a9-377a5574b95b) on 140.550 MHz, 3D, game time 05:00:14
2026-09-26 12:24:17.219 -07:00 [INF] [OpenFreq.Common.RtpJitterBuffer] Transmission gap detected (11904ms RTP delta), resetting jitter measurement
2026-09-26 12:24:17.271 -07:00 [INF] [OpenFreqClient.Services.OpenFreqService] RX 140.550 MHz from Miner 1-1 (7c54ae18-74fa-45f3-b6a9-377a5574b95b), game time 05:00:14: -15.3 dBm, SNR 94.7 dB, FSPL 55.3 dB, terrain 0.0 dB, 0.1 km, tx 2032 m / rx 2040 m MSL
2026-09-26 12:24:17.293 -07:00 [INF] [OpenFreq.Common.RtpJitterBuffer] Late arrival (2ms past slot) — buffer 87→120ms
2026-09-26 12:24:18.060 -07:00 [INF] [OpenFreqClient.Services.OpenFreqService] PTT end: Miner 1-1 (7c54ae18-74fa-45f3-b6a9-377a5574b95b) on 140.550 MHz, released, game time 05:00:15
2026-09-26 12:24:22.607 -07:00 [INF] [OpenFreqClient.Services.OpenFreqService] PTT start: own radio on 140.550 MHz, game time 05:00:20
2026-09-26 12:24:23.056 -07:00 [INF] [OpenFreqClient.Services.OpenFreqService] PTT end: own radio on 140.550 MHz, game time 05:00:20
2026-09-26 12:24:23.064 -07:00 [INF] [OpenFreqClient.Services.OpenFreqService] TX level over 450ms: mic peak -24.7 dBFS rms -41.5 dBFS | sent peak 0.0 dBFS rms -19.5 dBFS | normalizer on, gain 8.994, gate -86.2 dBFS
2026-09-26 12:24:38.106 -07:00 [INF] [OpenFreqClient.Services.OpenFreqService] PTT start: Stevie (b28176fd-1fdc-4825-9c1c-0a6142dfc872) on 140.550 MHz, 3D, game time 05:00:35
2026-09-26 12:24:38.127 -07:00 [INF] [OpenFreq.Common.RtpJitterBuffer] Transmission gap detected (76401ms RTP delta), resetting jitter measurement
2026-09-26 12:24:38.182 -07:00 [INF] [OpenFreqClient.Services.OpenFreqService] RX 140.550 MHz from Stevie (b28176fd-1fdc-4825-9c1c-0a6142dfc872), game time 05:00:35: -45.8 dBm, SNR 64.2 dB, FSPL 85.8 dB, terrain 0.0 dB, 3.3 km, tx 2353 m / rx 2264 m MSL
2026-09-26 12:24:38.184 -07:00 [INF] [OpenFreqClient.Services.OpenFreqService] PTT start: Miner 1-1 (7c54ae18-74fa-45f3-b6a9-377a5574b95b) on 140.550 MHz, 3D, game time 05:00:35
2026-09-26 12:24:38.192 -07:00 [INF] [OpenFreq.Common.RtpJitterBuffer] Transmission gap detected (20158ms RTP delta), resetting jitter measurement
2026-09-26 12:24:38.265 -07:00 [INF] [OpenFreqClient.Services.OpenFreqService] RX 140.550 MHz from Miner 1-1 (7c54ae18-74fa-45f3-b6a9-377a5574b95b), game time 05:00:35: -16.2 dBm, SNR 93.8 dB, FSPL 56.2 dB, terrain 0.0 dB, 0.1 km, tx 2261 m / rx 2265 m MSL
2026-09-26 12:24:39.097 -07:00 [INF] [OpenFreqClient.Services.OpenFreqService] PTT end: Stevie (b28176fd-1fdc-4825-9c1c-0a6142dfc872) on 140.550 MHz, released, game time 05:00:36
2026-09-26 12:24:39.399 -07:00 [INF] [OpenFreqClient.Services.OpenFreqService] PTT end: Miner 1-1 (7c54ae18-74fa-45f3-b6a9-377a5574b95b) on 140.550 MHz, released, game time 05:00:36
2026-09-26 12:24:40.832 -07:00 [INF] [OpenFreqClient.Services.OpenFreqService] PTT start: own radio on 140.550 MHz, game time 05:00:38
2026-09-26 12:24:42.287 -07:00 [INF] [OpenFreqClient.Services.OpenFreqService] PTT end: own radio on 140.550 MHz, game time 05:00:39
2026-09-26 12:24:42.294 -07:00 [INF] [OpenFreqClient.Services.OpenFreqService] TX level over 1460ms: mic peak -16.6 dBFS rms -36.6 dBFS | sent peak -1.7 dBFS rms -21.7 dBFS | normalizer on, gain 7.188, gate -55.8 dBFS
2026-09-26 12:24:43.238 -07:00 [INF] [OpenFreqClient.Services.OpenFreqService] PTT start: Miner 1-1 (7c54ae18-74fa-45f3-b6a9-377a5574b95b) on 140.550 MHz, 3D, game time 05:00:40
2026-09-26 12:24:43.263 -07:00 [INF] [OpenFreq.Common.RtpJitterBuffer] Transmission gap detected (3856ms RTP delta), resetting jitter measurement
2026-09-26 12:24:43.309 -07:00 [INF] [OpenFreqClient.Services.OpenFreqService] RX 140.550 MHz from Miner 1-1 (7c54ae18-74fa-45f3-b6a9-377a5574b95b), game time 05:00:40: -17.1 dBm, SNR 92.9 dB, FSPL 57.1 dB, terrain 0.0 dB, 0.1 km, tx 2309 m / rx 2316 m MSL
2026-09-26 12:24:43.524 -07:00 [INF] [OpenFreqClient.Services.OpenFreqService] PTT start: Stevie (b28176fd-1fdc-4825-9c1c-0a6142dfc872) on 140.550 MHz, 3D, game time 05:00:40
2026-09-26 12:24:43.533 -07:00 [INF] [OpenFreq.Common.RtpJitterBuffer] Transmission gap detected (4448ms RTP delta), resetting jitter measurement
2026-09-26 12:24:43.586 -07:00 [INF] [OpenFreqClient.Services.OpenFreqService] RX 140.550 MHz from Stevie (b28176fd-1fdc-4825-9c1c-0a6142dfc872), game time 05:00:41: -46.0 dBm, SNR 64.0 dB, FSPL 86.0 dB, terrain 0.0 dB, 3.4 km, tx 2432 m / rx 2319 m MSL
2026-09-26 12:24:43.941 -07:00 [INF] [OpenFreqClient.Services.OpenFreqService] PTT end: Miner 1-1 (7c54ae18-74fa-45f3-b6a9-377a5574b95b) on 140.550 MHz, released, game time 05:00:41
2026-09-26 12:24:44.883 -07:00 [INF] [OpenFreqClient.Services.OpenFreqService] PTT end: Stevie (b28176fd-1fdc-4825-9c1c-0a6142dfc872) on 140.550 MHz, released, game time 05:00:42
2026-09-26 12:24:45.458 -07:00 [INF] [OpenFreqClient.Services.OpenFreqService] PTT start: gci-chaos (98b50b09-72be-4e1c-9a30-79d237a36aad) on 280.500 MHz, 3D, game time 05:00:42
2026-09-26 12:24:45.475 -07:00 [INF] [OpenFreq.Common.RtpJitterBuffer] Transmission gap detected (30241ms RTP delta), resetting jitter measurement
2026-09-26 12:24:45.535 -07:00 [INF] [OpenFreqClient.Services.OpenFreqService] RX 280.500 MHz from gci-chaos (98b50b09-72be-4e1c-9a30-79d237a36aad), game time 05:00:42: -86.8 dBm, SNR 20.2 dB, FSPL 130.8 dB, terrain 0.0 dB, 294.5 km, tx 9147 m / rx 2338 m MSL
2026-09-26 12:24:46.737 -07:00 [INF] [OpenFreqClient.Services.OpenFreqService] PTT end: gci-chaos (98b50b09-72be-4e1c-9a30-79d237a36aad) on 280.500 MHz, released, game time 05:00:44
2026-09-26 12:24:48.751 -07:00 [INF] [OpenFreqClient.Services.OpenFreqService] PTT start: Krieger (c231414f-6549-4b18-9f0e-ef37b3ff8b2a) on 280.500 MHz, 3D, game time 05:00:46
2026-09-26 12:24:48.772 -07:00 [INF] [OpenFreq.Common.RtpJitterBuffer] Transmission gap detected (137015ms RTP delta), resetting jitter measurement
2026-09-26 12:24:48.822 -07:00 [INF] [OpenFreqClient.Services.OpenFreqService] RX 280.500 MHz from Krieger (c231414f-6549-4b18-9f0e-ef37b3ff8b2a), game time 05:00:46: -63.8 dBm, SNR 43.2 dB, FSPL 103.8 dB, terrain 0.0 dB, 13.2 km, tx 3225 m / rx 2373 m MSL
2026-09-26 12:24:49.393 -07:00 [WRN] [OpenFreqAudio.RadioPlayback] Stream c231414f-6549-4b18-9f0e-ef37b3ff8b2a:280500 on 280.500 MHz had no samples for 11.0 ms
2026-09-26 12:24:49.631 -07:00 [INF] [OpenFreqClient.Services.OpenFreqService] PTT end: Krieger (c231414f-6549-4b18-9f0e-ef37b3ff8b2a) on 280.500 MHz, released, game time 05:00:47
2026-09-26 12:24:50.173 -07:00 [INF] [OpenFreqClient.Services.OpenFreqService] PTT start: gci-chaos (98b50b09-72be-4e1c-9a30-79d237a36aad) on 280.500 MHz, 3D, game time 05:00:47
2026-09-26 12:24:50.178 -07:00 [INF] [OpenFreq.Common.RtpJitterBuffer] Transmission gap detected (3467ms RTP delta), resetting jitter measurement
2026-09-26 12:24:50.237 -07:00 [INF] [OpenFreqClient.Services.OpenFreqService] RX 280.500 MHz from gci-chaos (98b50b09-72be-4e1c-9a30-79d237a36aad), game time 05:00:47: -86.8 dBm, SNR 20.2 dB, FSPL 130.8 dB, terrain 0.0 dB, 294.0 km, tx 9147 m / rx 2388 m MSL
2026-09-26 12:24:50.382 -07:00 [INF] [OpenFreq.Common.RtpJitterBuffer] Late arrival (5ms past slot) — buffer 55→90ms
2026-09-26 12:24:53.056 -07:00 [INF] [OpenFreqClient.Services.OpenFreqService] PTT end: gci-chaos (98b50b09-72be-4e1c-9a30-79d237a36aad) on 280.500 MHz, released, game time 05:00:50
2026-09-26 12:24:55.893 -07:00 [INF] [OpenFreq.Common.RtpJitterBuffer] Transmission gap detected (6244ms RTP delta), resetting jitter measurement
2026-09-26 12:24:55.893 -07:00 [INF] [OpenFreqClient.Services.OpenFreqService] PTT start: Krieger (c231414f-6549-4b18-9f0e-ef37b3ff8b2a) on 280.500 MHz, 3D, game time 05:00:53
2026-09-26 12:24:55.918 -07:00 [INF] [OpenFreqClient.Services.OpenFreqService] RX 280.500 MHz from Krieger (c231414f-6549-4b18-9f0e-ef37b3ff8b2a), game time 05:00:53: -63.6 dBm, SNR 43.4 dB, FSPL 103.6 dB, terrain 0.0 dB, 12.8 km, tx 3310 m / rx 2452 m MSL
2026-09-26 12:24:56.472 -07:00 [INF] [OpenFreqClient.Services.OpenFreqService] PTT end: Krieger (c231414f-6549-4b18-9f0e-ef37b3ff8b2a) on 280.500 MHz, released, game time 05:00:53
2026-09-26 12:24:58.046 -07:00 [INF] [OpenFreqClient.Services.OpenFreqService] PTT start: gci-chaos (98b50b09-72be-4e1c-9a30-79d237a36aad) on 280.500 MHz, 3D, game time 05:00:55
2026-09-26 12:24:58.061 -07:00 [INF] [OpenFreq.Common.RtpJitterBuffer] Transmission gap detected (5003ms RTP delta), resetting jitter measurement
2026-09-26 12:24:58.110 -07:00 [INF] [OpenFreqClient.Services.OpenFreqService] RX 280.500 MHz from gci-chaos (98b50b09-72be-4e1c-9a30-79d237a36aad), game time 05:00:55: -86.8 dBm, SNR 20.2 dB, FSPL 130.8 dB, terrain 0.0 dB, 293.3 km, tx 9147 m / rx 2476 m MSL
2026-09-26 12:24:58.882 -07:00 [INF] [OpenFreqClient.Services.OpenFreqService] PTT end: gci-chaos (98b50b09-72be-4e1c-9a30-79d237a36aad) on 280.500 MHz, released, game time 05:00:56
2026-09-26 12:24:58.925 -07:00 [INF] [OpenFreqClient.Services.OpenFreqService] PTT start: gci-chaos (98b50b09-72be-4e1c-9a30-79d237a36aad) on 280.500 MHz, 3D, game time 05:00:56
2026-09-26 12:24:58.963 -07:00 [WRN] [OpenFreqAudio.RadioPlayback] Stream 98b50b09-72be-4e1c-9a30-79d237a36aad:280500 on 280.500 MHz had no samples for 10.5 ms
2026-09-26 12:24:58.967 -07:00 [INF] [OpenFreqClient.Services.OpenFreqService] PTT end: gci-chaos (98b50b09-72be-4e1c-9a30-79d237a36aad) on 280.500 MHz, released, game time 05:00:56
2026-09-26 12:24:59.305 -07:00 [INF] [OpenFreqClient.Services.OpenFreqService] PTT start: gci-chaos (98b50b09-72be-4e1c-9a30-79d237a36aad) on 280.500 MHz, 3D, game time 05:00:56
2026-09-26 12:24:59.345 -07:00 [INF] [OpenFreqClient.Services.OpenFreqService] PTT end: gci-chaos (98b50b09-72be-4e1c-9a30-79d237a36aad) on 280.500 MHz, released, game time 05:00:56
2026-09-26 12:25:02.147 -07:00 [INF] [OpenFreqClient.Services.OpenFreqService] PTT start: Alligator (f39dd749-39ff-4df4-bec7-f23cc154d1a8) on 280.500 MHz, 3D, game time 05:00:59
2026-09-26 12:25:02.155 -07:00 [INF] [OpenFreq.Common.RtpJitterBuffer] Transmission gap detected (173890ms RTP delta), resetting jitter measurement
2026-09-26 12:25:02.207 -07:00 [INF] [OpenFreqClient.Services.OpenFreqService] RX 280.500 MHz from Alligator (f39dd749-39ff-4df4-bec7-f23cc154d1a8), game time 05:00:59: -59.8 dBm, SNR 47.2 dB, FSPL 99.8 dB, terrain 0.0 dB, 8.3 km, tx 4305 m / rx 2523 m MSL
2026-09-26 12:25:03.101 -07:00 [INF] [OpenFreqClient.Services.OpenFreqService] PTT end: Alligator (f39dd749-39ff-4df4-bec7-f23cc154d1a8) on 280.500 MHz, released, game time 05:01:00
2026-09-26 12:25:05.150 -07:00 [INF] [OpenFreqClient.Services.OpenFreqService] PTT start: gci-chaos (98b50b09-72be-4e1c-9a30-79d237a36aad) on 280.500 MHz, 3D, game time 05:01:02
2026-09-26 12:25:05.165 -07:00 [INF] [OpenFreq.Common.RtpJitterBuffer] Transmission gap detected (5827ms RTP delta), resetting jitter measurement
2026-09-26 12:25:05.205 -07:00 [INF] [OpenFreqClient.Services.OpenFreqService] RX 280.500 MHz from gci-chaos (98b50b09-72be-4e1c-9a30-79d237a36aad), game time 05:01:02: -86.8 dBm, SNR 20.2 dB, FSPL 130.7 dB, terrain 0.0 dB, 292.6 km, tx 9147 m / rx 2558 m MSL
2026-09-26 12:25:08.425 -07:00 [INF] [OpenFreqClient.Services.OpenFreqService] PTT end: gci-chaos (98b50b09-72be-4e1c-9a30-79d237a36aad) on 280.500 MHz, released, game time 05:01:05
2026-09-26 12:25:08.455 -07:00 [INF] [OpenFreqAudio.RadioPlayback] Recording started: C:\Users\slavi\of\recordings\OpenFreq_20260926T192508Z.ogg
2026-09-26 12:25:10.142 -07:00 [INF] [OpenFreqClient.Services.OpenFreqService] PTT start: Alligator (f39dd749-39ff-4df4-bec7-f23cc154d1a8) on 280.500 MHz, 3D, game time 05:01:07
2026-09-26 12:25:10.161 -07:00 [INF] [OpenFreq.Common.RtpJitterBuffer] Transmission gap detected (7063ms RTP delta), resetting jitter measurement
2026-09-26 12:25:10.214 -07:00 [INF] [OpenFreqClient.Services.OpenFreqService] RX 280.500 MHz from Alligator (f39dd749-39ff-4df4-bec7-f23cc154d1a8), game time 05:01:07: -60.0 dBm, SNR 47.0 dB, FSPL 100.0 dB, terrain 0.0 dB, 8.5 km, tx 5051 m / rx 2617 m MSL
2026-09-26 12:25:10.659 -07:00 [INF] [OpenFreqClient.Services.OpenFreqService] PTT end: Alligator (f39dd749-39ff-4df4-bec7-f23cc154d1a8) on 280.500 MHz, released, game time 05:01:08
2026-09-26 12:25:17.128 -07:00 [INF] [OpenFreqClient.Services.OpenFreqService] PTT start: gci-chaos (98b50b09-72be-4e1c-9a30-79d237a36aad) on 243.000 MHz, 3D, game time 05:01:14
2026-09-26 12:25:17.144 -07:00 [INF] [OpenFreq.Common.RtpJitterBuffer] Transmission gap detected (8727ms RTP delta), resetting jitter measurement
2026-09-26 12:25:17.175 -07:00 [INF] [OpenFreqClient.Services.OpenFreqService] RX 243.000 MHz from gci-chaos (98b50b09-72be-4e1c-9a30-79d237a36aad), game time 05:01:14: -85.5 dBm, SNR 21.5 dB, FSPL 129.5 dB, terrain 0.0 dB, 291.5 km, tx 9147 m / rx 2702 m MSL
2026-09-26 12:25:17.453 -07:00 [INF] [OpenFreq.Common.RtpJitterBuffer] Late arrival (39ms past slot) — buffer 38→107ms
2026-09-26 12:25:18.912 -07:00 [INF] [OpenFreqClient.Services.OpenFreqService] PTT end: gci-chaos (98b50b09-72be-4e1c-9a30-79d237a36aad) on 243.000 MHz, released, game time 05:01:16
2026-09-26 12:25:42.609 -07:00 [INF] [OpenFreqClient.Services.OpenFreqService] PTT start: Alligator (f39dd749-39ff-4df4-bec7-f23cc154d1a8) on 280.500 MHz, 3D, game time 05:01:40
2026-09-26 12:25:42.614 -07:00 [INF] [OpenFreq.Common.RtpJitterBuffer] Transmission gap detected (31978ms RTP delta), resetting jitter measurement
2026-09-26 12:25:42.614 -07:00 [INF] [OpenFreq.Common.RtpJitterBufferPool] Pruned stale source SSRC=6597AECC
2026-09-26 12:25:42.614 -07:00 [INF] [OpenFreq.Common.RtpAudioReceiver] Source expired: SSRC=6597AECC
2026-09-26 12:25:42.665 -07:00 [INF] [OpenFreqClient.Services.OpenFreqService] RX 280.500 MHz from Alligator (f39dd749-39ff-4df4-bec7-f23cc154d1a8), game time 05:01:40: -60.7 dBm, SNR 46.3 dB, FSPL 100.7 dB, terrain 0.0 dB, 9.2 km, tx 6321 m / rx 3029 m MSL
2026-09-26 12:25:44.029 -07:00 [INF] [OpenFreqClient.Services.OpenFreqService] PTT end: Alligator (f39dd749-39ff-4df4-bec7-f23cc154d1a8) on 280.500 MHz, released, game time 05:01:41
2026-09-26 12:25:44.671 -07:00 [INF] [OpenFreq.Common.RtpJitterBufferPool] New RTP source: SSRC=09A2575B
2026-09-26 12:25:44.671 -07:00 [INF] [OpenFreq.Common.RtpJitterBuffer] Manual buffer size: 150ms
2026-09-26 12:25:44.671 -07:00 [INF] [OpenFreq.Common.RtpAudioReceiver] Source joined:  SSRC=09A2575B
2026-09-26 12:25:44.672 -07:00 [INF] [OpenFreq.Common.RtpJitterBuffer] Initialized: buffer=150ms
2026-09-26 12:25:44.674 -07:00 [INF] [OpenFreqClient.Services.OpenFreqService] PTT start: Turcu (82f4c276-d732-442e-816e-9c2cc3cab039) on 280.500 MHz, 3D, game time 05:01:42
2026-09-26 12:25:44.822 -07:00 [INF] [OpenFreqClient.Services.OpenFreqService] RX 280.500 MHz from Turcu (82f4c276-d732-442e-816e-9c2cc3cab039), game time 05:01:42: -61.5 dBm, SNR 45.5 dB, FSPL 101.5 dB, terrain 0.0 dB, 10.1 km, tx 6239 m / rx 3060 m MSL
2026-09-26 12:25:45.222 -07:00 [INF] [OpenFreqClient.Services.OpenFreqService] PTT end: Turcu (82f4c276-d732-442e-816e-9c2cc3cab039) on 280.500 MHz, released, game time 05:01:42
2026-09-26 12:25:46.084 -07:00 [INF] [OpenFreqClient.Services.OpenFreqService] PTT start: Joe (c56f5c33-10e6-473d-96e0-90de94b49519) on 280.500 MHz, 3D, game time 05:01:43
2026-09-26 12:25:46.105 -07:00 [INF] [OpenFreq.Common.RtpJitterBufferPool] New RTP source: SSRC=2C22CB47
2026-09-26 12:25:46.106 -07:00 [INF] [OpenFreq.Common.RtpJitterBuffer] Manual buffer size: 150ms
2026-09-26 12:25:46.106 -07:00 [INF] [OpenFreq.Common.RtpAudioReceiver] Source joined:  SSRC=2C22CB47
2026-09-26 12:25:46.106 -07:00 [INF] [OpenFreq.Common.RtpJitterBuffer] Initialized: buffer=150ms
2026-09-26 12:25:46.256 -07:00 [INF] [OpenFreqClient.Services.OpenFreqService] RX 280.500 MHz from Joe (c56f5c33-10e6-473d-96e0-90de94b49519), game time 05:01:43: -62.1 dBm, SNR 44.9 dB, FSPL 102.1 dB, terrain 0.0 dB, 10.9 km, tx 6113 m / rx 3081 m MSL
2026-09-26 12:25:46.670 -07:00 [INF] [OpenFreqClient.Services.OpenFreqService] PTT end: Joe (c56f5c33-10e6-473d-96e0-90de94b49519) on 280.500 MHz, released, game time 05:01:44
2026-09-26 12:25:47.672 -07:00 [INF] [OpenFreqClient.Services.OpenFreqService] PTT start: Alligator (f39dd749-39ff-4df4-bec7-f23cc154d1a8) on 280.500 MHz, 3D, game time 05:01:45
2026-09-26 12:25:47.681 -07:00 [INF] [OpenFreq.Common.RtpJitterBuffer] Transmission gap detected (3656ms RTP delta), resetting jitter measurement
2026-09-26 12:25:47.714 -07:00 [INF] [OpenFreqClient.Services.OpenFreqService] RX 280.500 MHz from Alligator (f39dd749-39ff-4df4-bec7-f23cc154d1a8), game time 05:01:45: -60.8 dBm, SNR 46.2 dB, FSPL 100.8 dB, terrain 0.0 dB, 9.3 km, tx 6336 m / rx 3102 m MSL
2026-09-26 12:25:47.938 -07:00 [INF] [OpenFreq.Common.RtpJitterBuffer] Late arrival (24ms past slot) — buffer 56→109ms
2026-09-26 12:25:50.840 -07:00 [INF] [OpenFreq.Common.RtpJitterBuffer] Late arrival (32ms past slot) — buffer 109→172ms
2026-09-26 12:25:52.265 -07:00 [INF] [OpenFreqClient.Services.OpenFreqService] PTT end: Alligator (f39dd749-39ff-4df4-bec7-f23cc154d1a8) on 280.500 MHz, released, game time 05:01:49
2026-09-26 12:25:53.883 -07:00 [INF] [OpenFreqClient.Services.OpenFreqService] PTT start: Stevie (b28176fd-1fdc-4825-9c1c-0a6142dfc872) on 140.550 MHz, 3D, game time 05:01:51
2026-09-26 12:25:53.903 -07:00 [INF] [OpenFreq.Common.RtpJitterBuffer] Transmission gap detected (69024ms RTP delta), resetting jitter measurement
2026-09-26 12:25:53.947 -07:00 [INF] [OpenFreqClient.Services.OpenFreqService] RX 140.550 MHz from Stevie (b28176fd-1fdc-4825-9c1c-0a6142dfc872), game time 05:01:51: -42.6 dBm, SNR 67.4 dB, FSPL 82.6 dB, terrain 0.0 dB, 2.3 km, tx 2900 m / rx 3191 m MSL
2026-09-26 12:25:54.715 -07:00 [INF] [OpenFreq.Common.RtpJitterBuffer] Late arrival (8ms past slot) — buffer 51→90ms
2026-09-26 12:25:55.403 -07:00 [INF] [OpenFreqClient.Services.OpenFreqService] PTT end: Stevie (b28176fd-1fdc-4825-9c1c-0a6142dfc872) on 140.550 MHz, released, game time 05:01:52
2026-09-26 12:25:55.883 -07:00 [INF] [OpenFreqClient.Services.OpenFreqService] PTT start: Stevie (b28176fd-1fdc-4825-9c1c-0a6142dfc872) on 140.550 MHz, 3D, game time 05:01:53
2026-09-26 12:25:58.063 -07:00 [INF] [OpenFreqClient.Services.OpenFreqService] PTT end: Stevie (b28176fd-1fdc-4825-9c1c-0a6142dfc872) on 140.550 MHz, released, game time 05:01:55
2026-09-26 12:26:00.274 -07:00 [INF] [OpenFreqClient.Services.OpenFreqService] PTT start: gci-chaos (98b50b09-72be-4e1c-9a30-79d237a36aad) on 243.000 MHz, 3D, game time 05:01:57
2026-09-26 12:26:00.286 -07:00 [INF] [OpenFreq.Common.RtpJitterBuffer] Transmission gap detected (41398ms RTP delta), resetting jitter measurement
2026-09-26 12:26:00.360 -07:00 [INF] [OpenFreqClient.Services.OpenFreqService] RX 243.000 MHz from gci-chaos (98b50b09-72be-4e1c-9a30-79d237a36aad), game time 05:01:57: -85.4 dBm, SNR 21.6 dB, FSPL 129.3 dB, terrain 0.0 dB, 287.5 km, tx 9147 m / rx 3286 m MSL
2026-09-26 12:26:01.799 -07:00 [INF] [OpenFreqClient.Services.OpenFreqService] PTT start: SkyFox (f8c742ac-257a-4450-aadc-59aa8b2f44b5) on 140.550 MHz, 3D, game time 05:01:59
2026-09-26 12:26:01.811 -07:00 [INF] [OpenFreq.Common.RtpJitterBuffer] Transmission gap detected (193583ms RTP delta), resetting jitter measurement
2026-09-26 12:26:01.876 -07:00 [INF] [OpenFreqClient.Services.OpenFreqService] RX 140.550 MHz from SkyFox (f8c742ac-257a-4450-aadc-59aa8b2f44b5), game time 05:01:59: -33.6 dBm, SNR 76.4 dB, FSPL 73.6 dB, terrain 0.0 dB, 0.8 km, tx 3229 m / rx 3309 m MSL
2026-09-26 12:26:02.651 -07:00 [INF] [OpenFreqClient.Services.OpenFreqService] PTT end: SkyFox (f8c742ac-257a-4450-aadc-59aa8b2f44b5) on 140.550 MHz, released, game time 05:02:00
2026-09-26 12:26:03.149 -07:00 [INF] [OpenFreqClient.Services.OpenFreqService] PTT end: gci-chaos (98b50b09-72be-4e1c-9a30-79d237a36aad) on 243.000 MHz, released, game time 05:02:00
2026-09-26 12:26:06.154 -07:00 [INF] [OpenFreqClient.Services.OpenFreqService] PTT start: Stevie (b28176fd-1fdc-4825-9c1c-0a6142dfc872) on 140.550 MHz, 3D, game time 05:02:03
2026-09-26 12:26:06.177 -07:00 [INF] [OpenFreq.Common.RtpJitterBuffer] Transmission gap detected (8133ms RTP delta), resetting jitter measurement
2026-09-26 12:26:06.221 -07:00 [INF] [OpenFreqClient.Services.OpenFreqService] RX 140.550 MHz from Stevie (b28176fd-1fdc-4825-9c1c-0a6142dfc872), game time 05:02:03: -42.8 dBm, SNR 67.2 dB, FSPL 82.8 dB, terrain 0.0 dB, 2.3 km, tx 3103 m / rx 3375 m MSL
2026-09-26 12:26:06.723 -07:00 [WRN] [OpenFreqAudio.RadioPlayback] Stream b28176fd-1fdc-4825-9c1c-0a6142dfc872:140550 on 140.550 MHz had no samples for 3.5 ms
2026-09-26 12:26:06.954 -07:00 [INF] [OpenFreqClient.Services.OpenFreqService] PTT end: Stevie (b28176fd-1fdc-4825-9c1c-0a6142dfc872) on 140.550 MHz, released, game time 05:02:04
2026-09-26 12:26:08.194 -07:00 [INF] [OpenFreqAudio.RadioPlayback] Stream '0c45ab17-b574-43bf-866b-a862eae4c8a1:280500' on 280.500 MHz
2026-09-26 12:26:08.194 -07:00 [INF] [OpenFreqAudio.RadioPlayback] Stream '0c45ab17-b574-43bf-866b-a862eae4c8a1:243000' on 243.000 MHz
2026-09-26 12:26:08.249 -07:00 [INF] [OpenFreqClient.Services.OpenFreqService] PTT start: Stevie (b28176fd-1fdc-4825-9c1c-0a6142dfc872) on 140.550 MHz, 3D, game time 05:02:05
2026-09-26 12:26:08.269 -07:00 [INF] [OpenFreq.Common.RtpJitterBuffer] Transmission gap detected (1315ms RTP delta), resetting jitter measurement
2026-09-26 12:26:08.315 -07:00 [INF] [OpenFreqClient.Services.OpenFreqService] RX 140.550 MHz from Stevie (b28176fd-1fdc-4825-9c1c-0a6142dfc872), game time 05:02:05: -42.8 dBm, SNR 67.2 dB, FSPL 82.8 dB, terrain 0.0 dB, 2.4 km, tx 3139 m / rx 3406 m MSL
2026-09-26 12:26:08.804 -07:00 [INF] [OpenFreq.Common.RtpJitterBuffer] Late arrival (9ms past slot) — buffer 52→91ms
2026-09-26 12:26:08.934 -07:00 [INF] [OpenFreqClient.Services.OpenFreqService] PTT end: Stevie (b28176fd-1fdc-4825-9c1c-0a6142dfc872) on 140.550 MHz, released, game time 05:02:06
2026-09-26 12:26:21.993 -07:00 [INF] [OpenFreqClient.Services.OpenFreqService] PTT start: gci-chaos (0c45ab17-b574-43bf-866b-a862eae4c8a1) on 280.500 MHz, 3D, game time 05:02:19
2026-09-26 12:26:22.008 -07:00 [INF] [OpenFreq.Common.RtpJitterBufferPool] New RTP source: SSRC=0A9BB7D7
2026-09-26 12:26:22.008 -07:00 [INF] [OpenFreq.Common.RtpJitterBuffer] Manual buffer size: 150ms
2026-09-26 12:26:22.008 -07:00 [INF] [OpenFreq.Common.RtpAudioReceiver] Source joined:  SSRC=0A9BB7D7
2026-09-26 12:26:22.008 -07:00 [INF] [OpenFreq.Common.RtpJitterBuffer] Initialized: buffer=150ms
2026-09-26 12:26:22.116 -07:00 [INF] [OpenFreqClient.Services.OpenFreqService] PTT end: gci-chaos (0c45ab17-b574-43bf-866b-a862eae4c8a1) on 280.500 MHz, released, game time 05:02:19
2026-09-26 12:26:22.158 -07:00 [INF] [OpenFreqClient.Services.OpenFreqService] RX 280.500 MHz from gci-chaos (0c45ab17-b574-43bf-866b-a862eae4c8a1), game time 05:02:19: -86.5 dBm, SNR 20.5 dB, FSPL 130.5 dB, terrain 0.0 dB, 285.5 km, tx 9147 m / rx 3627 m MSL
2026-09-26 12:26:23.252 -07:00 [INF] [OpenFreqClient.Services.OpenFreqService] PTT start: gci-chaos (0c45ab17-b574-43bf-866b-a862eae4c8a1) on 243.000 MHz, 3D, game time 05:02:20
2026-09-26 12:26:23.273 -07:00 [INF] [OpenFreq.Common.RtpJitterBuffer] Transmission gap detected (1158ms RTP delta), resetting jitter measurement
2026-09-26 12:26:23.339 -07:00 [INF] [OpenFreqClient.Services.OpenFreqService] PTT end: gci-chaos (0c45ab17-b574-43bf-866b-a862eae4c8a1) on 243.000 MHz, released, game time 05:02:20
2026-09-26 12:26:23.416 -07:00 [INF] [OpenFreqClient.Services.OpenFreqService] RX 243.000 MHz from gci-chaos (0c45ab17-b574-43bf-866b-a862eae4c8a1), game time 05:02:20: -85.3 dBm, SNR 21.7 dB, FSPL 129.3 dB, terrain 0.0 dB, 285.4 km, tx 9147 m / rx 3649 m MSL
2026-09-26 12:26:25.511 -07:00 [INF] [OpenFreqClient.Services.OpenFreqService] PTT start: Miner 1-1 (7c54ae18-74fa-45f3-b6a9-377a5574b95b) on 280.500 MHz, 3D, game time 05:02:22
2026-09-26 12:26:25.521 -07:00 [INF] [OpenFreq.Common.RtpJitterBuffer] Transmission gap detected (101590ms RTP delta), resetting jitter measurement
2026-09-26 12:26:25.580 -07:00 [INF] [OpenFreqClient.Services.OpenFreqService] RX 280.500 MHz from Miner 1-1 (7c54ae18-74fa-45f3-b6a9-377a5574b95b), game time 05:02:22: -28.4 dBm, SNR 78.6 dB, FSPL 68.4 dB, terrain 0.0 dB, 0.2 km, tx 3668 m / rx 3684 m MSL
2026-09-26 12:26:25.589 -07:00 [INF] [OpenFreqClient.Services.OpenFreqService] PTT end: Miner 1-1 (7c54ae18-74fa-45f3-b6a9-377a5574b95b) on 280.500 MHz, released, game time 05:02:23
2026-09-26 12:26:45.184 -07:00 [INF] [OpenFreqClient.Services.OpenFreqService] PTT start: gci-chaos (0c45ab17-b574-43bf-866b-a862eae4c8a1) on 243.000 MHz, 3D, game time 05:02:42
2026-09-26 12:26:45.198 -07:00 [INF] [OpenFreq.Common.RtpJitterBuffer] Transmission gap detected (21875ms RTP delta), resetting jitter measurement
2026-09-26 12:26:45.351 -07:00 [INF] [OpenFreqClient.Services.OpenFreqService] RX 243.000 MHz from gci-chaos (0c45ab17-b574-43bf-866b-a862eae4c8a1), game time 05:02:42: -80.7 dBm, SNR 26.3 dB, FSPL 124.7 dB, terrain 0.0 dB, 168.7 km, tx 9147 m / rx 4021 m MSL
2026-09-26 12:26:46.805 -07:00 [INF] [OpenFreqClient.Services.OpenFreqService] PTT end: gci-chaos (0c45ab17-b574-43bf-866b-a862eae4c8a1) on 243.000 MHz, released, game time 05:02:44
2026-09-26 12:26:51.022 -07:00 [INF] [OpenFreqAudio.RadioPlayback] Stream '3f84a2f2-686e-48ad-b954-22c69eeb3d83:243000' on 243.000 MHz
2026-09-26 12:27:22.292 -07:00 [INF] [OpenFreqClient.Services.OpenFreqService] PTT start: own radio on 140.550 MHz, game time 05:03:19
2026-09-26 12:27:24.005 -07:00 [INF] [OpenFreqClient.Services.OpenFreqService] PTT end: own radio on 140.550 MHz, game time 05:03:21
2026-09-26 12:27:24.017 -07:00 [INF] [OpenFreqClient.Services.OpenFreqService] TX level over 1720ms: mic peak -21.2 dBFS rms -38.3 dBFS | sent peak -0.1 dBFS rms -20.6 dBFS | normalizer on, gain 8.367, gate -66.6 dBFS
2026-09-26 12:27:24.959 -07:00 [INF] [OpenFreq.Common.RtpJitterBuffer] Transmission gap detected (76045ms RTP delta), resetting jitter measurement
2026-09-26 12:27:24.960 -07:00 [INF] [OpenFreqClient.Services.OpenFreqService] PTT start: Stevie (b28176fd-1fdc-4825-9c1c-0a6142dfc872) on 140.550 MHz, 3D, game time 05:03:22
2026-09-26 12:27:25.031 -07:00 [INF] [OpenFreqClient.Services.OpenFreqService] RX 140.550 MHz from Stevie (b28176fd-1fdc-4825-9c1c-0a6142dfc872), game time 05:03:22: -44.2 dBm, SNR 65.8 dB, FSPL 84.2 dB, terrain 0.0 dB, 2.7 km, tx 4171 m / rx 4507 m MSL
2026-09-26 12:27:25.370 -07:00 [INF] [OpenFreqClient.Services.OpenFreqService] PTT end: Stevie (b28176fd-1fdc-4825-9c1c-0a6142dfc872) on 140.550 MHz, released, game time 05:03:22
2026-09-26 12:27:27.081 -07:00 [INF] [OpenFreqClient.Services.OpenFreqService] PTT start: Stevie (b28176fd-1fdc-4825-9c1c-0a6142dfc872) on 140.550 MHz, 3D, game time 05:03:24
2026-09-26 12:27:27.101 -07:00 [INF] [OpenFreq.Common.RtpJitterBuffer] Transmission gap detected (1745ms RTP delta), resetting jitter measurement
2026-09-26 12:27:27.172 -07:00 [INF] [OpenFreqClient.Services.OpenFreqService] RX 140.550 MHz from Stevie (b28176fd-1fdc-4825-9c1c-0a6142dfc872), game time 05:03:24: -44.2 dBm, SNR 65.8 dB, FSPL 84.2 dB, terrain 0.0 dB, 2.7 km, tx 4195 m / rx 4534 m MSL
2026-09-26 12:27:27.256 -07:00 [WRN] [OpenFreqAudio.RadioPlayback] Stream b28176fd-1fdc-4825-9c1c-0a6142dfc872:140550 on 140.550 MHz had no samples for 9.7 ms
2026-09-26 12:27:27.885 -07:00 [INF] [OpenFreqClient.Services.OpenFreqService] PTT end: Stevie (b28176fd-1fdc-4825-9c1c-0a6142dfc872) on 140.550 MHz, released, game time 05:03:25
2026-09-26 12:27:49.391 -07:00 [INF] [OpenFreqClient.Services.OpenFreqService] PTT start: Falcon (58355e30-5857-4e01-882f-86b5f2200072) on 280.500 MHz, 3D, game time 05:03:46
2026-09-26 12:27:49.399 -07:00 [INF] [OpenFreq.Common.RtpJitterBufferPool] New RTP source: SSRC=3519F4B2
2026-09-26 12:27:49.399 -07:00 [INF] [OpenFreq.Common.RtpJitterBuffer] Manual buffer size: 150ms
2026-09-26 12:27:49.399 -07:00 [INF] [OpenFreq.Common.RtpAudioReceiver] Source joined:  SSRC=3519F4B2
2026-09-26 12:27:49.399 -07:00 [INF] [OpenFreq.Common.RtpJitterBuffer] Initialized: buffer=150ms
2026-09-26 12:27:49.549 -07:00 [INF] [OpenFreqClient.Services.OpenFreqService] RX 280.500 MHz from Falcon (58355e30-5857-4e01-882f-86b5f2200072), game time 05:03:47: -75.7 dBm, SNR 31.3 dB, FSPL 115.7 dB, terrain 0.0 dB, 52.0 km, tx 7397 m / rx 4821 m MSL
2026-09-26 12:27:52.051 -07:00 [INF] [OpenFreqClient.Services.OpenFreqService] PTT end: Falcon (58355e30-5857-4e01-882f-86b5f2200072) on 280.500 MHz, released, game time 05:03:49
2026-09-26 12:27:52.727 -07:00 [INF] [OpenFreqClient.Services.OpenFreqService] PTT start: gci-chaos (0c45ab17-b574-43bf-866b-a862eae4c8a1) on 280.500 MHz, 3D, game time 05:03:50
2026-09-26 12:27:52.755 -07:00 [INF] [OpenFreq.Common.RtpJitterBuffer] Transmission gap detected (65961ms RTP delta), resetting jitter measurement
2026-09-26 12:27:52.794 -07:00 [INF] [OpenFreqClient.Services.OpenFreqService] RX 280.500 MHz from gci-chaos (0c45ab17-b574-43bf-866b-a862eae4c8a1), game time 05:03:50: -81.2 dBm, SNR 25.8 dB, FSPL 125.2 dB, terrain 0.0 dB, 153.9 km, tx 9147 m / rx 4856 m MSL
2026-09-26 12:27:53.127 -07:00 [INF] [OpenFreqClient.Services.OpenFreqService] PTT end: gci-chaos (0c45ab17-b574-43bf-866b-a862eae4c8a1) on 280.500 MHz, released, game time 05:03:50
2026-09-26 12:27:59.863 -07:00 [INF] [OpenFreqClient.Services.OpenFreqService] PTT start: gci-chaos (0c45ab17-b574-43bf-866b-a862eae4c8a1) on 280.500 MHz, 3D, game time 05:03:57
2026-09-26 12:27:59.883 -07:00 [INF] [OpenFreq.Common.RtpJitterBuffer] Transmission gap detected (6758ms RTP delta), resetting jitter measurement
2026-09-26 12:27:59.927 -07:00 [INF] [OpenFreqClient.Services.OpenFreqService] RX 280.500 MHz from gci-chaos (0c45ab17-b574-43bf-866b-a862eae4c8a1), game time 05:03:57: -81.1 dBm, SNR 25.9 dB, FSPL 125.1 dB, terrain 0.0 dB, 152.3 km, tx 9147 m / rx 4931 m MSL
2026-09-26 12:28:00.103 -07:00 [INF] [OpenFreqClient.Services.OpenFreqService] PTT start: Polaris (86d6d8aa-64e3-4106-890a-252d3f93f28e) on 280.500 MHz, 3D, game time 05:03:57
2026-09-26 12:28:00.116 -07:00 [INF] [OpenFreq.Common.RtpJitterBuffer] Transmission gap detected (253150ms RTP delta), resetting jitter measurement
2026-09-26 12:28:00.155 -07:00 [INF] [OpenFreqClient.Services.OpenFreqService] RX 280.500 MHz from Polaris (86d6d8aa-64e3-4106-890a-252d3f93f28e), game time 05:03:57: -59.3 dBm, SNR 47.7 dB, FSPL 99.3 dB, terrain 0.0 dB, 7.9 km, tx 5623 m / rx 4933 m MSL
2026-09-26 12:28:00.629 -07:00 [INF] [OpenFreqClient.Services.OpenFreqService] PTT end: Polaris (86d6d8aa-64e3-4106-890a-252d3f93f28e) on 280.500 MHz, released, game time 05:03:58
2026-09-26 12:28:03.493 -07:00 [INF] [OpenFreqClient.Services.OpenFreqService] PTT end: gci-chaos (0c45ab17-b574-43bf-866b-a862eae4c8a1) on 280.500 MHz, released, game time 05:04:00
2026-09-26 12:28:12.166 -07:00 [INF] [OpenFreqClient.Services.OpenFreqService] PTT start: Polaris (86d6d8aa-64e3-4106-890a-252d3f93f28e) on 280.500 MHz, 3D, game time 05:04:09
2026-09-26 12:28:12.187 -07:00 [INF] [OpenFreq.Common.RtpJitterBuffer] Transmission gap detected (11564ms RTP delta), resetting jitter measurement
2026-09-26 12:28:12.218 -07:00 [INF] [OpenFreqClient.Services.OpenFreqService] RX 280.500 MHz from Polaris (86d6d8aa-64e3-4106-890a-252d3f93f28e), game time 05:04:09: -54.3 dBm, SNR 52.7 dB, FSPL 94.3 dB, terrain 0.0 dB, 4.4 km, tx 5624 m / rx 5061 m MSL
2026-09-26 12:28:13.063 -07:00 [INF] [OpenFreq.Common.RtpJitterBuffer] Late arrival (6ms past slot) — buffer 39→74ms
2026-09-26 12:28:13.957 -07:00 [INF] [OpenFreqClient.Services.OpenFreqService] PTT end: Polaris (86d6d8aa-64e3-4106-890a-252d3f93f28e) on 280.500 MHz, released, game time 05:04:11
2026-09-26 12:28:20.164 -07:00 [INF] [OpenFreqClient.Services.OpenFreqService] PTT start: own radio on 140.550 MHz, game time 05:04:17
2026-09-26 12:28:22.164 -07:00 [INF] [OpenFreqAudio.RadioPlayback] Stream 'c56f5c33-10e6-473d-96e0-90de94b49519:280500' on 280.500 MHz
2026-09-26 12:28:24.918 -07:00 [INF] [OpenFreqClient.Services.OpenFreqService] PTT start: Useless (2c7de423-e66c-4a70-a299-d21d207cd0ed) on 280.500 MHz, 3D, game time 05:04:22
2026-09-26 12:28:24.933 -07:00 [INF] [OpenFreq.Common.RtpJitterBufferPool] New RTP source: SSRC=5FC1A72A
2026-09-26 12:28:24.933 -07:00 [INF] [OpenFreq.Common.RtpJitterBuffer] Manual buffer size: 150ms
2026-09-26 12:28:24.933 -07:00 [INF] [OpenFreq.Common.RtpAudioReceiver] Source joined:  SSRC=5FC1A72A
2026-09-26 12:28:24.933 -07:00 [INF] [OpenFreq.Common.RtpJitterBuffer] Initialized: buffer=150ms
2026-09-26 12:28:25.084 -07:00 [INF] [OpenFreqClient.Services.OpenFreqService] RX 280.500 MHz from Useless (2c7de423-e66c-4a70-a299-d21d207cd0ed), game time 05:04:22: -71.3 dBm, SNR 35.7 dB, FSPL 111.3 dB, terrain 0.0 dB, 31.3 km, tx 5419 m / rx 5185 m MSL
2026-09-26 12:28:25.319 -07:00 [INF] [OpenFreqClient.Services.OpenFreqService] PTT end: own radio on 140.550 MHz, game time 05:04:22
2026-09-26 12:28:25.325 -07:00 [INF] [OpenFreqClient.Services.OpenFreqService] TX level over 5160ms: mic peak -19.8 dBFS rms -37.7 dBFS | sent peak -3.6 dBFS rms -22.4 dBFS | normalizer on, gain 5.386, gate -46.2 dBFS
2026-09-26 12:28:25.505 -07:00 [WRN] [OpenFreqAudio.RadioPlayback] Stream 2c7de423-e66c-4a70-a299-d21d207cd0ed:280500 on 280.500 MHz had no samples for 5.7 ms
2026-09-26 12:28:27.948 -07:00 [INF] [OpenFreqClient.Services.OpenFreqService] PTT end: Useless (2c7de423-e66c-4a70-a299-d21d207cd0ed) on 280.500 MHz, released, game time 05:04:25
2026-09-26 12:28:28.715 -07:00 [INF] [OpenFreqClient.Services.OpenFreqService] PTT start: gci-chaos (0c45ab17-b574-43bf-866b-a862eae4c8a1) on 280.500 MHz, 3D, game time 05:04:26
2026-09-26 12:28:28.730 -07:00 [INF] [OpenFreq.Common.RtpJitterBuffer] Transmission gap detected (25252ms RTP delta), resetting jitter measurement
2026-09-26 12:28:28.776 -07:00 [INF] [OpenFreqClient.Services.OpenFreqService] RX 280.500 MHz from gci-chaos (0c45ab17-b574-43bf-866b-a862eae4c8a1), game time 05:04:26: -80.7 dBm, SNR 26.3 dB, FSPL 124.7 dB, terrain 0.0 dB, 145.9 km, tx 9147 m / rx 5200 m MSL
2026-09-26 12:28:29.134 -07:00 [INF] [OpenFreqClient.Services.OpenFreqService] PTT end: gci-chaos (0c45ab17-b574-43bf-866b-a862eae4c8a1) on 280.500 MHz, released, game time 05:04:26
2026-09-26 12:28:31.239 -07:00 [INF] [OpenFreqClient.Services.OpenFreqService] PTT start: own radio on 280.500 MHz, game time 05:04:28
2026-09-26 12:28:33.398 -07:00 [INF] [OpenFreqClient.Services.OpenFreqService] PTT end: own radio on 280.500 MHz, game time 05:04:30
2026-09-26 12:28:33.406 -07:00 [INF] [OpenFreqClient.Services.OpenFreqService] TX level over 2160ms: mic peak -17.5 dBFS rms -34.3 dBFS | sent peak 0.0 dBFS rms -18.1 dBFS | normalizer on, gain 32.160, gate -81.6 dBFS
2026-09-26 12:28:36.153 -07:00 [INF] [OpenFreqClient.Services.OpenFreqService] PTT start: Alligator (f39dd749-39ff-4df4-bec7-f23cc154d1a8) on 280.500 MHz, 3D, game time 05:04:33
2026-09-26 12:28:36.159 -07:00 [INF] [OpenFreq.Common.RtpJitterBuffer] Transmission gap detected (163900ms RTP delta), resetting jitter measurement
2026-09-26 12:28:36.236 -07:00 [INF] [OpenFreqClient.Services.OpenFreqService] RX 280.500 MHz from Alligator (f39dd749-39ff-4df4-bec7-f23cc154d1a8), game time 05:04:33: -65.3 dBm, SNR 41.7 dB, FSPL 105.3 dB, terrain 0.0 dB, 15.7 km, tx 6282 m / rx 5218 m MSL
2026-09-26 12:28:38.358 -07:00 [INF] [OpenFreqClient.Services.OpenFreqService] PTT end: Alligator (f39dd749-39ff-4df4-bec7-f23cc154d1a8) on 280.500 MHz, released, game time 05:04:35
2026-09-26 12:28:40.487 -07:00 [INF] [OpenFreqClient.Services.OpenFreqService] PTT start: gci-chaos (0c45ab17-b574-43bf-866b-a862eae4c8a1) on 280.500 MHz, 3D, game time 05:04:37
2026-09-26 12:28:40.501 -07:00 [INF] [OpenFreq.Common.RtpJitterBuffer] Transmission gap detected (11410ms RTP delta), resetting jitter measurement
2026-09-26 12:28:40.548 -07:00 [INF] [OpenFreqClient.Services.OpenFreqService] RX 280.500 MHz from gci-chaos (0c45ab17-b574-43bf-866b-a862eae4c8a1), game time 05:04:37: -80.5 dBm, SNR 26.5 dB, FSPL 124.5 dB, terrain 0.0 dB, 143.0 km, tx 9147 m / rx 5215 m MSL
2026-09-26 12:28:40.574 -07:00 [WRN] [OpenFreqAudio.RadioPlayback] Stream 0c45ab17-b574-43bf-866b-a862eae4c8a1:280500 on 280.500 MHz had no samples for 9.0 ms
2026-09-26 12:28:40.847 -07:00 [INF] [OpenFreq.Common.RtpJitterBufferPool] Pruned stale source SSRC=017FD48D
2026-09-26 12:28:40.847 -07:00 [INF] [OpenFreq.Common.RtpAudioReceiver] Source expired: SSRC=017FD48D
2026-09-26 12:28:41.639 -07:00 [INF] [OpenFreqClient.Services.OpenFreqService] PTT end: gci-chaos (0c45ab17-b574-43bf-866b-a862eae4c8a1) on 280.500 MHz, released, game time 05:04:39
2026-09-26 12:28:47.751 -07:00 [INF] [OpenFreqClient.Services.OpenFreqService] PTT start: own radio on 280.500 MHz, game time 05:04:45
2026-09-26 12:28:49.815 -07:00 [INF] [OpenFreqClient.Services.OpenFreqService] PTT end: own radio on 280.500 MHz, game time 05:04:47
2026-09-26 12:28:49.825 -07:00 [INF] [OpenFreqClient.Services.OpenFreqService] TX level over 2070ms: mic peak -10.4 dBFS rms -24.9 dBFS | sent peak 0.0 dBFS rms -12.0 dBFS | normalizer on, gain 7.315, gate -95.0 dBFS
2026-09-26 12:28:52.002 -07:00 [INF] [OpenFreqClient.Services.OpenFreqService] PTT start: Krieger (c231414f-6549-4b18-9f0e-ef37b3ff8b2a) on 280.500 MHz, 3D, game time 05:04:49
2026-09-26 12:28:52.022 -07:00 [INF] [OpenFreq.Common.RtpJitterBuffer] Transmission gap detected (235570ms RTP delta), resetting jitter measurement
2026-09-26 12:28:52.022 -07:00 [INF] [OpenFreq.Common.RtpJitterBufferPool] Pruned stale source SSRC=0540A395
2026-09-26 12:28:52.022 -07:00 [INF] [OpenFreq.Common.RtpAudioReceiver] Source expired: SSRC=0540A395
2026-09-26 12:28:52.068 -07:00 [INF] [OpenFreqClient.Services.OpenFreqService] RX 280.500 MHz from Krieger (c231414f-6549-4b18-9f0e-ef37b3ff8b2a), game time 05:04:49: -62.7 dBm, SNR 44.3 dB, FSPL 102.7 dB, terrain 0.0 dB, 11.7 km, tx 5225 m / rx 5193 m MSL
2026-09-26 12:28:53.850 -07:00 [INF] [OpenFreqClient.Services.OpenFreqService] PTT end: Krieger (c231414f-6549-4b18-9f0e-ef37b3ff8b2a) on 280.500 MHz, released, game time 05:04:51
2026-09-26 12:28:54.759 -07:00 [INF] [OpenFreqClient.Services.OpenFreqService] PTT start: own radio on 280.500 MHz, game time 05:04:52
2026-09-26 12:28:56.215 -07:00 [INF] [OpenFreqClient.Services.OpenFreqService] PTT end: own radio on 280.500 MHz, game time 05:04:53
2026-09-26 12:28:56.225 -07:00 [INF] [OpenFreqClient.Services.OpenFreqService] TX level over 1460ms: mic peak -14.5 dBFS rms -31.9 dBFS | sent peak 0.0 dBFS rms -15.4 dBFS | normalizer on, gain 7.301, gate -93.1 dBFS
2026-09-26 12:29:00.493 -07:00 [INF] [OpenFreqClient.Services.OpenFreqService] PTT start: Krieger (c231414f-6549-4b18-9f0e-ef37b3ff8b2a) on 280.500 MHz, 3D, game time 05:04:57
2026-09-26 12:29:00.495 -07:00 [INF] [OpenFreq.Common.RtpJitterBuffer] Transmission gap detected (6661ms RTP delta), resetting jitter measurement
2026-09-26 12:29:00.553 -07:00 [INF] [OpenFreqClient.Services.OpenFreqService] RX 280.500 MHz from Krieger (c231414f-6549-4b18-9f0e-ef37b3ff8b2a), game time 05:04:57: -63.0 dBm, SNR 44.0 dB, FSPL 103.0 dB, terrain 0.0 dB, 12.0 km, tx 5280 m / rx 5187 m MSL
2026-09-26 12:29:02.550 -07:00 [INF] [OpenFreqClient.Services.OpenFreqService] PTT end: Krieger (c231414f-6549-4b18-9f0e-ef37b3ff8b2a) on 280.500 MHz, released, game time 05:04:59
2026-09-26 12:29:17.063 -07:00 [INF] [OpenFreqClient.ViewModels.ChannelCardListViewModel] "Radio1": 280500 → 339750 kHz, power on, joined
2026-09-26 12:29:17.127 -07:00 [INF] [OpenFreqAudio.RadioPlayback] Stream '48c829fa-694d-48c8-987a-a559eb15e8f5:339750' on 339.750 MHz
2026-09-26 12:29:17.127 -07:00 [INF] [OpenFreqAudio.RadioPlayback] Stream '58f02e35-0d8e-4c46-aa74-dce098883fa8:339750' on 339.750 MHz
2026-09-26 12:29:17.127 -07:00 [INF] [OpenFreqAudio.RadioPlayback] Stream '982e2bb0-182d-4217-bce2-d56d6e7b2782:339750' on 339.750 MHz
2026-09-26 12:29:17.127 -07:00 [INF] [OpenFreqAudio.RadioPlayback] Stream '7ebf02fc-ba84-466f-850d-2eeffc48b655:339750' on 339.750 MHz
2026-09-26 12:29:17.127 -07:00 [INF] [OpenFreqAudio.RadioPlayback] Stream '3f84a2f2-686e-48ad-b954-22c69eeb3d83:339750' on 339.750 MHz
2026-09-26 12:29:17.127 -07:00 [INF] [OpenFreqAudio.RadioPlayback] Stream 'e0977389-35b0-4d0f-997f-3c6be3e6f5f5:339750' on 339.750 MHz
2026-09-26 12:29:17.127 -07:00 [INF] [OpenFreqAudio.RadioPlayback] Stream 'f23a2329-cca9-4d8f-bdda-384ea4044d35:339750' on 339.750 MHz
2026-09-26 12:29:17.127 -07:00 [INF] [OpenFreqAudio.RadioPlayback] Stream '0c45ab17-b574-43bf-866b-a862eae4c8a1:339750' on 339.750 MHz
2026-09-26 12:29:25.896 -07:00 [INF] [OpenFreqClient.ViewModels.ChannelCardListViewModel] "Radio1": 339750 → 280500 kHz, power on, joined
2026-09-26 12:29:27.239 -07:00 [INF] [OpenFreqClient.ViewModels.ChannelCardListViewModel] "Radio1": 280500 → 339750 kHz, power on, joined
2026-09-26 12:29:28.877 -07:00 [INF] [OpenFreqClient.ViewModels.ChannelCardListViewModel] "Radio1": 339750 → 280500 kHz, power on, joined
2026-09-26 12:29:36.227 -07:00 [INF] [OpenFreqClient.Services.OpenFreqService] PTT start: own radio on 140.550 MHz, game time 05:05:33
2026-09-26 12:29:36.947 -07:00 [INF] [OpenFreqClient.Services.OpenFreqService] PTT end: own radio on 140.550 MHz, game time 05:05:34
2026-09-26 12:29:36.956 -07:00 [INF] [OpenFreqClient.Services.OpenFreqService] TX level over 720ms: mic peak -15.0 dBFS rms -31.9 dBFS | sent peak -0.0 dBFS rms -18.4 dBFS | normalizer on, gain 3.478, gate -39.2 dBFS
2026-09-26 12:29:45.047 -07:00 [INF] [OpenFreqClient.Services.OpenFreqService] PTT start: Stevie (b28176fd-1fdc-4825-9c1c-0a6142dfc872) on 140.550 MHz, 3D, game time 05:05:42
2026-09-26 12:29:45.068 -07:00 [INF] [OpenFreq.Common.RtpJitterBuffer] Transmission gap detected (137186ms RTP delta), resetting jitter measurement
2026-09-26 12:29:45.124 -07:00 [INF] [OpenFreqClient.Services.OpenFreqService] RX 140.550 MHz from Stevie (b28176fd-1fdc-4825-9c1c-0a6142dfc872), game time 05:05:42: -39.6 dBm, SNR 70.4 dB, FSPL 79.6 dB, terrain 0.0 dB, 1.6 km, tx 5121 m / rx 5334 m MSL
2026-09-26 12:29:47.089 -07:00 [INF] [OpenFreqClient.Services.OpenFreqService] PTT end: Stevie (b28176fd-1fdc-4825-9c1c-0a6142dfc872) on 140.550 MHz, released, game time 05:05:44
2026-09-26 12:29:51.553 -07:00 [INF] [OpenFreqClient.Services.OpenFreqService] PTT start: Stevie (b28176fd-1fdc-4825-9c1c-0a6142dfc872) on 140.550 MHz, 3D, game time 05:05:48
2026-09-26 12:29:51.568 -07:00 [INF] [OpenFreq.Common.RtpJitterBuffer] Transmission gap detected (4484ms RTP delta), resetting jitter measurement
2026-09-26 12:29:51.610 -07:00 [INF] [OpenFreqClient.Services.OpenFreqService] RX 140.550 MHz from Stevie (b28176fd-1fdc-4825-9c1c-0a6142dfc872), game time 05:05:49: -39.0 dBm, SNR 71.0 dB, FSPL 79.0 dB, terrain 0.0 dB, 1.5 km, tx 5173 m / rx 5368 m MSL
2026-09-26 12:29:53.922 -07:00 [INF] [OpenFreqClient.Services.OpenFreqService] PTT end: Stevie (b28176fd-1fdc-4825-9c1c-0a6142dfc872) on 140.550 MHz, released, game time 05:05:51
2026-09-26 12:29:58.969 -07:00 [INF] [OpenFreqClient.Services.OpenFreqService] PTT start: Miner 1-1 (7c54ae18-74fa-45f3-b6a9-377a5574b95b) on 140.550 MHz, 3D, game time 05:05:56
2026-09-26 12:29:58.992 -07:00 [INF] [OpenFreq.Common.RtpJitterBuffer] Transmission gap detected (213394ms RTP delta), resetting jitter measurement
2026-09-26 12:29:59.036 -07:00 [INF] [OpenFreqClient.Services.OpenFreqService] RX 140.550 MHz from Miner 1-1 (7c54ae18-74fa-45f3-b6a9-377a5574b95b), game time 05:05:56: -24.7 dBm, SNR 85.3 dB, FSPL 64.7 dB, terrain 0.0 dB, 0.3 km, tx 5373 m / rx 5405 m MSL
2026-09-26 12:29:59.508 -07:00 [WRN] [OpenFreqAudio.RadioPlayback] Stream 7c54ae18-74fa-45f3-b6a9-377a5574b95b:140550 on 140.550 MHz had no samples for 10.5 ms
2026-09-26 12:29:59.713 -07:00 [INF] [OpenFreqClient.Services.OpenFreqService] PTT end: Miner 1-1 (7c54ae18-74fa-45f3-b6a9-377a5574b95b) on 140.550 MHz, released, game time 05:05:57
2026-09-26 12:30:01.571 -07:00 [INF] [OpenFreqClient.Services.OpenFreqService] PTT start: own radio on 140.550 MHz, game time 05:05:58
2026-09-26 12:30:01.843 -07:00 [INF] [OpenFreqClient.Services.OpenFreqService] PTT end: own radio on 140.550 MHz, game time 05:05:59
2026-09-26 12:30:01.846 -07:00 [INF] [OpenFreqClient.Services.OpenFreqService] TX level over 270ms: mic peak -21.5 dBFS rms -37.6 dBFS | sent peak -5.6 dBFS rms -22.2 dBFS | normalizer on, gain 5.522, gate -55.6 dBFS
2026-09-26 12:30:02.711 -07:00 [INF] [OpenFreqClient.Services.OpenFreqService] PTT start: Miner 1-1 (7c54ae18-74fa-45f3-b6a9-377a5574b95b) on 140.550 MHz, 3D, game time 05:06:00
2026-09-26 12:30:02.741 -07:00 [INF] [OpenFreq.Common.RtpJitterBuffer] Transmission gap detected (3025ms RTP delta), resetting jitter measurement
2026-09-26 12:30:02.782 -07:00 [INF] [OpenFreqClient.Services.OpenFreqService] RX 140.550 MHz from Miner 1-1 (7c54ae18-74fa-45f3-b6a9-377a5574b95b), game time 05:06:00: -25.0 dBm, SNR 85.0 dB, FSPL 65.0 dB, terrain 0.0 dB, 0.3 km, tx 5389 m / rx 5425 m MSL
2026-09-26 12:30:03.563 -07:00 [INF] [OpenFreqClient.Services.OpenFreqService] PTT end: Miner 1-1 (7c54ae18-74fa-45f3-b6a9-377a5574b95b) on 140.550 MHz, released, game time 05:06:00
2026-09-26 12:30:09.031 -07:00 [INF] [OpenFreqClient.Services.OpenFreqService] PTT start: SkyFox (f8c742ac-257a-4450-aadc-59aa8b2f44b5) on 140.550 MHz, 3D, game time 05:06:06
2026-09-26 12:30:09.047 -07:00 [INF] [OpenFreq.Common.RtpJitterBuffer] Transmission gap detected (246405ms RTP delta), resetting jitter measurement
2026-09-26 12:30:09.086 -07:00 [INF] [OpenFreqClient.Services.OpenFreqService] RX 140.550 MHz from SkyFox (f8c742ac-257a-4450-aadc-59aa8b2f44b5), game time 05:06:06: -27.3 dBm, SNR 82.7 dB, FSPL 67.3 dB, terrain 0.0 dB, 0.4 km, tx 5357 m / rx 5458 m MSL
2026-09-26 12:30:10.806 -07:00 [INF] [OpenFreqClient.Services.OpenFreqService] PTT end: SkyFox (f8c742ac-257a-4450-aadc-59aa8b2f44b5) on 140.550 MHz, released, game time 05:06:08
2026-09-26 12:30:16.714 -07:00 [INF] [OpenFreqClient.Services.OpenFreqService] PTT start: Miner 1-1 (7c54ae18-74fa-45f3-b6a9-377a5574b95b) on 140.550 MHz, 3D, game time 05:06:14
2026-09-26 12:30:16.736 -07:00 [INF] [OpenFreq.Common.RtpJitterBuffer] Transmission gap detected (13179ms RTP delta), resetting jitter measurement
2026-09-26 12:30:16.782 -07:00 [INF] [OpenFreqClient.Services.OpenFreqService] RX 140.550 MHz from Miner 1-1 (7c54ae18-74fa-45f3-b6a9-377a5574b95b), game time 05:06:14: -26.4 dBm, SNR 83.6 dB, FSPL 66.4 dB, terrain 0.0 dB, 0.4 km, tx 5484 m / rx 5498 m MSL
2026-09-26 12:30:17.779 -07:00 [INF] [OpenFreqClient.Services.OpenFreqService] PTT end: Miner 1-1 (7c54ae18-74fa-45f3-b6a9-377a5574b95b) on 140.550 MHz, released, game time 05:06:15
2026-09-26 12:30:18.452 -07:00 [INF] [OpenFreqClient.Services.OpenFreqService] PTT start: Miner 1-1 (7c54ae18-74fa-45f3-b6a9-377a5574b95b) on 140.550 MHz, 3D, game time 05:06:15
2026-09-26 12:30:18.456 -07:00 [INF] [OpenFreq.Common.RtpJitterBuffer] Transmission gap detected (708ms RTP delta), resetting jitter measurement
2026-09-26 12:30:18.505 -07:00 [INF] [OpenFreqClient.Services.OpenFreqService] RX 140.550 MHz from Miner 1-1 (7c54ae18-74fa-45f3-b6a9-377a5574b95b), game time 05:06:16: -27.3 dBm, SNR 82.7 dB, FSPL 67.3 dB, terrain 0.0 dB, 0.4 km, tx 5487 m / rx 5507 m MSL
2026-09-26 12:30:19.369 -07:00 [INF] [OpenFreqClient.Services.OpenFreqService] PTT end: Miner 1-1 (7c54ae18-74fa-45f3-b6a9-377a5574b95b) on 140.550 MHz, released, game time 05:06:16
2026-09-26 12:30:20.020 -07:00 [INF] [OpenFreqClient.Services.OpenFreqService] PTT start: own radio on 140.550 MHz, game time 05:06:17
2026-09-26 12:30:21.284 -07:00 [INF] [OpenFreqClient.Services.OpenFreqService] PTT end: own radio on 140.550 MHz, game time 05:06:18
2026-09-26 12:30:21.287 -07:00 [INF] [OpenFreqClient.Services.OpenFreqService] TX level over 1260ms: mic peak -14.5 dBFS rms -32.2 dBFS | sent peak 0.0 dBFS rms -19.6 dBFS | normalizer on, gain 2.911, gate -61.9 dBFS
2026-09-26 12:30:25.822 -07:00 [INF] [OpenFreqClient.Services.OpenFreqService] PTT start: gci-chaos (0c45ab17-b574-43bf-866b-a862eae4c8a1) on 280.500 MHz, 3D, game time 05:06:23
2026-09-26 12:30:25.834 -07:00 [INF] [OpenFreq.Common.RtpJitterBuffer] Transmission gap detected (104216ms RTP delta), resetting jitter measurement
2026-09-26 12:30:25.880 -07:00 [INF] [OpenFreqClient.Services.OpenFreqService] RX 280.500 MHz from gci-chaos (0c45ab17-b574-43bf-866b-a862eae4c8a1), game time 05:06:23: -79.0 dBm, SNR 28.0 dB, FSPL 123.0 dB, terrain 0.0 dB, 120.5 km, tx 9147 m / rx 5547 m MSL
2026-09-26 12:30:27.957 -07:00 [INF] [OpenFreqClient.Services.OpenFreqService] PTT end: gci-chaos (0c45ab17-b574-43bf-866b-a862eae4c8a1) on 280.500 MHz, released, game time 05:06:25
2026-09-26 12:30:40.404 -07:00 [INF] [OpenFreqClient.ViewModels.ChannelCardListViewModel] "Radio1": 280500 → 339750 kHz, power on, joined
2026-09-26 12:30:57.423 -07:00 [INF] [OpenFreqClient.Services.OpenFreqService] PTT start: gci-chaos (0c45ab17-b574-43bf-866b-a862eae4c8a1) on 339.750 MHz, 3D, game time 05:06:54
2026-09-26 12:30:57.441 -07:00 [INF] [OpenFreq.Common.RtpJitterBuffer] Transmission gap detected (29466ms RTP delta), resetting jitter measurement
2026-09-26 12:30:57.442 -07:00 [INF] [OpenFreq.Common.RtpJitterBufferPool] Pruned stale source SSRC=2C22CB47
2026-09-26 12:30:57.442 -07:00 [INF] [OpenFreq.Common.RtpAudioReceiver] Source expired: SSRC=2C22CB47
2026-09-26 12:30:57.442 -07:00 [INF] [OpenFreq.Common.RtpJitterBufferPool] Pruned stale source SSRC=09A2575B
2026-09-26 12:30:57.442 -07:00 [INF] [OpenFreq.Common.RtpAudioReceiver] Source expired: SSRC=09A2575B
2026-09-26 12:30:57.458 -07:00 [INF] [OpenFreqClient.Services.OpenFreqService] RX 339.750 MHz from gci-chaos (0c45ab17-b574-43bf-866b-a862eae4c8a1), game time 05:06:54: -80.4 dBm, SNR 26.6 dB, FSPL 124.3 dB, terrain 0.0 dB, 115.7 km, tx 9147 m / rx 5734 m MSL
2026-09-26 12:30:57.870 -07:00 [WRN] [OpenFreqAudio.RadioPlayback] Stream 0c45ab17-b574-43bf-866b-a862eae4c8a1:339750 on 339.750 MHz had no samples for 10.5 ms
2026-09-26 12:30:59.933 -07:00 [INF] [OpenFreqClient.Services.OpenFreqService] PTT end: gci-chaos (0c45ab17-b574-43bf-866b-a862eae4c8a1) on 339.750 MHz, released, game time 05:06:57
2026-09-26 12:31:00.708 -07:00 [INF] [OpenFreqClient.Services.OpenFreqService] PTT start: Woody (e0977389-35b0-4d0f-997f-3c6be3e6f5f5) on 339.750 MHz, 3D, game time 05:06:58
2026-09-26 12:31:00.714 -07:00 [INF] [OpenFreq.Common.RtpJitterBufferPool] New RTP source: SSRC=365CD622
2026-09-26 12:31:00.714 -07:00 [INF] [OpenFreq.Common.RtpJitterBuffer] Manual buffer size: 150ms
2026-09-26 12:31:00.714 -07:00 [INF] [OpenFreq.Common.RtpAudioReceiver] Source joined:  SSRC=365CD622
2026-09-26 12:31:00.714 -07:00 [INF] [OpenFreq.Common.RtpJitterBuffer] Initialized: buffer=150ms
2026-09-26 12:31:00.865 -07:00 [INF] [OpenFreqClient.Services.OpenFreqService] RX 339.750 MHz from Woody (e0977389-35b0-4d0f-997f-3c6be3e6f5f5), game time 05:06:58: -79.1 dBm, SNR 27.9 dB, FSPL 119.1 dB, terrain 0.0 dB, 63.2 km, tx 13353 m / rx 5758 m MSL
2026-09-26 12:31:03.144 -07:00 [INF] [OpenFreq.Common.RtpJitterBufferPool] Pruned stale source SSRC=662ABEBC
2026-09-26 12:31:03.144 -07:00 [INF] [OpenFreq.Common.RtpAudioReceiver] Source expired: SSRC=662ABEBC
2026-09-26 12:31:03.905 -07:00 [INF] [OpenFreqClient.Services.OpenFreqService] PTT end: Woody (e0977389-35b0-4d0f-997f-3c6be3e6f5f5) on 339.750 MHz, released, game time 05:07:01
2026-09-26 12:31:05.209 -07:00 [INF] [OpenFreqClient.Services.OpenFreqService] PTT start: Starlight (7ebf02fc-ba84-466f-850d-2eeffc48b655) on 339.750 MHz, 3D, game time 05:07:02
2026-09-26 12:31:05.219 -07:00 [INF] [OpenFreq.Common.RtpJitterBufferPool] New RTP source: SSRC=7668AE7F
2026-09-26 12:31:05.220 -07:00 [INF] [OpenFreq.Common.RtpJitterBuffer] Manual buffer size: 150ms
2026-09-26 12:31:05.220 -07:00 [INF] [OpenFreq.Common.RtpAudioReceiver] Source joined:  SSRC=7668AE7F
2026-09-26 12:31:05.220 -07:00 [INF] [OpenFreq.Common.RtpJitterBuffer] Initialized: buffer=150ms
2026-09-26 12:31:05.370 -07:00 [INF] [OpenFreqClient.Services.OpenFreqService] RX 339.750 MHz from Starlight (7ebf02fc-ba84-466f-850d-2eeffc48b655), game time 05:07:02: -80.7 dBm, SNR 26.3 dB, FSPL 120.7 dB, terrain 0.0 dB, 76.4 km, tx 13207 m / rx 5790 m MSL
2026-09-26 12:31:07.558 -07:00 [INF] [OpenFreqClient.Services.OpenFreqService] PTT end: Starlight (7ebf02fc-ba84-466f-850d-2eeffc48b655) on 339.750 MHz, released, game time 05:07:04
2026-09-26 12:31:19.859 -07:00 [INF] [OpenFreqClient.Services.OpenFreqService] PTT start: own radio on 140.550 MHz, game time 05:07:17
2026-09-26 12:31:20.803 -07:00 [INF] [OpenFreqClient.Services.OpenFreqService] PTT end: own radio on 140.550 MHz, game time 05:07:18
2026-09-26 12:31:20.806 -07:00 [INF] [OpenFreqClient.Services.OpenFreqService] TX level over 940ms: mic peak -20.0 dBFS rms -37.8 dBFS | sent peak -4.2 dBFS rms -21.1 dBFS | normalizer on, gain 9.550, gate -62.3 dBFS
2026-09-26 12:31:26.118 -07:00 [INF] [OpenFreqClient.Services.OpenFreqService] PTT start: Rain (48c829fa-694d-48c8-987a-a559eb15e8f5) on 339.750 MHz, 3D, game time 05:07:23
2026-09-26 12:31:26.136 -07:00 [INF] [OpenFreq.Common.RtpJitterBufferPool] New RTP source: SSRC=056D8B17
2026-09-26 12:31:26.136 -07:00 [INF] [OpenFreq.Common.RtpJitterBuffer] Manual buffer size: 150ms
2026-09-26 12:31:26.136 -07:00 [INF] [OpenFreq.Common.RtpAudioReceiver] Source joined:  SSRC=056D8B17
2026-09-26 12:31:26.136 -07:00 [INF] [OpenFreq.Common.RtpJitterBuffer] Initialized: buffer=150ms
2026-09-26 12:31:26.287 -07:00 [INF] [OpenFreqClient.Services.OpenFreqService] RX 339.750 MHz from Rain (48c829fa-694d-48c8-987a-a559eb15e8f5), game time 05:07:23: -77.3 dBm, SNR 29.7 dB, FSPL 117.3 dB, terrain 0.0 dB, 51.5 km, tx 9281 m / rx 5935 m MSL
2026-09-26 12:31:27.699 -07:00 [WRN] [OpenFreqAudio.RadioPlayback] Stream 48c829fa-694d-48c8-987a-a559eb15e8f5:339750 on 339.750 MHz had no samples for 10.0 ms
2026-09-26 12:31:29.683 -07:00 [INF] [OpenFreqClient.Services.OpenFreqService] PTT end: Rain (48c829fa-694d-48c8-987a-a559eb15e8f5) on 339.750 MHz, released, game time 05:07:27
2026-09-26 12:31:31.347 -07:00 [INF] [OpenFreqClient.Services.OpenFreqService] PTT start: own radio on 140.550 MHz, game time 05:07:28
2026-09-26 12:31:33.796 -07:00 [INF] [OpenFreqClient.Services.OpenFreqService] PTT end: own radio on 140.550 MHz, game time 05:07:31
2026-09-26 12:31:33.806 -07:00 [INF] [OpenFreqClient.Services.OpenFreqService] TX level over 2450ms: mic peak -17.7 dBFS rms -36.4 dBFS | sent peak 0.0 dBFS rms -20.1 dBFS | normalizer on, gain 5.891, gate -75.4 dBFS
2026-09-26 12:31:34.739 -07:00 [INF] [OpenFreqClient.ViewModels.ChannelCardListViewModel] "Radio1": 339750 → 280500 kHz, power on, joined
2026-09-26 12:32:33.482 -07:00 [INF] [OpenFreqClient.Services.OpenFreqService] PTT start: Miner 1-1 (7c54ae18-74fa-45f3-b6a9-377a5574b95b) on 140.550 MHz, 3D, game time 05:08:30
2026-09-26 12:32:33.500 -07:00 [INF] [OpenFreq.Common.RtpJitterBuffer] Transmission gap detected (134126ms RTP delta), resetting jitter measurement
2026-09-26 12:32:33.528 -07:00 [INF] [OpenFreqClient.Services.OpenFreqService] RX 140.550 MHz from Miner 1-1 (7c54ae18-74fa-45f3-b6a9-377a5574b95b), game time 05:08:30: -30.6 dBm, SNR 79.4 dB, FSPL 70.6 dB, terrain 0.0 dB, 0.6 km, tx 6028 m / rx 6043 m MSL
2026-09-26 12:32:33.794 -07:00 [INF] [OpenFreqClient.Services.OpenFreqService] PTT end: Miner 1-1 (7c54ae18-74fa-45f3-b6a9-377a5574b95b) on 140.550 MHz, released, game time 05:08:31
2026-09-26 12:32:33.969 -07:00 [INF] [OpenFreqClient.Services.OpenFreqService] PTT start: Miner 1-1 (7c54ae18-74fa-45f3-b6a9-377a5574b95b) on 140.550 MHz, 3D, game time 05:08:31
2026-09-26 12:32:34.414 -07:00 [INF] [OpenFreqClient.Services.OpenFreqService] PTT end: Miner 1-1 (7c54ae18-74fa-45f3-b6a9-377a5574b95b) on 140.550 MHz, released, game time 05:08:31
2026-09-26 12:32:35.311 -07:00 [INF] [OpenFreqClient.Services.OpenFreqService] PTT start: Miner 1-1 (7c54ae18-74fa-45f3-b6a9-377a5574b95b) on 140.550 MHz, 3D, game time 05:08:32
2026-09-26 12:32:35.324 -07:00 [INF] [OpenFreq.Common.RtpJitterBuffer] Transmission gap detected (924ms RTP delta), resetting jitter measurement
2026-09-26 12:32:35.371 -07:00 [INF] [OpenFreqClient.Services.OpenFreqService] RX 140.550 MHz from Miner 1-1 (7c54ae18-74fa-45f3-b6a9-377a5574b95b), game time 05:08:32: -30.5 dBm, SNR 79.5 dB, FSPL 70.5 dB, terrain 0.0 dB, 0.6 km, tx 6029 m / rx 6045 m MSL
2026-09-26 12:32:35.654 -07:00 [INF] [OpenFreq.Common.RtpJitterBuffer] Late arrival (4ms past slot) — buffer 90→123ms
2026-09-26 12:32:35.908 -07:00 [INF] [OpenFreqClient.Services.OpenFreqService] PTT end: Miner 1-1 (7c54ae18-74fa-45f3-b6a9-377a5574b95b) on 140.550 MHz, released, game time 05:08:33
2026-09-26 12:32:37.348 -07:00 [INF] [OpenFreqClient.Services.OpenFreqService] PTT start: own radio on 140.550 MHz, game time 05:08:34
2026-09-26 12:32:38.211 -07:00 [INF] [OpenFreqClient.Services.OpenFreqService] PTT end: own radio on 140.550 MHz, game time 05:08:35
2026-09-26 12:32:38.216 -07:00 [INF] [OpenFreqClient.Services.OpenFreqService] TX level over 860ms: mic peak -22.3 dBFS rms -42.0 dBFS | sent peak -3.0 dBFS rms -23.8 dBFS | normalizer on, gain 9.249, gate -53.3 dBFS
2026-09-26 12:32:44.274 -07:00 [INF] [OpenFreqClient.Services.OpenFreqService] PTT start: Miner 1-1 (7c54ae18-74fa-45f3-b6a9-377a5574b95b) on 140.550 MHz, 3D, game time 05:08:41
2026-09-26 12:32:44.285 -07:00 [INF] [OpenFreq.Common.RtpJitterBuffer] Transmission gap detected (8402ms RTP delta), resetting jitter measurement
2026-09-26 12:32:44.354 -07:00 [INF] [OpenFreqClient.Services.OpenFreqService] RX 140.550 MHz from Miner 1-1 (7c54ae18-74fa-45f3-b6a9-377a5574b95b), game time 05:08:41: -29.4 dBm, SNR 80.6 dB, FSPL 69.4 dB, terrain 0.0 dB, 0.5 km, tx 6031 m / rx 6057 m MSL
2026-09-26 12:32:46.455 -07:00 [INF] [OpenFreqClient.Services.OpenFreqService] PTT end: Miner 1-1 (7c54ae18-74fa-45f3-b6a9-377a5574b95b) on 140.550 MHz, released, game time 05:08:43
2026-09-26 12:32:47.757 -07:00 [INF] [OpenFreqClient.Services.OpenFreqService] PTT start: own radio on 140.550 MHz, game time 05:08:45
2026-09-26 12:32:48.044 -07:00 [INF] [OpenFreqClient.Services.OpenFreqService] PTT end: own radio on 140.550 MHz, game time 05:08:45
2026-09-26 12:32:48.046 -07:00 [INF] [OpenFreqClient.Services.OpenFreqService] TX level over 280ms: mic peak -26.8 dBFS rms -43.8 dBFS | sent peak -5.7 dBFS rms -22.9 dBFS | normalizer on, gain 12.011, gate -57.6 dBFS
2026-09-26 12:32:58.161 -07:00 [INF] [OpenFreqClient.Services.OpenFreqService] PTT start: Krieger (c231414f-6549-4b18-9f0e-ef37b3ff8b2a) on 280.500 MHz, 3D, game time 05:08:55
2026-09-26 12:32:58.175 -07:00 [INF] [OpenFreq.Common.RtpJitterBuffer] Transmission gap detected (235634ms RTP delta), resetting jitter measurement
2026-09-26 12:32:58.175 -07:00 [INF] [OpenFreq.Common.RtpJitterBufferPool] Pruned stale source SSRC=3519F4B2
2026-09-26 12:32:58.175 -07:00 [INF] [OpenFreq.Common.RtpAudioReceiver] Source expired: SSRC=3519F4B2
2026-09-26 12:32:58.208 -07:00 [INF] [OpenFreqClient.Services.OpenFreqService] RX 280.500 MHz from Krieger (c231414f-6549-4b18-9f0e-ef37b3ff8b2a), game time 05:08:55: -68.5 dBm, SNR 38.5 dB, FSPL 108.5 dB, terrain 0.0 dB, 22.7 km, tx 6322 m / rx 6076 m MSL
2026-09-26 12:32:58.938 -07:00 [INF] [OpenFreqClient.Services.OpenFreqService] PTT end: Krieger (c231414f-6549-4b18-9f0e-ef37b3ff8b2a) on 280.500 MHz, released, game time 05:08:56
2026-09-26 12:33:01.132 -07:00 [INF] [OpenFreqClient.Services.OpenFreqService] PTT start: own radio on 280.500 MHz, game time 05:08:58
2026-09-26 12:33:01.532 -07:00 [INF] [OpenFreqClient.Services.OpenFreqService] PTT end: own radio on 280.500 MHz, game time 05:08:58
2026-09-26 12:33:01.537 -07:00 [INF] [OpenFreqClient.Services.OpenFreqService] TX level over 400ms: mic peak -15.4 dBFS rms -29.8 dBFS | sent peak 0.0 dBFS rms -12.4 dBFS | normalizer on, gain 3.153, gate -61.0 dBFS
2026-09-26 12:33:01.741 -07:00 [INF] [OpenFreq.Common.RtpJitterBuffer] Transmission gap detected (187795ms RTP delta), resetting jitter measurement
2026-09-26 12:33:01.741 -07:00 [INF] [OpenFreqClient.Services.OpenFreqService] PTT start: Stevie (b28176fd-1fdc-4825-9c1c-0a6142dfc872) on 140.550 MHz, 3D, game time 05:08:59
2026-09-26 12:33:01.748 -07:00 [INF] [OpenFreqClient.Services.OpenFreqService] RX 140.550 MHz from Stevie (b28176fd-1fdc-4825-9c1c-0a6142dfc872), game time 05:08:59: -41.2 dBm, SNR 68.8 dB, FSPL 81.2 dB, terrain 0.0 dB, 2.0 km, tx 5771 m / rx 6073 m MSL
2026-09-26 12:33:01.972 -07:00 [WRN] [OpenFreqAudio.RadioPlayback] Stream b28176fd-1fdc-4825-9c1c-0a6142dfc872:140550 on 140.550 MHz had no samples for 9.8 ms
2026-09-26 12:33:02.010 -07:00 [INF] [OpenFreqClient.Services.OpenFreqService] PTT end: Stevie (b28176fd-1fdc-4825-9c1c-0a6142dfc872) on 140.550 MHz, released, game time 05:08:59
2026-09-26 12:33:02.476 -07:00 [INF] [OpenFreqClient.Services.OpenFreqService] PTT start: Stevie (b28176fd-1fdc-4825-9c1c-0a6142dfc872) on 140.550 MHz, 3D, game time 05:08:59
2026-09-26 12:33:03.965 -07:00 [INF] [OpenFreqClient.Services.OpenFreqService] PTT end: Stevie (b28176fd-1fdc-4825-9c1c-0a6142dfc872) on 140.550 MHz, released, game time 05:09:01
2026-09-26 12:33:04.495 -07:00 [INF] [OpenFreqClient.Services.OpenFreqService] PTT start: Krieger (c231414f-6549-4b18-9f0e-ef37b3ff8b2a) on 280.500 MHz, 3D, game time 05:09:01
2026-09-26 12:33:04.517 -07:00 [INF] [OpenFreq.Common.RtpJitterBuffer] Transmission gap detected (5576ms RTP delta), resetting jitter measurement
2026-09-26 12:33:04.544 -07:00 [INF] [OpenFreqClient.Services.OpenFreqService] RX 280.500 MHz from Krieger (c231414f-6549-4b18-9f0e-ef37b3ff8b2a), game time 05:09:01: -68.5 dBm, SNR 38.5 dB, FSPL 108.5 dB, terrain 0.0 dB, 22.5 km, tx 6358 m / rx 6070 m MSL
2026-09-26 12:33:08.385 -07:00 [INF] [OpenFreqClient.Services.OpenFreqService] PTT end: Krieger (c231414f-6549-4b18-9f0e-ef37b3ff8b2a) on 280.500 MHz, released, game time 05:09:05
2026-09-26 12:33:10.060 -07:00 [INF] [OpenFreqClient.Services.OpenFreqService] PTT start: own radio on 280.500 MHz, game time 05:09:07
2026-09-26 12:33:11.314 -07:00 [INF] [OpenFreqAudio.RadioPlayback] Stream 'c220f187-a6fa-4848-ac66-ff0dd03f1bde:280500' on 280.500 MHz
2026-09-26 12:33:11.421 -07:00 [INF] [OpenFreqClient.Services.OpenFreqService] PTT end: own radio on 280.500 MHz, game time 05:09:08
2026-09-26 12:33:11.427 -07:00 [INF] [OpenFreqClient.Services.OpenFreqService] TX level over 1360ms: mic peak -9.7 dBFS rms -26.9 dBFS | sent peak 0.0 dBFS rms -18.9 dBFS | normalizer on, gain 3.284, gate -77.2 dBFS
2026-09-26 12:33:13.216 -07:00 [INF] [OpenFreqClient.Services.OpenFreqService] PTT start: Krieger (c231414f-6549-4b18-9f0e-ef37b3ff8b2a) on 280.500 MHz, 3D, game time 05:09:10
2026-09-26 12:33:13.231 -07:00 [INF] [OpenFreq.Common.RtpJitterBuffer] Transmission gap detected (4863ms RTP delta), resetting jitter measurement
2026-09-26 12:33:13.273 -07:00 [INF] [OpenFreqClient.Services.OpenFreqService] RX 280.500 MHz from Krieger (c231414f-6549-4b18-9f0e-ef37b3ff8b2a), game time 05:09:10: -68.4 dBm, SNR 38.6 dB, FSPL 108.4 dB, terrain 0.0 dB, 22.4 km, tx 6406 m / rx 6076 m MSL
2026-09-26 12:33:13.803 -07:00 [WRN] [OpenFreqAudio.RadioPlayback] Stream c231414f-6549-4b18-9f0e-ef37b3ff8b2a:280500 on 280.500 MHz had no samples for 10.0 ms
2026-09-26 12:33:13.953 -07:00 [INF] [OpenFreq.Common.RtpJitterBufferPool] Pruned stale source SSRC=6685BCEA
2026-09-26 12:33:13.953 -07:00 [INF] [OpenFreq.Common.RtpAudioReceiver] Source expired: SSRC=6685BCEA
2026-09-26 12:33:18.696 -07:00 [INF] [OpenFreq.Common.RtpJitterBuffer] Late arrival (3ms past slot) — buffer 31→64ms
2026-09-26 12:33:19.144 -07:00 [INF] [OpenFreqClient.Services.OpenFreqService] PTT end: Krieger (c231414f-6549-4b18-9f0e-ef37b3ff8b2a) on 280.500 MHz, released, game time 05:09:16
2026-09-26 12:33:20.690 -07:00 [INF] [OpenFreqClient.Services.OpenFreqService] PTT start: own radio on 140.550 MHz, game time 05:09:18
2026-09-26 12:33:21.457 -07:00 [INF] [OpenFreqClient.Services.OpenFreqService] PTT end: own radio on 140.550 MHz, game time 05:09:18
2026-09-26 12:33:21.467 -07:00 [INF] [OpenFreqClient.Services.OpenFreqService] TX level over 770ms: mic peak -20.6 dBFS rms -36.4 dBFS | sent peak -6.0 dBFS rms -20.9 dBFS | normalizer on, gain 4.979, gate -80.0 dBFS
2026-09-26 12:33:22.146 -07:00 [INF] [OpenFreqClient.Services.OpenFreqService] PTT start: own radio on 280.500 MHz, game time 05:09:19
2026-09-26 12:33:22.881 -07:00 [INF] [OpenFreqClient.Services.OpenFreqService] PTT end: own radio on 280.500 MHz, game time 05:09:20
2026-09-26 12:33:22.887 -07:00 [INF] [OpenFreqClient.Services.OpenFreqService] TX level over 740ms: mic peak -16.6 dBFS rms -34.5 dBFS | sent peak -2.3 dBFS rms -19.7 dBFS | normalizer on, gain 5.484, gate -62.3 dBFS
2026-09-26 12:33:25.320 -07:00 [INF] [OpenFreqClient.Services.OpenFreqService] PTT start: gci-chaos (0c45ab17-b574-43bf-866b-a862eae4c8a1) on 280.500 MHz, 3D, game time 05:09:22
2026-09-26 12:33:25.341 -07:00 [INF] [OpenFreq.Common.RtpJitterBuffer] Transmission gap detected (145412ms RTP delta), resetting jitter measurement
2026-09-26 12:33:25.375 -07:00 [INF] [OpenFreqClient.Services.OpenFreqService] RX 280.500 MHz from gci-chaos (0c45ab17-b574-43bf-866b-a862eae4c8a1), game time 05:09:22: -76.2 dBm, SNR 30.8 dB, FSPL 120.2 dB, terrain 0.0 dB, 87.3 km, tx 9147 m / rx 6089 m MSL
2026-09-26 12:33:25.879 -07:00 [INF] [OpenFreqClient.Services.OpenFreqService] PTT start: Stevie (b28176fd-1fdc-4825-9c1c-0a6142dfc872) on 140.550 MHz, 3D, game time 05:09:23
2026-09-26 12:33:25.892 -07:00 [INF] [OpenFreq.Common.RtpJitterBuffer] Transmission gap detected (21940ms RTP delta), resetting jitter measurement
2026-09-26 12:33:25.935 -07:00 [INF] [OpenFreqClient.Services.OpenFreqService] RX 140.550 MHz from Stevie (b28176fd-1fdc-4825-9c1c-0a6142dfc872), game time 05:09:23: -40.0 dBm, SNR 70.0 dB, FSPL 80.0 dB, terrain 0.0 dB, 1.7 km, tx 6002 m / rx 6090 m MSL
2026-09-26 12:33:26.908 -07:00 [INF] [OpenFreqClient.Services.OpenFreqService] PTT end: Stevie (b28176fd-1fdc-4825-9c1c-0a6142dfc872) on 140.550 MHz, released, game time 05:09:24
2026-09-26 12:33:27.934 -07:00 [INF] [OpenFreq.Common.RtpJitterBufferPool] Pruned stale source SSRC=5FC1A72A
2026-09-26 12:33:27.934 -07:00 [INF] [OpenFreq.Common.RtpAudioReceiver] Source expired: SSRC=5FC1A72A
2026-09-26 12:33:28.909 -07:00 [INF] [OpenFreqClient.Services.OpenFreqService] PTT end: gci-chaos (0c45ab17-b574-43bf-866b-a862eae4c8a1) on 280.500 MHz, released, game time 05:09:26
2026-09-26 12:33:34.204 -07:00 [INF] [OpenFreqClient.Services.OpenFreqService] PTT start: own radio on 280.500 MHz, game time 05:09:31
2026-09-26 12:33:36.075 -07:00 [INF] [OpenFreqClient.Services.OpenFreqService] PTT end: own radio on 280.500 MHz, game time 05:09:33
2026-09-26 12:33:36.078 -07:00 [INF] [OpenFreqClient.Services.OpenFreqService] TX level over 1870ms: mic peak -14.5 dBFS rms -35.6 dBFS | sent peak 0.0 dBFS rms -19.5 dBFS | normalizer on, gain 23.862, gate -80.5 dBFS
2026-09-26 12:34:00.727 -07:00 [INF] [OpenFreqClient.Services.OpenFreqService] PTT start: Miner 1-1 (7c54ae18-74fa-45f3-b6a9-377a5574b95b) on 140.550 MHz, 3D, game time 05:09:58
2026-09-26 12:34:00.740 -07:00 [INF] [OpenFreq.Common.RtpJitterBuffer] Transmission gap detected (74287ms RTP delta), resetting jitter measurement
2026-09-26 12:34:00.740 -07:00 [INF] [OpenFreq.Common.RtpJitterBufferPool] Pruned stale source SSRC=407FFF3F
2026-09-26 12:34:00.740 -07:00 [INF] [OpenFreq.Common.RtpAudioReceiver] Source expired: SSRC=407FFF3F
2026-09-26 12:34:00.781 -07:00 [INF] [OpenFreqClient.Services.OpenFreqService] RX 140.550 MHz from Miner 1-1 (7c54ae18-74fa-45f3-b6a9-377a5574b95b), game time 05:09:58: -17.6 dBm, SNR 92.4 dB, FSPL 57.6 dB, terrain 0.0 dB, 0.1 km, tx 6026 m / rx 6041 m MSL
2026-09-26 12:34:01.789 -07:00 [INF] [OpenFreq.Common.RtpJitterBuffer] Late arrival (9ms past slot) — buffer 91→130ms
2026-09-26 12:34:01.864 -07:00 [INF] [OpenFreqClient.Services.OpenFreqService] PTT end: Miner 1-1 (7c54ae18-74fa-45f3-b6a9-377a5574b95b) on 140.550 MHz, released, game time 05:09:59
2026-09-26 12:34:03.827 -07:00 [INF] [OpenFreqClient.Services.OpenFreqService] PTT start: Stevie (b28176fd-1fdc-4825-9c1c-0a6142dfc872) on 140.550 MHz, 3D, game time 05:10:01
2026-09-26 12:34:03.846 -07:00 [INF] [OpenFreq.Common.RtpJitterBuffer] Transmission gap detected (36952ms RTP delta), resetting jitter measurement
2026-09-26 12:34:03.884 -07:00 [INF] [OpenFreqClient.Services.OpenFreqService] RX 140.550 MHz from Stevie (b28176fd-1fdc-4825-9c1c-0a6142dfc872), game time 05:10:01: -36.3 dBm, SNR 73.7 dB, FSPL 76.3 dB, terrain 0.0 dB, 1.1 km, tx 5931 m / rx 6034 m MSL
2026-09-26 12:34:03.914 -07:00 [WRN] [OpenFreqAudio.RadioPlayback] Stream b28176fd-1fdc-4825-9c1c-0a6142dfc872:140550 on 140.550 MHz had no samples for 10.5 ms
2026-09-26 12:34:04.057 -07:00 [INF] [OpenFreqClient.Services.OpenFreqService] PTT end: Stevie (b28176fd-1fdc-4825-9c1c-0a6142dfc872) on 140.550 MHz, released, game time 05:10:01
2026-09-26 12:34:05.047 -07:00 [INF] [OpenFreqClient.Services.OpenFreqService] PTT start: Miner 1-1 (7c54ae18-74fa-45f3-b6a9-377a5574b95b) on 140.550 MHz, 3D, game time 05:10:02
2026-09-26 12:34:05.064 -07:00 [INF] [OpenFreq.Common.RtpJitterBuffer] Transmission gap detected (3201ms RTP delta), resetting jitter measurement
2026-09-26 12:34:05.135 -07:00 [INF] [OpenFreqClient.Services.OpenFreqService] RX 140.550 MHz from Miner 1-1 (7c54ae18-74fa-45f3-b6a9-377a5574b95b), game time 05:10:02: -17.8 dBm, SNR 92.2 dB, FSPL 57.8 dB, terrain 0.0 dB, 0.1 km, tx 6020 m / rx 6032 m MSL
2026-09-26 12:34:05.659 -07:00 [INF] [OpenFreqClient.Services.OpenFreqService] PTT end: Miner 1-1 (7c54ae18-74fa-45f3-b6a9-377a5574b95b) on 140.550 MHz, released, game time 05:10:03
2026-09-26 12:34:14.211 -07:00 [INF] [OpenFreqClient.Services.OpenFreqService] PTT start: Stevie (b28176fd-1fdc-4825-9c1c-0a6142dfc872) on 140.550 MHz, 3D, game time 05:10:11
2026-09-26 12:34:14.233 -07:00 [INF] [OpenFreq.Common.RtpJitterBuffer] Transmission gap detected (10184ms RTP delta), resetting jitter measurement
2026-09-26 12:34:14.271 -07:00 [INF] [OpenFreqClient.Services.OpenFreqService] RX 140.550 MHz from Stevie (b28176fd-1fdc-4825-9c1c-0a6142dfc872), game time 05:10:11: -34.5 dBm, SNR 75.5 dB, FSPL 74.5 dB, terrain 0.0 dB, 0.9 km, tx 5927 m / rx 6041 m MSL
2026-09-26 12:34:15.868 -07:00 [INF] [OpenFreq.Common.RtpJitterBuffer] Late arrival (18ms past slot) — buffer 53→101ms
2026-09-26 12:34:16.036 -07:00 [INF] [OpenFreqClient.Services.OpenFreqService] PTT end: Stevie (b28176fd-1fdc-4825-9c1c-0a6142dfc872) on 140.550 MHz, released, game time 05:10:13
2026-09-26 12:34:17.250 -07:00 [INF] [OpenFreqClient.Services.OpenFreqService] PTT start: Miner 1-1 (7c54ae18-74fa-45f3-b6a9-377a5574b95b) on 140.550 MHz, 3D, game time 05:10:14
2026-09-26 12:34:17.250 -07:00 [INF] [OpenFreq.Common.RtpJitterBuffer] Transmission gap detected (11611ms RTP delta), resetting jitter measurement
2026-09-26 12:34:17.310 -07:00 [INF] [OpenFreqClient.Services.OpenFreqService] RX 140.550 MHz from Miner 1-1 (7c54ae18-74fa-45f3-b6a9-377a5574b95b), game time 05:10:14: -18.2 dBm, SNR 91.8 dB, FSPL 58.2 dB, terrain 0.0 dB, 0.1 km, tx 6029 m / rx 6039 m MSL
2026-09-26 12:34:18.440 -07:00 [INF] [OpenFreqClient.Services.OpenFreqService] PTT end: Miner 1-1 (7c54ae18-74fa-45f3-b6a9-377a5574b95b) on 140.550 MHz, released, game time 05:10:15
2026-09-26 12:34:19.287 -07:00 [INF] [OpenFreqClient.Services.OpenFreqService] PTT start: Alligator (f39dd749-39ff-4df4-bec7-f23cc154d1a8) on 280.500 MHz, 3D, game time 05:10:16
2026-09-26 12:34:19.308 -07:00 [INF] [OpenFreq.Common.RtpJitterBufferPool] New RTP source: SSRC=407FFF3F
2026-09-26 12:34:19.308 -07:00 [INF] [OpenFreq.Common.RtpJitterBuffer] Manual buffer size: 150ms
2026-09-26 12:34:19.308 -07:00 [INF] [OpenFreq.Common.RtpAudioReceiver] Source joined:  SSRC=407FFF3F
2026-09-26 12:34:19.308 -07:00 [INF] [OpenFreq.Common.RtpJitterBuffer] Initialized: buffer=150ms
2026-09-26 12:34:19.459 -07:00 [INF] [OpenFreqClient.Services.OpenFreqService] RX 280.500 MHz from Alligator (f39dd749-39ff-4df4-bec7-f23cc154d1a8), game time 05:10:16: -79.2 dBm, SNR 27.8 dB, FSPL 119.2 dB, terrain 0.0 dB, 77.3 km, tx 6278 m / rx 6033 m MSL
2026-09-26 12:34:20.956 -07:00 [INF] [OpenFreqClient.Services.OpenFreqService] PTT start: Stevie (b28176fd-1fdc-4825-9c1c-0a6142dfc872) on 140.550 MHz, 3D, game time 05:10:18
2026-09-26 12:34:20.968 -07:00 [INF] [OpenFreq.Common.RtpJitterBuffer] Transmission gap detected (4936ms RTP delta), resetting jitter measurement
2026-09-26 12:34:21.043 -07:00 [INF] [OpenFreqClient.Services.OpenFreqService] RX 140.550 MHz from Stevie (b28176fd-1fdc-4825-9c1c-0a6142dfc872), game time 05:10:18: -34.4 dBm, SNR 75.6 dB, FSPL 74.4 dB, terrain 0.0 dB, 0.9 km, tx 5919 m / rx 6027 m MSL
2026-09-26 12:34:21.114 -07:00 [WRN] [OpenFreqAudio.RadioPlayback] Stream b28176fd-1fdc-4825-9c1c-0a6142dfc872:140550 on 140.550 MHz had no samples for 11.0 ms
2026-09-26 12:34:21.210 -07:00 [INF] [OpenFreqClient.Services.OpenFreqService] PTT end: Alligator (f39dd749-39ff-4df4-bec7-f23cc154d1a8) on 280.500 MHz, released, game time 05:10:18
2026-09-26 12:34:22.372 -07:00 [INF] [OpenFreqClient.Services.OpenFreqService] PTT end: Stevie (b28176fd-1fdc-4825-9c1c-0a6142dfc872) on 140.550 MHz, released, game time 05:10:19
2026-09-26 12:34:23.713 -07:00 [INF] [OpenFreqClient.Services.OpenFreqService] PTT start: own radio on 140.550 MHz, game time 05:10:21
2026-09-26 12:34:24.090 -07:00 [INF] [OpenFreqClient.Services.OpenFreqService] PTT start: Miner 1-1 (7c54ae18-74fa-45f3-b6a9-377a5574b95b) on 140.550 MHz, 3D, game time 05:10:21
2026-09-26 12:34:24.103 -07:00 [INF] [OpenFreq.Common.RtpJitterBuffer] Transmission gap detected (5668ms RTP delta), resetting jitter measurement
2026-09-26 12:34:26.447 -07:00 [INF] [OpenFreqClient.Services.OpenFreqService] PTT end: Miner 1-1 (7c54ae18-74fa-45f3-b6a9-377a5574b95b) on 140.550 MHz, released, game time 05:10:23
2026-09-26 12:34:26.465 -07:00 [INF] [OpenFreqClient.Services.OpenFreqService] PTT end: own radio on 140.550 MHz, game time 05:10:23
2026-09-26 12:34:26.467 -07:00 [INF] [OpenFreqClient.Services.OpenFreqService] TX level over 2750ms: mic peak -12.9 dBFS rms -29.2 dBFS | sent peak 0.0 dBFS rms -16.7 dBFS | normalizer on, gain 130.246, gate -94.6 dBFS
2026-09-26 12:34:26.485 -07:00 [INF] [OpenFreqClient.Services.OpenFreqService] RX 140.550 MHz from Unnamed (7c54ae18-74fa-45f3-b6a9-377a5574b95b), game time 05:10:23: -18.6 dBm, SNR 91.4 dB, FSPL 58.6 dB, terrain 0.0 dB, 0.1 km, tx 5993 m / rx 6012 m MSL
2026-09-26 12:34:27.722 -07:00 [INF] [OpenFreqClient.Services.OpenFreqService] PTT start: Miner 1-1 (7c54ae18-74fa-45f3-b6a9-377a5574b95b) on 140.550 MHz, 3D, game time 05:10:25
2026-09-26 12:34:27.732 -07:00 [INF] [OpenFreq.Common.RtpJitterBuffer] Transmission gap detected (1313ms RTP delta), resetting jitter measurement
2026-09-26 12:34:27.788 -07:00 [INF] [OpenFreqClient.Services.OpenFreqService] RX 140.550 MHz from Miner 1-1 (7c54ae18-74fa-45f3-b6a9-377a5574b95b), game time 05:10:25: -18.8 dBm, SNR 91.2 dB, FSPL 58.8 dB, terrain 0.0 dB, 0.1 km, tx 5989 m / rx 6012 m MSL
2026-09-26 12:34:30.040 -07:00 [INF] [OpenFreqClient.Services.OpenFreqService] PTT end: Miner 1-1 (7c54ae18-74fa-45f3-b6a9-377a5574b95b) on 140.550 MHz, released, game time 05:10:27
2026-09-26 12:34:30.690 -07:00 [INF] [OpenFreqClient.Services.OpenFreqService] PTT start: own radio on 140.550 MHz, game time 05:10:28
2026-09-26 12:34:33.306 -07:00 [INF] [OpenFreqAudio.RadioPlayback] Stream 'c220f187-a6fa-4848-ac66-ff0dd03f1bde:280500' on 280.500 MHz
2026-09-26 12:34:33.520 -07:00 [INF] [OpenFreqClient.Services.OpenFreqService] PTT end: own radio on 140.550 MHz, game time 05:10:31
2026-09-26 12:34:33.528 -07:00 [INF] [OpenFreqClient.Services.OpenFreqService] TX level over 2830ms: mic peak -6.7 dBFS rms -26.6 dBFS | sent peak 0.0 dBFS rms -13.2 dBFS | normalizer on, gain 76.903, gate -80.4 dBFS
2026-09-26 12:34:34.667 -07:00 [INF] [OpenFreqClient.Services.OpenFreqService] PTT start: Miner 1-1 (7c54ae18-74fa-45f3-b6a9-377a5574b95b) on 140.550 MHz, 3D, game time 05:10:32
2026-09-26 12:34:34.684 -07:00 [INF] [OpenFreq.Common.RtpJitterBuffer] Transmission gap detected (4644ms RTP delta), resetting jitter measurement
2026-09-26 12:34:34.722 -07:00 [INF] [OpenFreqClient.Services.OpenFreqService] RX 140.550 MHz from Miner 1-1 (7c54ae18-74fa-45f3-b6a9-377a5574b95b), game time 05:10:32: -17.8 dBm, SNR 92.2 dB, FSPL 57.8 dB, terrain 0.0 dB, 0.1 km, tx 5987 m / rx 6021 m MSL
2026-09-26 12:34:34.882 -07:00 [INF] [OpenFreq.Common.RtpJitterBuffer] Late arrival (0ms past slot) — buffer 96→126ms
2026-09-26 12:34:35.197 -07:00 [INF] [OpenFreqClient.Services.OpenFreqService] PTT end: Miner 1-1 (7c54ae18-74fa-45f3-b6a9-377a5574b95b) on 140.550 MHz, released, game time 05:10:32
2026-09-26 12:34:38.130 -07:00 [INF] [OpenFreqClient.Services.OpenFreqService] PTT start: gci-chaos (0c45ab17-b574-43bf-866b-a862eae4c8a1) on 280.500 MHz, 3D, game time 05:10:35
2026-09-26 12:34:38.140 -07:00 [INF] [OpenFreq.Common.RtpJitterBuffer] Transmission gap detected (69251ms RTP delta), resetting jitter measurement
2026-09-26 12:34:38.190 -07:00 [INF] [OpenFreqClient.Services.OpenFreqService] RX 280.500 MHz from gci-chaos (0c45ab17-b574-43bf-866b-a862eae4c8a1), game time 05:10:35: -74.7 dBm, SNR 32.3 dB, FSPL 118.7 dB, terrain 0.0 dB, 73.3 km, tx 9147 m / rx 6023 m MSL
2026-09-26 12:34:43.161 -07:00 [INF] [OpenFreqClient.Services.OpenFreqService] PTT end: gci-chaos (0c45ab17-b574-43bf-866b-a862eae4c8a1) on 280.500 MHz, released, game time 05:10:40
2026-09-26 12:34:47.185 -07:00 [INF] [OpenFreqClient.Services.OpenFreqService] PTT start: Krieger (c231414f-6549-4b18-9f0e-ef37b3ff8b2a) on 280.500 MHz, 3D, game time 05:10:44
2026-09-26 12:34:47.204 -07:00 [INF] [OpenFreq.Common.RtpJitterBuffer] Transmission gap detected (88066ms RTP delta), resetting jitter measurement
2026-09-26 12:34:47.258 -07:00 [INF] [OpenFreqClient.Services.OpenFreqService] RX 280.500 MHz from Krieger (c231414f-6549-4b18-9f0e-ef37b3ff8b2a), game time 05:10:44: -58.9 dBm, SNR 48.1 dB, FSPL 98.9 dB, terrain 0.0 dB, 7.5 km, tx 6835 m / rx 5993 m MSL
2026-09-26 12:34:47.965 -07:00 [INF] [OpenFreqClient.Services.OpenFreqService] PTT end: Krieger (c231414f-6549-4b18-9f0e-ef37b3ff8b2a) on 280.500 MHz, released, game time 05:10:45
2026-09-26 12:34:56.996 -07:00 [INF] [OpenFreqClient.Services.OpenFreqService] PTT start: Falcon (58355e30-5857-4e01-882f-86b5f2200072) on 280.500 MHz, 3D, game time 05:10:54
2026-09-26 12:34:57.014 -07:00 [INF] [OpenFreq.Common.RtpJitterBufferPool] New RTP source: SSRC=3519F4B2
2026-09-26 12:34:57.014 -07:00 [INF] [OpenFreq.Common.RtpJitterBuffer] Manual buffer size: 150ms
2026-09-26 12:34:57.014 -07:00 [INF] [OpenFreq.Common.RtpAudioReceiver] Source joined:  SSRC=3519F4B2
2026-09-26 12:34:57.014 -07:00 [INF] [OpenFreq.Common.RtpJitterBuffer] Initialized: buffer=150ms
2026-09-26 12:34:57.164 -07:00 [INF] [OpenFreqClient.Services.OpenFreqService] RX 280.500 MHz from Falcon (58355e30-5857-4e01-882f-86b5f2200072), game time 05:10:54: -76.1 dBm, SNR 30.9 dB, FSPL 116.1 dB, terrain 0.0 dB, 54.3 km, tx 7372 m / rx 5966 m MSL
2026-09-26 12:34:57.192 -07:00 [WRN] [OpenFreqAudio.RadioPlayback] Stream 58355e30-5857-4e01-882f-86b5f2200072:280500 on 280.500 MHz had no samples for 10.0 ms
2026-09-26 12:34:58.879 -07:00 [INF] [OpenFreqClient.Services.OpenFreqService] PTT end: Falcon (58355e30-5857-4e01-882f-86b5f2200072) on 280.500 MHz, released, game time 05:10:56
2026-09-26 12:35:04.760 -07:00 [INF] [OpenFreqClient.Services.OpenFreqService] PTT start: Polaris (86d6d8aa-64e3-4106-890a-252d3f93f28e) on 280.500 MHz, 3D, game time 05:11:02
2026-09-26 12:35:04.776 -07:00 [INF] [OpenFreq.Common.RtpJitterBufferPool] New RTP source: SSRC=6685BCEA
2026-09-26 12:35:04.776 -07:00 [INF] [OpenFreq.Common.RtpJitterBuffer] Manual buffer size: 150ms
2026-09-26 12:35:04.776 -07:00 [INF] [OpenFreq.Common.RtpAudioReceiver] Source joined:  SSRC=6685BCEA
2026-09-26 12:35:04.776 -07:00 [INF] [OpenFreq.Common.RtpJitterBuffer] Initialized: buffer=150ms
2026-09-26 12:35:04.927 -07:00 [INF] [OpenFreqClient.Services.OpenFreqService] RX 280.500 MHz from Polaris (86d6d8aa-64e3-4106-890a-252d3f93f28e), game time 05:11:02: -71.9 dBm, SNR 35.1 dB, FSPL 111.9 dB, terrain 0.0 dB, 33.6 km, tx 5571 m / rx 5945 m MSL
2026-09-26 12:35:05.335 -07:00 [INF] [OpenFreqClient.Services.OpenFreqService] PTT end: Polaris (86d6d8aa-64e3-4106-890a-252d3f93f28e) on 280.500 MHz, released, game time 05:11:02
2026-09-26 12:35:05.846 -07:00 [INF] [OpenFreqClient.Services.OpenFreqService] PTT start: Polaris (86d6d8aa-64e3-4106-890a-252d3f93f28e) on 280.500 MHz, 3D, game time 05:11:03
2026-09-26 12:35:05.865 -07:00 [INF] [OpenFreq.Common.RtpJitterBuffer] Transmission gap detected (528ms RTP delta), resetting jitter measurement
2026-09-26 12:35:07.591 -07:00 [INF] [OpenFreqClient.Services.OpenFreqService] PTT end: Polaris (86d6d8aa-64e3-4106-890a-252d3f93f28e) on 280.500 MHz, released, game time 05:11:05
2026-09-26 12:35:17.082 -07:00 [INF] [OpenFreqClient.Services.OpenFreqService] PTT start: Useless (2c7de423-e66c-4a70-a299-d21d207cd0ed) on 280.500 MHz, 3D, game time 05:11:14
2026-09-26 12:35:17.095 -07:00 [INF] [OpenFreq.Common.RtpJitterBufferPool] New RTP source: SSRC=5FC1A72A
2026-09-26 12:35:17.095 -07:00 [INF] [OpenFreq.Common.RtpJitterBuffer] Manual buffer size: 150ms
2026-09-26 12:35:17.095 -07:00 [INF] [OpenFreq.Common.RtpAudioReceiver] Source joined:  SSRC=5FC1A72A
2026-09-26 12:35:17.095 -07:00 [INF] [OpenFreq.Common.RtpJitterBuffer] Initialized: buffer=150ms
2026-09-26 12:35:17.095 -07:00 [INF] [OpenFreq.Common.RtpJitterBufferPool] Pruned stale source SSRC=2B251449
2026-09-26 12:35:17.095 -07:00 [INF] [OpenFreq.Common.RtpAudioReceiver] Source expired: SSRC=2B251449
2026-09-26 12:35:17.246 -07:00 [INF] [OpenFreqClient.Services.OpenFreqService] RX 280.500 MHz from Useless (2c7de423-e66c-4a70-a299-d21d207cd0ed), game time 05:11:14: -76.1 dBm, SNR 30.9 dB, FSPL 116.1 dB, terrain 0.0 dB, 54.2 km, tx 5558 m / rx 5905 m MSL
2026-09-26 12:35:22.308 -07:00 [INF] [OpenFreqClient.Services.OpenFreqService] PTT end: Useless (2c7de423-e66c-4a70-a299-d21d207cd0ed) on 280.500 MHz, released, game time 05:11:19
2026-09-26 12:35:30.650 -07:00 [INF] [OpenFreqClient.Services.OpenFreqService] PTT start: Polaris (86d6d8aa-64e3-4106-890a-252d3f93f28e) on 280.500 MHz, 3D, game time 05:11:28
2026-09-26 12:35:30.666 -07:00 [INF] [OpenFreq.Common.RtpJitterBuffer] Transmission gap detected (23081ms RTP delta), resetting jitter measurement
2026-09-26 12:35:30.706 -07:00 [INF] [OpenFreqClient.Services.OpenFreqService] RX 280.500 MHz from Polaris (86d6d8aa-64e3-4106-890a-252d3f93f28e), game time 05:11:28: -70.6 dBm, SNR 36.4 dB, FSPL 110.6 dB, terrain 0.0 dB, 28.7 km, tx 5594 m / rx 5901 m MSL
2026-09-26 12:35:30.955 -07:00 [WRN] [OpenFreqAudio.RadioPlayback] Stream 86d6d8aa-64e3-4106-890a-252d3f93f28e:280500 on 280.500 MHz had no samples for 10.0 ms
2026-09-26 12:35:33.276 -07:00 [INF] [OpenFreqClient.Services.OpenFreqService] PTT end: Polaris (86d6d8aa-64e3-4106-890a-252d3f93f28e) on 280.500 MHz, released, game time 05:11:30
2026-09-26 12:36:01.798 -07:00 [INF] [OpenFreqClient.Services.OpenFreqService] PTT start: own radio on 140.550 MHz, game time 05:11:59
2026-09-26 12:36:03.285 -07:00 [INF] [OpenFreqClient.Services.OpenFreqService] PTT end: own radio on 140.550 MHz, game time 05:12:00
2026-09-26 12:36:03.287 -07:00 [INF] [OpenFreqClient.Services.OpenFreqService] TX level over 1480ms: mic peak -21.8 dBFS rms -39.5 dBFS | sent peak 0.0 dBFS rms -17.8 dBFS | normalizer on, gain 6.265, gate -52.3 dBFS
2026-09-26 12:36:17.589 -07:00 [INF] [OpenFreqClient.Services.OpenFreqService] PTT start: own radio on 140.550 MHz, game time 05:12:15
2026-09-26 12:36:18.470 -07:00 [INF] [OpenFreqClient.Services.OpenFreqService] PTT end: own radio on 140.550 MHz, game time 05:12:15
2026-09-26 12:36:18.479 -07:00 [INF] [OpenFreqClient.Services.OpenFreqService] TX level over 880ms: mic peak -9.3 dBFS rms -23.4 dBFS | sent peak 0.0 dBFS rms -16.1 dBFS | normalizer on, gain 4.664, gate -64.4 dBFS
2026-09-26 12:36:30.757 -07:00 [INF] [OpenFreqClient.ViewModels.ChannelCardListViewModel] "Radio1": 280500 → 339750 kHz, power on, joined
2026-09-26 12:36:30.836 -07:00 [INF] [OpenFreq.Common.RtpJitterBufferPool] New RTP source: SSRC=10B73873
2026-09-26 12:36:30.836 -07:00 [INF] [OpenFreq.Common.RtpJitterBuffer] Manual buffer size: 150ms
2026-09-26 12:36:30.836 -07:00 [INF] [OpenFreq.Common.RtpAudioReceiver] Source joined:  SSRC=10B73873
2026-09-26 12:36:30.836 -07:00 [INF] [OpenFreq.Common.RtpJitterBuffer] Initialized: buffer=150ms
2026-09-26 12:36:30.836 -07:00 [INF] [OpenFreq.Common.RtpJitterBufferPool] Pruned stale source SSRC=056D8B17
2026-09-26 12:36:30.836 -07:00 [INF] [OpenFreq.Common.RtpAudioReceiver] Source expired: SSRC=056D8B17
2026-09-26 12:36:30.836 -07:00 [INF] [OpenFreq.Common.RtpJitterBufferPool] Pruned stale source SSRC=7668AE7F
2026-09-26 12:36:30.837 -07:00 [INF] [OpenFreq.Common.RtpAudioReceiver] Source expired: SSRC=7668AE7F
2026-09-26 12:36:30.837 -07:00 [INF] [OpenFreq.Common.RtpJitterBufferPool] Pruned stale source SSRC=365CD622
2026-09-26 12:36:30.837 -07:00 [INF] [OpenFreq.Common.RtpAudioReceiver] Source expired: SSRC=365CD622
2026-09-26 12:36:30.987 -07:00 [INF] [OpenFreqClient.Services.OpenFreqService] RX 339.750 MHz from Gkenny (58f02e35-0d8e-4c46-aa74-dce098883fa8), game time 05:12:28: -75.7 dBm, SNR 31.3 dB, FSPL 115.7 dB, terrain 0.0 dB, 42.8 km, tx 8363 m / rx 5857 m MSL
2026-09-26 12:36:31.014 -07:00 [WRN] [OpenFreqAudio.RadioPlayback] Stream 58f02e35-0d8e-4c46-aa74-dce098883fa8:339750 on 339.750 MHz had no samples for 10.5 ms
2026-09-26 12:36:31.028 -07:00 [INF] [OpenFreqClient.Services.OpenFreqService] PTT start: Gkenny (58f02e35-0d8e-4c46-aa74-dce098883fa8) on 339.750 MHz, 3D, game time 05:12:28
2026-09-26 12:36:33.473 -07:00 [INF] [OpenFreqClient.Services.OpenFreqService] PTT end: Gkenny (58f02e35-0d8e-4c46-aa74-dce098883fa8) on 339.750 MHz, released, game time 05:12:30
2026-09-26 12:36:41.711 -07:00 [INF] [OpenFreqClient.Services.OpenFreqService] PTT start: gci-chaos (0c45ab17-b574-43bf-866b-a862eae4c8a1) on 339.750 MHz, 3D, game time 05:12:39
2026-09-26 12:36:41.726 -07:00 [INF] [OpenFreq.Common.RtpJitterBuffer] Transmission gap detected (118580ms RTP delta), resetting jitter measurement
2026-09-26 12:36:41.761 -07:00 [INF] [OpenFreqClient.Services.OpenFreqService] RX 339.750 MHz from gci-chaos (0c45ab17-b574-43bf-866b-a862eae4c8a1), game time 05:12:39: -78.3 dBm, SNR 28.7 dB, FSPL 122.3 dB, terrain 0.0 dB, 91.7 km, tx 9147 m / rx 5815 m MSL
2026-09-26 12:36:43.206 -07:00 [INF] [OpenFreq.Common.RtpJitterBuffer] Late arrival (5ms past slot) — buffer 35→70ms
2026-09-26 12:36:45.030 -07:00 [INF] [OpenFreqClient.Services.OpenFreqService] PTT end: gci-chaos (0c45ab17-b574-43bf-866b-a862eae4c8a1) on 339.750 MHz, released, game time 05:12:42
2026-09-26 12:36:46.239 -07:00 [INF] [OpenFreqClient.Services.OpenFreqService] PTT start: Starlight (7ebf02fc-ba84-466f-850d-2eeffc48b655) on 339.750 MHz, 3D, game time 05:12:43
2026-09-26 12:36:46.252 -07:00 [INF] [OpenFreq.Common.RtpJitterBufferPool] New RTP source: SSRC=7668AE7F
2026-09-26 12:36:46.253 -07:00 [INF] [OpenFreq.Common.RtpJitterBuffer] Manual buffer size: 150ms
2026-09-26 12:36:46.253 -07:00 [INF] [OpenFreq.Common.RtpAudioReceiver] Source joined:  SSRC=7668AE7F
2026-09-26 12:36:46.253 -07:00 [INF] [OpenFreq.Common.RtpJitterBuffer] Initialized: buffer=150ms
2026-09-26 12:36:46.403 -07:00 [INF] [OpenFreqClient.Services.OpenFreqService] RX 339.750 MHz from Starlight (7ebf02fc-ba84-466f-850d-2eeffc48b655), game time 05:12:43: -79.6 dBm, SNR 27.4 dB, FSPL 119.6 dB, terrain 0.0 dB, 66.9 km, tx 6558 m / rx 5801 m MSL
2026-09-26 12:36:48.999 -07:00 [INF] [OpenFreqClient.Services.OpenFreqService] PTT end: Starlight (7ebf02fc-ba84-466f-850d-2eeffc48b655) on 339.750 MHz, released, game time 05:12:46
2026-09-26 12:36:49.475 -07:00 [INF] [OpenFreqClient.Services.OpenFreqService] PTT start: gci-chaos (0c45ab17-b574-43bf-866b-a862eae4c8a1) on 339.750 MHz, 3D, game time 05:12:46
2026-09-26 12:36:49.486 -07:00 [INF] [OpenFreq.Common.RtpJitterBuffer] Transmission gap detected (4463ms RTP delta), resetting jitter measurement
2026-09-26 12:36:49.538 -07:00 [INF] [OpenFreqClient.Services.OpenFreqService] RX 339.750 MHz from gci-chaos (0c45ab17-b574-43bf-866b-a862eae4c8a1), game time 05:12:47: -78.4 dBm, SNR 28.6 dB, FSPL 122.4 dB, terrain 0.0 dB, 92.2 km, tx 9147 m / rx 5784 m MSL
2026-09-26 12:36:53.545 -07:00 [INF] [OpenFreqClient.Services.OpenFreqService] PTT end: gci-chaos (0c45ab17-b574-43bf-866b-a862eae4c8a1) on 339.750 MHz, released, game time 05:12:50
2026-09-26 12:36:53.702 -07:00 [INF] [OpenFreqClient.ViewModels.ChannelCardListViewModel] "Radio1": 339750 → 280500 kHz, power on, joined
2026-09-26 12:36:57.115 -07:00 [INF] [OpenFreqClient.Services.OpenFreqService] PTT start: own radio on 280.500 MHz, game time 05:12:54
2026-09-26 12:36:59.996 -07:00 [INF] [OpenFreqClient.Services.OpenFreqService] PTT end: own radio on 280.500 MHz, game time 05:12:57
2026-09-26 12:36:59.997 -07:00 [INF] [OpenFreqClient.Services.OpenFreqService] TX level over 2880ms: mic peak -9.4 dBFS rms -28.0 dBFS | sent peak -4.2 dBFS rms -21.8 dBFS | normalizer on, gain 3.127, gate -46.3 dBFS
2026-09-26 12:37:01.482 -07:00 [INF] [OpenFreqClient.Services.OpenFreqService] PTT start: gci-chaos (0c45ab17-b574-43bf-866b-a862eae4c8a1) on 280.500 MHz, 3D, game time 05:12:58
2026-09-26 12:37:01.497 -07:00 [INF] [OpenFreq.Common.RtpJitterBuffer] Transmission gap detected (7969ms RTP delta), resetting jitter measurement
2026-09-26 12:37:01.537 -07:00 [INF] [OpenFreqClient.Services.OpenFreqService] RX 280.500 MHz from gci-chaos (0c45ab17-b574-43bf-866b-a862eae4c8a1), game time 05:12:58: -76.7 dBm, SNR 30.3 dB, FSPL 120.7 dB, terrain 0.0 dB, 92.2 km, tx 9147 m / rx 5725 m MSL
2026-09-26 12:37:02.174 -07:00 [INF] [OpenFreqClient.Services.OpenFreqService] PTT end: gci-chaos (0c45ab17-b574-43bf-866b-a862eae4c8a1) on 280.500 MHz, released, game time 05:12:59
2026-09-26 12:37:19.394 -07:00 [INF] [OpenFreqClient.Services.OpenFreqService] PTT start: gci-chaos (0c45ab17-b574-43bf-866b-a862eae4c8a1) on 280.500 MHz, 3D, game time 05:13:16
2026-09-26 12:37:19.407 -07:00 [INF] [OpenFreq.Common.RtpJitterBuffer] Transmission gap detected (17250ms RTP delta), resetting jitter measurement
2026-09-26 12:37:19.451 -07:00 [INF] [OpenFreqClient.Services.OpenFreqService] RX 280.500 MHz from gci-chaos (0c45ab17-b574-43bf-866b-a862eae4c8a1), game time 05:13:16: -76.5 dBm, SNR 30.5 dB, FSPL 120.5 dB, terrain 0.0 dB, 90.1 km, tx 9147 m / rx 5573 m MSL
2026-09-26 12:37:23.417 -07:00 [INF] [OpenFreqClient.Services.OpenFreqService] PTT end: gci-chaos (0c45ab17-b574-43bf-866b-a862eae4c8a1) on 280.500 MHz, released, game time 05:13:20
2026-09-26 12:37:27.313 -07:00 [INF] [OpenFreqClient.Services.OpenFreqService] PTT start: own radio on 280.500 MHz, game time 05:13:24
2026-09-26 12:37:27.953 -07:00 [INF] [OpenFreqClient.Services.OpenFreqService] PTT end: own radio on 280.500 MHz, game time 05:13:25
2026-09-26 12:37:27.959 -07:00 [INF] [OpenFreqClient.Services.OpenFreqService] TX level over 640ms: mic peak -24.4 dBFS rms -40.4 dBFS | sent peak -0.4 dBFS rms -20.3 dBFS | normalizer on, gain 8.589, gate -72.5 dBFS
2026-09-26 12:37:29.885 -07:00 [INF] [OpenFreqClient.Services.OpenFreqService] PTT start: Krieger (c231414f-6549-4b18-9f0e-ef37b3ff8b2a) on 280.500 MHz, 3D, game time 05:13:27
2026-09-26 12:37:29.899 -07:00 [INF] [OpenFreq.Common.RtpJitterBuffer] Transmission gap detected (161944ms RTP delta), resetting jitter measurement
2026-09-26 12:37:29.949 -07:00 [INF] [OpenFreqClient.Services.OpenFreqService] RX 280.500 MHz from Krieger (c231414f-6549-4b18-9f0e-ef37b3ff8b2a), game time 05:13:27: -56.7 dBm, SNR 50.3 dB, FSPL 96.7 dB, terrain 0.0 dB, 5.8 km, tx 6829 m / rx 5559 m MSL
2026-09-26 12:37:30.797 -07:00 [INF] [OpenFreqClient.Services.OpenFreqService] PTT end: Krieger (c231414f-6549-4b18-9f0e-ef37b3ff8b2a) on 280.500 MHz, released, game time 05:13:28
2026-09-26 12:37:33.786 -07:00 [INF] [OpenFreqClient.Services.OpenFreqService] PTT start: gci-chaos (0c45ab17-b574-43bf-866b-a862eae4c8a1) on 280.500 MHz, 3D, game time 05:13:31
2026-09-26 12:37:33.796 -07:00 [INF] [OpenFreq.Common.RtpJitterBuffer] Transmission gap detected (10392ms RTP delta), resetting jitter measurement
2026-09-26 12:37:33.840 -07:00 [INF] [OpenFreqClient.Services.OpenFreqService] RX 280.500 MHz from gci-chaos (0c45ab17-b574-43bf-866b-a862eae4c8a1), game time 05:13:31: -76.2 dBm, SNR 30.8 dB, FSPL 120.2 dB, terrain 0.0 dB, 87.3 km, tx 9147 m / rx 5564 m MSL
2026-09-26 12:37:38.474 -07:00 [INF] [OpenFreqClient.Services.OpenFreqService] PTT end: gci-chaos (0c45ab17-b574-43bf-866b-a862eae4c8a1) on 280.500 MHz, released, game time 05:13:35
2026-09-26 12:37:46.661 -07:00 [INF] [OpenFreqClient.Services.OpenFreqService] PTT start: Falcon (58355e30-5857-4e01-882f-86b5f2200072) on 280.500 MHz, 3D, game time 05:13:44
2026-09-26 12:37:46.671 -07:00 [INF] [OpenFreq.Common.RtpJitterBuffer] Transmission gap detected (167796ms RTP delta), resetting jitter measurement
2026-09-26 12:37:46.718 -07:00 [INF] [OpenFreqClient.Services.OpenFreqService] RX 280.500 MHz from Falcon (58355e30-5857-4e01-882f-86b5f2200072), game time 05:13:44: -78.4 dBm, SNR 28.6 dB, FSPL 118.4 dB, terrain 0.0 dB, 70.6 km, tx 7295 m / rx 5580 m MSL
2026-09-26 12:37:46.785 -07:00 [WRN] [OpenFreqAudio.RadioPlayback] Stream 58355e30-5857-4e01-882f-86b5f2200072:280500 on 280.500 MHz had no samples for 9.5 ms
2026-09-26 12:37:47.676 -07:00 [INF] [OpenFreqClient.Services.OpenFreqService] PTT end: Falcon (58355e30-5857-4e01-882f-86b5f2200072) on 280.500 MHz, released, game time 05:13:45
2026-09-26 12:37:48.832 -07:00 [INF] [OpenFreqClient.Services.OpenFreqService] PTT start: own radio on 140.550 MHz, game time 05:13:46
2026-09-26 12:37:51.328 -07:00 [INF] [OpenFreqClient.Services.OpenFreqService] PTT end: own radio on 140.550 MHz, game time 05:13:48
2026-09-26 12:37:51.329 -07:00 [INF] [OpenFreqClient.Services.OpenFreqService] TX level over 2490ms: mic peak -11.9 dBFS rms -30.9 dBFS | sent peak -0.6 dBFS rms -20.2 dBFS | normalizer on, gain 10.528, gate -62.4 dBFS
2026-09-26 12:37:51.701 -07:00 [INF] [OpenFreqClient.Services.OpenFreqService] PTT start: Stevie (b28176fd-1fdc-4825-9c1c-0a6142dfc872) on 140.550 MHz, 3D, game time 05:13:49
2026-09-26 12:37:51.715 -07:00 [INF] [OpenFreq.Common.RtpJitterBuffer] Transmission gap detected (209344ms RTP delta), resetting jitter measurement
2026-09-26 12:37:51.757 -07:00 [INF] [OpenFreqClient.Services.OpenFreqService] RX 140.550 MHz from Stevie (b28176fd-1fdc-4825-9c1c-0a6142dfc872), game time 05:13:49: -46.8 dBm, SNR 63.2 dB, FSPL 86.8 dB, terrain 0.0 dB, 3.7 km, tx 5674 m / rx 5582 m MSL
2026-09-26 12:37:51.832 -07:00 [INF] [OpenFreqClient.Services.OpenFreqService] PTT end: Stevie (b28176fd-1fdc-4825-9c1c-0a6142dfc872) on 140.550 MHz, released, game time 05:13:49
2026-09-26 12:37:53.337 -07:00 [INF] [OpenFreqClient.Services.OpenFreqService] PTT start: gci-chaos (0c45ab17-b574-43bf-866b-a862eae4c8a1) on 280.500 MHz, 3D, game time 05:13:50
2026-09-26 12:37:53.373 -07:00 [INF] [OpenFreq.Common.RtpJitterBuffer] Transmission gap detected (14885ms RTP delta), resetting jitter measurement
2026-09-26 12:37:53.385 -07:00 [INF] [OpenFreqClient.Services.OpenFreqService] RX 280.500 MHz from gci-chaos (0c45ab17-b574-43bf-866b-a862eae4c8a1), game time 05:13:50: -75.8 dBm, SNR 31.2 dB, FSPL 119.8 dB, terrain 0.0 dB, 83.4 km, tx 9147 m / rx 5582 m MSL
2026-09-26 12:37:55.326 -07:00 [INF] [OpenFreq.Common.RtpJitterBuffer] Late arrival (21ms past slot) — buffer 40→91ms
2026-09-26 12:37:55.425 -07:00 [WRN] [OpenFreqAudio.RadioPlayback] Stream 0c45ab17-b574-43bf-866b-a862eae4c8a1:280500 on 280.500 MHz had no samples for 10.0 ms
2026-09-26 12:37:55.926 -07:00 [INF] [OpenFreqClient.Services.OpenFreqService] PTT end: gci-chaos (0c45ab17-b574-43bf-866b-a862eae4c8a1) on 280.500 MHz, released, game time 05:13:53
2026-09-26 12:37:56.919 -07:00 [INF] [OpenFreqClient.Services.OpenFreqService] PTT start: SkyFox (f8c742ac-257a-4450-aadc-59aa8b2f44b5) on 140.550 MHz, 3D, game time 05:13:54
2026-09-26 12:37:56.932 -07:00 [INF] [OpenFreq.Common.RtpJitterBufferPool] New RTP source: SSRC=2B251449
2026-09-26 12:37:56.932 -07:00 [INF] [OpenFreq.Common.RtpJitterBuffer] Manual buffer size: 150ms
2026-09-26 12:37:56.932 -07:00 [INF] [OpenFreq.Common.RtpAudioReceiver] Source joined:  SSRC=2B251449
2026-09-26 12:37:56.932 -07:00 [INF] [OpenFreq.Common.RtpJitterBuffer] Initialized: buffer=150ms
2026-09-26 12:37:57.082 -07:00 [INF] [OpenFreqClient.Services.OpenFreqService] RX 140.550 MHz from SkyFox (f8c742ac-257a-4450-aadc-59aa8b2f44b5), game time 05:13:54: -47.0 dBm, SNR 63.0 dB, FSPL 87.0 dB, terrain 0.0 dB, 3.8 km, tx 5768 m / rx 5583 m MSL
2026-09-26 12:37:58.290 -07:00 [INF] [OpenFreqClient.Services.OpenFreqService] PTT end: SkyFox (f8c742ac-257a-4450-aadc-59aa8b2f44b5) on 140.550 MHz, released, game time 05:13:55
2026-09-26 12:38:03.192 -07:00 [INF] [OpenFreqClient.Services.OpenFreqService] PTT start: Alligator (f39dd749-39ff-4df4-bec7-f23cc154d1a8) on 280.500 MHz, 3D, game time 05:14:00
2026-09-26 12:38:03.208 -07:00 [INF] [OpenFreq.Common.RtpJitterBuffer] Transmission gap detected (221999ms RTP delta), resetting jitter measurement
2026-09-26 12:38:03.258 -07:00 [INF] [OpenFreqClient.Services.OpenFreqService] RX 280.500 MHz from Alligator (f39dd749-39ff-4df4-bec7-f23cc154d1a8), game time 05:14:00: -73.6 dBm, SNR 33.4 dB, FSPL 113.6 dB, terrain 0.0 dB, 40.8 km, tx 6283 m / rx 5586 m MSL
2026-09-26 12:38:03.345 -07:00 [WRN] [OpenFreqAudio.RadioPlayback] Stream f39dd749-39ff-4df4-bec7-f23cc154d1a8:280500 on 280.500 MHz had no samples for 10.0 ms
2026-09-26 12:38:04.215 -07:00 [INF] [OpenFreqClient.Services.OpenFreqService] PTT end: Alligator (f39dd749-39ff-4df4-bec7-f23cc154d1a8) on 280.500 MHz, released, game time 05:14:01
2026-09-26 12:38:46.017 -07:00 [INF] [OpenFreqClient.Services.OpenFreqService] PTT start: own radio on 140.550 MHz, game time 05:14:43
2026-09-26 12:38:48.833 -07:00 [INF] [OpenFreqClient.Services.OpenFreqService] PTT end: own radio on 140.550 MHz, game time 05:14:46
2026-09-26 12:38:48.839 -07:00 [INF] [OpenFreqClient.Services.OpenFreqService] TX level over 2820ms: mic peak -14.0 dBFS rms -31.4 dBFS | sent peak 0.0 dBFS rms -20.6 dBFS | normalizer on, gain 11.640, gate -62.8 dBFS
2026-09-26 12:38:49.543 -07:00 [INF] [OpenFreqClient.Services.OpenFreqService] PTT start: Stevie (b28176fd-1fdc-4825-9c1c-0a6142dfc872) on 140.550 MHz, 3D, game time 05:14:46
2026-09-26 12:38:49.556 -07:00 [INF] [OpenFreq.Common.RtpJitterBuffer] Transmission gap detected (57738ms RTP delta), resetting jitter measurement
2026-09-26 12:38:49.593 -07:00 [INF] [OpenFreqClient.Services.OpenFreqService] RX 140.550 MHz from Stevie (b28176fd-1fdc-4825-9c1c-0a6142dfc872), game time 05:14:47: -48.4 dBm, SNR 61.6 dB, FSPL 88.4 dB, terrain 0.0 dB, 4.4 km, tx 5719 m / rx 5706 m MSL
2026-09-26 12:38:49.632 -07:00 [INF] [OpenFreqClient.Services.OpenFreqService] PTT end: Stevie (b28176fd-1fdc-4825-9c1c-0a6142dfc872) on 140.550 MHz, released, game time 05:14:47
2026-09-26 12:38:58.788 -07:00 [INF] [OpenFreqClient.Services.OpenFreqService] PTT start: Stevie (b28176fd-1fdc-4825-9c1c-0a6142dfc872) on 140.550 MHz, 3D, game time 05:14:56
2026-09-26 12:38:58.807 -07:00 [INF] [OpenFreq.Common.RtpJitterBuffer] Transmission gap detected (9188ms RTP delta), resetting jitter measurement
2026-09-26 12:38:58.841 -07:00 [INF] [OpenFreqClient.Services.OpenFreqService] RX 140.550 MHz from Stevie (b28176fd-1fdc-4825-9c1c-0a6142dfc872), game time 05:14:56: -48.6 dBm, SNR 61.4 dB, FSPL 88.6 dB, terrain 0.0 dB, 4.6 km, tx 5724 m / rx 5738 m MSL
2026-09-26 12:39:01.312 -07:00 [INF] [OpenFreqClient.Services.OpenFreqService] PTT end: Stevie (b28176fd-1fdc-4825-9c1c-0a6142dfc872) on 140.550 MHz, released, game time 05:14:58
2026-09-26 12:39:16.660 -07:00 [INF] [OpenFreqClient.Services.OpenFreqService] PTT start: Miner 1-1 (7c54ae18-74fa-45f3-b6a9-377a5574b95b) on 140.550 MHz, 3D, game time 05:15:14
2026-09-26 12:39:16.662 -07:00 [INF] [OpenFreq.Common.RtpJitterBuffer] Transmission gap detected (281471ms RTP delta), resetting jitter measurement
2026-09-26 12:39:16.715 -07:00 [INF] [OpenFreqClient.Services.OpenFreqService] RX 140.550 MHz from Miner 1-1 (7c54ae18-74fa-45f3-b6a9-377a5574b95b), game time 05:15:14: -31.8 dBm, SNR 78.2 dB, FSPL 71.8 dB, terrain 0.0 dB, 0.7 km, tx 5762 m / rx 5808 m MSL
2026-09-26 12:39:19.403 -07:00 [INF] [OpenFreqClient.Services.OpenFreqService] PTT end: Miner 1-1 (7c54ae18-74fa-45f3-b6a9-377a5574b95b) on 140.550 MHz, released, game time 05:15:16
2026-09-26 12:39:20.980 -07:00 [INF] [OpenFreq.Common.RtpJitterBuffer] Transmission gap detected (85043ms RTP delta), resetting jitter measurement
2026-09-26 12:39:20.980 -07:00 [INF] [OpenFreqClient.Services.OpenFreqService] PTT start: gci-chaos (0c45ab17-b574-43bf-866b-a862eae4c8a1) on 280.500 MHz, 3D, game time 05:15:18
2026-09-26 12:39:21.028 -07:00 [INF] [OpenFreqClient.Services.OpenFreqService] RX 280.500 MHz from gci-chaos (0c45ab17-b574-43bf-866b-a862eae4c8a1), game time 05:15:18: -73.7 dBm, SNR 33.3 dB, FSPL 117.7 dB, terrain 0.0 dB, 65.3 km, tx 9147 m / rx 5826 m MSL
2026-09-26 12:39:23.633 -07:00 [INF] [OpenFreqClient.Services.OpenFreqService] PTT end: gci-chaos (0c45ab17-b574-43bf-866b-a862eae4c8a1) on 280.500 MHz, released, game time 05:15:21
2026-09-26 12:39:25.664 -07:00 [INF] [OpenFreqClient.Services.OpenFreqService] PTT start: Falcon (58355e30-5857-4e01-882f-86b5f2200072) on 280.500 MHz, 3D, game time 05:15:23
2026-09-26 12:39:25.665 -07:00 [INF] [OpenFreq.Common.RtpJitterBuffer] Transmission gap detected (97992ms RTP delta), resetting jitter measurement
2026-09-26 12:39:25.706 -07:00 [INF] [OpenFreqClient.Services.OpenFreqService] RX 280.500 MHz from Falcon (58355e30-5857-4e01-882f-86b5f2200072), game time 05:15:23: -78.4 dBm, SNR 28.6 dB, FSPL 118.4 dB, terrain 0.0 dB, 71.0 km, tx 7217 m / rx 5846 m MSL
2026-09-26 12:39:25.781 -07:00 [WRN] [OpenFreqAudio.RadioPlayback] Stream 58355e30-5857-4e01-882f-86b5f2200072:280500 on 280.500 MHz had no samples for 14.2 ms
2026-09-26 12:39:27.752 -07:00 [INF] [OpenFreqClient.Services.OpenFreqService] PTT end: Falcon (58355e30-5857-4e01-882f-86b5f2200072) on 280.500 MHz, released, game time 05:15:25
2026-09-26 12:39:28.221 -07:00 [INF] [OpenFreqClient.Services.OpenFreqService] PTT start: gci-chaos (0c45ab17-b574-43bf-866b-a862eae4c8a1) on 280.500 MHz, 3D, game time 05:15:25
2026-09-26 12:39:28.241 -07:00 [INF] [OpenFreq.Common.RtpJitterBuffer] Transmission gap detected (4607ms RTP delta), resetting jitter measurement
2026-09-26 12:39:28.280 -07:00 [INF] [OpenFreqClient.Services.OpenFreqService] RX 280.500 MHz from gci-chaos (0c45ab17-b574-43bf-866b-a862eae4c8a1), game time 05:15:25: -73.5 dBm, SNR 33.5 dB, FSPL 117.5 dB, terrain 0.0 dB, 63.9 km, tx 9147 m / rx 5857 m MSL
2026-09-26 12:39:28.311 -07:00 [WRN] [OpenFreqAudio.RadioPlayback] Stream 0c45ab17-b574-43bf-866b-a862eae4c8a1:280500 on 280.500 MHz had no samples for 10.5 ms
2026-09-26 12:39:28.370 -07:00 [INF] [OpenFreq.Common.RtpJitterBuffer] Transmission gap detected (27052ms RTP delta), resetting jitter measurement
2026-09-26 12:39:28.374 -07:00 [INF] [OpenFreqClient.Services.OpenFreqService] PTT start: Stevie (b28176fd-1fdc-4825-9c1c-0a6142dfc872) on 140.550 MHz, 3D, game time 05:15:25
2026-09-26 12:39:28.410 -07:00 [INF] [OpenFreqClient.Services.OpenFreqService] RX 140.550 MHz from Stevie (b28176fd-1fdc-4825-9c1c-0a6142dfc872), game time 05:15:25: -49.2 dBm, SNR 60.8 dB, FSPL 89.2 dB, terrain 0.0 dB, 4.9 km, tx 5738 m / rx 5858 m MSL
2026-09-26 12:39:30.424 -07:00 [INF] [OpenFreqClient.Services.OpenFreqService] PTT end: Stevie (b28176fd-1fdc-4825-9c1c-0a6142dfc872) on 140.550 MHz, released, game time 05:15:27
2026-09-26 12:39:32.828 -07:00 [INF] [OpenFreqAudio.RadioPlayback] Stream '5e841c93-5c2d-428f-8c09-f352e3f61f18:243000' on 243.000 MHz
2026-09-26 12:39:33.680 -07:00 [INF] [OpenFreqClient.Services.OpenFreqService] PTT end: gci-chaos (0c45ab17-b574-43bf-866b-a862eae4c8a1) on 280.500 MHz, released, game time 05:15:31
2026-09-26 12:39:33.823 -07:00 [INF] [OpenFreqClient.Services.OpenFreqService] PTT start: gci-chaos (0c45ab17-b574-43bf-866b-a862eae4c8a1) on 280.500 MHz, 3D, game time 05:15:31
2026-09-26 12:39:33.865 -07:00 [INF] [OpenFreqClient.Services.OpenFreqService] PTT end: gci-chaos (0c45ab17-b574-43bf-866b-a862eae4c8a1) on 280.500 MHz, released, game time 05:15:31
2026-09-26 12:39:33.889 -07:00 [INF] [OpenFreqClient.Services.OpenFreqService] PTT start: SkyFox (f8c742ac-257a-4450-aadc-59aa8b2f44b5) on 140.550 MHz, 3D, game time 05:15:31
2026-09-26 12:39:33.908 -07:00 [INF] [OpenFreq.Common.RtpJitterBuffer] Transmission gap detected (95649ms RTP delta), resetting jitter measurement
2026-09-26 12:39:33.961 -07:00 [INF] [OpenFreqClient.Services.OpenFreqService] RX 140.550 MHz from SkyFox (f8c742ac-257a-4450-aadc-59aa8b2f44b5), game time 05:15:31: -44.1 dBm, SNR 65.9 dB, FSPL 84.1 dB, terrain 0.0 dB, 2.7 km, tx 5784 m / rx 5882 m MSL
2026-09-26 12:39:34.712 -07:00 [WRN] [OpenFreqAudio.RadioPlayback] Stream f8c742ac-257a-4450-aadc-59aa8b2f44b5:140550 on 140.550 MHz had no samples for 15.2 ms
2026-09-26 12:39:36.609 -07:00 [INF] [OpenFreqClient.Services.OpenFreqService] PTT end: SkyFox (f8c742ac-257a-4450-aadc-59aa8b2f44b5) on 140.550 MHz, released, game time 05:15:34
2026-09-26 12:39:36.708 -07:00 [INF] [OpenFreqClient.Services.OpenFreqService] PTT start: Stevie (b28176fd-1fdc-4825-9c1c-0a6142dfc872) on 140.550 MHz, 3D, game time 05:15:34
2026-09-26 12:39:36.722 -07:00 [INF] [OpenFreq.Common.RtpJitterBuffer] Transmission gap detected (6308ms RTP delta), resetting jitter measurement
2026-09-26 12:39:36.770 -07:00 [INF] [OpenFreqClient.Services.OpenFreqService] RX 140.550 MHz from Stevie (b28176fd-1fdc-4825-9c1c-0a6142dfc872), game time 05:15:34: -49.4 dBm, SNR 60.6 dB, FSPL 89.4 dB, terrain 0.0 dB, 5.0 km, tx 5755 m / rx 5895 m MSL
2026-09-26 12:39:37.668 -07:00 [INF] [OpenFreqClient.Services.OpenFreqService] PTT end: Stevie (b28176fd-1fdc-4825-9c1c-0a6142dfc872) on 140.550 MHz, released, game time 05:15:35
2026-09-26 12:39:40.907 -07:00 [INF] [OpenFreqClient.Services.OpenFreqService] PTT start: Miner 1-1 (7c54ae18-74fa-45f3-b6a9-377a5574b95b) on 140.550 MHz, 3D, game time 05:15:38
2026-09-26 12:39:40.918 -07:00 [INF] [OpenFreq.Common.RtpJitterBuffer] Transmission gap detected (21536ms RTP delta), resetting jitter measurement
2026-09-26 12:39:40.962 -07:00 [INF] [OpenFreqClient.Services.OpenFreqService] RX 140.550 MHz from Miner 1-1 (7c54ae18-74fa-45f3-b6a9-377a5574b95b), game time 05:15:38: -34.4 dBm, SNR 75.6 dB, FSPL 74.4 dB, terrain 0.0 dB, 0.9 km, tx 5900 m / rx 5914 m MSL
2026-09-26 12:39:41.487 -07:00 [INF] [OpenFreqClient.Services.OpenFreqService] PTT end: Miner 1-1 (7c54ae18-74fa-45f3-b6a9-377a5574b95b) on 140.550 MHz, released, game time 05:15:38
2026-09-26 12:39:41.930 -07:00 [INF] [OpenFreqClient.Services.OpenFreqService] PTT start: Miner 1-1 (7c54ae18-74fa-45f3-b6a9-377a5574b95b) on 140.550 MHz, 3D, game time 05:15:39
2026-09-26 12:39:43.765 -07:00 [INF] [OpenFreqClient.Services.OpenFreqService] PTT end: Miner 1-1 (7c54ae18-74fa-45f3-b6a9-377a5574b95b) on 140.550 MHz, released, game time 05:15:41
2026-09-26 12:39:44.337 -07:00 [INF] [OpenFreqClient.Services.OpenFreqService] PTT start: own radio on 280.500 MHz, game time 05:15:41
2026-09-26 12:39:45.173 -07:00 [INF] [OpenFreqClient.Services.OpenFreqService] PTT start: Miner 1-1 (7c54ae18-74fa-45f3-b6a9-377a5574b95b) on 140.550 MHz, 3D, game time 05:15:42
2026-09-26 12:39:45.173 -07:00 [INF] [OpenFreq.Common.RtpJitterBuffer] Transmission gap detected (1432ms RTP delta), resetting jitter measurement
2026-09-26 12:39:45.220 -07:00 [INF] [OpenFreqClient.Services.OpenFreqService] RX 140.550 MHz from Miner 1-1 (7c54ae18-74fa-45f3-b6a9-377a5574b95b), game time 05:15:42: -34.6 dBm, SNR 75.4 dB, FSPL 74.6 dB, terrain 0.0 dB, 0.9 km, tx 5935 m / rx 5934 m MSL
2026-09-26 12:39:45.292 -07:00 [WRN] [OpenFreqAudio.RadioPlayback] Stream 7c54ae18-74fa-45f3-b6a9-377a5574b95b:140550 on 140.550 MHz had no samples for 14.5 ms
2026-09-26 12:39:45.447 -07:00 [INF] [OpenFreqClient.Services.OpenFreqService] PTT end: Miner 1-1 (7c54ae18-74fa-45f3-b6a9-377a5574b95b) on 140.550 MHz, released, game time 05:15:42
2026-09-26 12:39:45.777 -07:00 [INF] [OpenFreqClient.Services.OpenFreqService] PTT end: own radio on 280.500 MHz, game time 05:15:43
2026-09-26 12:39:45.778 -07:00 [INF] [OpenFreqClient.Services.OpenFreqService] TX level over 1440ms: mic peak -13.1 dBFS rms -29.7 dBFS | sent peak 0.0 dBFS rms -19.3 dBFS | normalizer on, gain 2.639, gate -45.2 dBFS
2026-09-26 12:39:46.689 -07:00 [INF] [OpenFreqClient.Services.OpenFreqService] PTT start: own radio on 280.500 MHz, game time 05:15:44
2026-09-26 12:39:48.033 -07:00 [INF] [OpenFreqClient.Services.OpenFreqService] PTT end: own radio on 280.500 MHz, game time 05:15:45
2026-09-26 12:39:48.040 -07:00 [INF] [OpenFreqClient.Services.OpenFreqService] TX level over 1350ms: mic peak -10.1 dBFS rms -28.7 dBFS | sent peak -1.5 dBFS rms -21.0 dBFS | normalizer on, gain 3.906, gate -52.0 dBFS
2026-09-26 12:39:48.176 -07:00 [INF] [OpenFreqClient.Services.OpenFreqService] PTT start: Stevie (b28176fd-1fdc-4825-9c1c-0a6142dfc872) on 140.550 MHz, 3D, game time 05:15:45
2026-09-26 12:39:48.188 -07:00 [INF] [OpenFreq.Common.RtpJitterBuffer] Transmission gap detected (10521ms RTP delta), resetting jitter measurement
2026-09-26 12:39:48.230 -07:00 [INF] [OpenFreqClient.Services.OpenFreqService] RX 140.550 MHz from Stevie (b28176fd-1fdc-4825-9c1c-0a6142dfc872), game time 05:15:45: -50.4 dBm, SNR 59.6 dB, FSPL 90.4 dB, terrain 0.0 dB, 5.6 km, tx 5786 m / rx 5948 m MSL
2026-09-26 12:39:49.975 -07:00 [INF] [OpenFreqClient.Services.OpenFreqService] PTT end: Stevie (b28176fd-1fdc-4825-9c1c-0a6142dfc872) on 140.550 MHz, released, game time 05:15:47
2026-09-26 12:39:52.944 -07:00 [INF] [OpenFreqClient.Services.OpenFreqService] PTT start: Stevie (b28176fd-1fdc-4825-9c1c-0a6142dfc872) on 140.550 MHz, 3D, game time 05:15:50
2026-09-26 12:39:52.963 -07:00 [INF] [OpenFreq.Common.RtpJitterBuffer] Transmission gap detected (2995ms RTP delta), resetting jitter measurement
2026-09-26 12:39:53.012 -07:00 [INF] [OpenFreqClient.Services.OpenFreqService] RX 140.550 MHz from Stevie (b28176fd-1fdc-4825-9c1c-0a6142dfc872), game time 05:15:50: -51.1 dBm, SNR 58.9 dB, FSPL 91.1 dB, terrain 0.0 dB, 6.1 km, tx 5814 m / rx 5974 m MSL
2026-09-26 12:39:53.618 -07:00 [INF] [OpenFreqClient.Services.OpenFreqService] PTT end: Stevie (b28176fd-1fdc-4825-9c1c-0a6142dfc872) on 140.550 MHz, released, game time 05:15:51
2026-09-26 12:39:54.529 -07:00 [INF] [OpenFreqClient.Services.OpenFreqService] PTT start: own radio on 140.550 MHz, game time 05:15:51
2026-09-26 12:39:57.169 -07:00 [INF] [OpenFreqClient.Services.OpenFreqService] PTT end: own radio on 140.550 MHz, game time 05:15:54
2026-09-26 12:39:57.170 -07:00 [INF] [OpenFreqClient.Services.OpenFreqService] TX level over 2630ms: mic peak -5.4 dBFS rms -24.9 dBFS | sent peak 0.0 dBFS rms -13.7 dBFS | normalizer on, gain 2.231, gate -73.0 dBFS
2026-09-26 12:40:03.029 -07:00 [INF] [OpenFreqClient.Services.OpenFreqService] PTT start: Miner 1-1 (7c54ae18-74fa-45f3-b6a9-377a5574b95b) on 140.550 MHz, 3D, game time 05:16:00
2026-09-26 12:40:03.032 -07:00 [INF] [OpenFreq.Common.RtpJitterBuffer] Transmission gap detected (17605ms RTP delta), resetting jitter measurement
2026-09-26 12:40:03.086 -07:00 [INF] [OpenFreqClient.Services.OpenFreqService] RX 140.550 MHz from Miner 1-1 (7c54ae18-74fa-45f3-b6a9-377a5574b95b), game time 05:16:00: -38.0 dBm, SNR 72.0 dB, FSPL 78.0 dB, terrain 0.0 dB, 1.3 km, tx 6073 m / rx 6004 m MSL
2026-09-26 12:40:03.631 -07:00 [INF] [OpenFreqClient.Services.OpenFreqService] PTT end: Miner 1-1 (7c54ae18-74fa-45f3-b6a9-377a5574b95b) on 140.550 MHz, released, game time 05:16:01
2026-09-26 12:40:04.144 -07:00 [INF] [OpenFreqClient.Services.OpenFreqService] PTT start: own radio on 140.550 MHz, game time 05:16:01
2026-09-26 12:40:05.121 -07:00 [INF] [OpenFreqClient.Services.OpenFreqService] PTT end: own radio on 140.550 MHz, game time 05:16:02
2026-09-26 12:40:05.130 -07:00 [INF] [OpenFreqClient.Services.OpenFreqService] TX level over 980ms: mic peak -11.0 dBFS rms -27.0 dBFS | sent peak -2.9 dBFS rms -18.9 dBFS | normalizer on, gain 1.921, gate -67.2 dBFS
2026-09-26 12:40:08.845 -07:00 [INF] [OpenFreqClient.Services.OpenFreqService] PTT start: SkyFox (f8c742ac-257a-4450-aadc-59aa8b2f44b5) on 140.550 MHz, 3D, game time 05:16:06
2026-09-26 12:40:08.855 -07:00 [INF] [OpenFreq.Common.RtpJitterBuffer] Transmission gap detected (32273ms RTP delta), resetting jitter measurement
2026-09-26 12:40:08.919 -07:00 [INF] [OpenFreqClient.Services.OpenFreqService] RX 140.550 MHz from SkyFox (f8c742ac-257a-4450-aadc-59aa8b2f44b5), game time 05:16:06: -46.9 dBm, SNR 63.1 dB, FSPL 86.9 dB, terrain 0.0 dB, 3.7 km, tx 5767 m / rx 6028 m MSL
2026-09-26 12:40:10.654 -07:00 [INF] [OpenFreqClient.Services.OpenFreqService] PTT end: SkyFox (f8c742ac-257a-4450-aadc-59aa8b2f44b5) on 140.550 MHz, released, game time 05:16:08
2026-09-26 12:40:15.131 -07:00 [INF] [OpenFreqClient.Services.OpenFreqService] PTT start: Miner 1-1 (7c54ae18-74fa-45f3-b6a9-377a5574b95b) on 140.550 MHz, 3D, game time 05:16:12
2026-09-26 12:40:15.143 -07:00 [INF] [OpenFreq.Common.RtpJitterBuffer] Transmission gap detected (11516ms RTP delta), resetting jitter measurement
2026-09-26 12:40:15.182 -07:00 [INF] [OpenFreqClient.Services.OpenFreqService] RX 140.550 MHz from Miner 1-1 (7c54ae18-74fa-45f3-b6a9-377a5574b95b), game time 05:16:12: -37.1 dBm, SNR 72.9 dB, FSPL 77.1 dB, terrain 0.0 dB, 1.2 km, tx 6061 m / rx 6066 m MSL
2026-09-26 12:40:16.275 -07:00 [INF] [OpenFreqClient.Services.OpenFreqService] PTT end: Miner 1-1 (7c54ae18-74fa-45f3-b6a9-377a5574b95b) on 140.550 MHz, released, game time 05:16:13
2026-09-26 12:40:22.033 -07:00 [INF] [OpenFreqClient.Services.OpenFreqService] PTT start: own radio on 140.550 MHz, game time 05:16:19
2026-09-26 12:40:22.992 -07:00 [INF] [OpenFreqClient.Services.OpenFreqService] PTT end: own radio on 140.550 MHz, game time 05:16:20
2026-09-26 12:40:22.999 -07:00 [INF] [OpenFreqClient.Services.OpenFreqService] TX level over 960ms: mic peak -14.6 dBFS rms -30.4 dBFS | sent peak -4.2 dBFS rms -20.6 dBFS | normalizer on, gain 2.906, gate -76.8 dBFS
2026-09-26 12:40:24.720 -07:00 [INF] [OpenFreqClient.Services.OpenFreqService] PTT start: own radio on 140.550 MHz, game time 05:16:22
2026-09-26 12:40:25.729 -07:00 [INF] [OpenFreqClient.Services.OpenFreqService] PTT end: own radio on 140.550 MHz, game time 05:16:23
2026-09-26 12:40:25.730 -07:00 [INF] [OpenFreqClient.Services.OpenFreqService] TX level over 1000ms: mic peak -7.8 dBFS rms -26.6 dBFS | sent peak 0.0 dBFS rms -17.0 dBFS | normalizer on, gain 5.025, gate -53.3 dBFS
2026-09-26 12:40:27.916 -07:00 [INF] [OpenFreqClient.Services.OpenFreqService] PTT start: SkyFox (f8c742ac-257a-4450-aadc-59aa8b2f44b5) on 140.550 MHz, 3D, game time 05:16:25
2026-09-26 12:40:27.933 -07:00 [INF] [OpenFreq.Common.RtpJitterBuffer] Transmission gap detected (17292ms RTP delta), resetting jitter measurement
2026-09-26 12:40:27.933 -07:00 [INF] [OpenFreq.Common.RtpJitterBufferPool] Pruned stale source SSRC=5FC1A72A
2026-09-26 12:40:27.933 -07:00 [INF] [OpenFreq.Common.RtpAudioReceiver] Source expired: SSRC=5FC1A72A
2026-09-26 12:40:27.974 -07:00 [INF] [OpenFreqClient.Services.OpenFreqService] RX 140.550 MHz from SkyFox (f8c742ac-257a-4450-aadc-59aa8b2f44b5), game time 05:16:25: -52.2 dBm, SNR 57.8 dB, FSPL 92.2 dB, terrain 0.0 dB, 7.0 km, tx 5747 m / rx 6143 m MSL
2026-09-26 12:40:29.228 -07:00 [INF] [OpenFreqClient.Services.OpenFreqService] PTT end: SkyFox (f8c742ac-257a-4450-aadc-59aa8b2f44b5) on 140.550 MHz, released, game time 05:16:26
2026-09-26 12:40:29.666 -07:00 [INF] [OpenFreqClient.Services.OpenFreqService] PTT start: Stevie (b28176fd-1fdc-4825-9c1c-0a6142dfc872) on 140.550 MHz, 3D, game time 05:16:27
2026-09-26 12:40:29.669 -07:00 [INF] [OpenFreq.Common.RtpJitterBuffer] Transmission gap detected (36064ms RTP delta), resetting jitter measurement
2026-09-26 12:40:29.711 -07:00 [INF] [OpenFreqClient.Services.OpenFreqService] RX 140.550 MHz from Stevie (b28176fd-1fdc-4825-9c1c-0a6142dfc872), game time 05:16:27: -59.1 dBm, SNR 50.9 dB, FSPL 99.1 dB, terrain 0.0 dB, 15.3 km, tx 6277 m / rx 6148 m MSL
2026-09-26 12:40:29.884 -07:00 [INF] [OpenFreqClient.Services.OpenFreqService] PTT end: Stevie (b28176fd-1fdc-4825-9c1c-0a6142dfc872) on 140.550 MHz, released, game time 05:16:27
2026-09-26 12:40:38.209 -07:00 [INF] [OpenFreqClient.Services.OpenFreqService] PTT start: own radio on 280.500 MHz, game time 05:16:35
2026-09-26 12:40:40.032 -07:00 [INF] [OpenFreqClient.Services.OpenFreqService] PTT end: own radio on 280.500 MHz, game time 05:16:37
2026-09-26 12:40:40.039 -07:00 [INF] [OpenFreqClient.Services.OpenFreqService] TX level over 1820ms: mic peak -10.9 dBFS rms -27.3 dBFS | sent peak 0.0 dBFS rms -19.5 dBFS | normalizer on, gain 3.747, gate -52.3 dBFS
2026-09-26 12:40:48.098 -07:00 [INF] [OpenFreqClient.Services.OpenFreqService] PTT start: gci-chaos (0c45ab17-b574-43bf-866b-a862eae4c8a1) on 280.500 MHz, 3D, game time 05:16:45
2026-09-26 12:40:48.111 -07:00 [INF] [OpenFreq.Common.RtpJitterBuffer] Transmission gap detected (74254ms RTP delta), resetting jitter measurement
2026-09-26 12:40:48.111 -07:00 [INF] [OpenFreq.Common.RtpJitterBufferPool] Pruned stale source SSRC=6685BCEA
2026-09-26 12:40:48.111 -07:00 [INF] [OpenFreq.Common.RtpAudioReceiver] Source expired: SSRC=6685BCEA
2026-09-26 12:40:48.163 -07:00 [INF] [OpenFreqClient.Services.OpenFreqService] RX 280.500 MHz from gci-chaos (0c45ab17-b574-43bf-866b-a862eae4c8a1), game time 05:16:45: -73.4 dBm, SNR 33.6 dB, FSPL 117.4 dB, terrain 0.0 dB, 63.3 km, tx 9147 m / rx 6061 m MSL
2026-09-26 12:40:48.479 -07:00 [INF] [OpenFreqClient.Services.OpenFreqService] PTT start: Stevie (b28176fd-1fdc-4825-9c1c-0a6142dfc872) on 140.550 MHz, 3D, game time 05:16:45
2026-09-26 12:40:48.499 -07:00 [INF] [OpenFreq.Common.RtpJitterBuffer] Transmission gap detected (18632ms RTP delta), resetting jitter measurement
2026-09-26 12:40:48.541 -07:00 [INF] [OpenFreqClient.Services.OpenFreqService] RX 140.550 MHz from Stevie (b28176fd-1fdc-4825-9c1c-0a6142dfc872), game time 05:16:45: -63.0 dBm, SNR 47.0 dB, FSPL 103.0 dB, terrain 0.0 dB, 24.1 km, tx 5988 m / rx 6059 m MSL
2026-09-26 12:40:48.944 -07:00 [INF] [OpenFreqClient.Services.OpenFreqService] PTT end: Stevie (b28176fd-1fdc-4825-9c1c-0a6142dfc872) on 140.550 MHz, released, game time 05:16:46
2026-09-26 12:40:50.420 -07:00 [INF] [OpenFreqClient.Services.OpenFreqService] PTT start: Miner 1-1 (7c54ae18-74fa-45f3-b6a9-377a5574b95b) on 140.550 MHz, 3D, game time 05:16:47
2026-09-26 12:40:50.437 -07:00 [INF] [OpenFreq.Common.RtpJitterBuffer] Transmission gap detected (34176ms RTP delta), resetting jitter measurement
2026-09-26 12:40:50.478 -07:00 [INF] [OpenFreqClient.Services.OpenFreqService] RX 140.550 MHz from Miner 1-1 (7c54ae18-74fa-45f3-b6a9-377a5574b95b), game time 05:16:47: -34.7 dBm, SNR 75.3 dB, FSPL 74.7 dB, terrain 0.0 dB, 0.9 km, tx 5991 m / rx 6051 m MSL
2026-09-26 12:40:52.083 -07:00 [INF] [OpenFreqClient.Services.OpenFreqService] PTT end: Miner 1-1 (7c54ae18-74fa-45f3-b6a9-377a5574b95b) on 140.550 MHz, released, game time 05:16:49
2026-09-26 12:40:52.828 -07:00 [INF] [OpenFreqClient.Services.OpenFreqService] PTT end: gci-chaos (0c45ab17-b574-43bf-866b-a862eae4c8a1) on 280.500 MHz, released, game time 05:16:50
2026-09-26 12:40:52.989 -07:00 [INF] [OpenFreqClient.Services.OpenFreqService] PTT start: Miner 1-1 (7c54ae18-74fa-45f3-b6a9-377a5574b95b) on 140.550 MHz, 3D, game time 05:16:50
2026-09-26 12:40:53.004 -07:00 [INF] [OpenFreq.Common.RtpJitterBuffer] Transmission gap detected (937ms RTP delta), resetting jitter measurement
2026-09-26 12:40:53.060 -07:00 [INF] [OpenFreqClient.Services.OpenFreqService] RX 140.550 MHz from Miner 1-1 (7c54ae18-74fa-45f3-b6a9-377a5574b95b), game time 05:16:50: -34.3 dBm, SNR 75.7 dB, FSPL 74.3 dB, terrain 0.0 dB, 0.9 km, tx 5971 m / rx 6041 m MSL
2026-09-26 12:40:53.941 -07:00 [INF] [OpenFreqClient.Services.OpenFreqService] PTT end: Miner 1-1 (7c54ae18-74fa-45f3-b6a9-377a5574b95b) on 140.550 MHz, released, game time 05:16:51
2026-09-26 12:40:54.256 -07:00 [INF] [OpenFreqClient.Services.OpenFreqService] PTT start: Krieger (c231414f-6549-4b18-9f0e-ef37b3ff8b2a) on 280.500 MHz, 3D, game time 05:16:51
2026-09-26 12:40:54.264 -07:00 [INF] [OpenFreq.Common.RtpJitterBuffer] Transmission gap detected (203492ms RTP delta), resetting jitter measurement
2026-09-26 12:40:54.314 -07:00 [INF] [OpenFreqClient.Services.OpenFreqService] RX 280.500 MHz from Krieger (c231414f-6549-4b18-9f0e-ef37b3ff8b2a), game time 05:16:51: -64.6 dBm, SNR 42.4 dB, FSPL 104.6 dB, terrain 0.0 dB, 14.4 km, tx 2420 m / rx 6036 m MSL
2026-09-26 12:40:55.886 -07:00 [INF] [OpenFreqClient.Services.OpenFreqService] PTT end: Krieger (c231414f-6549-4b18-9f0e-ef37b3ff8b2a) on 280.500 MHz, released, game time 05:16:53
2026-09-26 12:40:57.415 -07:00 [INF] [OpenFreqClient.Services.OpenFreqService] PTT start: Stevie (b28176fd-1fdc-4825-9c1c-0a6142dfc872) on 140.550 MHz, 3D, game time 05:16:54
2026-09-26 12:40:57.429 -07:00 [INF] [OpenFreq.Common.RtpJitterBuffer] Transmission gap detected (8487ms RTP delta), resetting jitter measurement
2026-09-26 12:40:57.474 -07:00 [INF] [OpenFreqClient.Services.OpenFreqService] RX 140.550 MHz from Stevie (b28176fd-1fdc-4825-9c1c-0a6142dfc872), game time 05:16:54: -64.4 dBm, SNR 45.6 dB, FSPL 104.4 dB, terrain 0.0 dB, 28.0 km, tx 5453 m / rx 5982 m MSL
2026-09-26 12:40:58.174 -07:00 [INF] [OpenFreqClient.Services.OpenFreqService] PTT end: Stevie (b28176fd-1fdc-4825-9c1c-0a6142dfc872) on 140.550 MHz, released, game time 05:16:55
2026-09-26 12:40:59.413 -07:00 [INF] [OpenFreqClient.Services.OpenFreqService] PTT start: Miner 1-1 (7c54ae18-74fa-45f3-b6a9-377a5574b95b) on 140.550 MHz, 3D, game time 05:16:56
2026-09-26 12:40:59.421 -07:00 [INF] [OpenFreq.Common.RtpJitterBuffer] Transmission gap detected (5515ms RTP delta), resetting jitter measurement
2026-09-26 12:40:59.476 -07:00 [INF] [OpenFreqClient.Services.OpenFreqService] RX 140.550 MHz from Miner 1-1 (7c54ae18-74fa-45f3-b6a9-377a5574b95b), game time 05:16:56: -36.4 dBm, SNR 73.6 dB, FSPL 76.4 dB, terrain 0.0 dB, 1.1 km, tx 5259 m / rx 5884 m MSL
2026-09-26 12:40:59.878 -07:00 [INF] [OpenFreqClient.Services.OpenFreqService] PTT end: Miner 1-1 (7c54ae18-74fa-45f3-b6a9-377a5574b95b) on 140.550 MHz, released, game time 05:16:57
2026-09-26 12:41:02.000 -07:00 [INF] [OpenFreqClient.Services.OpenFreqService] PTT start: Stevie (b28176fd-1fdc-4825-9c1c-0a6142dfc872) on 140.550 MHz, 3D, game time 05:16:59
2026-09-26 12:41:02.025 -07:00 [INF] [OpenFreq.Common.RtpJitterBuffer] Transmission gap detected (3852ms RTP delta), resetting jitter measurement
2026-09-26 12:41:02.066 -07:00 [INF] [OpenFreqClient.Services.OpenFreqService] RX 140.550 MHz from Stevie (b28176fd-1fdc-4825-9c1c-0a6142dfc872), game time 05:16:59: -64.6 dBm, SNR 45.4 dB, FSPL 104.6 dB, terrain 0.0 dB, 28.8 km, tx 4758 m / rx 5671 m MSL
2026-09-26 12:41:02.938 -07:00 [INF] [OpenFreqClient.Services.OpenFreqService] PTT end: Stevie (b28176fd-1fdc-4825-9c1c-0a6142dfc872) on 140.550 MHz, released, game time 05:17:00
2026-09-26 12:41:04.176 -07:00 [INF] [OpenFreqClient.Services.OpenFreqService] PTT start: SkyFox (f8c742ac-257a-4450-aadc-59aa8b2f44b5) on 140.550 MHz, 3D, game time 05:17:01
2026-09-26 12:41:04.195 -07:00 [INF] [OpenFreq.Common.RtpJitterBuffer] Transmission gap detected (34976ms RTP delta), resetting jitter measurement
2026-09-26 12:41:04.234 -07:00 [INF] [OpenFreqClient.Services.OpenFreqService] RX 140.550 MHz from SkyFox (f8c742ac-257a-4450-aadc-59aa8b2f44b5), game time 05:17:01: -62.3 dBm, SNR 47.7 dB, FSPL 102.3 dB, terrain 0.0 dB, 22.0 km, tx 5737 m / rx 5406 m MSL
2026-09-26 12:41:06.241 -07:00 [INF] [OpenFreqClient.Services.OpenFreqService] PTT end: SkyFox (f8c742ac-257a-4450-aadc-59aa8b2f44b5) on 140.550 MHz, released, game time 05:17:03
2026-09-26 12:41:06.549 -07:00 [INF] [OpenFreqClient.Services.OpenFreqService] PTT start: Stevie (b28176fd-1fdc-4825-9c1c-0a6142dfc872) on 140.550 MHz, 3D, game time 05:17:03
2026-09-26 12:41:06.566 -07:00 [INF] [OpenFreq.Common.RtpJitterBuffer] Transmission gap detected (3646ms RTP delta), resetting jitter measurement
2026-09-26 12:41:06.614 -07:00 [INF] [OpenFreqClient.Services.OpenFreqService] RX 140.550 MHz from Stevie (b28176fd-1fdc-4825-9c1c-0a6142dfc872), game time 05:17:04: -64.5 dBm, SNR 45.5 dB, FSPL 104.5 dB, terrain 0.0 dB, 28.6 km, tx 4359 m / rx 5036 m MSL
2026-09-26 12:41:07.250 -07:00 [INF] [OpenFreqClient.Services.OpenFreqService] PTT end: Stevie (b28176fd-1fdc-4825-9c1c-0a6142dfc872) on 140.550 MHz, released, game time 05:17:04
2026-09-26 12:41:11.216 -07:00 [INF] [OpenFreqClient.Services.OpenFreqService] PTT start: Alligator (f39dd749-39ff-4df4-bec7-f23cc154d1a8) on 280.500 MHz, 3D, game time 05:17:08
2026-09-26 12:41:11.233 -07:00 [INF] [OpenFreq.Common.RtpJitterBuffer] Transmission gap detected (187036ms RTP delta), resetting jitter measurement
2026-09-26 12:41:11.270 -07:00 [INF] [OpenFreqClient.Services.OpenFreqService] RX 280.500 MHz from Alligator (f39dd749-39ff-4df4-bec7-f23cc154d1a8), game time 05:17:08: -78.8 dBm, SNR 28.2 dB, FSPL 118.8 dB, terrain 0.0 dB, 74.4 km, tx 6097 m / rx 4154 m MSL
2026-09-26 12:41:12.270 -07:00 [INF] [OpenFreq.Common.RtpJitterBuffer] Late arrival (60ms past slot) — buffer 47→137ms
2026-09-26 12:41:13.153 -07:00 [INF] [OpenFreqClient.Services.OpenFreqService] PTT end: Alligator (f39dd749-39ff-4df4-bec7-f23cc154d1a8) on 280.500 MHz, released, game time 05:17:10
2026-09-26 12:41:15.990 -07:00 [INF] [OpenFreqClient.Services.OpenFreqService] PTT start: Stevie (b28176fd-1fdc-4825-9c1c-0a6142dfc872) on 140.550 MHz, 3D, game time 05:17:13
2026-09-26 12:41:16.002 -07:00 [INF] [OpenFreq.Common.RtpJitterBuffer] Transmission gap detected (8760ms RTP delta), resetting jitter measurement
2026-09-26 12:41:16.058 -07:00 [INF] [OpenFreqClient.Services.OpenFreqService] RX 140.550 MHz from Stevie (b28176fd-1fdc-4825-9c1c-0a6142dfc872), game time 05:17:13: -64.0 dBm, SNR 46.0 dB, FSPL 104.0 dB, terrain 0.0 dB, 26.8 km, tx 4284 m / rx 3192 m MSL
2026-09-26 12:41:18.820 -07:00 [INF] [OpenFreqClient.Services.OpenFreqService] PTT end: Stevie (b28176fd-1fdc-4825-9c1c-0a6142dfc872) on 140.550 MHz, released, game time 05:17:16
2026-09-26 12:41:23.851 -07:00 [INF] [OpenFreqClient.Services.OpenFreqService] PTT start: Polaris (86d6d8aa-64e3-4106-890a-252d3f93f28e) on 280.500 MHz, 3D, game time 05:17:21
2026-09-26 12:41:23.863 -07:00 [INF] [OpenFreq.Common.RtpJitterBufferPool] New RTP source: SSRC=6685BCEA
2026-09-26 12:41:23.863 -07:00 [INF] [OpenFreq.Common.RtpJitterBuffer] Manual buffer size: 150ms
2026-09-26 12:41:23.863 -07:00 [INF] [OpenFreq.Common.RtpAudioReceiver] Source joined:  SSRC=6685BCEA
2026-09-26 12:41:23.863 -07:00 [INF] [OpenFreq.Common.RtpJitterBuffer] Initialized: buffer=150ms
2026-09-26 12:41:24.014 -07:00 [INF] [OpenFreqClient.Services.OpenFreqService] RX 280.500 MHz from Polaris (86d6d8aa-64e3-4106-890a-252d3f93f28e), game time 05:17:21: -76.4 dBm, SNR 30.6 dB, FSPL 116.4 dB, terrain 0.0 dB, 56.3 km, tx 5529 m / rx 1901 m MSL
2026-09-26 12:41:24.491 -07:00 [INF] [OpenFreqClient.Services.OpenFreqService] PTT start: Krieger (c231414f-6549-4b18-9f0e-ef37b3ff8b2a) on 280.500 MHz, 3D, game time 05:17:21
2026-09-26 12:41:24.518 -07:00 [INF] [OpenFreq.Common.RtpJitterBuffer] Transmission gap detected (28620ms RTP delta), resetting jitter measurement
2026-09-26 12:41:24.555 -07:00 [INF] [OpenFreqClient.Services.OpenFreqService] RX 280.500 MHz from Krieger (c231414f-6549-4b18-9f0e-ef37b3ff8b2a), game time 05:17:21: -66.8 dBm, SNR 40.2 dB, FSPL 106.8 dB, terrain 0.0 dB, 18.5 km, tx 244 m / rx 1829 m MSL
2026-09-26 12:41:25.536 -07:00 [INF] [OpenFreqClient.Services.OpenFreqService] PTT end: Krieger (c231414f-6549-4b18-9f0e-ef37b3ff8b2a) on 280.500 MHz, released, game time 05:17:22
2026-09-26 12:41:26.108 -07:00 [INF] [OpenFreqClient.Services.OpenFreqService] PTT end: Polaris (86d6d8aa-64e3-4106-890a-252d3f93f28e) on 280.500 MHz, released, game time 05:17:23
2026-09-26 12:41:29.253 -07:00 [INF] [OpenFreqClient.Services.OpenFreqService] PTT start: Miner 1-1 (7c54ae18-74fa-45f3-b6a9-377a5574b95b) on 140.550 MHz, 3D, game time 05:17:26
2026-09-26 12:41:29.273 -07:00 [INF] [OpenFreq.Common.RtpJitterBuffer] Transmission gap detected (29401ms RTP delta), resetting jitter measurement
2026-09-26 12:41:29.316 -07:00 [INF] [OpenFreqClient.Services.OpenFreqService] RX 140.550 MHz from Miner 1-1 (7c54ae18-74fa-45f3-b6a9-377a5574b95b), game time 05:17:26: -43.3 dBm, SNR 66.7 dB, FSPL 83.3 dB, terrain 0.0 dB, 2.5 km, tx 3244 m / rx 1284 m MSL
2026-09-26 12:41:29.711 -07:00 [INF] [OpenFreqClient.Services.OpenFreqService] PTT end: Miner 1-1 (7c54ae18-74fa-45f3-b6a9-377a5574b95b) on 140.550 MHz, released, game time 05:17:27
2026-09-26 12:41:30.881 -07:00 [INF] [OpenFreqClient.Services.OpenFreqService] PTT start: own radio on 140.550 MHz, game time 05:17:28
2026-09-26 12:41:32.208 -07:00 [INF] [OpenFreqClient.Services.OpenFreqService] PTT end: own radio on 140.550 MHz, game time 05:17:29
2026-09-26 12:41:32.209 -07:00 [INF] [OpenFreqClient.Services.OpenFreqService] TX level over 1320ms: mic peak -9.2 dBFS rms -26.9 dBFS | sent peak -1.2 dBFS rms -19.3 dBFS | normalizer on, gain 2.541, gate -53.3 dBFS
2026-09-26 12:41:36.455 -07:00 [INF] [OpenFreqClient.Services.OpenFreqService] PTT start: Useless (2c7de423-e66c-4a70-a299-d21d207cd0ed) on 280.500 MHz, 3D, game time 05:17:33
2026-09-26 12:41:36.469 -07:00 [INF] [OpenFreq.Common.RtpJitterBufferPool] New RTP source: SSRC=5FC1A72A
2026-09-26 12:41:36.469 -07:00 [INF] [OpenFreq.Common.RtpJitterBuffer] Manual buffer size: 150ms
2026-09-26 12:41:36.469 -07:00 [INF] [OpenFreq.Common.RtpAudioReceiver] Source joined:  SSRC=5FC1A72A
2026-09-26 12:41:36.469 -07:00 [INF] [OpenFreq.Common.RtpJitterBuffer] Initialized: buffer=150ms
2026-09-26 12:41:36.469 -07:00 [INF] [OpenFreq.Common.RtpJitterBufferPool] Pruned stale source SSRC=10B73873
2026-09-26 12:41:36.469 -07:00 [INF] [OpenFreq.Common.RtpAudioReceiver] Source expired: SSRC=10B73873
2026-09-26 12:41:36.619 -07:00 [INF] [OpenFreqClient.Services.OpenFreqService] RX 280.500 MHz from Useless (2c7de423-e66c-4a70-a299-d21d207cd0ed), game time 05:17:34: -77.1 dBm, SNR 29.9 dB, FSPL 117.1 dB, terrain 0.0 dB, 60.8 km, tx 5538 m / rx 1688 m MSL
2026-09-26 12:41:36.854 -07:00 [WRN] [OpenFreqAudio.RadioPlayback] Stream 2c7de423-e66c-4a70-a299-d21d207cd0ed:280500 on 280.500 MHz had no samples for 14.5 ms
2026-09-26 12:41:37.767 -07:00 [INF] [OpenFreqClient.Services.OpenFreqService] PTT end: Useless (2c7de423-e66c-4a70-a299-d21d207cd0ed) on 280.500 MHz, released, game time 05:17:35
2026-09-26 12:41:38.040 -07:00 [INF] [OpenFreqClient.Services.OpenFreqService] PTT start: Useless (2c7de423-e66c-4a70-a299-d21d207cd0ed) on 280.500 MHz, 3D, game time 05:17:35
2026-09-26 12:41:40.010 -07:00 [INF] [OpenFreqClient.Services.OpenFreqService] PTT end: Useless (2c7de423-e66c-4a70-a299-d21d207cd0ed) on 280.500 MHz, released, game time 05:17:37
2026-09-26 12:41:40.955 -07:00 [INF] [OpenFreqClient.Services.OpenFreqService] PTT start: Polaris (86d6d8aa-64e3-4106-890a-252d3f93f28e) on 280.500 MHz, 3D, game time 05:17:38
2026-09-26 12:41:40.974 -07:00 [INF] [OpenFreq.Common.RtpJitterBuffer] Transmission gap detected (14865ms RTP delta), resetting jitter measurement
2026-09-26 12:41:41.011 -07:00 [INF] [OpenFreqClient.Services.OpenFreqService] RX 280.500 MHz from Polaris (86d6d8aa-64e3-4106-890a-252d3f93f28e), game time 05:17:38: -75.5 dBm, SNR 31.5 dB, FSPL 115.5 dB, terrain 0.0 dB, 50.5 km, tx 5540 m / rx 2261 m MSL
2026-09-26 12:41:43.626 -07:00 [INF] [OpenFreqClient.Services.OpenFreqService] PTT end: Polaris (86d6d8aa-64e3-4106-890a-252d3f93f28e) on 280.500 MHz, released, game time 05:17:41
2026-09-26 12:41:44.856 -07:00 [INF] [OpenFreqClient.Services.OpenFreqService] PTT start: Useless (2c7de423-e66c-4a70-a299-d21d207cd0ed) on 280.500 MHz, 3D, game time 05:17:42
2026-09-26 12:41:44.870 -07:00 [INF] [OpenFreq.Common.RtpJitterBuffer] Transmission gap detected (4876ms RTP delta), resetting jitter measurement
2026-09-26 12:41:44.910 -07:00 [INF] [OpenFreqClient.Services.OpenFreqService] RX 280.500 MHz from Useless (2c7de423-e66c-4a70-a299-d21d207cd0ed), game time 05:17:42: -77.5 dBm, SNR 29.5 dB, FSPL 117.5 dB, terrain 0.0 dB, 63.8 km, tx 5537 m / rx 2676 m MSL
2026-09-26 12:41:47.449 -07:00 [INF] [OpenFreqClient.Services.OpenFreqService] PTT end: Useless (2c7de423-e66c-4a70-a299-d21d207cd0ed) on 280.500 MHz, released, game time 05:17:44
2026-09-26 12:41:49.083 -07:00 [INF] [OpenFreqClient.Services.OpenFreqService] PTT start: Polaris (86d6d8aa-64e3-4106-890a-252d3f93f28e) on 280.500 MHz, 3D, game time 05:17:46
2026-09-26 12:41:49.104 -07:00 [INF] [OpenFreq.Common.RtpJitterBuffer] Transmission gap detected (5488ms RTP delta), resetting jitter measurement
2026-09-26 12:41:49.104 -07:00 [INF] [OpenFreq.Common.RtpJitterBufferPool] Pruned stale source SSRC=7668AE7F
2026-09-26 12:41:49.104 -07:00 [INF] [OpenFreq.Common.RtpAudioReceiver] Source expired: SSRC=7668AE7F
2026-09-26 12:41:49.140 -07:00 [INF] [OpenFreqClient.Services.OpenFreqService] RX 280.500 MHz from Polaris (86d6d8aa-64e3-4106-890a-252d3f93f28e), game time 05:17:46: -75.3 dBm, SNR 31.7 dB, FSPL 115.3 dB, terrain 0.0 dB, 49.5 km, tx 5545 m / rx 3001 m MSL
2026-09-26 12:41:49.228 -07:00 [INF] [OpenFreqClient.Services.OpenFreqService] PTT start: gci-chaos (0c45ab17-b574-43bf-866b-a862eae4c8a1) on 280.500 MHz, 3D, game time 05:17:46
2026-09-26 12:41:49.244 -07:00 [INF] [OpenFreq.Common.RtpJitterBuffer] Transmission gap detected (56430ms RTP delta), resetting jitter measurement
2026-09-26 12:41:49.286 -07:00 [INF] [OpenFreqClient.Services.OpenFreqService] RX 280.500 MHz from gci-chaos (0c45ab17-b574-43bf-866b-a862eae4c8a1), game time 05:17:46: -74.4 dBm, SNR 32.6 dB, FSPL 118.4 dB, terrain 0.0 dB, 70.7 km, tx 9147 m / rx 3013 m MSL
2026-09-26 12:41:49.499 -07:00 [INF] [OpenFreqClient.Services.OpenFreqService] PTT end: gci-chaos (0c45ab17-b574-43bf-866b-a862eae4c8a1) on 280.500 MHz, released, game time 05:17:46
2026-09-26 12:41:49.995 -07:00 [INF] [OpenFreqClient.Services.OpenFreqService] PTT end: Polaris (86d6d8aa-64e3-4106-890a-252d3f93f28e) on 280.500 MHz, released, game time 05:17:47
2026-09-26 12:41:50.575 -07:00 [INF] [OpenFreqClient.Services.OpenFreqService] PTT start: gci-chaos (0c45ab17-b574-43bf-866b-a862eae4c8a1) on 280.500 MHz, 3D, game time 05:17:47
2026-09-26 12:41:50.600 -07:00 [INF] [OpenFreq.Common.RtpJitterBuffer] Transmission gap detected (1103ms RTP delta), resetting jitter measurement
2026-09-26 12:41:50.628 -07:00 [INF] [OpenFreqClient.Services.OpenFreqService] RX 280.500 MHz from gci-chaos (0c45ab17-b574-43bf-866b-a862eae4c8a1), game time 05:17:48: -74.4 dBm, SNR 32.6 dB, FSPL 118.4 dB, terrain 0.0 dB, 70.8 km, tx 9147 m / rx 3086 m MSL
2026-09-26 12:41:51.847 -07:00 [INF] [OpenFreqClient.Services.OpenFreqService] PTT start: Miner 1-1 (7c54ae18-74fa-45f3-b6a9-377a5574b95b) on 140.550 MHz, 3D, game time 05:17:49
2026-09-26 12:41:51.866 -07:00 [INF] [OpenFreq.Common.RtpJitterBuffer] Transmission gap detected (22171ms RTP delta), resetting jitter measurement
2026-09-26 12:41:51.905 -07:00 [INF] [OpenFreqClient.Services.OpenFreqService] RX 140.550 MHz from Miner 1-1 (7c54ae18-74fa-45f3-b6a9-377a5574b95b), game time 05:17:49: -54.3 dBm, SNR 55.7 dB, FSPL 94.3 dB, terrain 0.0 dB, 8.8 km, tx 3327 m / rx 3150 m MSL
2026-09-26 12:41:52.248 -07:00 [INF] [OpenFreqClient.Services.OpenFreqService] PTT end: gci-chaos (0c45ab17-b574-43bf-866b-a862eae4c8a1) on 280.500 MHz, released, game time 05:17:49
2026-09-26 12:41:52.825 -07:00 [INF] [OpenFreqClient.Services.OpenFreqService] PTT end: Miner 1-1 (7c54ae18-74fa-45f3-b6a9-377a5574b95b) on 140.550 MHz, released, game time 05:17:50
2026-09-26 12:41:54.135 -07:00 [INF] [OpenFreqClient.Services.OpenFreqService] PTT start: Miner 1-1 (7c54ae18-74fa-45f3-b6a9-377a5574b95b) on 140.550 MHz, 3D, game time 05:17:51
2026-09-26 12:41:54.153 -07:00 [INF] [OpenFreq.Common.RtpJitterBuffer] Transmission gap detected (1349ms RTP delta), resetting jitter measurement
2026-09-26 12:41:54.202 -07:00 [INF] [OpenFreqClient.Services.OpenFreqService] RX 140.550 MHz from Miner 1-1 (7c54ae18-74fa-45f3-b6a9-377a5574b95b), game time 05:17:51: -55.3 dBm, SNR 54.7 dB, FSPL 95.3 dB, terrain 0.0 dB, 9.9 km, tx 3593 m / rx 3237 m MSL
2026-09-26 12:41:54.627 -07:00 [INF] [OpenFreqClient.Services.OpenFreqService] PTT end: Miner 1-1 (7c54ae18-74fa-45f3-b6a9-377a5574b95b) on 140.550 MHz, released, game time 05:17:52
2026-09-26 12:42:00.452 -07:00 [INF] [OpenFreqClient.Services.OpenFreqService] PTT start: Miner 1-1 (7c54ae18-74fa-45f3-b6a9-377a5574b95b) on 140.550 MHz, 3D, game time 05:17:57
2026-09-26 12:42:00.474 -07:00 [INF] [OpenFreq.Common.RtpJitterBuffer] Transmission gap detected (5860ms RTP delta), resetting jitter measurement
2026-09-26 12:42:00.523 -07:00 [INF] [OpenFreqClient.Services.OpenFreqService] RX 140.550 MHz from Miner 1-1 (7c54ae18-74fa-45f3-b6a9-377a5574b95b), game time 05:17:57: -57.6 dBm, SNR 52.4 dB, FSPL 97.6 dB, terrain 0.0 dB, 12.8 km, tx 4212 m / rx 3417 m MSL
2026-09-26 12:42:01.623 -07:00 [INF] [OpenFreq.Common.RtpJitterBuffer] Late arrival (202ms past slot) — buffer 122→354ms
2026-09-26 12:42:02.160 -07:00 [INF] [OpenFreq.Common.RtpJitterBuffer] Late arrival (7ms past slot) — buffer 354→391ms
2026-09-26 12:42:02.162 -07:00 [INF] [OpenFreqClient.Services.OpenFreqService] PTT end: Miner 1-1 (7c54ae18-74fa-45f3-b6a9-377a5574b95b) on 140.550 MHz, released, game time 05:17:59
2026-09-26 12:42:07.842 -07:00 [INF] [OpenFreqClient.Services.OpenFreqService] PTT start: SkyFox (f8c742ac-257a-4450-aadc-59aa8b2f44b5) on 280.500 MHz, 3D, game time 05:18:05
2026-09-26 12:42:07.855 -07:00 [INF] [OpenFreq.Common.RtpJitterBuffer] Transmission gap detected (61624ms RTP delta), resetting jitter measurement
2026-09-26 12:42:07.900 -07:00 [INF] [OpenFreqClient.Services.OpenFreqService] RX 280.500 MHz from SkyFox (f8c742ac-257a-4450-aadc-59aa8b2f44b5), game time 05:18:05: -69.4 dBm, SNR 37.6 dB, FSPL 109.4 dB, terrain 0.0 dB, 25.2 km, tx 5543 m / rx 3544 m MSL
2026-09-26 12:42:07.950 -07:00 [WRN] [OpenFreqAudio.RadioPlayback] Stream f8c742ac-257a-4450-aadc-59aa8b2f44b5:280500 on 280.500 MHz had no samples for 10.0 ms
2026-09-26 12:42:13.683 -07:00 [INF] [OpenFreqClient.Services.OpenFreqService] PTT end: SkyFox (f8c742ac-257a-4450-aadc-59aa8b2f44b5) on 280.500 MHz, released, game time 05:18:11
2026-09-26 12:42:17.859 -07:00 [INF] [OpenFreqClient.Services.OpenFreqService] PTT start: gci-chaos (0c45ab17-b574-43bf-866b-a862eae4c8a1) on 280.500 MHz, 3D, game time 05:18:15
2026-09-26 12:42:17.875 -07:00 [INF] [OpenFreq.Common.RtpJitterBuffer] Transmission gap detected (25626ms RTP delta), resetting jitter measurement
2026-09-26 12:42:17.919 -07:00 [INF] [OpenFreqClient.Services.OpenFreqService] RX 280.500 MHz from gci-chaos (0c45ab17-b574-43bf-866b-a862eae4c8a1), game time 05:18:15: -74.3 dBm, SNR 32.7 dB, FSPL 118.2 dB, terrain 0.0 dB, 69.5 km, tx 9147 m / rx 3628 m MSL
2026-09-26 12:42:17.975 -07:00 [WRN] [OpenFreqAudio.RadioPlayback] Stream 0c45ab17-b574-43bf-866b-a862eae4c8a1:280500 on 280.500 MHz had no samples for 15.5 ms
2026-09-26 12:42:19.932 -07:00 [INF] [OpenFreqClient.Services.OpenFreqService] PTT end: gci-chaos (0c45ab17-b574-43bf-866b-a862eae4c8a1) on 280.500 MHz, released, game time 05:18:17
2026-09-26 12:42:21.457 -07:00 [INF] [OpenFreqClient.Services.OpenFreqService] PTT start: own radio on 280.500 MHz, game time 05:18:18
2026-09-26 12:42:24.272 -07:00 [INF] [OpenFreqClient.Services.OpenFreqService] PTT end: own radio on 280.500 MHz, game time 05:18:21
2026-09-26 12:42:24.280 -07:00 [INF] [OpenFreqClient.Services.OpenFreqService] TX level over 2820ms: mic peak -9.4 dBFS rms -26.4 dBFS | sent peak 0.0 dBFS rms -18.7 dBFS | normalizer on, gain 1.505, gate -94.6 dBFS
2026-09-26 12:42:25.283 -07:00 [INF] [OpenFreqClient.Services.OpenFreqService] PTT start: SkyFox (f8c742ac-257a-4450-aadc-59aa8b2f44b5) on 140.550 MHz, 3D, game time 05:18:22
2026-09-26 12:42:25.298 -07:00 [INF] [OpenFreq.Common.RtpJitterBuffer] Transmission gap detected (11620ms RTP delta), resetting jitter measurement
2026-09-26 12:42:25.347 -07:00 [INF] [OpenFreqClient.Services.OpenFreqService] RX 140.550 MHz from SkyFox (f8c742ac-257a-4450-aadc-59aa8b2f44b5), game time 05:18:22: -63.9 dBm, SNR 46.1 dB, FSPL 103.9 dB, terrain 0.0 dB, 26.6 km, tx 5548 m / rx 3682 m MSL
2026-09-26 12:42:26.267 -07:00 [INF] [OpenFreqClient.Services.OpenFreqService] PTT start: Krieger (c231414f-6549-4b18-9f0e-ef37b3ff8b2a) on 280.500 MHz, 3D, game time 05:18:23
2026-09-26 12:42:26.286 -07:00 [INF] [OpenFreq.Common.RtpJitterBuffer] Transmission gap detected (60756ms RTP delta), resetting jitter measurement
2026-09-26 12:42:26.331 -07:00 [INF] [OpenFreqClient.Services.OpenFreqService] RX 280.500 MHz from Krieger (c231414f-6549-4b18-9f0e-ef37b3ff8b2a), game time 05:18:23: -70.8 dBm, SNR 36.2 dB, FSPL 110.8 dB, terrain 0.0 dB, 29.4 km, tx 650 m / rx 3689 m MSL
2026-09-26 12:42:26.426 -07:00 [WRN] [OpenFreqAudio.RadioPlayback] Stream c231414f-6549-4b18-9f0e-ef37b3ff8b2a:280500 on 280.500 MHz had no samples for 15.6 ms
2026-09-26 12:42:26.809 -07:00 [INF] [OpenFreqClient.Services.OpenFreqService] PTT end: SkyFox (f8c742ac-257a-4450-aadc-59aa8b2f44b5) on 140.550 MHz, released, game time 05:18:24
2026-09-26 12:42:26.996 -07:00 [INF] [OpenFreqClient.Services.OpenFreqService] PTT start: Stevie (b28176fd-1fdc-4825-9c1c-0a6142dfc872) on 140.550 MHz, 3D, game time 05:18:24
2026-09-26 12:42:27.012 -07:00 [INF] [OpenFreq.Common.RtpJitterBuffer] Transmission gap detected (68208ms RTP delta), resetting jitter measurement
2026-09-26 12:42:27.051 -07:00 [INF] [OpenFreqClient.Services.OpenFreqService] RX 140.550 MHz from Stevie (b28176fd-1fdc-4825-9c1c-0a6142dfc872), game time 05:18:24: -65.5 dBm, SNR 44.5 dB, FSPL 105.5 dB, terrain 0.0 dB, 32.1 km, tx 5631 m / rx 3694 m MSL
2026-09-26 12:42:27.226 -07:00 [INF] [OpenFreqClient.Services.OpenFreqService] PTT end: Stevie (b28176fd-1fdc-4825-9c1c-0a6142dfc872) on 140.550 MHz, released, game time 05:18:24
2026-09-26 12:42:30.633 -07:00 [INF] [OpenFreqClient.Services.OpenFreqService] PTT end: Krieger (c231414f-6549-4b18-9f0e-ef37b3ff8b2a) on 280.500 MHz, released, game time 05:18:28
2026-09-26 12:42:32.138 -07:00 [INF] [OpenFreqClient.Services.OpenFreqService] PTT start: Falcon (58355e30-5857-4e01-882f-86b5f2200072) on 280.500 MHz, 3D, game time 05:18:29
2026-09-26 12:42:32.152 -07:00 [INF] [OpenFreq.Common.RtpJitterBuffer] Transmission gap detected (184395ms RTP delta), resetting jitter measurement
2026-09-26 12:42:32.182 -07:00 [INF] [OpenFreqClient.Services.OpenFreqService] RX 280.500 MHz from Falcon (58355e30-5857-4e01-882f-86b5f2200072), game time 05:18:29: -71.8 dBm, SNR 35.2 dB, FSPL 111.8 dB, terrain 0.0 dB, 33.1 km, tx 6950 m / rx 3721 m MSL
2026-09-26 12:42:32.978 -07:00 [INF] [OpenFreqClient.Services.OpenFreqService] PTT end: Falcon (58355e30-5857-4e01-882f-86b5f2200072) on 280.500 MHz, released, game time 05:18:30
2026-09-26 12:42:40.260 -07:00 [INF] [OpenFreqClient.Services.OpenFreqService] PTT start: Miner 1-1 (7c54ae18-74fa-45f3-b6a9-377a5574b95b) on 140.550 MHz, 3D, game time 05:18:37
2026-09-26 12:42:40.277 -07:00 [INF] [OpenFreq.Common.RtpJitterBuffer] Transmission gap detected (38409ms RTP delta), resetting jitter measurement
2026-09-26 12:42:40.597 -07:00 [INF] [OpenFreqClient.Services.OpenFreqService] RX 140.550 MHz from Miner 1-1 (7c54ae18-74fa-45f3-b6a9-377a5574b95b), game time 05:18:38: -61.3 dBm, SNR 48.7 dB, FSPL 101.3 dB, terrain 0.0 dB, 19.7 km, tx 5157 m / rx 3763 m MSL
2026-09-26 12:42:42.960 -07:00 [INF] [OpenFreqClient.Services.OpenFreqService] PTT end: Miner 1-1 (7c54ae18-74fa-45f3-b6a9-377a5574b95b) on 140.550 MHz, released, game time 05:18:40
2026-09-26 12:42:44.080 -07:00 [INF] [OpenFreqClient.Services.OpenFreqService] PTT start: own radio on 140.550 MHz, game time 05:18:41
2026-09-26 12:42:48.481 -07:00 [INF] [OpenFreqClient.Services.OpenFreqService] PTT end: own radio on 140.550 MHz, game time 05:18:45
2026-09-26 12:42:48.490 -07:00 [INF] [OpenFreqClient.Services.OpenFreqService] TX level over 4400ms: mic peak -9.9 dBFS rms -27.9 dBFS | sent peak 0.0 dBFS rms -21.4 dBFS | normalizer on, gain 6.932, gate -58.9 dBFS
2026-09-26 12:42:50.385 -07:00 [INF] [OpenFreqClient.Services.OpenFreqService] PTT start: own radio on 140.550 MHz, game time 05:18:47
2026-09-26 12:42:54.257 -07:00 [INF] [OpenFreqClient.Services.OpenFreqService] PTT end: own radio on 140.550 MHz, game time 05:18:51
2026-09-26 12:42:54.259 -07:00 [INF] [OpenFreqClient.Services.OpenFreqService] TX level over 3870ms: mic peak -9.2 dBFS rms -25.6 dBFS | sent peak 0.0 dBFS rms -16.4 dBFS | normalizer on, gain 10.753, gate -79.2 dBFS
2026-09-26 12:42:55.733 -07:00 [INF] [OpenFreqClient.Services.OpenFreqService] PTT start: SkyFox (f8c742ac-257a-4450-aadc-59aa8b2f44b5) on 140.550 MHz, 3D, game time 05:18:53
2026-09-26 12:42:55.743 -07:00 [INF] [OpenFreq.Common.RtpJitterBuffer] Transmission gap detected (28968ms RTP delta), resetting jitter measurement
2026-09-26 12:42:55.791 -07:00 [INF] [OpenFreqClient.Services.OpenFreqService] RX 140.550 MHz from SkyFox (f8c742ac-257a-4450-aadc-59aa8b2f44b5), game time 05:18:53: -63.5 dBm, SNR 46.5 dB, FSPL 103.5 dB, terrain 0.0 dB, 25.5 km, tx 5532 m / rx 3799 m MSL
2026-09-26 12:42:56.240 -07:00 [INF] [OpenFreq.Common.RtpJitterBuffer] Late arrival (9ms past slot) — buffer 57→96ms
2026-09-26 12:42:56.290 -07:00 [INF] [OpenFreqClient.Services.OpenFreqService] PTT end: SkyFox (f8c742ac-257a-4450-aadc-59aa8b2f44b5) on 140.550 MHz, released, game time 05:18:53
2026-09-26 12:42:57.156 -07:00 [INF] [OpenFreqClient.Services.OpenFreqService] PTT start: Stevie (b28176fd-1fdc-4825-9c1c-0a6142dfc872) on 140.550 MHz, 3D, game time 05:18:54
2026-09-26 12:42:57.176 -07:00 [INF] [OpenFreq.Common.RtpJitterBuffer] Transmission gap detected (29959ms RTP delta), resetting jitter measurement
2026-09-26 12:42:57.210 -07:00 [INF] [OpenFreqClient.Services.OpenFreqService] RX 140.550 MHz from Stevie (b28176fd-1fdc-4825-9c1c-0a6142dfc872), game time 05:18:54: -64.2 dBm, SNR 45.8 dB, FSPL 104.2 dB, terrain 0.0 dB, 27.5 km, tx 5556 m / rx 3807 m MSL
2026-09-26 12:42:57.344 -07:00 [INF] [OpenFreqClient.Services.OpenFreqService] PTT end: Stevie (b28176fd-1fdc-4825-9c1c-0a6142dfc872) on 140.550 MHz, released, game time 05:18:54
2026-09-26 12:43:03.288 -07:00 [INF] [OpenFreqClient.Services.OpenFreqService] PTT start: Miner 1-1 (7c54ae18-74fa-45f3-b6a9-377a5574b95b) on 140.550 MHz, 3D, game time 05:19:00
2026-09-26 12:43:03.304 -07:00 [INF] [OpenFreq.Common.RtpJitterBuffer] Transmission gap detected (20363ms RTP delta), resetting jitter measurement
2026-09-26 12:43:03.358 -07:00 [INF] [OpenFreqClient.Services.OpenFreqService] RX 140.550 MHz from Miner 1-1 (7c54ae18-74fa-45f3-b6a9-377a5574b95b), game time 05:19:00: -60.3 dBm, SNR 49.7 dB, FSPL 100.3 dB, terrain 0.0 dB, 17.6 km, tx 4979 m / rx 3820 m MSL
2026-09-26 12:43:03.930 -07:00 [INF] [OpenFreqClient.Services.OpenFreqService] PTT start: gci-chaos (0c45ab17-b574-43bf-866b-a862eae4c8a1) on 280.500 MHz, 3D, game time 05:19:01
2026-09-26 12:43:03.944 -07:00 [INF] [OpenFreq.Common.RtpJitterBuffer] Transmission gap detected (44032ms RTP delta), resetting jitter measurement
2026-09-26 12:43:03.988 -07:00 [INF] [OpenFreqClient.Services.OpenFreqService] RX 280.500 MHz from gci-chaos (0c45ab17-b574-43bf-866b-a862eae4c8a1), game time 05:19:01: -73.3 dBm, SNR 33.7 dB, FSPL 117.3 dB, terrain 0.0 dB, 62.4 km, tx 9147 m / rx 3818 m MSL
2026-09-26 12:43:07.035 -07:00 [INF] [OpenFreq.Common.RtpJitterBuffer] Late arrival (7ms past slot) — buffer 44→81ms
2026-09-26 12:43:07.207 -07:00 [INF] [OpenFreqClient.Services.OpenFreqService] PTT end: Miner 1-1 (7c54ae18-74fa-45f3-b6a9-377a5574b95b) on 140.550 MHz, released, game time 05:19:04
2026-09-26 12:43:09.905 -07:00 [INF] [OpenFreqClient.Services.OpenFreqService] PTT end: gci-chaos (0c45ab17-b574-43bf-866b-a862eae4c8a1) on 280.500 MHz, released, game time 05:19:07
2026-09-26 12:43:10.176 -07:00 [INF] [OpenFreqClient.Services.OpenFreqService] PTT start: gci-chaos (0c45ab17-b574-43bf-866b-a862eae4c8a1) on 280.500 MHz, 3D, game time 05:19:07
2026-09-26 12:43:10.259 -07:00 [INF] [OpenFreqClient.Services.OpenFreqService] PTT end: gci-chaos (0c45ab17-b574-43bf-866b-a862eae4c8a1) on 280.500 MHz, released, game time 05:19:07
2026-09-26 12:43:11.000 -07:00 [INF] [OpenFreqClient.Services.OpenFreqService] PTT start: Falcon (58355e30-5857-4e01-882f-86b5f2200072) on 280.500 MHz, 3D, game time 05:19:08
2026-09-26 12:43:11.027 -07:00 [INF] [OpenFreq.Common.RtpJitterBuffer] Transmission gap detected (38044ms RTP delta), resetting jitter measurement
2026-09-26 12:43:11.051 -07:00 [INF] [OpenFreqClient.Services.OpenFreqService] RX 280.500 MHz from Falcon (58355e30-5857-4e01-882f-86b5f2200072), game time 05:19:08: -69.6 dBm, SNR 37.4 dB, FSPL 109.6 dB, terrain 0.0 dB, 25.6 km, tx 7067 m / rx 3758 m MSL
2026-09-26 12:43:11.783 -07:00 [INF] [OpenFreqClient.Services.OpenFreqService] PTT start: Miner 1-1 (7c54ae18-74fa-45f3-b6a9-377a5574b95b) on 140.550 MHz, 3D, game time 05:19:09
2026-09-26 12:43:11.802 -07:00 [INF] [OpenFreq.Common.RtpJitterBuffer] Transmission gap detected (4597ms RTP delta), resetting jitter measurement
2026-09-26 12:43:11.851 -07:00 [INF] [OpenFreqClient.Services.OpenFreqService] RX 140.550 MHz from Miner 1-1 (7c54ae18-74fa-45f3-b6a9-377a5574b95b), game time 05:19:09: -59.3 dBm, SNR 50.7 dB, FSPL 99.3 dB, terrain 0.0 dB, 15.7 km, tx 4962 m / rx 3750 m MSL
2026-09-26 12:43:12.039 -07:00 [INF] [OpenFreqClient.Services.OpenFreqService] PTT end: Falcon (58355e30-5857-4e01-882f-86b5f2200072) on 280.500 MHz, released, game time 05:19:09
2026-09-26 12:43:13.226 -07:00 [INF] [OpenFreqClient.Services.OpenFreqService] PTT end: Miner 1-1 (7c54ae18-74fa-45f3-b6a9-377a5574b95b) on 140.550 MHz, released, game time 05:19:10
2026-09-26 12:43:14.442 -07:00 [INF] [OpenFreqClient.Services.OpenFreqService] PTT start: Miner 1-1 (7c54ae18-74fa-45f3-b6a9-377a5574b95b) on 140.550 MHz, 3D, game time 05:19:11
2026-09-26 12:43:14.452 -07:00 [INF] [OpenFreq.Common.RtpJitterBuffer] Transmission gap detected (1236ms RTP delta), resetting jitter measurement
2026-09-26 12:43:14.501 -07:00 [INF] [OpenFreqClient.Services.OpenFreqService] RX 140.550 MHz from Miner 1-1 (7c54ae18-74fa-45f3-b6a9-377a5574b95b), game time 05:19:11: -59.0 dBm, SNR 51.0 dB, FSPL 99.0 dB, terrain 0.0 dB, 15.2 km, tx 4936 m / rx 3726 m MSL
2026-09-26 12:43:15.548 -07:00 [INF] [OpenFreqClient.Services.OpenFreqService] PTT end: Miner 1-1 (7c54ae18-74fa-45f3-b6a9-377a5574b95b) on 140.550 MHz, released, game time 05:19:12
2026-09-26 12:43:17.294 -07:00 [INF] [OpenFreqClient.Services.OpenFreqService] PTT start: Krieger (c231414f-6549-4b18-9f0e-ef37b3ff8b2a) on 280.500 MHz, 3D, game time 05:19:14
2026-09-26 12:43:17.330 -07:00 [INF] [OpenFreq.Common.RtpJitterBuffer] Transmission gap detected (46704ms RTP delta), resetting jitter measurement
2026-09-26 12:43:17.353 -07:00 [INF] [OpenFreqClient.Services.OpenFreqService] RX 280.500 MHz from Krieger (c231414f-6549-4b18-9f0e-ef37b3ff8b2a), game time 05:19:14: -72.0 dBm, SNR 35.0 dB, FSPL 112.0 dB, terrain 0.0 dB, 33.7 km, tx 1325 m / rx 3712 m MSL
2026-09-26 12:43:17.765 -07:00 [WRN] [OpenFreqAudio.RadioPlayback] Stream c231414f-6549-4b18-9f0e-ef37b3ff8b2a:280500 on 280.500 MHz had no samples for 14.0 ms
2026-09-26 12:43:18.285 -07:00 [INF] [OpenFreqClient.Services.OpenFreqService] PTT end: Krieger (c231414f-6549-4b18-9f0e-ef37b3ff8b2a) on 280.500 MHz, released, game time 05:19:15
2026-09-26 12:43:21.377 -07:00 [INF] [OpenFreqClient.Services.OpenFreqService] PTT start: Miner 1-1 (7c54ae18-74fa-45f3-b6a9-377a5574b95b) on 140.550 MHz, 3D, game time 05:19:18
2026-09-26 12:43:21.378 -07:00 [INF] [OpenFreq.Common.RtpJitterBuffer] Transmission gap detected (5847ms RTP delta), resetting jitter measurement
2026-09-26 12:43:21.427 -07:00 [INF] [OpenFreqClient.Services.OpenFreqService] RX 140.550 MHz from Miner 1-1 (7c54ae18-74fa-45f3-b6a9-377a5574b95b), game time 05:19:18: -58.3 dBm, SNR 51.7 dB, FSPL 98.3 dB, terrain 0.0 dB, 13.9 km, tx 4916 m / rx 3709 m MSL
2026-09-26 12:43:23.158 -07:00 [INF] [OpenFreqClient.Services.OpenFreqService] PTT start: gci-chaos (0c45ab17-b574-43bf-866b-a862eae4c8a1) on 280.500 MHz, 3D, game time 05:19:20
2026-09-26 12:43:23.175 -07:00 [INF] [OpenFreq.Common.RtpJitterBuffer] Transmission gap detected (12922ms RTP delta), resetting jitter measurement
2026-09-26 12:43:23.233 -07:00 [INF] [OpenFreqClient.Services.OpenFreqService] RX 280.500 MHz from gci-chaos (0c45ab17-b574-43bf-866b-a862eae4c8a1), game time 05:19:20: -72.9 dBm, SNR 34.1 dB, FSPL 116.9 dB, terrain 0.0 dB, 59.6 km, tx 9147 m / rx 3709 m MSL
2026-09-26 12:43:23.851 -07:00 [INF] [OpenFreqClient.Services.OpenFreqService] PTT end: Miner 1-1 (7c54ae18-74fa-45f3-b6a9-377a5574b95b) on 140.550 MHz, released, game time 05:19:21
2026-09-26 12:43:24.144 -07:00 [WRN] [OpenFreqAudio.RadioPlayback] Stream 0c45ab17-b574-43bf-866b-a862eae4c8a1:280500 on 280.500 MHz had no samples for 10.3 ms
2026-09-26 12:43:24.611 -07:00 [INF] [OpenFreqClient.Services.OpenFreqService] PTT start: Miner 1-1 (7c54ae18-74fa-45f3-b6a9-377a5574b95b) on 140.550 MHz, 3D, game time 05:19:22
2026-09-26 12:43:24.638 -07:00 [INF] [OpenFreq.Common.RtpJitterBuffer] Transmission gap detected (788ms RTP delta), resetting jitter measurement
2026-09-26 12:43:24.680 -07:00 [INF] [OpenFreqClient.Services.OpenFreqService] RX 140.550 MHz from Miner 1-1 (7c54ae18-74fa-45f3-b6a9-377a5574b95b), game time 05:19:22: -58.2 dBm, SNR 51.8 dB, FSPL 98.2 dB, terrain 0.0 dB, 13.9 km, tx 4869 m / rx 3710 m MSL
2026-09-26 12:43:25.128 -07:00 [INF] [OpenFreqClient.Services.OpenFreqService] PTT end: Miner 1-1 (7c54ae18-74fa-45f3-b6a9-377a5574b95b) on 140.550 MHz, released, game time 05:19:22
2026-09-26 12:43:26.227 -07:00 [INF] [OpenFreqClient.Services.OpenFreqService] PTT start: Stevie (b28176fd-1fdc-4825-9c1c-0a6142dfc872) on 140.550 MHz, 3D, game time 05:19:23
2026-09-26 12:43:26.233 -07:00 [INF] [OpenFreq.Common.RtpJitterBuffer] Transmission gap detected (28897ms RTP delta), resetting jitter measurement
2026-09-26 12:43:26.267 -07:00 [INF] [OpenFreqClient.Services.OpenFreqService] RX 140.550 MHz from Stevie (b28176fd-1fdc-4825-9c1c-0a6142dfc872), game time 05:19:23: -59.0 dBm, SNR 51.0 dB, FSPL 99.0 dB, terrain 0.0 dB, 15.2 km, tx 5557 m / rx 3711 m MSL
2026-09-26 12:43:27.487 -07:00 [INF] [OpenFreqClient.Services.OpenFreqService] PTT end: gci-chaos (0c45ab17-b574-43bf-866b-a862eae4c8a1) on 280.500 MHz, released, game time 05:19:24
2026-09-26 12:43:27.843 -07:00 [INF] [OpenFreqClient.Services.OpenFreqService] PTT end: Stevie (b28176fd-1fdc-4825-9c1c-0a6142dfc872) on 140.550 MHz, released, game time 05:19:25
2026-09-26 12:43:29.569 -07:00 [INF] [OpenFreqClient.Services.OpenFreqService] PTT start: own radio on 140.550 MHz, game time 05:19:26
2026-09-26 12:43:30.786 -07:00 [INF] [OpenFreqClient.Services.OpenFreqService] PTT start: Krieger (c231414f-6549-4b18-9f0e-ef37b3ff8b2a) on 280.500 MHz, 3D, game time 05:19:28
2026-09-26 12:43:30.808 -07:00 [INF] [OpenFreq.Common.RtpJitterBuffer] Transmission gap detected (12529ms RTP delta), resetting jitter measurement
2026-09-26 12:43:30.843 -07:00 [INF] [OpenFreqClient.Services.OpenFreqService] RX 280.500 MHz from Krieger (c231414f-6549-4b18-9f0e-ef37b3ff8b2a), game time 05:19:28: -73.1 dBm, SNR 33.9 dB, FSPL 113.1 dB, terrain 0.0 dB, 38.2 km, tx 514 m / rx 3711 m MSL
2026-09-26 12:43:30.914 -07:00 [WRN] [OpenFreqAudio.RadioPlayback] Stream c231414f-6549-4b18-9f0e-ef37b3ff8b2a:280500 on 280.500 MHz had no samples for 10.5 ms
2026-09-26 12:43:30.961 -07:00 [INF] [OpenFreqClient.Services.OpenFreqService] PTT end: own radio on 140.550 MHz, game time 05:19:28
2026-09-26 12:43:30.970 -07:00 [INF] [OpenFreqClient.Services.OpenFreqService] TX level over 1400ms: mic peak -11.0 dBFS rms -29.9 dBFS | sent peak 0.0 dBFS rms -16.1 dBFS | normalizer on, gain 15.002, gate -66.6 dBFS
2026-09-26 12:43:35.665 -07:00 [INF] [OpenFreqClient.Services.OpenFreqService] PTT end: Krieger (c231414f-6549-4b18-9f0e-ef37b3ff8b2a) on 280.500 MHz, released, game time 05:19:33
2026-09-26 12:43:37.001 -07:00 [INF] [OpenFreqClient.Services.OpenFreqService] PTT start: gci-chaos (0c45ab17-b574-43bf-866b-a862eae4c8a1) on 280.500 MHz, 3D, game time 05:19:34
2026-09-26 12:43:37.015 -07:00 [INF] [OpenFreq.Common.RtpJitterBuffer] Transmission gap detected (9540ms RTP delta), resetting jitter measurement
2026-09-26 12:43:37.066 -07:00 [INF] [OpenFreqClient.Services.OpenFreqService] RX 280.500 MHz from gci-chaos (0c45ab17-b574-43bf-866b-a862eae4c8a1), game time 05:19:34: -72.7 dBm, SNR 34.3 dB, FSPL 116.7 dB, terrain 0.0 dB, 58.3 km, tx 9147 m / rx 3709 m MSL
2026-09-26 12:43:37.565 -07:00 [INF] [OpenFreqClient.Services.OpenFreqService] PTT start: Miner 1-1 (7c54ae18-74fa-45f3-b6a9-377a5574b95b) on 140.550 MHz, 3D, game time 05:19:34
2026-09-26 12:43:37.573 -07:00 [INF] [OpenFreq.Common.RtpJitterBuffer] Transmission gap detected (12463ms RTP delta), resetting jitter measurement
2026-09-26 12:43:37.625 -07:00 [INF] [OpenFreqClient.Services.OpenFreqService] RX 140.550 MHz from Miner 1-1 (7c54ae18-74fa-45f3-b6a9-377a5574b95b), game time 05:19:35: -59.2 dBm, SNR 50.8 dB, FSPL 99.2 dB, terrain 0.0 dB, 15.6 km, tx 4958 m / rx 3709 m MSL
2026-09-26 12:43:38.264 -07:00 [INF] [OpenFreqClient.Services.OpenFreqService] PTT end: Miner 1-1 (7c54ae18-74fa-45f3-b6a9-377a5574b95b) on 140.550 MHz, released, game time 05:19:35
2026-09-26 12:43:38.464 -07:00 [INF] [OpenFreqClient.Services.OpenFreqService] PTT end: gci-chaos (0c45ab17-b574-43bf-866b-a862eae4c8a1) on 280.500 MHz, released, game time 05:19:35
2026-09-26 12:43:38.523 -07:00 [INF] [OpenFreqClient.Services.OpenFreqService] PTT start: Miner 1-1 (7c54ae18-74fa-45f3-b6a9-377a5574b95b) on 140.550 MHz, 3D, game time 05:19:35
2026-09-26 12:43:38.984 -07:00 [INF] [OpenFreqClient.Services.OpenFreqService] PTT end: Miner 1-1 (7c54ae18-74fa-45f3-b6a9-377a5574b95b) on 140.550 MHz, released, game time 05:19:36
2026-09-26 12:43:39.634 -07:00 [INF] [OpenFreqClient.Services.OpenFreqService] PTT start: Miner 1-1 (7c54ae18-74fa-45f3-b6a9-377a5574b95b) on 280.500 MHz, 3D, game time 05:19:37
2026-09-26 12:43:39.655 -07:00 [INF] [OpenFreq.Common.RtpJitterBuffer] Transmission gap detected (699ms RTP delta), resetting jitter measurement
2026-09-26 12:43:39.702 -07:00 [INF] [OpenFreqClient.Services.OpenFreqService] RX 280.500 MHz from Miner 1-1 (7c54ae18-74fa-45f3-b6a9-377a5574b95b), game time 05:19:37: -65.5 dBm, SNR 41.5 dB, FSPL 105.5 dB, terrain 0.0 dB, 15.9 km, tx 5080 m / rx 3713 m MSL
2026-09-26 12:43:40.255 -07:00 [INF] [OpenFreqClient.Services.OpenFreqService] PTT end: Miner 1-1 (7c54ae18-74fa-45f3-b6a9-377a5574b95b) on 280.500 MHz, released, game time 05:19:37
2026-09-26 12:43:40.622 -07:00 [INF] [OpenFreqClient.Services.OpenFreqService] PTT start: Miner 1-1 (7c54ae18-74fa-45f3-b6a9-377a5574b95b) on 280.500 MHz, 3D, game time 05:19:38
2026-09-26 12:43:42.040 -07:00 [INF] [OpenFreq.Common.RtpJitterBuffer] Late arrival (2ms past slot) — buffer 120→151ms
2026-09-26 12:43:42.925 -07:00 [INF] [OpenFreqClient.Services.OpenFreqService] PTT end: Miner 1-1 (7c54ae18-74fa-45f3-b6a9-377a5574b95b) on 280.500 MHz, released, game time 05:19:40
2026-09-26 12:43:47.395 -07:00 [INF] [OpenFreqClient.Services.OpenFreqService] PTT start: gci-chaos (0c45ab17-b574-43bf-866b-a862eae4c8a1) on 280.500 MHz, 3D, game time 05:19:44
2026-09-26 12:43:47.406 -07:00 [INF] [OpenFreq.Common.RtpJitterBuffer] Transmission gap detected (8956ms RTP delta), resetting jitter measurement
2026-09-26 12:43:47.459 -07:00 [INF] [OpenFreqClient.Services.OpenFreqService] RX 280.500 MHz from gci-chaos (0c45ab17-b574-43bf-866b-a862eae4c8a1), game time 05:19:44: -72.8 dBm, SNR 34.2 dB, FSPL 116.7 dB, terrain 0.0 dB, 58.5 km, tx 9147 m / rx 3628 m MSL
2026-09-26 12:43:49.152 -07:00 [INF] [OpenFreqClient.Services.OpenFreqService] PTT start: Miner 1-1 (7c54ae18-74fa-45f3-b6a9-377a5574b95b) on 140.550 MHz, 3D, game time 05:19:46
2026-09-26 12:43:49.166 -07:00 [INF] [OpenFreq.Common.RtpJitterBuffer] Transmission gap detected (6247ms RTP delta), resetting jitter measurement
2026-09-26 12:43:49.223 -07:00 [INF] [OpenFreqClient.Services.OpenFreqService] RX 140.550 MHz from Miner 1-1 (7c54ae18-74fa-45f3-b6a9-377a5574b95b), game time 05:19:46: -59.9 dBm, SNR 50.1 dB, FSPL 99.9 dB, terrain 0.0 dB, 16.7 km, tx 3774 m / rx 3589 m MSL
2026-09-26 12:43:49.388 -07:00 [INF] [OpenFreqClient.Services.OpenFreqService] PTT end: Miner 1-1 (7c54ae18-74fa-45f3-b6a9-377a5574b95b) on 140.550 MHz, released, game time 05:19:46
2026-09-26 12:43:50.466 -07:00 [INF] [OpenFreqClient.Services.OpenFreqService] PTT start: Miner 1-1 (7c54ae18-74fa-45f3-b6a9-377a5574b95b) on 140.550 MHz, 3D, game time 05:19:47
2026-09-26 12:43:50.474 -07:00 [INF] [OpenFreq.Common.RtpJitterBuffer] Transmission gap detected (1153ms RTP delta), resetting jitter measurement
2026-09-26 12:43:50.532 -07:00 [INF] [OpenFreqClient.Services.OpenFreqService] RX 140.550 MHz from Miner 1-1 (7c54ae18-74fa-45f3-b6a9-377a5574b95b), game time 05:19:47: -59.9 dBm, SNR 50.1 dB, FSPL 99.9 dB, terrain 0.0 dB, 16.7 km, tx 3545 m / rx 3559 m MSL
2026-09-26 12:43:51.480 -07:00 [INF] [OpenFreqClient.Services.OpenFreqService] PTT end: Miner 1-1 (7c54ae18-74fa-45f3-b6a9-377a5574b95b) on 140.550 MHz, released, game time 05:19:48
2026-09-26 12:43:53.635 -07:00 [INF] [OpenFreqClient.Services.OpenFreqService] PTT end: gci-chaos (0c45ab17-b574-43bf-866b-a862eae4c8a1) on 280.500 MHz, released, game time 05:19:51
2026-09-26 12:43:54.128 -07:00 [INF] [OpenFreqClient.Services.OpenFreqService] PTT start: own radio on 280.500 MHz, game time 05:19:51
2026-09-26 12:43:54.910 -07:00 [INF] [OpenFreqClient.Services.OpenFreqService] PTT start: Kug (0359b875-89b6-499f-82ad-a1ef43c5b232) on 280.500 MHz, 3D, game time 05:19:52
2026-09-26 12:43:54.920 -07:00 [INF] [OpenFreq.Common.RtpJitterBufferPool] New RTP source: SSRC=2176AC39
2026-09-26 12:43:54.920 -07:00 [INF] [OpenFreq.Common.RtpJitterBuffer] Manual buffer size: 150ms
2026-09-26 12:43:54.920 -07:00 [INF] [OpenFreq.Common.RtpAudioReceiver] Source joined:  SSRC=2176AC39
2026-09-26 12:43:54.920 -07:00 [INF] [OpenFreq.Common.RtpJitterBuffer] Initialized: buffer=150ms
2026-09-26 12:43:55.072 -07:00 [INF] [OpenFreqClient.Services.OpenFreqService] PTT end: own radio on 280.500 MHz, game time 05:19:52
2026-09-26 12:43:55.080 -07:00 [INF] [OpenFreqClient.Services.OpenFreqService] TX level over 950ms: mic peak -12.4 dBFS rms -29.3 dBFS | sent peak 0.0 dBFS rms -12.9 dBFS | normalizer on, gain 2.671, gate -83.9 dBFS
2026-09-26 12:43:55.090 -07:00 [INF] [OpenFreqClient.Services.OpenFreqService] RX 280.500 MHz from Kug (0359b875-89b6-499f-82ad-a1ef43c5b232), game time 05:19:52: -61.9 dBm, SNR 45.1 dB, FSPL 101.9 dB, terrain 0.0 dB, 10.6 km, tx 7735 m / rx 3481 m MSL
2026-09-26 12:43:56.054 -07:00 [INF] [OpenFreqClient.Services.OpenFreqService] PTT start: Stevie (b28176fd-1fdc-4825-9c1c-0a6142dfc872) on 140.550 MHz, 3D, game time 05:19:53
2026-09-26 12:43:56.067 -07:00 [INF] [OpenFreq.Common.RtpJitterBuffer] Transmission gap detected (28233ms RTP delta), resetting jitter measurement
2026-09-26 12:43:56.117 -07:00 [INF] [OpenFreqClient.Services.OpenFreqService] RX 140.550 MHz from Stevie (b28176fd-1fdc-4825-9c1c-0a6142dfc872), game time 05:19:53: -55.3 dBm, SNR 54.7 dB, FSPL 95.3 dB, terrain 0.0 dB, 9.9 km, tx 5573 m / rx 3474 m MSL
2026-09-26 12:43:56.187 -07:00 [WRN] [OpenFreqAudio.RadioPlayback] Stream b28176fd-1fdc-4825-9c1c-0a6142dfc872:140550 on 140.550 MHz had no samples for 15.2 ms
2026-09-26 12:43:56.373 -07:00 [INF] [OpenFreqClient.Services.OpenFreqService] PTT end: Stevie (b28176fd-1fdc-4825-9c1c-0a6142dfc872) on 140.550 MHz, released, game time 05:19:53
2026-09-26 12:43:58.132 -07:00 [INF] [OpenFreqClient.Services.OpenFreqService] PTT end: Kug (0359b875-89b6-499f-82ad-a1ef43c5b232) on 280.500 MHz, released, game time 05:19:55
2026-09-26 12:44:02.960 -07:00 [INF] [OpenFreqClient.Services.OpenFreqService] PTT start: own radio on 140.550 MHz, game time 05:20:00
2026-09-26 12:44:03.840 -07:00 [INF] [OpenFreqClient.Services.OpenFreqService] PTT end: own radio on 140.550 MHz, game time 05:20:01
2026-09-26 12:44:03.841 -07:00 [INF] [OpenFreqClient.Services.OpenFreqService] TX level over 880ms: mic peak -12.4 dBFS rms -30.0 dBFS | sent peak -2.6 dBFS rms -20.2 dBFS | normalizer on, gain 4.357, gate -88.7 dBFS
2026-09-26 12:44:05.823 -07:00 [INF] [OpenFreqClient.Services.OpenFreqService] PTT start: Stevie (b28176fd-1fdc-4825-9c1c-0a6142dfc872) on 140.550 MHz, 3D, game time 05:20:03
2026-09-26 12:44:05.842 -07:00 [INF] [OpenFreq.Common.RtpJitterBuffer] Transmission gap detected (9476ms RTP delta), resetting jitter measurement
2026-09-26 12:44:05.891 -07:00 [INF] [OpenFreqClient.Services.OpenFreqService] RX 140.550 MHz from Stevie (b28176fd-1fdc-4825-9c1c-0a6142dfc872), game time 05:20:03: -57.9 dBm, SNR 52.1 dB, FSPL 97.9 dB, terrain 0.0 dB, 13.3 km, tx 5570 m / rx 3481 m MSL
2026-09-26 12:44:06.397 -07:00 [INF] [OpenFreqClient.Services.OpenFreqService] PTT end: Stevie (b28176fd-1fdc-4825-9c1c-0a6142dfc872) on 140.550 MHz, released, game time 05:20:03
2026-09-26 12:44:11.067 -07:00 [INF] [OpenFreqClient.Services.OpenFreqService] PTT start: gci-chaos (0c45ab17-b574-43bf-866b-a862eae4c8a1) on 280.500 MHz, 3D, game time 05:20:08
2026-09-26 12:44:11.078 -07:00 [INF] [OpenFreq.Common.RtpJitterBuffer] Transmission gap detected (17491ms RTP delta), resetting jitter measurement
2026-09-26 12:44:11.128 -07:00 [INF] [OpenFreqClient.Services.OpenFreqService] RX 280.500 MHz from gci-chaos (0c45ab17-b574-43bf-866b-a862eae4c8a1), game time 05:20:08: -73.5 dBm, SNR 33.5 dB, FSPL 117.4 dB, terrain 0.0 dB, 63.4 km, tx 9147 m / rx 3502 m MSL
2026-09-26 12:44:12.944 -07:00 [INF] [OpenFreqClient.Services.OpenFreqService] PTT start: Stevie (b28176fd-1fdc-4825-9c1c-0a6142dfc872) on 140.550 MHz, 3D, game time 05:20:10
2026-09-26 12:44:12.967 -07:00 [INF] [OpenFreq.Common.RtpJitterBuffer] Transmission gap detected (6580ms RTP delta), resetting jitter measurement
2026-09-26 12:44:13.010 -07:00 [INF] [OpenFreqClient.Services.OpenFreqService] RX 140.550 MHz from Stevie (b28176fd-1fdc-4825-9c1c-0a6142dfc872), game time 05:20:10: -59.1 dBm, SNR 50.9 dB, FSPL 99.1 dB, terrain 0.0 dB, 15.3 km, tx 5536 m / rx 3518 m MSL
2026-09-26 12:44:13.598 -07:00 [INF] [OpenFreqClient.Services.OpenFreqService] PTT end: Stevie (b28176fd-1fdc-4825-9c1c-0a6142dfc872) on 140.550 MHz, released, game time 05:20:11
2026-09-26 12:44:14.956 -07:00 [INF] [OpenFreqClient.Services.OpenFreqService] PTT end: gci-chaos (0c45ab17-b574-43bf-866b-a862eae4c8a1) on 280.500 MHz, released, game time 05:20:12
2026-09-26 12:44:18.016 -07:00 [INF] [OpenFreqClient.Services.OpenFreqService] PTT start: SkyFox (f8c742ac-257a-4450-aadc-59aa8b2f44b5) on 140.550 MHz, 3D, game time 05:20:15
2026-09-26 12:44:18.035 -07:00 [INF] [OpenFreq.Common.RtpJitterBuffer] Transmission gap detected (81755ms RTP delta), resetting jitter measurement
2026-09-26 12:44:18.102 -07:00 [INF] [OpenFreqClient.Services.OpenFreqService] RX 140.550 MHz from SkyFox (f8c742ac-257a-4450-aadc-59aa8b2f44b5), game time 05:20:15: -59.2 dBm, SNR 50.8 dB, FSPL 99.2 dB, terrain 0.0 dB, 15.4 km, tx 5119 m / rx 3584 m MSL
2026-09-26 12:44:18.337 -07:00 [WRN] [OpenFreqAudio.RadioPlayback] Stream f8c742ac-257a-4450-aadc-59aa8b2f44b5:140550 on 140.550 MHz had no samples for 14.7 ms
2026-09-26 12:44:23.541 -07:00 [INF] [OpenFreqClient.Services.OpenFreqService] PTT end: SkyFox (f8c742ac-257a-4450-aadc-59aa8b2f44b5) on 140.550 MHz, released, game time 05:20:20
2026-09-26 12:44:34.721 -07:00 [INF] [OpenFreqClient.Services.OpenFreqService] PTT start: own radio on 140.550 MHz, game time 05:20:32
2026-09-26 12:44:36.785 -07:00 [INF] [OpenFreqClient.Services.OpenFreqService] PTT end: own radio on 140.550 MHz, game time 05:20:34
2026-09-26 12:44:36.790 -07:00 [INF] [OpenFreqClient.Services.OpenFreqService] TX level over 2060ms: mic peak -12.2 dBFS rms -29.7 dBFS | sent peak 0.0 dBFS rms -20.1 dBFS | normalizer on, gain 40.384, gate -67.3 dBFS
2026-09-26 12:44:41.309 -07:00 [INF] [OpenFreqClient.Services.OpenFreqService] PTT start: Stevie (b28176fd-1fdc-4825-9c1c-0a6142dfc872) on 140.550 MHz, 3D, game time 05:20:38
2026-09-26 12:44:41.323 -07:00 [INF] [OpenFreq.Common.RtpJitterBuffer] Transmission gap detected (27747ms RTP delta), resetting jitter measurement
2026-09-26 12:44:41.387 -07:00 [INF] [OpenFreqClient.Services.OpenFreqService] RX 140.550 MHz from Stevie (b28176fd-1fdc-4825-9c1c-0a6142dfc872), game time 05:20:38: -58.3 dBm, SNR 51.7 dB, FSPL 98.3 dB, terrain 0.0 dB, 13.9 km, tx 4650 m / rx 3491 m MSL
2026-09-26 12:44:42.498 -07:00 [INF] [OpenFreqClient.Services.OpenFreqService] PTT end: Stevie (b28176fd-1fdc-4825-9c1c-0a6142dfc872) on 140.550 MHz, released, game time 05:20:39
2026-09-26 12:44:42.628 -07:00 [INF] [OpenFreqClient.Services.OpenFreqService] PTT start: Krieger (c231414f-6549-4b18-9f0e-ef37b3ff8b2a) on 280.500 MHz, 3D, game time 05:20:40
2026-09-26 12:44:42.644 -07:00 [INF] [OpenFreq.Common.RtpJitterBuffer] Transmission gap detected (66979ms RTP delta), resetting jitter measurement
2026-09-26 12:44:42.689 -07:00 [INF] [OpenFreqClient.Services.OpenFreqService] RX 280.500 MHz from Krieger (c231414f-6549-4b18-9f0e-ef37b3ff8b2a), game time 05:20:40: -69.3 dBm, SNR 37.7 dB, FSPL 109.3 dB, terrain 0.0 dB, 24.8 km, tx 619 m / rx 3519 m MSL
2026-09-26 12:44:44.638 -07:00 [INF] [OpenFreqClient.Services.OpenFreqService] PTT end: Krieger (c231414f-6549-4b18-9f0e-ef37b3ff8b2a) on 280.500 MHz, released, game time 05:20:42
2026-09-26 12:44:47.953 -07:00 [INF] [OpenFreqClient.Services.OpenFreqService] PTT start: Stevie (b28176fd-1fdc-4825-9c1c-0a6142dfc872) on 140.550 MHz, 3D, game time 05:20:45
2026-09-26 12:44:47.963 -07:00 [INF] [OpenFreq.Common.RtpJitterBuffer] Transmission gap detected (5480ms RTP delta), resetting jitter measurement
2026-09-26 12:44:48.011 -07:00 [INF] [OpenFreqClient.Services.OpenFreqService] RX 140.550 MHz from Stevie (b28176fd-1fdc-4825-9c1c-0a6142dfc872), game time 05:20:45: -57.7 dBm, SNR 52.3 dB, FSPL 97.7 dB, terrain 0.0 dB, 13.0 km, tx 4376 m / rx 3617 m MSL
2026-09-26 12:44:49.009 -07:00 [INF] [OpenFreqClient.Services.OpenFreqService] PTT end: Stevie (b28176fd-1fdc-4825-9c1c-0a6142dfc872) on 140.550 MHz, released, game time 05:20:46
2026-09-26 12:44:49.976 -07:00 [INF] [OpenFreqClient.Services.OpenFreqService] PTT start: Stevie (b28176fd-1fdc-4825-9c1c-0a6142dfc872) on 140.550 MHz, 3D, game time 05:20:47
2026-09-26 12:44:49.983 -07:00 [INF] [OpenFreq.Common.RtpJitterBuffer] Transmission gap detected (976ms RTP delta), resetting jitter measurement
2026-09-26 12:44:50.023 -07:00 [INF] [OpenFreqClient.Services.OpenFreqService] RX 140.550 MHz from Stevie (b28176fd-1fdc-4825-9c1c-0a6142dfc872), game time 05:20:47: -57.5 dBm, SNR 52.5 dB, FSPL 97.5 dB, terrain 0.0 dB, 12.7 km, tx 4295 m / rx 3651 m MSL
2026-09-26 12:44:50.754 -07:00 [INF] [OpenFreqClient.Services.OpenFreqService] PTT end: Stevie (b28176fd-1fdc-4825-9c1c-0a6142dfc872) on 140.550 MHz, released, game time 05:20:48
2026-09-26 12:44:53.604 -07:00 [INF] [OpenFreqClient.Services.OpenFreqService] PTT start: Stevie (b28176fd-1fdc-4825-9c1c-0a6142dfc872) on 140.550 MHz, 3D, game time 05:20:51
2026-09-26 12:44:53.614 -07:00 [INF] [OpenFreq.Common.RtpJitterBuffer] Transmission gap detected (2872ms RTP delta), resetting jitter measurement
2026-09-26 12:44:53.660 -07:00 [INF] [OpenFreqClient.Services.OpenFreqService] RX 140.550 MHz from Stevie (b28176fd-1fdc-4825-9c1c-0a6142dfc872), game time 05:20:51: -57.2 dBm, SNR 52.8 dB, FSPL 97.2 dB, terrain 0.0 dB, 12.3 km, tx 4161 m / rx 3713 m MSL
2026-09-26 12:44:54.214 -07:00 [INF] [OpenFreqClient.Services.OpenFreqService] PTT end: Stevie (b28176fd-1fdc-4825-9c1c-0a6142dfc872) on 140.550 MHz, released, game time 05:20:51
2026-09-26 12:44:54.312 -07:00 [INF] [OpenFreqClient.Services.OpenFreqService] PTT start: Falcon (58355e30-5857-4e01-882f-86b5f2200072) on 280.500 MHz, 3D, game time 05:20:51
2026-09-26 12:44:54.323 -07:00 [INF] [OpenFreq.Common.RtpJitterBuffer] Transmission gap detected (102292ms RTP delta), resetting jitter measurement
2026-09-26 12:44:54.372 -07:00 [INF] [OpenFreqClient.Services.OpenFreqService] RX 280.500 MHz from Falcon (58355e30-5857-4e01-882f-86b5f2200072), game time 05:20:51: -64.3 dBm, SNR 42.7 dB, FSPL 104.3 dB, terrain 0.0 dB, 14.0 km, tx 6986 m / rx 3726 m MSL
2026-09-26 12:44:55.688 -07:00 [INF] [OpenFreqClient.Services.OpenFreqService] PTT end: Falcon (58355e30-5857-4e01-882f-86b5f2200072) on 280.500 MHz, released, game time 05:20:53
2026-09-26 12:44:58.977 -07:00 [INF] [OpenFreqClient.Services.OpenFreqService] PTT start: own radio on 280.500 MHz, game time 05:20:56
2026-09-26 12:44:59.601 -07:00 [INF] [OpenFreqClient.Services.OpenFreqService] PTT end: own radio on 280.500 MHz, game time 05:20:57
2026-09-26 12:44:59.611 -07:00 [INF] [OpenFreqClient.Services.OpenFreqService] TX level over 630ms: mic peak -18.3 dBFS rms -34.4 dBFS | sent peak 0.0 dBFS rms -12.4 dBFS | normalizer on, gain 4.047, gate -62.0 dBFS
2026-09-26 12:45:26.643 -07:00 [INF] [OpenFreqClient.ViewModels.ChannelCardListViewModel] BMS volume map (knob change): Radio1 raw=0 gain=1.995 | Radio2 raw=0 gain=1.995 | Guard raw=0 gain=1.995
2026-09-26 12:45:26.643 -07:00 [INF] [OpenFreqClient.ViewModels.ChannelCardListViewModel] "Radio2": 140550 → 9999 kHz, power off, not joined
2026-09-26 12:45:26.643 -07:00 [INF] [OpenFreqClient.ViewModels.ChannelCardListViewModel] "Radio1": 280500 → 9999 kHz, power off, not joined
2026-09-26 12:45:26.685 -07:00 [INF] [OpenFreq.Client.Services.FalconSharedMemoryService] Flying state changed: true -> false
2026-09-26 12:45:26.685 -07:00 [INF] [OpenFreqClient.ViewModels.SettingsViewModel] Game mode changed to Lobby
2026-09-26 12:45:27.315 -07:00 [INF] [OpenFreqClient.ViewModels.ChannelCardListViewModel] BMS volume map (knob change): Radio1 raw=100 gain=1.892 | Radio2 raw=100 gain=1.892 | Guard raw=100 gain=1.892
2026-09-26 12:45:27.315 -07:00 [INF] [OpenFreqClient.ViewModels.ChannelCardListViewModel] "Radio1": 9999 → 339750 kHz, power on, joined
2026-09-26 12:45:27.316 -07:00 [INF] [OpenFreqClient.ViewModels.ChannelCardListViewModel] "Radio2": 9999 → 1234 kHz, power on, joined
2026-09-26 12:45:27.316 -07:00 [INF] [OpenFreqClient.ViewModels.ChannelCardListViewModel] "Guard": 243000 → 243000 kHz, power off, not joined
2026-09-26 12:45:27.411 -07:00 [INF] [OpenFreqAudio.RadioPlayback] Stream '5e841c93-5c2d-428f-8c09-f352e3f61f18:339750' on 339.750 MHz
2026-09-26 12:45:27.411 -07:00 [INF] [OpenFreqAudio.RadioPlayback] Stream '7ebf02fc-ba84-466f-850d-2eeffc48b655:1234' on 1.234 MHz
2026-09-26 12:45:28.726 -07:00 [INF] [OpenFreqAudio.RadioPlayback] Stream 'f23a2329-cca9-4d8f-bdda-384ea4044d35:339750' on 339.750 MHz
2026-09-26 12:45:28.726 -07:00 [INF] [OpenFreqAudio.RadioPlayback] Stream 'f23a2329-cca9-4d8f-bdda-384ea4044d35:1234' on 1.234 MHz
2026-09-26 12:45:42.213 -07:00 [INF] [OpenFreq.Client.Services.FalconRadioSharedMemoryService] RCS status: "ClientActive, Connected" → "ClientActive, Connected, ExitReceived"
2026-09-26 12:45:42.213 -07:00 [INF] [OpenFreq.Client.Services.FalconRadioSharedMemoryService] RCS status: "ClientActive, Connected, ExitReceived" → "ClientActive, ExitReceived"
2026-09-26 12:45:42.214 -07:00 [INF] [OpenFreqAudio.RadioPlayback] Recording stopped
2026-09-26 12:45:42.214 -07:00 [INF] [OpenFreq.Common.RtpAudioSender] Disposed. Sent 8318 packets over 6590.6s (1.3 pps)
2026-09-26 12:45:42.215 -07:00 [INF] [OpenFreq.Common.RtpAudioReceiver] Receive loop stopped
2026-09-26 12:45:42.215 -07:00 [INF] [OpenFreq.Common.RtpAudioReceiver] === RTP Receiver Statistics ===
2026-09-26 12:45:42.215 -07:00 [INF] [OpenFreq.Common.RtpAudioReceiver]   Packets received: 15347
2026-09-26 12:45:42.215 -07:00 [INF] [OpenFreq.Common.RtpAudioReceiver]   Packets lost: 62 (0.40%)
2026-09-26 12:45:42.215 -07:00 [INF] [OpenFreq.Common.RtpAudioReceiver]   Packets late: 25
2026-09-26 12:45:42.215 -07:00 [INF] [OpenFreq.Common.RtpAudioReceiver]   Packets duplicate: 0
2026-09-26 12:45:42.215 -07:00 [INF] [OpenFreq.Common.RtpAudioReceiver]   Packets played: 15322
2026-09-26 12:45:42.215 -07:00 [INF] [OpenFreq.Common.RtpAudioReceiver]   Loss Recovery:
2026-09-26 12:45:42.215 -07:00 [INF] [OpenFreq.Common.RtpAudioReceiver]     Concealment runs rescued: 26
2026-09-26 12:45:42.215 -07:00 [INF] [OpenFreq.Common.RtpAudioReceiver]       needed 1 blind frame(s): 18 — a blind cap of 0 loses these
2026-09-26 12:45:42.215 -07:00 [INF] [OpenFreq.Common.RtpAudioReceiver]       needed 2 blind frame(s): 2 — a blind cap of 1 loses these
2026-09-26 12:45:42.215 -07:00 [INF] [OpenFreq.Common.RtpAudioReceiver]       needed 3 blind frame(s): 3 — a blind cap of 2 loses these
2026-09-26 12:45:42.215 -07:00 [INF] [OpenFreq.Common.RtpAudioReceiver]   Measured jitter: 4.8ms (avg)
2026-09-26 12:45:42.215 -07:00 [INF] [OpenFreq.Common.RtpAudioReceiver]   Buffer size: 65ms (avg, adaptive)
2026-09-26 12:45:42.215 -07:00 [INF] [OpenFreq.Common.RtpAudioReceiver]   Currently buffered: 0 packets
2026-09-26 12:45:42.216 -07:00 [INF] [OpenFreq.Common.RtpAudioReceiver]   SSRC=0A9BB7D7: rx=3937 lost=4 (0.1%) jitter=2.8ms buffer=39ms buffered=0
2026-09-26 12:45:42.216 -07:00 [INF] [OpenFreq.Common.RtpAudioReceiver]   SSRC=6685BCEA: rx=291 lost=0 (0.0%) jitter=2.0ms buffer=43ms buffered=0
2026-09-26 12:45:42.216 -07:00 [INF] [OpenFreq.Common.RtpAudioReceiver]   SSRC=1791C552: rx=2134 lost=3 (0.1%) jitter=6.6ms buffer=81ms buffered=0
2026-09-26 12:45:42.216 -07:00 [INF] [OpenFreq.Common.RtpAudioReceiver]   SSRC=3EB49D5B: rx=5018 lost=49 (1.0%) jitter=5.6ms buffer=119ms buffered=0
2026-09-26 12:45:42.216 -07:00 [INF] [OpenFreq.Common.RtpAudioReceiver]   SSRC=2B251449: rx=1130 lost=1 (0.1%) jitter=3.2ms buffer=65ms buffered=0
2026-09-26 12:45:42.216 -07:00 [INF] [OpenFreq.Common.RtpAudioReceiver]   SSRC=407FFF3F: rx=243 lost=3 (1.2%) jitter=7.0ms buffer=105ms buffered=0
2026-09-26 12:45:42.216 -07:00 [INF] [OpenFreq.Common.RtpAudioReceiver]   SSRC=2176AC39: rx=161 lost=0 (0.0%) jitter=6.4ms buffer=55ms buffered=0
2026-09-26 12:45:42.216 -07:00 [INF] [OpenFreq.Common.RtpAudioReceiver]   SSRC=15B167C8: rx=1728 lost=2 (0.1%) jitter=4.9ms buffer=43ms buffered=0
2026-09-26 12:45:42.216 -07:00 [INF] [OpenFreq.Common.RtpAudioReceiver]   SSRC=5FC1A72A: rx=292 lost=0 (0.0%) jitter=4.7ms buffer=45ms buffered=0
2026-09-26 12:45:42.216 -07:00 [INF] [OpenFreq.Common.RtpAudioReceiver]   SSRC=3519F4B2: rx=413 lost=0 (0.0%) jitter=5.0ms buffer=56ms buffered=0
2026-09-26 12:45:42.216 -07:00 [INF] [OpenFreq.Common.RtpAudioReceiver] ================================
2026-09-26 12:45:42.216 -07:00 [INF] [OpenFreq.Common.RtpAudioReceiver] Disposed
2026-09-26 12:45:44.285 -07:00 [INF] [OpenFreq.Client.Services.FalconSharedMemoryService] BMS process has exited
2026-09-26 12:45:44.285 -07:00 [INF] [OpenFreq.Client.Services.FalconSharedMemoryService] State: "Connected" -> "Disconnected"
2026-09-26 12:45:44.286 -07:00 [INF] [OpenFreqClient.Services.OpenFreqService] BMS process gone - disconnecting and resetting OpenFreq state
2026-09-26 12:54:36.790 -07:00 [INF] [OpenFreq.Client.Services.FalconRadioSharedMemoryService] RCS status: "ClientActive, ExitReceived" → "ExitReceived"
2026-09-26 12:54:36.790 -07:00 [INF] [OpenFreq.Client.Services.FalconRadioSharedMemoryService] State: "Connected" → "Stopped"
2026-09-26 12:54:36.790 -07:00 [INF] [OpenFreq.Client.Services.FalconRadioSharedMemoryService] Stopped
2026-09-26 12:54:36.790 -07:00 [INF] [OpenFreq.Client.Services.FalconSharedMemoryService] State: "Disconnected" -> "Stopped"
2026-09-26 12:54:36.790 -07:00 [INF] [OpenFreq.Client.Services.FalconSharedMemoryService] Stopped
2026-09-26 12:54:36.807 -07:00 [INF] [OpenFreqClient.Services.HotkeyService] HotkeyService stopped
2026-09-26 12:54:36.816 -07:00 [INF] [OpenFreqClient.Services.ConfigurationService] Saved configuration: C:\Users\slavi\of\OpenFreq.Client.json
2026-09-26 12:54:36.817 -07:00 [INF] [OpenFreqAudio.RadioPlayback] Stopping all streams and cleaning up resources...
2026-09-26 12:54:36.817 -07:00 [INF] [OpenFreqAudio.RadioPlayback] Master stream stopped (StopAll)
2026-09-26 12:54:36.971 -07:00 [INF] [OpenFreq.Client.Services.FalconSharedMemoryService] Stopped
2026-09-26 12:54:36.971 -07:00 [INF] [OpenFreq.Client.Services.FalconRadioSharedMemoryService] Stopped
2026-09-26 12:54:36.972 -07:00 [INF] [OpenFreqClient.AudioService] Device monitoring stopped
2026-09-26 12:54:36.974 -07:00 [INF] [OpenFreqClient.Services.IvcMonitorService] Monitoring stopped
2026-09-26 13:17:01.843 -07:00 [INF] [] OpenFreq Client 1.1.4 starting
2026-09-26 13:17:01.863 -07:00 [INF] [OpenFreq.Client.NativeMethods.Win32TimerResolution] Timer resolution set to 1 ms
2026-09-26 13:17:02.033 -07:00 [INF] [OpenFreq.Client.Services.FalconRadioSharedMemoryService] Mutex acquired - RCS owner
2026-09-26 13:17:02.034 -07:00 [INF] [OpenFreq.Client.Services.FalconRadioSharedMemoryService] RCS shared memory created, flags cleared
2026-09-26 13:17:02.034 -07:00 [INF] [OpenFreq.Client.Services.FalconRadioSharedMemoryService] RCS status: "AllClear" → "ClientActive"
2026-09-26 13:17:02.034 -07:00 [INF] [OpenFreq.Client.Services.FalconRadioSharedMemoryService] State: "Stopped" → "RcsCreated"
2026-09-26 13:17:02.035 -07:00 [INF] [OpenFreq.Client.Services.FalconRadioSharedMemoryService] Started
2026-09-26 13:17:02.035 -07:00 [INF] [OpenFreq.Client.Services.FalconSharedMemoryService] State: "Stopped" -> "Disconnected"
2026-09-26 13:17:02.035 -07:00 [INF] [OpenFreq.Client.Services.FalconSharedMemoryService] Started
2026-09-26 13:17:02.035 -07:00 [INF] [OpenFreqClient.Services.HotkeyService] HotkeyService started (keyboard support enabled)
2026-09-26 13:17:02.121 -07:00 [INF] [OpenFreqClient.Services.HotkeyService] Acquired joystick: vJoy Device (GUID: "63a47b00-9671-11f0-8003-444553540000")
2026-09-26 13:17:02.122 -07:00 [INF] [OpenFreqClient.Services.HotkeyService] Acquired joystick: VKBsim Black Box  (GUID: "0ec6d1d0-942f-11f0-8007-444553540000")
2026-09-26 13:17:02.122 -07:00 [INF] [OpenFreqClient.Services.HotkeyService] Acquired joystick: VPC Stick WarBRD (GUID: "0ec83160-942f-11f0-8009-444553540000")
2026-09-26 13:17:02.122 -07:00 [INF] [OpenFreqClient.Services.HotkeyService] Acquired joystick: Throttle - HOTAS Warthog (GUID: "0ec8cda0-942f-11f0-800d-444553540000")
2026-09-26 13:17:02.123 -07:00 [INF] [OpenFreqClient.Services.HotkeyService] Started joystick polling thread for 4 device(s)
2026-09-26 13:17:02.123 -07:00 [INF] [OpenFreqClient.Services.HotkeyService] DirectInput initialized - joystick support enabled
2026-09-26 13:17:02.146 -07:00 [INF] [OpenFreqClient.AudioService] Device monitoring started
2026-09-26 13:17:02.153 -07:00 [INF] [OpenFreqClient.Services.IvcMonitorService] Monitoring started
2026-09-26 13:17:06.440 -07:00 [INF] [OpenFreq.Client.Services.FalconSharedMemoryService] State: "Disconnected" -> "Connected"
2026-09-26 13:17:19.235 -07:00 [INF] [OpenFreq.Client.Services.FalconRadioSharedMemoryService] RCC shared memory opened, initial data read
2026-09-26 13:17:19.235 -07:00 [INF] [OpenFreq.Client.Services.FalconRadioSharedMemoryService] State: "RcsCreated" → "Connected"
2026-09-26 13:17:19.235 -07:00 [INF] [OpenFreq.Client.Services.FalconRadioSharedMemoryService] RCS status: "ClientActive" → "ClientActive, TryingToConnect"
2026-09-26 13:17:19.243 -07:00 [INF] [OpenFreqClient.Services.OpenFreqService] Playback Service initialized
2026-09-26 13:17:19.466 -07:00 [INF] [OpenFreqClient.Services.HotkeyService] Registered "Ptt" hotkey: Keyboard: F1 for channel "a67c712d-86d5-4ab6-b12e-fe6984c77726"
2026-09-26 13:17:19.466 -07:00 [INF] [OpenFreqClient.Services.HotkeyService] Registered "Ptt" hotkey: Keyboard: F2 for channel "93a3f657-897a-4a1f-8a27-09837de28bb7"
2026-09-26 13:17:19.466 -07:00 [INF] [OpenFreqClient.Services.HotkeyService] Registered "Ptt" hotkey: Keyboard: F3 for channel "426af277-e1a4-48ce-a450-e5640e220422"
2026-09-26 13:17:19.468 -07:00 [INF] [OpenFreqClient.ViewModels.ChannelCardListViewModel] BMS volume map (sync): Radio1 raw=100 gain=1.892 | Radio2 raw=100 gain=1.892 | Guard raw=100 gain=1.892
2026-09-26 13:17:19.468 -07:00 [INF] [OpenFreqAudio.RadioPlayback] TuneFrequency 339.750 MHz
2026-09-26 13:17:19.469 -07:00 [INF] [OpenFreqClient.ViewModels.ChannelCardListViewModel] "Radio1": 339750 → 339750 kHz, power on, joined
2026-09-26 13:17:19.469 -07:00 [INF] [OpenFreqAudio.RadioPlayback] TuneFrequency 1.234 MHz
2026-09-26 13:17:19.470 -07:00 [INF] [OpenFreqClient.ViewModels.ChannelCardListViewModel] "Radio2": 1234 → 1234 kHz, power on, joined
2026-09-26 13:17:19.495 -07:00 [INF] [OpenFreq.Common.RtpAudioSender] Initialized
2026-09-26 13:17:19.495 -07:00 [INF] [OpenFreq.Common.RtpAudioSender]   Server: 100.30.236.80:9988
2026-09-26 13:17:19.495 -07:00 [INF] [OpenFreq.Common.RtpAudioSender]   SSRC: 0x6B506D7F
2026-09-26 13:17:19.496 -07:00 [INF] [OpenFreq.Common.RtpAudioReceiver] Started on port 52340
2026-09-26 13:17:19.496 -07:00 [INF] [OpenFreq.Common.RtpAudioReceiver]   Initial buffer: 150ms (adaptive, per-SSRC)
2026-09-26 13:17:19.496 -07:00 [INF] [OpenFreq.Common.RtpAudioReceiver] Receive loop started
2026-09-26 13:17:19.541 -07:00 [INF] [OpenFreqClient.Services.OpenFreqService] Capturing from recording device (BASS index 1): Microphone (AT2020USB+)
2026-09-26 13:17:19.541 -07:00 [INF] [OpenFreqAudio.RadioPlayback] Stream '38562a9e-c5a7-4d8e-8e84-ac5f77661794:339750' on 339.750 MHz
2026-09-26 13:17:19.541 -07:00 [INF] [OpenFreqAudio.RadioPlayback] Stream 'fd8e3112-e083-4da8-be92-04d9f9642ebe:339750' on 339.750 MHz
2026-09-26 13:17:19.542 -07:00 [INF] [OpenFreqAudio.RadioPlayback] Stream 'cd4470e2-49f3-4b5d-9822-b17ed0c432a7:339750' on 339.750 MHz
2026-09-26 13:17:19.542 -07:00 [INF] [OpenFreqAudio.RadioPlayback] Stream '2af88464-1ea8-4d04-80ba-d98d4f842617:339750' on 339.750 MHz
2026-09-26 13:17:19.542 -07:00 [INF] [OpenFreqAudio.RadioPlayback] Stream 'bad80b09-e94d-4c75-9eab-c3ffca19bd3b:339750' on 339.750 MHz
2026-09-26 13:17:19.542 -07:00 [INF] [OpenFreqAudio.RadioPlayback] Stream '4c187006-039a-4fcb-b6df-d456875763f7:339750' on 339.750 MHz
2026-09-26 13:17:19.542 -07:00 [INF] [OpenFreqAudio.RadioPlayback] Stream '179a68da-a2bc-45c0-9d2b-9f0af5fa49ea:339750' on 339.750 MHz
2026-09-26 13:17:19.542 -07:00 [INF] [OpenFreqAudio.RadioPlayback] Stream '034f2d4f-8a1e-4d37-b81b-90f8690d9187:339750' on 339.750 MHz
2026-09-26 13:17:19.542 -07:00 [INF] [OpenFreqAudio.RadioPlayback] Stream '3f69df0a-0474-4403-96f9-9167afaa52d9:339750' on 339.750 MHz
2026-09-26 13:17:19.542 -07:00 [INF] [OpenFreqAudio.RadioPlayback] Stream '96d0aaf9-fc04-4ef3-8c64-f95b30259b59:339750' on 339.750 MHz
2026-09-26 13:17:19.542 -07:00 [INF] [OpenFreqAudio.RadioPlayback] Stream '43ff3b58-7576-451b-af7c-3b0c94df56b7:339750' on 339.750 MHz
2026-09-26 13:17:19.542 -07:00 [INF] [OpenFreqAudio.RadioPlayback] Stream 'e406d0a0-64e6-4450-9ec0-300837b7b89a:339750' on 339.750 MHz
2026-09-26 13:17:19.542 -07:00 [INF] [OpenFreqAudio.RadioPlayback] Stream '334bf3fa-605f-4145-a460-1e0fa9526a3d:339750' on 339.750 MHz
2026-09-26 13:17:19.542 -07:00 [INF] [OpenFreqAudio.RadioPlayback] Stream '9c5f9224-8277-4f34-8da9-dbeb707f0e00:339750' on 339.750 MHz
2026-09-26 13:17:19.542 -07:00 [INF] [OpenFreqAudio.RadioPlayback] Stream '0b5a8147-b1fa-4307-a8c3-d1087389de25:339750' on 339.750 MHz
2026-09-26 13:17:19.542 -07:00 [INF] [OpenFreqAudio.RadioPlayback] Stream 'd52d332f-8742-40f6-b985-35a908d32642:339750' on 339.750 MHz
2026-09-26 13:17:19.542 -07:00 [INF] [OpenFreqAudio.RadioPlayback] Stream 'fc74b220-b0a9-42b3-a47d-1c86e24c2b57:339750' on 339.750 MHz
2026-09-26 13:17:19.542 -07:00 [INF] [OpenFreqAudio.RadioPlayback] Stream 'f4461c8b-b37f-4d25-a4cb-5da5ffdcefdc:339750' on 339.750 MHz
2026-09-26 13:17:19.543 -07:00 [INF] [OpenFreqAudio.RadioPlayback] Stream '38562a9e-c5a7-4d8e-8e84-ac5f77661794:1234' on 1.234 MHz
2026-09-26 13:17:19.543 -07:00 [INF] [OpenFreqAudio.RadioPlayback] Stream 'fd8e3112-e083-4da8-be92-04d9f9642ebe:1234' on 1.234 MHz
2026-09-26 13:17:19.543 -07:00 [INF] [OpenFreqAudio.RadioPlayback] Stream 'cd4470e2-49f3-4b5d-9822-b17ed0c432a7:1234' on 1.234 MHz
2026-09-26 13:17:19.543 -07:00 [INF] [OpenFreqAudio.RadioPlayback] Stream '2af88464-1ea8-4d04-80ba-d98d4f842617:1234' on 1.234 MHz
2026-09-26 13:17:19.543 -07:00 [INF] [OpenFreqAudio.RadioPlayback] Stream 'bad80b09-e94d-4c75-9eab-c3ffca19bd3b:1234' on 1.234 MHz
2026-09-26 13:17:19.543 -07:00 [INF] [OpenFreqAudio.RadioPlayback] Stream '4c187006-039a-4fcb-b6df-d456875763f7:1234' on 1.234 MHz
2026-09-26 13:17:19.543 -07:00 [INF] [OpenFreqAudio.RadioPlayback] Stream '179a68da-a2bc-45c0-9d2b-9f0af5fa49ea:1234' on 1.234 MHz
2026-09-26 13:17:19.543 -07:00 [INF] [OpenFreqAudio.RadioPlayback] Stream '034f2d4f-8a1e-4d37-b81b-90f8690d9187:1234' on 1.234 MHz
2026-09-26 13:17:19.543 -07:00 [INF] [OpenFreqAudio.RadioPlayback] Stream '3f69df0a-0474-4403-96f9-9167afaa52d9:1234' on 1.234 MHz
2026-09-26 13:17:19.543 -07:00 [INF] [OpenFreqAudio.RadioPlayback] Stream '96d0aaf9-fc04-4ef3-8c64-f95b30259b59:1234' on 1.234 MHz
2026-09-26 13:17:19.543 -07:00 [INF] [OpenFreqAudio.RadioPlayback] Stream '43ff3b58-7576-451b-af7c-3b0c94df56b7:1234' on 1.234 MHz
2026-09-26 13:17:19.543 -07:00 [INF] [OpenFreqAudio.RadioPlayback] Stream 'e406d0a0-64e6-4450-9ec0-300837b7b89a:1234' on 1.234 MHz
2026-09-26 13:17:19.543 -07:00 [INF] [OpenFreqAudio.RadioPlayback] Stream '334bf3fa-605f-4145-a460-1e0fa9526a3d:1234' on 1.234 MHz
2026-09-26 13:17:19.543 -07:00 [INF] [OpenFreqAudio.RadioPlayback] Stream '9c5f9224-8277-4f34-8da9-dbeb707f0e00:1234' on 1.234 MHz
2026-09-26 13:17:19.543 -07:00 [INF] [OpenFreqAudio.RadioPlayback] Stream '0b5a8147-b1fa-4307-a8c3-d1087389de25:1234' on 1.234 MHz
2026-09-26 13:17:19.543 -07:00 [INF] [OpenFreqAudio.RadioPlayback] Stream 'd52d332f-8742-40f6-b985-35a908d32642:1234' on 1.234 MHz
2026-09-26 13:17:19.543 -07:00 [INF] [OpenFreqAudio.RadioPlayback] Stream 'fc74b220-b0a9-42b3-a47d-1c86e24c2b57:1234' on 1.234 MHz
2026-09-26 13:17:19.543 -07:00 [INF] [OpenFreqAudio.RadioPlayback] Stream 'f4461c8b-b37f-4d25-a4cb-5da5ffdcefdc:1234' on 1.234 MHz
2026-09-26 13:17:19.561 -07:00 [INF] [OpenFreq.Client.Services.FalconRadioSharedMemoryService] RCS status: "ClientActive, TryingToConnect" → "ClientActive, Connected, TryingToConnect"
2026-09-26 13:17:19.562 -07:00 [INF] [OpenFreq.Client.Services.FalconRadioSharedMemoryService] RCS status: "ClientActive, Connected, TryingToConnect" → "ClientActive, Connected"
2026-09-26 13:17:21.172 -07:00 [INF] [OpenFreqAudio.RadioPlayback] Stream 'b18f6921-3ac5-4bf0-9303-fe45b072bde1:1234' on 1.234 MHz
2026-09-26 13:17:21.174 -07:00 [INF] [OpenFreqAudio.RadioPlayback] Stream 'b18f6921-3ac5-4bf0-9303-fe45b072bde1:339750' on 339.750 MHz
2026-09-26 13:17:49.881 -07:00 [INF] [OpenFreqAudio.RadioPlayback] Stream 'ee23d6e9-c508-4e2b-9961-9fd28e96aa1e:339750' on 339.750 MHz
2026-09-26 13:17:49.882 -07:00 [INF] [OpenFreqAudio.RadioPlayback] Stream 'ee23d6e9-c508-4e2b-9961-9fd28e96aa1e:1234' on 1.234 MHz
2026-09-26 13:20:33.847 -07:00 [INF] [OpenFreqClient.Services.OpenFreqService] PTT start: Alligator (2af88464-1ea8-4d04-80ba-d98d4f842617) on 339.750 MHz, 2D
2026-09-26 13:20:33.865 -07:00 [INF] [OpenFreq.Common.RtpJitterBufferPool] New RTP source: SSRC=4EE60C78
2026-09-26 13:20:33.866 -07:00 [INF] [OpenFreq.Common.RtpJitterBuffer] Manual buffer size: 150ms
2026-09-26 13:20:33.867 -07:00 [INF] [OpenFreq.Common.RtpAudioReceiver] Source joined:  SSRC=4EE60C78
2026-09-26 13:20:33.867 -07:00 [INF] [OpenFreq.Common.RtpJitterBuffer] Initialized: buffer=150ms
2026-09-26 13:20:36.044 -07:00 [INF] [OpenFreqClient.Services.OpenFreqService] PTT end: Alligator (2af88464-1ea8-4d04-80ba-d98d4f842617) on 339.750 MHz, released
2026-09-26 13:20:40.547 -07:00 [INF] [OpenFreqClient.Services.OpenFreqService] PTT start: own radio on 339.750 MHz
2026-09-26 13:20:41.928 -07:00 [INF] [OpenFreqClient.Services.OpenFreqService] PTT end: own radio on 339.750 MHz
2026-09-26 13:20:41.930 -07:00 [INF] [OpenFreqClient.Services.OpenFreqService] TX level over 1380ms: mic peak -19.4 dBFS rms -35.5 dBFS | sent peak -15.6 dBFS rms -32.2 dBFS | normalizer on, gain 1.912, gate -34.6 dBFS
2026-09-26 13:20:42.213 -07:00 [INF] [OpenFreqClient.Services.OpenFreqService] PTT start: armapirx (38562a9e-c5a7-4d8e-8e84-ac5f77661794) on 339.750 MHz, 2D
2026-09-26 13:20:42.222 -07:00 [INF] [OpenFreq.Common.RtpJitterBufferPool] New RTP source: SSRC=0B91D305
2026-09-26 13:20:42.222 -07:00 [INF] [OpenFreq.Common.RtpJitterBuffer] Manual buffer size: 150ms
2026-09-26 13:20:42.222 -07:00 [INF] [OpenFreq.Common.RtpAudioReceiver] Source joined:  SSRC=0B91D305
2026-09-26 13:20:42.222 -07:00 [INF] [OpenFreq.Common.RtpJitterBuffer] Initialized: buffer=150ms
2026-09-26 13:20:42.371 -07:00 [INF] [OpenFreqClient.Services.OpenFreqService] PTT end: armapirx (38562a9e-c5a7-4d8e-8e84-ac5f77661794) on 339.750 MHz, released
2026-09-26 13:23:01.730 -07:00 [INF] [OpenFreqClient.Services.OpenFreqService] PTT start: Paintcheck (9c5f9224-8277-4f34-8da9-dbeb707f0e00) on 339.750 MHz, 2D
2026-09-26 13:23:01.745 -07:00 [INF] [OpenFreq.Common.RtpJitterBufferPool] New RTP source: SSRC=7126CAC1
2026-09-26 13:23:01.745 -07:00 [INF] [OpenFreq.Common.RtpJitterBuffer] Manual buffer size: 150ms
2026-09-26 13:23:01.745 -07:00 [INF] [OpenFreq.Common.RtpAudioReceiver] Source joined:  SSRC=7126CAC1
2026-09-26 13:23:01.745 -07:00 [INF] [OpenFreq.Common.RtpJitterBuffer] Initialized: buffer=150ms
2026-09-26 13:23:02.681 -07:00 [INF] [OpenFreqClient.Services.OpenFreqService] PTT end: Paintcheck (9c5f9224-8277-4f34-8da9-dbeb707f0e00) on 339.750 MHz, released
2026-09-26 13:23:03.213 -07:00 [INF] [OpenFreqClient.Services.OpenFreqService] PTT start: Komier (034f2d4f-8a1e-4d37-b81b-90f8690d9187) on 339.750 MHz, 2D
2026-09-26 13:23:03.232 -07:00 [INF] [OpenFreq.Common.RtpJitterBufferPool] New RTP source: SSRC=422B9AF3
2026-09-26 13:23:03.232 -07:00 [INF] [OpenFreq.Common.RtpJitterBuffer] Manual buffer size: 150ms
2026-09-26 13:23:03.232 -07:00 [INF] [OpenFreq.Common.RtpAudioReceiver] Source joined:  SSRC=422B9AF3
2026-09-26 13:23:03.232 -07:00 [INF] [OpenFreq.Common.RtpJitterBuffer] Initialized: buffer=150ms
2026-09-26 13:23:04.391 -07:00 [INF] [OpenFreqClient.Services.OpenFreqService] PTT end: Komier (034f2d4f-8a1e-4d37-b81b-90f8690d9187) on 339.750 MHz, released
2026-09-26 13:23:05.404 -07:00 [INF] [OpenFreqClient.Services.OpenFreqService] PTT start: LeHarold (334bf3fa-605f-4145-a460-1e0fa9526a3d) on 339.750 MHz, 2D
2026-09-26 13:23:05.405 -07:00 [INF] [OpenFreqClient.Services.OpenFreqService] PTT start: LeHarold (334bf3fa-605f-4145-a460-1e0fa9526a3d) on 1.234 MHz, 2D
2026-09-26 13:23:05.418 -07:00 [INF] [OpenFreq.Common.RtpJitterBufferPool] New RTP source: SSRC=5D682876
2026-09-26 13:23:05.418 -07:00 [INF] [OpenFreq.Common.RtpJitterBuffer] Manual buffer size: 150ms
2026-09-26 13:23:05.418 -07:00 [INF] [OpenFreq.Common.RtpAudioReceiver] Source joined:  SSRC=5D682876
2026-09-26 13:23:05.418 -07:00 [INF] [OpenFreq.Common.RtpJitterBuffer] Initialized: buffer=150ms
2026-09-26 13:23:05.621 -07:00 [WRN] [OpenFreqAudio.RadioPlayback] Stream 334bf3fa-605f-4145-a460-1e0fa9526a3d:339750 on 339.750 MHz had no samples for 15.0 ms
2026-09-26 13:23:05.621 -07:00 [WRN] [OpenFreqAudio.RadioPlayback] Stream 334bf3fa-605f-4145-a460-1e0fa9526a3d:1234 on 1.234 MHz had no samples for 15.0 ms
2026-09-26 13:23:06.236 -07:00 [INF] [OpenFreqClient.Services.OpenFreqService] PTT end: LeHarold (334bf3fa-605f-4145-a460-1e0fa9526a3d) on 339.750 MHz, released
2026-09-26 13:23:06.236 -07:00 [INF] [OpenFreqClient.Services.OpenFreqService] PTT end: LeHarold (334bf3fa-605f-4145-a460-1e0fa9526a3d) on 1.234 MHz, released
2026-09-26 13:23:09.152 -07:00 [INF] [OpenFreqClient.Services.OpenFreqService] PTT start: Polaris (4c187006-039a-4fcb-b6df-d456875763f7) on 339.750 MHz, 2D
2026-09-26 13:23:09.180 -07:00 [INF] [OpenFreq.Common.RtpJitterBufferPool] New RTP source: SSRC=2BF943CC
2026-09-26 13:23:09.180 -07:00 [INF] [OpenFreq.Common.RtpJitterBuffer] Manual buffer size: 150ms
2026-09-26 13:23:09.180 -07:00 [INF] [OpenFreq.Common.RtpAudioReceiver] Source joined:  SSRC=2BF943CC
2026-09-26 13:23:09.180 -07:00 [INF] [OpenFreq.Common.RtpJitterBuffer] Initialized: buffer=150ms
2026-09-26 13:23:10.304 -07:00 [INF] [OpenFreqClient.Services.OpenFreqService] PTT end: Polaris (4c187006-039a-4fcb-b6df-d456875763f7) on 339.750 MHz, released
2026-09-26 13:23:11.451 -07:00 [INF] [OpenFreq.Common.RtpJitterBufferPool] New RTP source: SSRC=240CDF59
2026-09-26 13:23:11.451 -07:00 [INF] [OpenFreq.Common.RtpJitterBuffer] Manual buffer size: 150ms
2026-09-26 13:23:11.451 -07:00 [INF] [OpenFreq.Common.RtpAudioReceiver] Source joined:  SSRC=240CDF59
2026-09-26 13:23:11.451 -07:00 [INF] [OpenFreq.Common.RtpJitterBuffer] Initialized: buffer=150ms
2026-09-26 13:23:11.452 -07:00 [INF] [OpenFreqClient.Services.OpenFreqService] PTT start: Sk8r (fc74b220-b0a9-42b3-a47d-1c86e24c2b57) on 339.750 MHz, 2D
2026-09-26 13:23:11.897 -07:00 [WRN] [OpenFreqAudio.RadioPlayback] Stream fc74b220-b0a9-42b3-a47d-1c86e24c2b57:339750 on 339.750 MHz had no samples for 8.1 ms
2026-09-26 13:23:11.914 -07:00 [INF] [OpenFreqClient.Services.OpenFreqService] PTT end: Sk8r (fc74b220-b0a9-42b3-a47d-1c86e24c2b57) on 339.750 MHz, released
2026-09-26 13:23:12.828 -07:00 [INF] [OpenFreqClient.Services.OpenFreqService] PTT start: armapirx (38562a9e-c5a7-4d8e-8e84-ac5f77661794) on 339.750 MHz, 2D
2026-09-26 13:23:12.844 -07:00 [INF] [OpenFreq.Common.RtpJitterBuffer] Transmission gap detected (150476ms RTP delta), resetting jitter measurement
2026-09-26 13:23:14.198 -07:00 [INF] [OpenFreqClient.Services.OpenFreqService] PTT end: armapirx (38562a9e-c5a7-4d8e-8e84-ac5f77661794) on 339.750 MHz, released
2026-09-26 13:23:14.853 -07:00 [INF] [OpenFreqClient.Services.OpenFreqService] PTT start: Alligator (2af88464-1ea8-4d04-80ba-d98d4f842617) on 339.750 MHz, 2D
2026-09-26 13:23:14.862 -07:00 [INF] [OpenFreq.Common.RtpJitterBuffer] Transmission gap detected (158823ms RTP delta), resetting jitter measurement
2026-09-26 13:23:16.007 -07:00 [INF] [OpenFreqClient.Services.OpenFreqService] PTT end: Alligator (2af88464-1ea8-4d04-80ba-d98d4f842617) on 339.750 MHz, released
2026-09-26 13:23:16.917 -07:00 [INF] [OpenFreqClient.Services.OpenFreqService] PTT start: Turcu (ee23d6e9-c508-4e2b-9961-9fd28e96aa1e) on 339.750 MHz, 2D
2026-09-26 13:23:16.933 -07:00 [INF] [OpenFreq.Common.RtpJitterBufferPool] New RTP source: SSRC=28207B19
2026-09-26 13:23:16.933 -07:00 [INF] [OpenFreq.Common.RtpJitterBuffer] Manual buffer size: 150ms
2026-09-26 13:23:16.933 -07:00 [INF] [OpenFreq.Common.RtpAudioReceiver] Source joined:  SSRC=28207B19
2026-09-26 13:23:16.933 -07:00 [INF] [OpenFreq.Common.RtpJitterBuffer] Initialized: buffer=150ms
2026-09-26 13:23:17.673 -07:00 [INF] [OpenFreqClient.Services.OpenFreqService] PTT end: Turcu (ee23d6e9-c508-4e2b-9961-9fd28e96aa1e) on 339.750 MHz, released
2026-09-26 13:23:19.384 -07:00 [INF] [OpenFreqClient.Services.OpenFreqService] PTT start: Joe (b18f6921-3ac5-4bf0-9303-fe45b072bde1) on 339.750 MHz, 2D
2026-09-26 13:23:19.395 -07:00 [INF] [OpenFreq.Common.RtpJitterBufferPool] New RTP source: SSRC=32E104A6
2026-09-26 13:23:19.395 -07:00 [INF] [OpenFreq.Common.RtpJitterBuffer] Manual buffer size: 150ms
2026-09-26 13:23:19.395 -07:00 [INF] [OpenFreq.Common.RtpAudioReceiver] Source joined:  SSRC=32E104A6
2026-09-26 13:23:19.395 -07:00 [INF] [OpenFreq.Common.RtpJitterBuffer] Initialized: buffer=150ms
2026-09-26 13:23:20.269 -07:00 [INF] [OpenFreqClient.Services.OpenFreqService] PTT end: Joe (b18f6921-3ac5-4bf0-9303-fe45b072bde1) on 339.750 MHz, released
2026-09-26 13:23:23.024 -07:00 [INF] [OpenFreqClient.Services.OpenFreqService] PTT start: Krieger (0b5a8147-b1fa-4307-a8c3-d1087389de25) on 339.750 MHz, 2D
2026-09-26 13:23:23.040 -07:00 [INF] [OpenFreq.Common.RtpJitterBufferPool] New RTP source: SSRC=117123B1
2026-09-26 13:23:23.040 -07:00 [INF] [OpenFreq.Common.RtpJitterBuffer] Manual buffer size: 150ms
2026-09-26 13:23:23.040 -07:00 [INF] [OpenFreq.Common.RtpAudioReceiver] Source joined:  SSRC=117123B1
2026-09-26 13:23:23.040 -07:00 [INF] [OpenFreq.Common.RtpJitterBuffer] Initialized: buffer=150ms
2026-09-26 13:23:23.101 -07:00 [INF] [OpenFreqClient.Services.OpenFreqService] PTT start: own radio on 339.750 MHz
2026-09-26 13:23:23.900 -07:00 [INF] [OpenFreqClient.Services.OpenFreqService] PTT end: Krieger (0b5a8147-b1fa-4307-a8c3-d1087389de25) on 339.750 MHz, released
2026-09-26 13:23:25.791 -07:00 [INF] [OpenFreqClient.Services.OpenFreqService] PTT start: Knight (f4461c8b-b37f-4d25-a4cb-5da5ffdcefdc) on 339.750 MHz, 2D
2026-09-26 13:23:25.810 -07:00 [INF] [OpenFreq.Common.RtpJitterBufferPool] New RTP source: SSRC=4209D5F1
2026-09-26 13:23:25.810 -07:00 [INF] [OpenFreq.Common.RtpJitterBuffer] Manual buffer size: 150ms
2026-09-26 13:23:25.810 -07:00 [INF] [OpenFreq.Common.RtpAudioReceiver] Source joined:  SSRC=4209D5F1
2026-09-26 13:23:25.810 -07:00 [INF] [OpenFreq.Common.RtpJitterBuffer] Initialized: buffer=150ms
2026-09-26 13:23:25.982 -07:00 [INF] [OpenFreqClient.Services.OpenFreqService] PTT end: Knight (f4461c8b-b37f-4d25-a4cb-5da5ffdcefdc) on 339.750 MHz, released
2026-09-26 13:23:26.134 -07:00 [INF] [OpenFreqClient.Services.OpenFreqService] PTT start: Knight (f4461c8b-b37f-4d25-a4cb-5da5ffdcefdc) on 339.750 MHz, 2D
2026-09-26 13:23:26.237 -07:00 [WRN] [OpenFreqAudio.RadioPlayback] Stream f4461c8b-b37f-4d25-a4cb-5da5ffdcefdc:339750 on 339.750 MHz had no samples for 9.5 ms
2026-09-26 13:23:26.394 -07:00 [INF] [OpenFreqClient.Services.OpenFreqService] PTT end: own radio on 339.750 MHz
2026-09-26 13:23:26.400 -07:00 [INF] [OpenFreqClient.Services.OpenFreqService] TX level over 3290ms: mic peak -17.5 dBFS rms -37.4 dBFS | sent peak -6.5 dBFS rms -27.0 dBFS | normalizer on, gain 4.825, gate -44.6 dBFS
2026-09-26 13:23:27.142 -07:00 [INF] [OpenFreqClient.Services.OpenFreqService] PTT end: Knight (f4461c8b-b37f-4d25-a4cb-5da5ffdcefdc) on 339.750 MHz, released
2026-09-26 13:23:27.694 -07:00 [INF] [OpenFreqClient.Services.OpenFreqService] PTT start: MBee (96d0aaf9-fc04-4ef3-8c64-f95b30259b59) on 339.750 MHz, 2D
2026-09-26 13:23:27.708 -07:00 [INF] [OpenFreq.Common.RtpJitterBufferPool] New RTP source: SSRC=27D099D4
2026-09-26 13:23:27.708 -07:00 [INF] [OpenFreq.Common.RtpJitterBuffer] Manual buffer size: 150ms
2026-09-26 13:23:27.708 -07:00 [INF] [OpenFreq.Common.RtpAudioReceiver] Source joined:  SSRC=27D099D4
2026-09-26 13:23:27.708 -07:00 [INF] [OpenFreq.Common.RtpJitterBuffer] Initialized: buffer=150ms
2026-09-26 13:23:28.508 -07:00 [INF] [OpenFreqClient.Services.OpenFreqService] PTT end: MBee (96d0aaf9-fc04-4ef3-8c64-f95b30259b59) on 339.750 MHz, released
2026-09-26 13:23:28.518 -07:00 [WRN] [OpenFreqAudio.RadioPlayback] Stream 96d0aaf9-fc04-4ef3-8c64-f95b30259b59:339750 on 339.750 MHz had no samples for 9.8 ms
2026-09-26 13:23:29.216 -07:00 [INF] [OpenFreqClient.Services.OpenFreqService] PTT start: Zag (cd4470e2-49f3-4b5d-9822-b17ed0c432a7) on 339.750 MHz, 2D
2026-09-26 13:23:29.233 -07:00 [INF] [OpenFreq.Common.RtpJitterBufferPool] New RTP source: SSRC=49C3CA24
2026-09-26 13:23:29.233 -07:00 [INF] [OpenFreq.Common.RtpJitterBuffer] Manual buffer size: 150ms
2026-09-26 13:23:29.233 -07:00 [INF] [OpenFreq.Common.RtpAudioReceiver] Source joined:  SSRC=49C3CA24
2026-09-26 13:23:29.233 -07:00 [INF] [OpenFreq.Common.RtpJitterBuffer] Initialized: buffer=150ms
2026-09-26 13:23:30.069 -07:00 [INF] [OpenFreqClient.Services.OpenFreqService] PTT end: Zag (cd4470e2-49f3-4b5d-9822-b17ed0c432a7) on 339.750 MHz, released
2026-09-26 13:23:30.912 -07:00 [INF] [OpenFreqClient.Services.OpenFreqService] PTT start: own radio on 339.750 MHz
2026-09-26 13:23:31.802 -07:00 [INF] [OpenFreqClient.Services.OpenFreqService] PTT end: own radio on 339.750 MHz
2026-09-26 13:23:31.810 -07:00 [INF] [OpenFreqClient.Services.OpenFreqService] TX level over 890ms: mic peak -10.9 dBFS rms -31.5 dBFS | sent peak 0.0 dBFS rms -17.7 dBFS | normalizer on, gain 3.181, gate -58.8 dBFS
2026-09-26 13:23:32.455 -07:00 [INF] [OpenFreqClient.Services.OpenFreqService] PTT start: Stevie (3f69df0a-0474-4403-96f9-9167afaa52d9) on 339.750 MHz, 2D
2026-09-26 13:23:32.480 -07:00 [INF] [OpenFreq.Common.RtpJitterBufferPool] New RTP source: SSRC=5958BBE0
2026-09-26 13:23:32.480 -07:00 [INF] [OpenFreq.Common.RtpJitterBuffer] Manual buffer size: 150ms
2026-09-26 13:23:32.480 -07:00 [INF] [OpenFreq.Common.RtpAudioReceiver] Source joined:  SSRC=5958BBE0
2026-09-26 13:23:32.480 -07:00 [INF] [OpenFreq.Common.RtpJitterBuffer] Initialized: buffer=150ms
2026-09-26 13:23:32.768 -07:00 [WRN] [OpenFreqAudio.RadioPlayback] Stream 3f69df0a-0474-4403-96f9-9167afaa52d9:339750 on 339.750 MHz had no samples for 9.8 ms
2026-09-26 13:23:33.730 -07:00 [INF] [OpenFreqClient.Services.OpenFreqService] PTT end: Stevie (3f69df0a-0474-4403-96f9-9167afaa52d9) on 339.750 MHz, released
2026-09-26 13:23:34.010 -07:00 [INF] [OpenFreqClient.Services.OpenFreqService] PTT start: SkyFox (43ff3b58-7576-451b-af7c-3b0c94df56b7) on 339.750 MHz, 2D
2026-09-26 13:23:34.028 -07:00 [INF] [OpenFreq.Common.RtpJitterBufferPool] New RTP source: SSRC=63D7FB4B
2026-09-26 13:23:34.028 -07:00 [INF] [OpenFreq.Common.RtpJitterBuffer] Manual buffer size: 150ms
2026-09-26 13:23:34.028 -07:00 [INF] [OpenFreq.Common.RtpAudioReceiver] Source joined:  SSRC=63D7FB4B
2026-09-26 13:23:34.028 -07:00 [INF] [OpenFreq.Common.RtpJitterBuffer] Initialized: buffer=150ms
2026-09-26 13:23:34.986 -07:00 [INF] [OpenFreqClient.Services.OpenFreqService] PTT end: SkyFox (43ff3b58-7576-451b-af7c-3b0c94df56b7) on 339.750 MHz, released
2026-09-26 13:23:36.771 -07:00 [INF] [OpenFreqAudio.RadioPlayback] Stream '594701b2-6238-4ad8-992b-37a151773ed5:339750' on 339.750 MHz
2026-09-26 13:23:37.765 -07:00 [INF] [OpenFreqClient.Services.OpenFreqService] PTT start: Stevie (3f69df0a-0474-4403-96f9-9167afaa52d9) on 339.750 MHz, 2D
2026-09-26 13:23:37.784 -07:00 [INF] [OpenFreq.Common.RtpJitterBuffer] Transmission gap detected (4071ms RTP delta), resetting jitter measurement
2026-09-26 13:23:37.988 -07:00 [WRN] [OpenFreqAudio.RadioPlayback] Stream 3f69df0a-0474-4403-96f9-9167afaa52d9:339750 on 339.750 MHz had no samples for 4.0 ms
2026-09-26 13:23:38.306 -07:00 [INF] [OpenFreqClient.Services.OpenFreqService] PTT start: Kug (e406d0a0-64e6-4450-9ec0-300837b7b89a) on 339.750 MHz, 2D
2026-09-26 13:23:38.321 -07:00 [INF] [OpenFreq.Common.RtpJitterBufferPool] New RTP source: SSRC=141FC2A9
2026-09-26 13:23:38.321 -07:00 [INF] [OpenFreq.Common.RtpJitterBuffer] Manual buffer size: 150ms
2026-09-26 13:23:38.321 -07:00 [INF] [OpenFreq.Common.RtpAudioReceiver] Source joined:  SSRC=141FC2A9
2026-09-26 13:23:38.321 -07:00 [INF] [OpenFreq.Common.RtpJitterBuffer] Initialized: buffer=150ms
2026-09-26 13:23:38.594 -07:00 [INF] [OpenFreqClient.Services.OpenFreqService] PTT end: Stevie (3f69df0a-0474-4403-96f9-9167afaa52d9) on 339.750 MHz, released
2026-09-26 13:23:38.686 -07:00 [INF] [OpenFreqClient.Services.OpenFreqService] PTT end: Kug (e406d0a0-64e6-4450-9ec0-300837b7b89a) on 339.750 MHz, released
2026-09-26 13:23:40.218 -07:00 [INF] [OpenFreqClient.Services.OpenFreqService] PTT start: Kug (e406d0a0-64e6-4450-9ec0-300837b7b89a) on 339.750 MHz, 2D
2026-09-26 13:23:40.232 -07:00 [INF] [OpenFreq.Common.RtpJitterBuffer] Transmission gap detected (1554ms RTP delta), resetting jitter measurement
2026-09-26 13:23:40.461 -07:00 [WRN] [OpenFreqAudio.RadioPlayback] Stream e406d0a0-64e6-4450-9ec0-300837b7b89a:339750 on 339.750 MHz had no samples for 14.5 ms
2026-09-26 13:23:41.480 -07:00 [INF] [OpenFreqAudio.RadioPlayback] Stream '91c4c764-ac55-4b66-98e4-d070ed54be23:1234' on 1.234 MHz
2026-09-26 13:23:41.480 -07:00 [INF] [OpenFreqAudio.RadioPlayback] Stream '91c4c764-ac55-4b66-98e4-d070ed54be23:339750' on 339.750 MHz
2026-09-26 13:23:41.926 -07:00 [INF] [OpenFreqClient.Services.OpenFreqService] PTT end: Kug (e406d0a0-64e6-4450-9ec0-300837b7b89a) on 339.750 MHz, released
2026-09-26 13:23:42.195 -07:00 [INF] [OpenFreqClient.Services.OpenFreqService] PTT start: Woody (179a68da-a2bc-45c0-9d2b-9f0af5fa49ea) on 339.750 MHz, 2D
2026-09-26 13:23:42.232 -07:00 [INF] [OpenFreq.Common.RtpJitterBufferPool] New RTP source: SSRC=5B9A0C43
2026-09-26 13:23:42.232 -07:00 [INF] [OpenFreq.Common.RtpJitterBuffer] Manual buffer size: 150ms
2026-09-26 13:23:42.232 -07:00 [INF] [OpenFreq.Common.RtpAudioReceiver] Source joined:  SSRC=5B9A0C43
2026-09-26 13:23:42.232 -07:00 [INF] [OpenFreq.Common.RtpJitterBuffer] Initialized: buffer=150ms
2026-09-26 13:23:42.271 -07:00 [INF] [OpenFreqClient.Services.OpenFreqService] PTT start: Kug (e406d0a0-64e6-4450-9ec0-300837b7b89a) on 339.750 MHz, 2D
2026-09-26 13:23:42.822 -07:00 [INF] [OpenFreqClient.Services.OpenFreqService] PTT end: Kug (e406d0a0-64e6-4450-9ec0-300837b7b89a) on 339.750 MHz, released
2026-09-26 13:23:43.112 -07:00 [INF] [OpenFreqClient.Services.OpenFreqService] PTT end: Woody (179a68da-a2bc-45c0-9d2b-9f0af5fa49ea) on 339.750 MHz, released
2026-09-26 13:23:43.857 -07:00 [INF] [OpenFreqClient.Services.OpenFreqService] PTT start: Rain (fd8e3112-e083-4da8-be92-04d9f9642ebe) on 339.750 MHz, 2D
2026-09-26 13:23:43.873 -07:00 [INF] [OpenFreq.Common.RtpJitterBufferPool] New RTP source: SSRC=5B49E066
2026-09-26 13:23:43.874 -07:00 [INF] [OpenFreq.Common.RtpJitterBuffer] Manual buffer size: 150ms
2026-09-26 13:23:43.874 -07:00 [INF] [OpenFreq.Common.RtpAudioReceiver] Source joined:  SSRC=5B49E066
2026-09-26 13:23:43.874 -07:00 [INF] [OpenFreq.Common.RtpJitterBuffer] Initialized: buffer=150ms
2026-09-26 13:23:44.291 -07:00 [INF] [OpenFreqClient.Services.OpenFreqService] PTT end: Rain (fd8e3112-e083-4da8-be92-04d9f9642ebe) on 339.750 MHz, released
2026-09-26 13:23:44.312 -07:00 [INF] [OpenFreqClient.Services.OpenFreqService] PTT start: Woody (179a68da-a2bc-45c0-9d2b-9f0af5fa49ea) on 339.750 MHz, 2D
2026-09-26 13:23:44.324 -07:00 [INF] [OpenFreq.Common.RtpJitterBuffer] Transmission gap detected (1235ms RTP delta), resetting jitter measurement
2026-09-26 13:23:44.516 -07:00 [INF] [OpenFreqClient.Services.OpenFreqService] PTT end: Woody (179a68da-a2bc-45c0-9d2b-9f0af5fa49ea) on 339.750 MHz, released
2026-09-26 13:23:45.494 -07:00 [INF] [OpenFreqClient.Services.OpenFreqService] PTT start: Starlight (bad80b09-e94d-4c75-9eab-c3ffca19bd3b) on 339.750 MHz, 2D
2026-09-26 13:23:45.520 -07:00 [INF] [OpenFreq.Common.RtpJitterBufferPool] New RTP source: SSRC=2D711AA4
2026-09-26 13:23:45.520 -07:00 [INF] [OpenFreq.Common.RtpJitterBuffer] Manual buffer size: 150ms
2026-09-26 13:23:45.520 -07:00 [INF] [OpenFreq.Common.RtpAudioReceiver] Source joined:  SSRC=2D711AA4
2026-09-26 13:23:45.520 -07:00 [INF] [OpenFreq.Common.RtpJitterBuffer] Initialized: buffer=150ms
2026-09-26 13:23:45.832 -07:00 [INF] [OpenFreqClient.Services.OpenFreqService] PTT end: Starlight (bad80b09-e94d-4c75-9eab-c3ffca19bd3b) on 339.750 MHz, released
2026-09-26 13:23:46.715 -07:00 [INF] [OpenFreqClient.Services.OpenFreqService] PTT start: Wild (d52d332f-8742-40f6-b985-35a908d32642) on 339.750 MHz, 2D
2026-09-26 13:23:46.727 -07:00 [INF] [OpenFreq.Common.RtpJitterBufferPool] New RTP source: SSRC=4B5FD0E8
2026-09-26 13:23:46.727 -07:00 [INF] [OpenFreq.Common.RtpJitterBuffer] Manual buffer size: 150ms
2026-09-26 13:23:46.727 -07:00 [INF] [OpenFreq.Common.RtpAudioReceiver] Source joined:  SSRC=4B5FD0E8
2026-09-26 13:23:46.727 -07:00 [INF] [OpenFreq.Common.RtpJitterBuffer] Initialized: buffer=150ms
2026-09-26 13:23:46.909 -07:00 [WRN] [OpenFreqAudio.RadioPlayback] Stream d52d332f-8742-40f6-b985-35a908d32642:339750 on 339.750 MHz had no samples for 10.6 ms
2026-09-26 13:23:47.774 -07:00 [INF] [OpenFreqClient.Services.OpenFreqService] PTT end: Wild (d52d332f-8742-40f6-b985-35a908d32642) on 339.750 MHz, released
2026-09-26 13:23:48.384 -07:00 [INF] [OpenFreqClient.Services.OpenFreqService] PTT start: Woody (179a68da-a2bc-45c0-9d2b-9f0af5fa49ea) on 339.750 MHz, 2D
2026-09-26 13:23:48.400 -07:00 [INF] [OpenFreq.Common.RtpJitterBuffer] Transmission gap detected (3892ms RTP delta), resetting jitter measurement
2026-09-26 13:23:49.644 -07:00 [INF] [OpenFreqClient.Services.OpenFreqService] PTT end: Woody (179a68da-a2bc-45c0-9d2b-9f0af5fa49ea) on 339.750 MHz, released
2026-09-26 13:24:11.114 -07:00 [INF] [OpenFreqClient.Services.OpenFreqService] PTT start: Paintcheck (9c5f9224-8277-4f34-8da9-dbeb707f0e00) on 339.750 MHz, 2D
2026-09-26 13:24:11.126 -07:00 [INF] [OpenFreq.Common.RtpJitterBuffer] Transmission gap detected (68464ms RTP delta), resetting jitter measurement
2026-09-26 13:24:11.430 -07:00 [WRN] [OpenFreqAudio.RadioPlayback] Stream 9c5f9224-8277-4f34-8da9-dbeb707f0e00:339750 on 339.750 MHz had no samples for 10.0 ms
2026-09-26 13:24:13.178 -07:00 [INF] [OpenFreqClient.Services.OpenFreqService] PTT end: Paintcheck (9c5f9224-8277-4f34-8da9-dbeb707f0e00) on 339.750 MHz, released
2026-09-26 13:24:15.624 -07:00 [INF] [OpenFreqClient.Services.OpenFreqService] PTT start: gci-chaos (594701b2-6238-4ad8-992b-37a151773ed5) on 339.750 MHz, 2D
2026-09-26 13:24:15.642 -07:00 [INF] [OpenFreq.Common.RtpJitterBufferPool] New RTP source: SSRC=53E5B055
2026-09-26 13:24:15.642 -07:00 [INF] [OpenFreq.Common.RtpJitterBuffer] Manual buffer size: 150ms
2026-09-26 13:24:15.642 -07:00 [INF] [OpenFreq.Common.RtpAudioReceiver] Source joined:  SSRC=53E5B055
2026-09-26 13:24:15.642 -07:00 [INF] [OpenFreq.Common.RtpJitterBuffer] Initialized: buffer=150ms
2026-09-26 13:24:16.447 -07:00 [INF] [OpenFreqClient.Services.OpenFreqService] PTT end: gci-chaos (594701b2-6238-4ad8-992b-37a151773ed5) on 339.750 MHz, released
2026-09-26 13:24:18.510 -07:00 [INF] [OpenFreqClient.Services.OpenFreqService] PTT start: Falcon (91c4c764-ac55-4b66-98e4-d070ed54be23) on 339.750 MHz, 2D
2026-09-26 13:24:18.523 -07:00 [INF] [OpenFreq.Common.RtpJitterBufferPool] New RTP source: SSRC=342907E0
2026-09-26 13:24:18.523 -07:00 [INF] [OpenFreq.Common.RtpJitterBuffer] Manual buffer size: 150ms
2026-09-26 13:24:18.523 -07:00 [INF] [OpenFreq.Common.RtpAudioReceiver] Source joined:  SSRC=342907E0
2026-09-26 13:24:18.523 -07:00 [INF] [OpenFreq.Common.RtpJitterBuffer] Initialized: buffer=150ms
2026-09-26 13:24:18.709 -07:00 [WRN] [OpenFreqAudio.RadioPlayback] Stream 91c4c764-ac55-4b66-98e4-d070ed54be23:339750 on 339.750 MHz had no samples for 6.6 ms
2026-09-26 13:24:19.469 -07:00 [INF] [OpenFreqClient.Services.OpenFreqService] PTT end: Falcon (91c4c764-ac55-4b66-98e4-d070ed54be23) on 339.750 MHz, released
2026-09-26 13:24:19.815 -07:00 [INF] [OpenFreqClient.Services.OpenFreqService] PTT start: Woody (179a68da-a2bc-45c0-9d2b-9f0af5fa49ea) on 339.750 MHz, 2D
2026-09-26 13:24:19.826 -07:00 [INF] [OpenFreq.Common.RtpJitterBuffer] Transmission gap detected (30216ms RTP delta), resetting jitter measurement
2026-09-26 13:24:20.282 -07:00 [INF] [OpenFreqClient.Services.OpenFreqService] PTT end: Woody (179a68da-a2bc-45c0-9d2b-9f0af5fa49ea) on 339.750 MHz, released
2026-09-26 13:24:20.299 -07:00 [WRN] [OpenFreqAudio.RadioPlayback] Stream 179a68da-a2bc-45c0-9d2b-9f0af5fa49ea:339750 on 339.750 MHz had no samples for 5.4 ms
2026-09-26 13:24:20.499 -07:00 [INF] [OpenFreqClient.Services.OpenFreqService] PTT start: Woody (179a68da-a2bc-45c0-9d2b-9f0af5fa49ea) on 339.750 MHz, 2D
2026-09-26 13:24:21.560 -07:00 [INF] [OpenFreqClient.Services.OpenFreqService] PTT end: Woody (179a68da-a2bc-45c0-9d2b-9f0af5fa49ea) on 339.750 MHz, released
2026-09-26 13:24:24.298 -07:00 [INF] [OpenFreqClient.Services.OpenFreqService] PTT start: Paintcheck (9c5f9224-8277-4f34-8da9-dbeb707f0e00) on 339.750 MHz, 2D
2026-09-26 13:24:24.320 -07:00 [INF] [OpenFreq.Common.RtpJitterBuffer] Transmission gap detected (11144ms RTP delta), resetting jitter measurement
2026-09-26 13:24:25.042 -07:00 [INF] [OpenFreqClient.Services.OpenFreqService] PTT end: Paintcheck (9c5f9224-8277-4f34-8da9-dbeb707f0e00) on 339.750 MHz, released
2026-09-26 13:24:29.326 -07:00 [INF] [OpenFreqClient.Services.OpenFreqService] PTT start: gci-chaos (594701b2-6238-4ad8-992b-37a151773ed5) on 339.750 MHz, 2D
2026-09-26 13:24:29.342 -07:00 [INF] [OpenFreq.Common.RtpJitterBuffer] Transmission gap detected (12925ms RTP delta), resetting jitter measurement
2026-09-26 13:24:29.430 -07:00 [INF] [OpenFreqClient.Services.OpenFreqService] PTT end: gci-chaos (594701b2-6238-4ad8-992b-37a151773ed5) on 339.750 MHz, released
2026-09-26 13:25:08.683 -07:00 [INF] [OpenFreqClient.Services.OpenFreqService] PTT start: LeHarold (334bf3fa-605f-4145-a460-1e0fa9526a3d) on 339.750 MHz, 2D
2026-09-26 13:25:08.700 -07:00 [INF] [OpenFreq.Common.RtpJitterBuffer] Transmission gap detected (122476ms RTP delta), resetting jitter measurement
2026-09-26 13:25:08.928 -07:00 [WRN] [OpenFreqAudio.RadioPlayback] Stream 334bf3fa-605f-4145-a460-1e0fa9526a3d:339750 on 339.750 MHz had no samples for 0.7 ms
2026-09-26 13:25:11.392 -07:00 [INF] [OpenFreqClient.Services.OpenFreqService] PTT start: gci-chaos (594701b2-6238-4ad8-992b-37a151773ed5) on 339.750 MHz, 3D
2026-09-26 13:25:11.415 -07:00 [INF] [OpenFreq.Common.RtpJitterBuffer] Transmission gap detected (41986ms RTP delta), resetting jitter measurement
2026-09-26 13:25:12.022 -07:00 [INF] [OpenFreqClient.Services.OpenFreqService] PTT end: LeHarold (334bf3fa-605f-4145-a460-1e0fa9526a3d) on 339.750 MHz, released
2026-09-26 13:25:13.073 -07:00 [INF] [OpenFreqClient.Services.OpenFreqService] PTT end: gci-chaos (594701b2-6238-4ad8-992b-37a151773ed5) on 339.750 MHz, released
2026-09-26 13:25:13.972 -07:00 [INF] [OpenFreqClient.Services.OpenFreqService] PTT start: Alligator (2af88464-1ea8-4d04-80ba-d98d4f842617) on 339.750 MHz, 2D
2026-09-26 13:25:13.990 -07:00 [INF] [OpenFreq.Common.RtpJitterBuffer] Transmission gap detected (117997ms RTP delta), resetting jitter measurement
2026-09-26 13:25:14.831 -07:00 [INF] [OpenFreqClient.Services.OpenFreqService] PTT end: Alligator (2af88464-1ea8-4d04-80ba-d98d4f842617) on 339.750 MHz, released
2026-09-26 13:25:22.893 -07:00 [INF] [OpenFreqClient.Services.OpenFreqService] PTT start: Woody (179a68da-a2bc-45c0-9d2b-9f0af5fa49ea) on 339.750 MHz, 2D
2026-09-26 13:25:22.905 -07:00 [INF] [OpenFreq.Common.RtpJitterBuffer] Transmission gap detected (61372ms RTP delta), resetting jitter measurement
2026-09-26 13:25:24.733 -07:00 [INF] [OpenFreq.Common.RtpJitterBuffer] Late arrival (9ms past slot) — buffer 35→74ms
2026-09-26 13:25:26.541 -07:00 [INF] [OpenFreqClient.Services.OpenFreqService] PTT end: Woody (179a68da-a2bc-45c0-9d2b-9f0af5fa49ea) on 339.750 MHz, released
2026-09-26 13:25:28.189 -07:00 [INF] [OpenFreqClient.Services.OpenFreqService] PTT start: LeHarold (334bf3fa-605f-4145-a460-1e0fa9526a3d) on 339.750 MHz, 2D
2026-09-26 13:25:28.202 -07:00 [INF] [OpenFreq.Common.RtpJitterBuffer] Transmission gap detected (16206ms RTP delta), resetting jitter measurement
2026-09-26 13:25:29.190 -07:00 [INF] [OpenFreqClient.Services.OpenFreqService] PTT end: LeHarold (334bf3fa-605f-4145-a460-1e0fa9526a3d) on 339.750 MHz, released
2026-09-26 13:25:29.956 -07:00 [INF] [OpenFreqClient.Services.OpenFreqService] PTT start: Falcon (91c4c764-ac55-4b66-98e4-d070ed54be23) on 339.750 MHz, 2D
2026-09-26 13:25:29.969 -07:00 [INF] [OpenFreq.Common.RtpJitterBuffer] Transmission gap detected (70507ms RTP delta), resetting jitter measurement
2026-09-26 13:25:30.251 -07:00 [WRN] [OpenFreqAudio.RadioPlayback] Stream 91c4c764-ac55-4b66-98e4-d070ed54be23:339750 on 339.750 MHz had no samples for 10.0 ms
2026-09-26 13:25:33.873 -07:00 [INF] [OpenFreqClient.Services.OpenFreqService] PTT end: Falcon (91c4c764-ac55-4b66-98e4-d070ed54be23) on 339.750 MHz, released
2026-09-26 13:25:34.044 -07:00 [INF] [OpenFreqClient.Services.OpenFreqService] PTT start: Woody (179a68da-a2bc-45c0-9d2b-9f0af5fa49ea) on 339.750 MHz, 2D
2026-09-26 13:25:34.073 -07:00 [INF] [OpenFreq.Common.RtpJitterBuffer] Transmission gap detected (7554ms RTP delta), resetting jitter measurement
2026-09-26 13:25:34.845 -07:00 [INF] [OpenFreqClient.Services.OpenFreqService] PTT end: Woody (179a68da-a2bc-45c0-9d2b-9f0af5fa49ea) on 339.750 MHz, released
2026-09-26 13:25:34.999 -07:00 [INF] [OpenFreqClient.Services.OpenFreqService] PTT start: Falcon (91c4c764-ac55-4b66-98e4-d070ed54be23) on 339.750 MHz, 2D
2026-09-26 13:25:35.012 -07:00 [INF] [OpenFreq.Common.RtpJitterBuffer] Transmission gap detected (1160ms RTP delta), resetting jitter measurement
2026-09-26 13:25:35.479 -07:00 [INF] [OpenFreqClient.Services.OpenFreqService] PTT end: Falcon (91c4c764-ac55-4b66-98e4-d070ed54be23) on 339.750 MHz, released
2026-09-26 13:25:38.226 -07:00 [INF] [OpenFreqClient.Services.OpenFreqService] PTT start: Alligator (2af88464-1ea8-4d04-80ba-d98d4f842617) on 339.750 MHz, 2D
2026-09-26 13:25:38.240 -07:00 [INF] [OpenFreq.Common.RtpJitterBuffer] Transmission gap detected (23430ms RTP delta), resetting jitter measurement
2026-09-26 13:25:38.673 -07:00 [INF] [OpenFreqClient.Services.OpenFreqService] PTT end: Alligator (2af88464-1ea8-4d04-80ba-d98d4f842617) on 339.750 MHz, released
2026-09-26 13:25:40.303 -07:00 [INF] [OpenFreqClient.Services.OpenFreqService] PTT start: Woody (179a68da-a2bc-45c0-9d2b-9f0af5fa49ea) on 339.750 MHz, 2D
2026-09-26 13:25:40.322 -07:00 [INF] [OpenFreq.Common.RtpJitterBuffer] Transmission gap detected (5495ms RTP delta), resetting jitter measurement
2026-09-26 13:25:40.733 -07:00 [INF] [OpenFreq.Common.RtpJitterBuffer] Late arrival (6ms past slot) — buffer 30→65ms
2026-09-26 13:25:44.746 -07:00 [INF] [OpenFreqClient.Services.OpenFreqService] PTT end: Woody (179a68da-a2bc-45c0-9d2b-9f0af5fa49ea) on 339.750 MHz, released
2026-09-26 13:25:47.106 -07:00 [INF] [OpenFreqClient.Services.OpenFreqService] PTT start: Wild (d52d332f-8742-40f6-b985-35a908d32642) on 339.750 MHz, 2D
2026-09-26 13:25:47.125 -07:00 [INF] [OpenFreq.Common.RtpJitterBuffer] Transmission gap detected (119343ms RTP delta), resetting jitter measurement
2026-09-26 13:25:47.916 -07:00 [INF] [OpenFreqClient.Services.OpenFreqService] PTT end: Wild (d52d332f-8742-40f6-b985-35a908d32642) on 339.750 MHz, released
2026-09-26 13:25:48.586 -07:00 [INF] [OpenFreqClient.Services.OpenFreqService] PTT start: Woody (179a68da-a2bc-45c0-9d2b-9f0af5fa49ea) on 339.750 MHz, 2D
2026-09-26 13:25:48.607 -07:00 [INF] [OpenFreq.Common.RtpJitterBuffer] Transmission gap detected (3878ms RTP delta), resetting jitter measurement
2026-09-26 13:25:49.327 -07:00 [INF] [OpenFreqClient.Services.OpenFreqService] PTT end: Woody (179a68da-a2bc-45c0-9d2b-9f0af5fa49ea) on 339.750 MHz, released
2026-09-26 13:25:49.900 -07:00 [INF] [OpenFreqClient.Services.OpenFreqService] PTT start: gci-chaos (594701b2-6238-4ad8-992b-37a151773ed5) on 339.750 MHz, 3D
2026-09-26 13:25:49.918 -07:00 [INF] [OpenFreq.Common.RtpJitterBuffer] Transmission gap detected (36869ms RTP delta), resetting jitter measurement
2026-09-26 13:25:50.048 -07:00 [INF] [OpenFreqClient.Services.OpenFreqService] PTT end: gci-chaos (594701b2-6238-4ad8-992b-37a151773ed5) on 339.750 MHz, released
2026-09-26 13:25:50.931 -07:00 [INF] [OpenFreqClient.Services.OpenFreqService] PTT start: MBee (96d0aaf9-fc04-4ef3-8c64-f95b30259b59) on 339.750 MHz, 2D
2026-09-26 13:25:50.938 -07:00 [INF] [OpenFreq.Common.RtpJitterBuffer] Transmission gap detected (142457ms RTP delta), resetting jitter measurement
2026-09-26 13:25:51.248 -07:00 [INF] [OpenFreqClient.Services.OpenFreqService] PTT end: MBee (96d0aaf9-fc04-4ef3-8c64-f95b30259b59) on 339.750 MHz, released
2026-09-26 13:26:16.805 -07:00 [INF] [OpenFreqClient.Services.OpenFreqService] PTT start: Kug (e406d0a0-64e6-4450-9ec0-300837b7b89a) on 339.750 MHz, 2D
2026-09-26 13:26:16.828 -07:00 [INF] [OpenFreq.Common.RtpJitterBuffer] Transmission gap detected (154010ms RTP delta), resetting jitter measurement
2026-09-26 13:26:17.577 -07:00 [INF] [OpenFreqClient.Services.OpenFreqService] PTT end: Kug (e406d0a0-64e6-4450-9ec0-300837b7b89a) on 339.750 MHz, released
2026-09-26 13:26:18.235 -07:00 [INF] [OpenFreqClient.Services.OpenFreqService] PTT start: gci-chaos (594701b2-6238-4ad8-992b-37a151773ed5) on 339.750 MHz, 3D
2026-09-26 13:26:18.249 -07:00 [INF] [OpenFreq.Common.RtpJitterBuffer] Transmission gap detected (28207ms RTP delta), resetting jitter measurement
2026-09-26 13:26:18.374 -07:00 [INF] [OpenFreqClient.Services.OpenFreqService] PTT end: gci-chaos (594701b2-6238-4ad8-992b-37a151773ed5) on 339.750 MHz, released
2026-09-26 13:26:22.748 -07:00 [INF] [OpenFreqClient.Services.OpenFreqService] PTT start: Alligator (2af88464-1ea8-4d04-80ba-d98d4f842617) on 339.750 MHz, 2D
2026-09-26 13:26:22.768 -07:00 [INF] [OpenFreq.Common.RtpJitterBuffer] Transmission gap detected (44105ms RTP delta), resetting jitter measurement
2026-09-26 13:26:23.424 -07:00 [INF] [OpenFreqClient.Services.OpenFreqService] PTT end: Alligator (2af88464-1ea8-4d04-80ba-d98d4f842617) on 339.750 MHz, released
2026-09-26 13:27:44.909 -07:00 [INF] [OpenFreqAudio.RadioPlayback] Stream 'bad80b09-e94d-4c75-9eab-c3ffca19bd3b:339750' on 339.750 MHz
2026-09-26 13:27:46.940 -07:00 [INF] [OpenFreqClient.Services.OpenFreqService] PTT start: own radio on 339.750 MHz
2026-09-26 13:27:48.609 -07:00 [INF] [OpenFreqClient.Services.OpenFreqService] PTT end: own radio on 339.750 MHz
2026-09-26 13:27:48.612 -07:00 [INF] [OpenFreqClient.Services.OpenFreqService] TX level over 1670ms: mic peak -14.9 dBFS rms -32.1 dBFS | sent peak -6.0 dBFS rms -23.1 dBFS | normalizer on, gain 3.143, gate -36.4 dBFS
2026-09-26 13:27:51.375 -07:00 [INF] [OpenFreqClient.Services.OpenFreqService] PTT start: Kug (e406d0a0-64e6-4450-9ec0-300837b7b89a) on 339.750 MHz, 2D
2026-09-26 13:27:51.384 -07:00 [INF] [OpenFreq.Common.RtpJitterBuffer] Transmission gap detected (93825ms RTP delta), resetting jitter measurement
2026-09-26 13:27:52.222 -07:00 [WRN] [OpenFreqAudio.RadioPlayback] Stream e406d0a0-64e6-4450-9ec0-300837b7b89a:339750 on 339.750 MHz had no samples for 9.9 ms
2026-09-26 13:27:52.420 -07:00 [INF] [OpenFreqClient.Services.OpenFreqService] PTT end: Kug (e406d0a0-64e6-4450-9ec0-300837b7b89a) on 339.750 MHz, released
2026-09-26 13:27:54.318 -07:00 [INF] [OpenFreqClient.Services.OpenFreqService] PTT start: own radio on 339.750 MHz
2026-09-26 13:27:56.257 -07:00 [INF] [OpenFreqClient.Services.OpenFreqService] PTT end: own radio on 339.750 MHz
2026-09-26 13:27:56.262 -07:00 [INF] [OpenFreqClient.Services.OpenFreqService] TX level over 1940ms: mic peak -16.4 dBFS rms -36.7 dBFS | sent peak 0.0 dBFS rms -22.1 dBFS | normalizer on, gain 7.203, gate -56.2 dBFS
2026-09-26 13:27:57.450 -07:00 [INF] [OpenFreq.Common.RtpJitterBuffer] Late arrival (49ms past slot) — buffer 36→115ms
2026-09-26 13:27:57.450 -07:00 [INF] [OpenFreq.Common.RtpJitterBuffer] Transmission gap detected (212332ms RTP delta), resetting jitter measurement
2026-09-26 13:27:57.450 -07:00 [INF] [OpenFreqClient.Services.OpenFreqService] PTT start: Paintcheck (9c5f9224-8277-4f34-8da9-dbeb707f0e00) on 339.750 MHz, 2D
2026-09-26 13:27:57.814 -07:00 [INF] [OpenFreqClient.Services.OpenFreqService] PTT start: Alligator (2af88464-1ea8-4d04-80ba-d98d4f842617) on 339.750 MHz, 2D
2026-09-26 13:27:57.832 -07:00 [INF] [OpenFreq.Common.RtpJitterBuffer] Transmission gap detected (94423ms RTP delta), resetting jitter measurement
2026-09-26 13:27:58.334 -07:00 [WRN] [OpenFreqAudio.RadioPlayback] Stream 2af88464-1ea8-4d04-80ba-d98d4f842617:339750 on 339.750 MHz had no samples for 10.6 ms
2026-09-26 13:27:58.832 -07:00 [INF] [OpenFreqClient.Services.OpenFreqService] PTT end: Alligator (2af88464-1ea8-4d04-80ba-d98d4f842617) on 339.750 MHz, released
2026-09-26 13:27:59.477 -07:00 [INF] [OpenFreqClient.Services.OpenFreqService] PTT end: Paintcheck (9c5f9224-8277-4f34-8da9-dbeb707f0e00) on 339.750 MHz, released
2026-09-26 13:28:00.583 -07:00 [INF] [OpenFreqClient.Services.OpenFreqService] PTT start: own radio on 339.750 MHz
2026-09-26 13:28:00.602 -07:00 [INF] [OpenFreqClient.Services.OpenFreqService] PTT start: Alligator (2af88464-1ea8-4d04-80ba-d98d4f842617) on 339.750 MHz, 2D
2026-09-26 13:28:00.611 -07:00 [INF] [OpenFreq.Common.RtpJitterBuffer] Transmission gap detected (1802ms RTP delta), resetting jitter measurement
2026-09-26 13:28:01.469 -07:00 [INF] [OpenFreqClient.Services.OpenFreqService] PTT end: Alligator (2af88464-1ea8-4d04-80ba-d98d4f842617) on 339.750 MHz, released
2026-09-26 13:28:02.156 -07:00 [INF] [OpenFreqClient.Services.OpenFreqService] PTT end: own radio on 339.750 MHz
2026-09-26 13:28:02.160 -07:00 [INF] [OpenFreqClient.Services.OpenFreqService] TX level over 1570ms: mic peak -12.9 dBFS rms -29.6 dBFS | sent peak 0.0 dBFS rms -18.7 dBFS | normalizer on, gain 1.945, gate -32.8 dBFS
2026-09-26 13:28:05.162 -07:00 [INF] [OpenFreqClient.Services.OpenFreqService] PTT start: own radio on 339.750 MHz
2026-09-26 13:28:07.500 -07:00 [INF] [OpenFreqClient.Services.OpenFreqService] PTT end: own radio on 339.750 MHz
2026-09-26 13:28:07.501 -07:00 [INF] [OpenFreqClient.Services.OpenFreqService] TX level over 2330ms: mic peak -15.9 dBFS rms -32.4 dBFS | sent peak -4.6 dBFS rms -23.1 dBFS | normalizer on, gain 25.900, gate -61.5 dBFS
2026-09-26 13:28:08.658 -07:00 [INF] [OpenFreqClient.Services.OpenFreqService] PTT start: Paintcheck (9c5f9224-8277-4f34-8da9-dbeb707f0e00) on 1.234 MHz, 2D
2026-09-26 13:28:08.669 -07:00 [INF] [OpenFreq.Common.RtpJitterBuffer] Transmission gap detected (9204ms RTP delta), resetting jitter measurement
2026-09-26 13:28:08.669 -07:00 [INF] [OpenFreq.Common.RtpJitterBufferPool] Pruned stale source SSRC=422B9AF3
2026-09-26 13:28:08.669 -07:00 [INF] [OpenFreq.Common.RtpAudioReceiver] Source expired: SSRC=422B9AF3
2026-09-26 13:28:08.693 -07:00 [INF] [OpenFreqClient.Services.OpenFreqService] PTT end: Paintcheck (9c5f9224-8277-4f34-8da9-dbeb707f0e00) on 1.234 MHz, released
2026-09-26 13:28:08.796 -07:00 [WRN] [OpenFreqAudio.RadioPlayback] Stream 9c5f9224-8277-4f34-8da9-dbeb707f0e00:1234 on 1.234 MHz had no samples for 14.0 ms
2026-09-26 13:28:08.854 -07:00 [INF] [OpenFreqClient.Services.OpenFreqService] PTT start: Paintcheck (9c5f9224-8277-4f34-8da9-dbeb707f0e00) on 339.750 MHz, 2D
2026-09-26 13:28:09.292 -07:00 [WRN] [OpenFreqAudio.RadioPlayback] Stream 9c5f9224-8277-4f34-8da9-dbeb707f0e00:339750 on 339.750 MHz had no samples for 1.4 ms
2026-09-26 13:28:10.291 -07:00 [INF] [OpenFreq.Common.RtpJitterBufferPool] Pruned stale source SSRC=2BF943CC
2026-09-26 13:28:10.291 -07:00 [INF] [OpenFreq.Common.RtpAudioReceiver] Source expired: SSRC=2BF943CC
2026-09-26 13:28:10.905 -07:00 [INF] [OpenFreqClient.Services.OpenFreqService] PTT end: Paintcheck (9c5f9224-8277-4f34-8da9-dbeb707f0e00) on 339.750 MHz, released
2026-09-26 13:28:10.967 -07:00 [INF] [OpenFreqClient.Services.OpenFreqService] PTT start: own radio on 339.750 MHz
2026-09-26 13:28:11.388 -07:00 [INF] [OpenFreqClient.Services.OpenFreqService] PTT start: Knight (f4461c8b-b37f-4d25-a4cb-5da5ffdcefdc) on 339.750 MHz, 2D
2026-09-26 13:28:11.399 -07:00 [INF] [OpenFreq.Common.RtpJitterBuffer] Transmission gap detected (284272ms RTP delta), resetting jitter measurement
2026-09-26 13:28:11.635 -07:00 [WRN] [OpenFreqAudio.RadioPlayback] Stream f4461c8b-b37f-4d25-a4cb-5da5ffdcefdc:339750 on 339.750 MHz had no samples for 13.5 ms
2026-09-26 13:28:11.919 -07:00 [INF] [OpenFreq.Common.RtpJitterBufferPool] Pruned stale source SSRC=240CDF59
2026-09-26 13:28:11.919 -07:00 [INF] [OpenFreq.Common.RtpAudioReceiver] Source expired: SSRC=240CDF59
2026-09-26 13:28:13.144 -07:00 [INF] [OpenFreqClient.Services.OpenFreqService] PTT end: own radio on 339.750 MHz
2026-09-26 13:28:13.152 -07:00 [INF] [OpenFreqClient.Services.OpenFreqService] TX level over 2180ms: mic peak -11.2 dBFS rms -34.3 dBFS | sent peak 0.0 dBFS rms -17.8 dBFS | normalizer on, gain 4.299, gate -46.3 dBFS
2026-09-26 13:28:14.201 -07:00 [INF] [OpenFreq.Common.RtpJitterBufferPool] Pruned stale source SSRC=0B91D305
2026-09-26 13:28:14.201 -07:00 [INF] [OpenFreq.Common.RtpAudioReceiver] Source expired: SSRC=0B91D305
2026-09-26 13:28:15.631 -07:00 [INF] [OpenFreqClient.Services.OpenFreqService] PTT end: Knight (f4461c8b-b37f-4d25-a4cb-5da5ffdcefdc) on 339.750 MHz, released
2026-09-26 13:28:16.060 -07:00 [INF] [OpenFreqClient.Services.OpenFreqService] PTT start: Kug (e406d0a0-64e6-4450-9ec0-300837b7b89a) on 339.750 MHz, 2D
2026-09-26 13:28:16.066 -07:00 [INF] [OpenFreq.Common.RtpJitterBuffer] Transmission gap detected (23663ms RTP delta), resetting jitter measurement
2026-09-26 13:28:16.124 -07:00 [INF] [OpenFreqClient.Services.OpenFreqService] PTT end: Kug (e406d0a0-64e6-4450-9ec0-300837b7b89a) on 339.750 MHz, released
2026-09-26 13:28:16.134 -07:00 [WRN] [OpenFreqClient.Services.OpenFreqService] Lazy-creating stream e406d0a0-64e6-4450-9ec0-300837b7b89a:339750 on 339.750 MHz — PeerJoined arrived after audio
2026-09-26 13:28:16.134 -07:00 [INF] [OpenFreqAudio.RadioPlayback] Stream 'e406d0a0-64e6-4450-9ec0-300837b7b89a:339750' on 339.750 MHz
2026-09-26 13:28:17.531 -07:00 [INF] [OpenFreqClient.Services.OpenFreqService] PTT start: Alligator (2af88464-1ea8-4d04-80ba-d98d4f842617) on 339.750 MHz, 2D
2026-09-26 13:28:17.543 -07:00 [INF] [OpenFreq.Common.RtpJitterBuffer] Transmission gap detected (16085ms RTP delta), resetting jitter measurement
2026-09-26 13:28:17.678 -07:00 [INF] [OpenFreq.Common.RtpJitterBufferPool] Pruned stale source SSRC=28207B19
2026-09-26 13:28:17.678 -07:00 [INF] [OpenFreq.Common.RtpAudioReceiver] Source expired: SSRC=28207B19
2026-09-26 13:28:18.446 -07:00 [WRN] [OpenFreqAudio.RadioPlayback] Stream 2af88464-1ea8-4d04-80ba-d98d4f842617:339750 on 339.750 MHz had no samples for 9.4 ms
2026-09-26 13:28:19.171 -07:00 [INF] [OpenFreqClient.Services.OpenFreqService] PTT end: Alligator (2af88464-1ea8-4d04-80ba-d98d4f842617) on 339.750 MHz, released
2026-09-26 13:28:20.666 -07:00 [INF] [OpenFreqClient.Services.OpenFreqService] PTT start: Knight (f4461c8b-b37f-4d25-a4cb-5da5ffdcefdc) on 339.750 MHz, 2D
2026-09-26 13:28:20.682 -07:00 [INF] [OpenFreq.Common.RtpJitterBuffer] Transmission gap detected (5057ms RTP delta), resetting jitter measurement
2026-09-26 13:28:20.682 -07:00 [INF] [OpenFreq.Common.RtpJitterBufferPool] Pruned stale source SSRC=32E104A6
2026-09-26 13:28:20.682 -07:00 [INF] [OpenFreq.Common.RtpAudioReceiver] Source expired: SSRC=32E104A6
2026-09-26 13:28:20.845 -07:00 [INF] [OpenFreq.Common.RtpJitterBuffer] Late arrival (13ms past slot) — buffer 28→71ms
2026-09-26 13:28:20.965 -07:00 [WRN] [OpenFreqAudio.RadioPlayback] Stream f4461c8b-b37f-4d25-a4cb-5da5ffdcefdc:339750 on 339.750 MHz had no samples for 10.5 ms
2026-09-26 13:28:22.427 -07:00 [INF] [OpenFreqClient.Services.OpenFreqService] PTT end: Knight (f4461c8b-b37f-4d25-a4cb-5da5ffdcefdc) on 339.750 MHz, released
2026-09-26 13:28:22.749 -07:00 [INF] [OpenFreqClient.Services.OpenFreqService] PTT start: own radio on 339.750 MHz
2026-09-26 13:28:23.621 -07:00 [INF] [OpenFreqClient.Services.OpenFreqService] PTT end: own radio on 339.750 MHz
2026-09-26 13:28:23.624 -07:00 [INF] [OpenFreqClient.Services.OpenFreqService] TX level over 870ms: mic peak -24.1 dBFS rms -39.4 dBFS | sent peak -9.8 dBFS rms -24.5 dBFS | normalizer on, gain 7.780, gate -52.4 dBFS
2026-09-26 13:28:25.869 -07:00 [INF] [OpenFreqClient.Services.OpenFreqService] PTT start: Alligator (2af88464-1ea8-4d04-80ba-d98d4f842617) on 339.750 MHz, 2D
2026-09-26 13:28:25.890 -07:00 [INF] [OpenFreq.Common.RtpJitterBuffer] Transmission gap detected (6726ms RTP delta), resetting jitter measurement
2026-09-26 13:28:25.890 -07:00 [INF] [OpenFreq.Common.RtpJitterBufferPool] Pruned stale source SSRC=117123B1
2026-09-26 13:28:25.890 -07:00 [INF] [OpenFreq.Common.RtpAudioReceiver] Source expired: SSRC=117123B1
2026-09-26 13:28:26.043 -07:00 [WRN] [OpenFreqAudio.RadioPlayback] Stream 2af88464-1ea8-4d04-80ba-d98d4f842617:339750 on 339.750 MHz had no samples for 10.5 ms
2026-09-26 13:28:26.735 -07:00 [INF] [OpenFreqClient.Services.OpenFreqService] PTT end: Alligator (2af88464-1ea8-4d04-80ba-d98d4f842617) on 339.750 MHz, released
2026-09-26 13:28:27.710 -07:00 [INF] [OpenFreqClient.Services.OpenFreqService] PTT start: own radio on 339.750 MHz
2026-09-26 13:28:31.748 -07:00 [INF] [OpenFreqClient.Services.OpenFreqService] PTT end: own radio on 339.750 MHz
2026-09-26 13:28:31.751 -07:00 [INF] [OpenFreqClient.Services.OpenFreqService] TX level over 4040ms: mic peak -13.3 dBFS rms -32.5 dBFS | sent peak -1.4 dBFS rms -21.4 dBFS | normalizer on, gain 43.717, gate -68.6 dBFS
2026-09-26 13:28:45.734 -07:00 [INF] [OpenFreq.Client.Services.FalconSharedMemoryService] Flying state changed: false -> true
2026-09-26 13:28:45.735 -07:00 [INF] [OpenFreqClient.ViewModels.SettingsViewModel] Game mode changed to In-game
2026-09-26 13:28:45.766 -07:00 [INF] [OpenFreqClient.ViewModels.ChannelCardListViewModel] BMS volume map (knob change): Radio1 raw=0 gain=1.995 | Radio2 raw=0 gain=1.995 | Guard raw=0 gain=1.995
2026-09-26 13:28:45.767 -07:00 [INF] [OpenFreqAudio.RadioPlayback] TuneFrequency 243.000 MHz
2026-09-26 13:28:45.767 -07:00 [INF] [OpenFreqClient.ViewModels.ChannelCardListViewModel] "Guard": 243000 → 243000 kHz, power on, joined
2026-09-26 13:28:45.768 -07:00 [INF] [OpenFreqAudio.RadioPlayback] TuneFrequency 143.975 MHz
2026-09-26 13:28:45.768 -07:00 [INF] [OpenFreqClient.ViewModels.ChannelCardListViewModel] "Radio2": 1234 → 143975 kHz, power on, joined
2026-09-26 13:28:45.768 -07:00 [INF] [OpenFreqAudio.RadioPlayback] TuneFrequency 292.300 MHz
2026-09-26 13:28:45.768 -07:00 [INF] [OpenFreqClient.ViewModels.ChannelCardListViewModel] "Radio1": 339750 → 292300 kHz, power on, joined
2026-09-26 13:28:45.839 -07:00 [INF] [OpenFreqAudio.RadioPlayback] Stream '594701b2-6238-4ad8-992b-37a151773ed5:243000' on 243.000 MHz
2026-09-26 13:28:45.839 -07:00 [INF] [OpenFreqAudio.RadioPlayback] Stream '179a68da-a2bc-45c0-9d2b-9f0af5fa49ea:243000' on 243.000 MHz
2026-09-26 13:28:45.839 -07:00 [INF] [OpenFreqAudio.RadioPlayback] Stream 'fd8e3112-e083-4da8-be92-04d9f9642ebe:243000' on 243.000 MHz
2026-09-26 13:28:45.840 -07:00 [INF] [OpenFreqAudio.RadioPlayback] Stream 'd52d332f-8742-40f6-b985-35a908d32642:243000' on 243.000 MHz
2026-09-26 13:28:45.840 -07:00 [INF] [OpenFreqAudio.RadioPlayback] Stream 'bad80b09-e94d-4c75-9eab-c3ffca19bd3b:243000' on 243.000 MHz
2026-09-26 13:28:45.840 -07:00 [INF] [OpenFreqAudio.RadioPlayback] Stream 'e406d0a0-64e6-4450-9ec0-300837b7b89a:243000' on 243.000 MHz
2026-09-26 13:28:45.840 -07:00 [INF] [OpenFreqAudio.RadioPlayback] Stream '91c4c764-ac55-4b66-98e4-d070ed54be23:243000' on 243.000 MHz
2026-09-26 13:28:45.840 -07:00 [INF] [OpenFreqAudio.RadioPlayback] Stream 'cd4470e2-49f3-4b5d-9822-b17ed0c432a7:243000' on 243.000 MHz
2026-09-26 13:28:45.840 -07:00 [INF] [OpenFreqAudio.RadioPlayback] Stream '0b5a8147-b1fa-4307-a8c3-d1087389de25:243000' on 243.000 MHz
2026-09-26 13:28:45.840 -07:00 [INF] [OpenFreqAudio.RadioPlayback] Stream '96d0aaf9-fc04-4ef3-8c64-f95b30259b59:243000' on 243.000 MHz
2026-09-26 13:28:45.840 -07:00 [INF] [OpenFreqAudio.RadioPlayback] Stream 'f4461c8b-b37f-4d25-a4cb-5da5ffdcefdc:243000' on 243.000 MHz
2026-09-26 13:28:45.840 -07:00 [INF] [OpenFreqAudio.RadioPlayback] Stream 'cd4470e2-49f3-4b5d-9822-b17ed0c432a7:143975' on 143.975 MHz
2026-09-26 13:28:45.840 -07:00 [INF] [OpenFreqAudio.RadioPlayback] Stream '0b5a8147-b1fa-4307-a8c3-d1087389de25:143975' on 143.975 MHz
2026-09-26 13:28:45.840 -07:00 [INF] [OpenFreqAudio.RadioPlayback] Stream '96d0aaf9-fc04-4ef3-8c64-f95b30259b59:143975' on 143.975 MHz
2026-09-26 13:28:45.854 -07:00 [INF] [OpenFreq.Common.RtpJitterBuffer] Transmission gap detected (174607ms RTP delta), resetting jitter measurement
2026-09-26 13:28:45.854 -07:00 [INF] [OpenFreq.Common.RtpJitterBufferPool] Pruned stale source SSRC=49C3CA24
2026-09-26 13:28:45.855 -07:00 [INF] [OpenFreq.Common.RtpAudioReceiver] Source expired: SSRC=49C3CA24
2026-09-26 13:28:45.855 -07:00 [INF] [OpenFreq.Common.RtpJitterBufferPool] Pruned stale source SSRC=5958BBE0
2026-09-26 13:28:45.855 -07:00 [INF] [OpenFreq.Common.RtpAudioReceiver] Source expired: SSRC=5958BBE0
2026-09-26 13:28:45.855 -07:00 [INF] [OpenFreq.Common.RtpJitterBufferPool] Pruned stale source SSRC=63D7FB4B
2026-09-26 13:28:45.855 -07:00 [INF] [OpenFreq.Common.RtpAudioReceiver] Source expired: SSRC=63D7FB4B
2026-09-26 13:28:45.855 -07:00 [INF] [OpenFreq.Common.RtpJitterBufferPool] Pruned stale source SSRC=5B49E066
2026-09-26 13:28:45.855 -07:00 [INF] [OpenFreq.Common.RtpAudioReceiver] Source expired: SSRC=5B49E066
2026-09-26 13:28:45.855 -07:00 [INF] [OpenFreq.Common.RtpJitterBufferPool] Pruned stale source SSRC=2D711AA4
2026-09-26 13:28:45.855 -07:00 [INF] [OpenFreq.Common.RtpAudioReceiver] Source expired: SSRC=2D711AA4
2026-09-26 13:28:45.919 -07:00 [INF] [OpenFreqClient.Services.OpenFreqService] RX 143.975 MHz from MBee (96d0aaf9-fc04-4ef3-8c64-f95b30259b59), game time 04:47:18: -23.9 dBm, SNR 86.1 dB, FSPL 51.9 dB, terrain 12.0 dB, 0.1 km, tx 8 m / rx 8 m MSL
2026-09-26 13:28:45.930 -07:00 [INF] [OpenFreqAudio.RadioPlayback] Stream 'f4461c8b-b37f-4d25-a4cb-5da5ffdcefdc:143975' on 143.975 MHz
2026-09-26 13:28:46.011 -07:00 [INF] [OpenFreqClient.Services.OpenFreqService] PTT start: MBee (96d0aaf9-fc04-4ef3-8c64-f95b30259b59) on 143.975 MHz, 3D, game time 04:47:18
2026-09-26 13:28:46.081 -07:00 [INF] [OpenFreqClient.Services.OpenFreqService] PTT end: MBee (96d0aaf9-fc04-4ef3-8c64-f95b30259b59) on 143.975 MHz, released, game time 04:47:18
2026-09-26 13:28:47.602 -07:00 [INF] [OpenFreqAudio.RadioPlayback] TuneFrequency 140.550 MHz
2026-09-26 13:28:47.602 -07:00 [INF] [OpenFreqClient.ViewModels.ChannelCardListViewModel] "Radio2": 143975 → 140550 kHz, power on, joined
2026-09-26 13:28:49.915 -07:00 [INF] [OpenFreqAudio.RadioPlayback] Stream '3f69df0a-0474-4403-96f9-9167afaa52d9:243000' on 243.000 MHz
2026-09-26 13:28:49.915 -07:00 [INF] [OpenFreqAudio.RadioPlayback] Stream '3f69df0a-0474-4403-96f9-9167afaa52d9:140550' on 140.550 MHz
2026-09-26 13:28:51.980 -07:00 [INF] [OpenFreqAudio.RadioPlayback] Stream '43ff3b58-7576-451b-af7c-3b0c94df56b7:243000' on 243.000 MHz
2026-09-26 13:28:51.980 -07:00 [INF] [OpenFreqAudio.RadioPlayback] Stream '43ff3b58-7576-451b-af7c-3b0c94df56b7:140550' on 140.550 MHz
2026-09-26 13:28:55.862 -07:00 [INF] [OpenFreqClient.ViewModels.ChannelCardListViewModel] BMS volume map (knob change): Radio1 raw=9 gain=1.986 | Radio2 raw=0 gain=1.995 | Guard raw=9 gain=1.986
2026-09-26 13:28:56.053 -07:00 [INF] [OpenFreqClient.ViewModels.ChannelCardListViewModel] BMS volume map (knob change): Radio1 raw=277 gain=1.723 | Radio2 raw=0 gain=1.995 | Guard raw=277 gain=1.723
2026-09-26 13:28:56.134 -07:00 [INF] [OpenFreqAudio.RadioPlayback] Stream '91c4c764-ac55-4b66-98e4-d070ed54be23:140550' on 140.550 MHz
2026-09-26 13:28:56.341 -07:00 [INF] [OpenFreqClient.ViewModels.ChannelCardListViewModel] BMS volume map (knob change): Radio1 raw=598 gain=1.454 | Radio2 raw=0 gain=1.995 | Guard raw=598 gain=1.454
2026-09-26 13:28:56.533 -07:00 [INF] [OpenFreqClient.ViewModels.ChannelCardListViewModel] BMS volume map (knob change): Radio1 raw=984 gain=1.185 | Radio2 raw=0 gain=1.995 | Guard raw=984 gain=1.185
2026-09-26 13:28:56.725 -07:00 [INF] [OpenFreqClient.ViewModels.ChannelCardListViewModel] BMS volume map (knob change): Radio1 raw=1447 gain=0.927 | Radio2 raw=0 gain=1.995 | Guard raw=1447 gain=0.927
2026-09-26 13:28:57.300 -07:00 [INF] [OpenFreqClient.Services.OpenFreqService] PTT start: own radio on 140.550 MHz, game time 04:47:29
2026-09-26 13:28:58.069 -07:00 [INF] [OpenFreqClient.ViewModels.ChannelCardListViewModel] BMS volume map (knob change): Radio1 raw=1447 gain=0.927 | Radio2 raw=9 gain=1.986 | Guard raw=1447 gain=0.927
2026-09-26 13:28:58.452 -07:00 [INF] [OpenFreqClient.ViewModels.ChannelCardListViewModel] BMS volume map (knob change): Radio1 raw=1447 gain=0.927 | Radio2 raw=0 gain=1.995 | Guard raw=1447 gain=0.927
2026-09-26 13:28:58.996 -07:00 [INF] [OpenFreqClient.Services.OpenFreqService] PTT end: own radio on 140.550 MHz, game time 04:47:31
2026-09-26 13:28:59.001 -07:00 [INF] [OpenFreqClient.Services.OpenFreqService] TX level over 1700ms: mic peak -19.5 dBFS rms -35.1 dBFS | sent peak 0.0 dBFS rms -16.3 dBFS | normalizer on, gain 6.446, gate -53.7 dBFS
2026-09-26 13:28:59.715 -07:00 [INF] [OpenFreqClient.Services.OpenFreqService] PTT start: Stevie (3f69df0a-0474-4403-96f9-9167afaa52d9) on 140.550 MHz, 3D, game time 04:47:32
2026-09-26 13:28:59.732 -07:00 [INF] [OpenFreq.Common.RtpJitterBufferPool] New RTP source: SSRC=5958BBE0
2026-09-26 13:28:59.732 -07:00 [INF] [OpenFreq.Common.RtpJitterBuffer] Manual buffer size: 150ms
2026-09-26 13:28:59.732 -07:00 [INF] [OpenFreq.Common.RtpAudioReceiver] Source joined:  SSRC=5958BBE0
2026-09-26 13:28:59.732 -07:00 [INF] [OpenFreq.Common.RtpJitterBuffer] Initialized: buffer=150ms
2026-09-26 13:28:59.882 -07:00 [INF] [OpenFreqClient.Services.OpenFreqService] RX 140.550 MHz from Stevie (3f69df0a-0474-4403-96f9-9167afaa52d9), game time 04:47:32: -3.4 dBm, SNR 106.6 dB, FSPL 43.4 dB, terrain 0.0 dB, 0.0 km, tx 8 m / rx 8 m MSL
2026-09-26 13:29:00.352 -07:00 [INF] [OpenFreqClient.Services.OpenFreqService] PTT end: Stevie (3f69df0a-0474-4403-96f9-9167afaa52d9) on 140.550 MHz, released, game time 04:47:32
2026-09-26 13:29:01.178 -07:00 [INF] [OpenFreqClient.Services.OpenFreqService] PTT start: SkyFox (43ff3b58-7576-451b-af7c-3b0c94df56b7) on 140.550 MHz, 3D, game time 04:47:33
2026-09-26 13:29:01.194 -07:00 [INF] [OpenFreq.Common.RtpJitterBufferPool] New RTP source: SSRC=63D7FB4B
2026-09-26 13:29:01.194 -07:00 [INF] [OpenFreq.Common.RtpJitterBuffer] Manual buffer size: 150ms
2026-09-26 13:29:01.194 -07:00 [INF] [OpenFreq.Common.RtpAudioReceiver] Source joined:  SSRC=63D7FB4B
2026-09-26 13:29:01.194 -07:00 [INF] [OpenFreq.Common.RtpJitterBuffer] Initialized: buffer=150ms
2026-09-26 13:29:01.211 -07:00 [INF] [OpenFreqAudio.RadioPlayback] Stream 'ee23d6e9-c508-4e2b-9961-9fd28e96aa1e:243000' on 243.000 MHz
2026-09-26 13:29:01.344 -07:00 [INF] [OpenFreqClient.Services.OpenFreqService] RX 140.550 MHz from SkyFox (43ff3b58-7576-451b-af7c-3b0c94df56b7), game time 04:47:33: -23.9 dBm, SNR 86.1 dB, FSPL 51.6 dB, terrain 12.2 dB, 0.1 km, tx 8 m / rx 8 m MSL
2026-09-26 13:29:01.406 -07:00 [WRN] [OpenFreqAudio.RadioPlayback] Stream 43ff3b58-7576-451b-af7c-3b0c94df56b7:140550 on 140.550 MHz had no samples for 5.4 ms
2026-09-26 13:29:01.801 -07:00 [INF] [OpenFreqClient.Services.OpenFreqService] PTT end: SkyFox (43ff3b58-7576-451b-af7c-3b0c94df56b7) on 140.550 MHz, released, game time 04:47:34
2026-09-26 13:29:03.795 -07:00 [INF] [OpenFreqAudio.RadioPlayback] Stream 'b18f6921-3ac5-4bf0-9303-fe45b072bde1:243000' on 243.000 MHz
2026-09-26 13:29:03.909 -07:00 [INF] [OpenFreqClient.Services.OpenFreqService] PTT start: own radio on 140.550 MHz, game time 04:47:36
2026-09-26 13:29:05.108 -07:00 [INF] [OpenFreqClient.Services.OpenFreqService] PTT end: own radio on 140.550 MHz, game time 04:47:37
2026-09-26 13:29:05.112 -07:00 [INF] [OpenFreqClient.Services.OpenFreqService] TX level over 1200ms: mic peak -15.0 dBFS rms -31.8 dBFS | sent peak 0.0 dBFS rms -17.3 dBFS | normalizer on, gain 5.766, gate -59.5 dBFS
2026-09-26 13:29:06.772 -07:00 [INF] [OpenFreqAudio.RadioPlayback] Stream '2af88464-1ea8-4d04-80ba-d98d4f842617:243000' on 243.000 MHz
2026-09-26 13:29:11.415 -07:00 [INF] [OpenFreqAudio.RadioPlayback] TuneFrequency 273.525 MHz
2026-09-26 13:29:11.415 -07:00 [INF] [OpenFreqClient.ViewModels.ChannelCardListViewModel] "Radio1": 292300 → 273525 kHz, power on, joined
2026-09-26 13:29:11.480 -07:00 [INF] [OpenFreqAudio.RadioPlayback] Stream '179a68da-a2bc-45c0-9d2b-9f0af5fa49ea:273525' on 273.525 MHz
2026-09-26 13:29:11.480 -07:00 [INF] [OpenFreqAudio.RadioPlayback] Stream 'fd8e3112-e083-4da8-be92-04d9f9642ebe:273525' on 273.525 MHz
2026-09-26 13:29:11.480 -07:00 [INF] [OpenFreqAudio.RadioPlayback] Stream 'bad80b09-e94d-4c75-9eab-c3ffca19bd3b:273525' on 273.525 MHz
2026-09-26 13:29:11.480 -07:00 [INF] [OpenFreqAudio.RadioPlayback] Stream 'd52d332f-8742-40f6-b985-35a908d32642:273525' on 273.525 MHz
2026-09-26 13:29:11.480 -07:00 [INF] [OpenFreqAudio.RadioPlayback] Stream 'cd4470e2-49f3-4b5d-9822-b17ed0c432a7:273525' on 273.525 MHz
2026-09-26 13:29:11.480 -07:00 [INF] [OpenFreqAudio.RadioPlayback] Stream '0b5a8147-b1fa-4307-a8c3-d1087389de25:273525' on 273.525 MHz
2026-09-26 13:29:11.480 -07:00 [INF] [OpenFreqAudio.RadioPlayback] Stream '96d0aaf9-fc04-4ef3-8c64-f95b30259b59:273525' on 273.525 MHz
2026-09-26 13:29:11.480 -07:00 [INF] [OpenFreqAudio.RadioPlayback] Stream 'f4461c8b-b37f-4d25-a4cb-5da5ffdcefdc:273525' on 273.525 MHz
2026-09-26 13:29:11.480 -07:00 [INF] [OpenFreqAudio.RadioPlayback] Stream '43ff3b58-7576-451b-af7c-3b0c94df56b7:273525' on 273.525 MHz
2026-09-26 13:29:11.480 -07:00 [INF] [OpenFreqAudio.RadioPlayback] Stream '2af88464-1ea8-4d04-80ba-d98d4f842617:273525' on 273.525 MHz
2026-09-26 13:29:11.481 -07:00 [INF] [OpenFreq.Common.RtpJitterBuffer] Transmission gap detected (202174ms RTP delta), resetting jitter measurement
2026-09-26 13:29:11.569 -07:00 [INF] [OpenFreqClient.Services.OpenFreqService] RX 273.525 MHz from Woody (179a68da-a2bc-45c0-9d2b-9f0af5fa49ea), game time 04:47:43: -63.5 dBm, SNR 43.5 dB, FSPL 78.4 dB, terrain 25.1 dB, 0.7 km, tx 9 m / rx 8 m MSL
2026-09-26 13:29:11.603 -07:00 [INF] [OpenFreqClient.Services.OpenFreqService] PTT start: Woody (179a68da-a2bc-45c0-9d2b-9f0af5fa49ea) on 273.525 MHz, 3D, game time 04:47:43
2026-09-26 13:29:12.279 -07:00 [INF] [OpenFreqAudio.RadioPlayback] Stream 'b18f6921-3ac5-4bf0-9303-fe45b072bde1:273525' on 273.525 MHz
2026-09-26 13:29:12.928 -07:00 [INF] [OpenFreqClient.Services.OpenFreqService] PTT end: Woody (179a68da-a2bc-45c0-9d2b-9f0af5fa49ea) on 273.525 MHz, released, game time 04:47:45
2026-09-26 13:29:16.940 -07:00 [INF] [OpenFreqAudio.RadioPlayback] Stream 'f4461c8b-b37f-4d25-a4cb-5da5ffdcefdc:273525' on 273.525 MHz
2026-09-26 13:29:20.397 -07:00 [INF] [OpenFreq.Common.RtpJitterBuffer] Transmission gap detected (7472ms RTP delta), resetting jitter measurement
2026-09-26 13:29:20.398 -07:00 [INF] [OpenFreqClient.Services.OpenFreqService] PTT start: Woody (179a68da-a2bc-45c0-9d2b-9f0af5fa49ea) on 273.525 MHz, 3D, game time 04:47:52
2026-09-26 13:29:20.455 -07:00 [INF] [OpenFreqClient.Services.OpenFreqService] RX 273.525 MHz from Woody (179a68da-a2bc-45c0-9d2b-9f0af5fa49ea), game time 04:47:52: -63.9 dBm, SNR 43.1 dB, FSPL 78.6 dB, terrain 25.3 dB, 0.7 km, tx 9 m / rx 8 m MSL
2026-09-26 13:29:21.313 -07:00 [WRN] [OpenFreqAudio.RadioPlayback] Stream 179a68da-a2bc-45c0-9d2b-9f0af5fa49ea:273525 on 273.525 MHz had no samples for 6.4 ms
2026-09-26 13:29:22.588 -07:00 [INF] [OpenFreqClient.Services.OpenFreqService] PTT end: Woody (179a68da-a2bc-45c0-9d2b-9f0af5fa49ea) on 273.525 MHz, released, game time 04:47:54
2026-09-26 13:29:23.586 -07:00 [INF] [OpenFreqAudio.RadioPlayback] Stream '3f69df0a-0474-4403-96f9-9167afaa52d9:273525' on 273.525 MHz
2026-09-26 13:29:31.425 -07:00 [INF] [OpenFreqAudio.RadioPlayback] Stream '9c5f9224-8277-4f34-8da9-dbeb707f0e00:243000' on 243.000 MHz
2026-09-26 13:29:32.607 -07:00 [INF] [OpenFreqAudio.RadioPlayback] Stream '034f2d4f-8a1e-4d37-b81b-90f8690d9187:243000' on 243.000 MHz
2026-09-26 13:29:33.753 -07:00 [INF] [OpenFreqAudio.RadioPlayback] Stream '334bf3fa-605f-4145-a460-1e0fa9526a3d:243000' on 243.000 MHz
2026-09-26 13:29:34.998 -07:00 [INF] [OpenFreqClient.Services.OpenFreqService] PTT start: own radio on 140.550 MHz, game time 04:48:07
2026-09-26 13:29:36.886 -07:00 [INF] [OpenFreqClient.Services.OpenFreqService] PTT end: own radio on 140.550 MHz, game time 04:48:09
2026-09-26 13:29:36.893 -07:00 [INF] [OpenFreqClient.Services.OpenFreqService] TX level over 1890ms: mic peak -11.5 dBFS rms -31.2 dBFS | sent peak 0.0 dBFS rms -20.6 dBFS | normalizer on, gain 5.119, gate -53.7 dBFS
2026-09-26 13:29:39.472 -07:00 [INF] [OpenFreqClient.Services.OpenFreqService] PTT start: SkyFox (43ff3b58-7576-451b-af7c-3b0c94df56b7) on 140.550 MHz, 3D, game time 04:48:11
2026-09-26 13:29:39.492 -07:00 [INF] [OpenFreq.Common.RtpJitterBuffer] Transmission gap detected (37713ms RTP delta), resetting jitter measurement
2026-09-26 13:29:39.593 -07:00 [INF] [OpenFreqClient.Services.OpenFreqService] RX 140.550 MHz from SkyFox (43ff3b58-7576-451b-af7c-3b0c94df56b7), game time 04:48:11: -24.2 dBm, SNR 85.8 dB, FSPL 51.8 dB, terrain 12.4 dB, 0.1 km, tx 8 m / rx 8 m MSL
2026-09-26 13:29:39.715 -07:00 [WRN] [OpenFreqAudio.RadioPlayback] Stream 43ff3b58-7576-451b-af7c-3b0c94df56b7:140550 on 140.550 MHz had no samples for 5.0 ms
2026-09-26 13:29:40.400 -07:00 [INF] [OpenFreqClient.Services.OpenFreqService] PTT end: SkyFox (43ff3b58-7576-451b-af7c-3b0c94df56b7) on 140.550 MHz, released, game time 04:48:12
2026-09-26 13:29:59.761 -07:00 [INF] [OpenFreqClient.Services.OpenFreqService] PTT start: SkyFox (43ff3b58-7576-451b-af7c-3b0c94df56b7) on 140.550 MHz, 3D, game time 04:48:32
2026-09-26 13:29:59.779 -07:00 [INF] [OpenFreq.Common.RtpJitterBuffer] Transmission gap detected (19387ms RTP delta), resetting jitter measurement
2026-09-26 13:29:59.837 -07:00 [INF] [OpenFreqClient.Services.OpenFreqService] RX 140.550 MHz from SkyFox (43ff3b58-7576-451b-af7c-3b0c94df56b7), game time 04:48:32: -24.2 dBm, SNR 85.8 dB, FSPL 51.8 dB, terrain 12.4 dB, 0.1 km, tx 8 m / rx 8 m MSL
2026-09-26 13:30:00.188 -07:00 [WRN] [OpenFreqAudio.RadioPlayback] Stream 43ff3b58-7576-451b-af7c-3b0c94df56b7:140550 on 140.550 MHz had no samples for 10.0 ms
2026-09-26 13:30:01.071 -07:00 [INF] [OpenFreqClient.Services.OpenFreqService] PTT end: SkyFox (43ff3b58-7576-451b-af7c-3b0c94df56b7) on 140.550 MHz, released, game time 04:48:33
2026-09-26 13:30:01.432 -07:00 [INF] [OpenFreqClient.Services.OpenFreqService] PTT start: Stevie (3f69df0a-0474-4403-96f9-9167afaa52d9) on 140.550 MHz, 3D, game time 04:48:33
2026-09-26 13:30:01.446 -07:00 [INF] [OpenFreq.Common.RtpJitterBuffer] Transmission gap detected (61111ms RTP delta), resetting jitter measurement
2026-09-26 13:30:01.540 -07:00 [INF] [OpenFreqClient.Services.OpenFreqService] RX 140.550 MHz from Stevie (3f69df0a-0474-4403-96f9-9167afaa52d9), game time 04:48:33: -4.3 dBm, SNR 105.7 dB, FSPL 44.3 dB, terrain 0.0 dB, 0.0 km, tx 8 m / rx 8 m MSL
2026-09-26 13:30:02.117 -07:00 [INF] [OpenFreqClient.Services.OpenFreqService] PTT end: Stevie (3f69df0a-0474-4403-96f9-9167afaa52d9) on 140.550 MHz, released, game time 04:48:34
2026-09-26 13:30:02.486 -07:00 [INF] [OpenFreqAudio.RadioPlayback] Stream '4c187006-039a-4fcb-b6df-d456875763f7:243000' on 243.000 MHz
2026-09-26 13:30:03.591 -07:00 [INF] [OpenFreqClient.Services.OpenFreqService] PTT start: own radio on 140.550 MHz, game time 04:48:35
2026-09-26 13:30:04.317 -07:00 [INF] [OpenFreqAudio.RadioPlayback] Stream 'fc74b220-b0a9-42b3-a47d-1c86e24c2b57:243000' on 243.000 MHz
2026-09-26 13:30:04.472 -07:00 [INF] [OpenFreqClient.Services.OpenFreqService] PTT end: own radio on 140.550 MHz, game time 04:48:36
2026-09-26 13:30:04.482 -07:00 [INF] [OpenFreqClient.Services.OpenFreqService] TX level over 890ms: mic peak -20.8 dBFS rms -39.8 dBFS | sent peak -3.0 dBFS rms -21.4 dBFS | normalizer on, gain 6.151, gate -55.2 dBFS
2026-09-26 13:30:06.116 -07:00 [INF] [OpenFreqAudio.RadioPlayback] Stream '38562a9e-c5a7-4d8e-8e84-ac5f77661794:243000' on 243.000 MHz
2026-09-26 13:30:15.238 -07:00 [INF] [OpenFreqClient.Services.OpenFreqService] PTT start: own radio on 140.550 MHz, game time 04:48:47
2026-09-26 13:30:15.254 -07:00 [INF] [OpenFreqClient.Services.OpenFreqService] PTT end: own radio on 140.550 MHz, game time 04:48:47
2026-09-26 13:30:15.262 -07:00 [INF] [OpenFreqClient.Services.OpenFreqService] TX level over 20ms: mic peak -21.9 dBFS rms -37.4 dBFS | sent peak -6.1 dBFS rms -21.7 dBFS | normalizer on, gain 6.156, gate -40.0 dBFS
2026-09-26 13:30:21.558 -07:00 [INF] [OpenFreqClient.Services.OpenFreqService] PTT start: own radio on 140.550 MHz, game time 04:48:53
2026-09-26 13:30:26.054 -07:00 [INF] [OpenFreqClient.Services.OpenFreqService] PTT end: own radio on 140.550 MHz, game time 04:48:58
2026-09-26 13:30:26.062 -07:00 [INF] [OpenFreqClient.Services.OpenFreqService] TX level over 4490ms: mic peak -12.5 dBFS rms -30.0 dBFS | sent peak 0.0 dBFS rms -19.3 dBFS | normalizer on, gain 3.191, gate -58.3 dBFS
2026-09-26 13:30:28.412 -07:00 [INF] [OpenFreqClient.Services.OpenFreqService] PTT start: Stevie (3f69df0a-0474-4403-96f9-9167afaa52d9) on 140.550 MHz, 3D, game time 04:49:00
2026-09-26 13:30:28.424 -07:00 [INF] [OpenFreq.Common.RtpJitterBuffer] Transmission gap detected (26312ms RTP delta), resetting jitter measurement
2026-09-26 13:30:28.481 -07:00 [INF] [OpenFreqClient.Services.OpenFreqService] RX 140.550 MHz from Stevie (3f69df0a-0474-4403-96f9-9167afaa52d9), game time 04:49:00: -4.3 dBm, SNR 105.7 dB, FSPL 44.3 dB, terrain 0.0 dB, 0.0 km, tx 8 m / rx 8 m MSL
2026-09-26 13:30:28.623 -07:00 [INF] [OpenFreqClient.Services.OpenFreqService] PTT end: Stevie (3f69df0a-0474-4403-96f9-9167afaa52d9) on 140.550 MHz, released, game time 04:49:00
2026-09-26 13:30:28.912 -07:00 [INF] [OpenFreqClient.Services.OpenFreqService] PTT start: Stevie (3f69df0a-0474-4403-96f9-9167afaa52d9) on 140.550 MHz, 3D, game time 04:49:01
2026-09-26 13:30:29.077 -07:00 [INF] [OpenFreqClient.Services.OpenFreqService] PTT end: Stevie (3f69df0a-0474-4403-96f9-9167afaa52d9) on 140.550 MHz, released, game time 04:49:01
2026-09-26 13:30:29.191 -07:00 [INF] [OpenFreq.Common.RtpJitterBufferPool] Pruned stale source SSRC=5D682876
2026-09-26 13:30:29.191 -07:00 [INF] [OpenFreq.Common.RtpAudioReceiver] Source expired: SSRC=5D682876
2026-09-26 13:30:29.453 -07:00 [INF] [OpenFreqClient.Services.OpenFreqService] PTT start: Stevie (3f69df0a-0474-4403-96f9-9167afaa52d9) on 140.550 MHz, 3D, game time 04:49:01
2026-09-26 13:30:29.604 -07:00 [INF] [OpenFreqClient.Services.OpenFreqService] PTT end: Stevie (3f69df0a-0474-4403-96f9-9167afaa52d9) on 140.550 MHz, released, game time 04:49:01
2026-09-26 13:30:29.982 -07:00 [INF] [OpenFreqClient.Services.OpenFreqService] PTT start: Stevie (3f69df0a-0474-4403-96f9-9167afaa52d9) on 140.550 MHz, 3D, game time 04:49:02
2026-09-26 13:30:30.177 -07:00 [INF] [OpenFreqClient.Services.OpenFreqService] PTT end: Stevie (3f69df0a-0474-4403-96f9-9167afaa52d9) on 140.550 MHz, released, game time 04:49:02
2026-09-26 13:30:30.543 -07:00 [INF] [OpenFreqClient.Services.OpenFreqService] PTT start: Stevie (3f69df0a-0474-4403-96f9-9167afaa52d9) on 140.550 MHz, 3D, game time 04:49:02
2026-09-26 13:30:30.716 -07:00 [WRN] [OpenFreqAudio.RadioPlayback] Stream 3f69df0a-0474-4403-96f9-9167afaa52d9:140550 on 140.550 MHz had no samples for 4.2 ms
2026-09-26 13:30:30.737 -07:00 [INF] [OpenFreqClient.Services.OpenFreqService] PTT end: Stevie (3f69df0a-0474-4403-96f9-9167afaa52d9) on 140.550 MHz, released, game time 04:49:03
2026-09-26 13:30:31.122 -07:00 [INF] [OpenFreqClient.Services.OpenFreqService] PTT start: Stevie (3f69df0a-0474-4403-96f9-9167afaa52d9) on 140.550 MHz, 3D, game time 04:49:03
2026-09-26 13:30:31.318 -07:00 [INF] [OpenFreqClient.Services.OpenFreqService] PTT end: Stevie (3f69df0a-0474-4403-96f9-9167afaa52d9) on 140.550 MHz, released, game time 04:49:03
2026-09-26 13:30:32.343 -07:00 [INF] [OpenFreqClient.Services.OpenFreqService] PTT start: own radio on 140.550 MHz, game time 04:49:04
2026-09-26 13:30:33.766 -07:00 [INF] [OpenFreqClient.Services.OpenFreqService] PTT end: own radio on 140.550 MHz, game time 04:49:06
2026-09-26 13:30:33.772 -07:00 [INF] [OpenFreqClient.Services.OpenFreqService] TX level over 1420ms: mic peak -15.0 dBFS rms -35.9 dBFS | sent peak 0.0 dBFS rms -18.8 dBFS | normalizer on, gain 4.056, gate -94.6 dBFS
2026-09-26 13:30:35.543 -07:00 [INF] [OpenFreqClient.Services.OpenFreqService] PTT start: own radio on 140.550 MHz, game time 04:49:07
2026-09-26 13:30:35.655 -07:00 [INF] [OpenFreqClient.Services.OpenFreqService] PTT end: own radio on 140.550 MHz, game time 04:49:08
2026-09-26 13:30:35.661 -07:00 [INF] [OpenFreqClient.Services.OpenFreqService] TX level over 110ms: mic peak -36.5 dBFS rms -52.6 dBFS | sent peak -23.8 dBFS rms -39.7 dBFS | normalizer on, gain 6.896, gate -55.5 dBFS
2026-09-26 13:30:35.799 -07:00 [INF] [OpenFreqClient.Services.OpenFreqService] PTT start: own radio on 140.550 MHz, game time 04:49:08
2026-09-26 13:30:35.911 -07:00 [INF] [OpenFreqClient.Services.OpenFreqService] PTT end: own radio on 140.550 MHz, game time 04:49:08
2026-09-26 13:30:35.913 -07:00 [INF] [OpenFreqClient.Services.OpenFreqService] TX level over 110ms: mic peak -41.6 dBFS rms -54.3 dBFS | sent peak -23.3 dBFS rms -35.8 dBFS | normalizer on, gain 10.507, gate -56.2 dBFS
2026-09-26 13:30:47.246 -07:00 [INF] [OpenFreqClient.Services.OpenFreqService] PTT start: Woody (179a68da-a2bc-45c0-9d2b-9f0af5fa49ea) on 273.525 MHz, 3D, game time 04:49:19
2026-09-26 13:30:47.262 -07:00 [INF] [OpenFreq.Common.RtpJitterBuffer] Transmission gap detected (84705ms RTP delta), resetting jitter measurement
2026-09-26 13:30:47.262 -07:00 [INF] [OpenFreq.Common.RtpJitterBufferPool] Pruned stale source SSRC=342907E0
2026-09-26 13:30:47.262 -07:00 [INF] [OpenFreq.Common.RtpAudioReceiver] Source expired: SSRC=342907E0
2026-09-26 13:30:47.327 -07:00 [INF] [OpenFreqClient.Services.OpenFreqService] RX 273.525 MHz from Woody (179a68da-a2bc-45c0-9d2b-9f0af5fa49ea), game time 04:49:19: -73.8 dBm, SNR 33.2 dB, FSPL 83.6 dB, terrain 30.2 dB, 1.3 km, tx 9 m / rx 8 m MSL
2026-09-26 13:30:47.753 -07:00 [INF] [OpenFreqClient.Services.OpenFreqService] PTT start: Krieger (0b5a8147-b1fa-4307-a8c3-d1087389de25) on 273.525 MHz, 3D, game time 04:49:20
2026-09-26 13:30:47.771 -07:00 [INF] [OpenFreq.Common.RtpJitterBufferPool] New RTP source: SSRC=117123B1
2026-09-26 13:30:47.771 -07:00 [INF] [OpenFreq.Common.RtpJitterBuffer] Manual buffer size: 150ms
2026-09-26 13:30:47.771 -07:00 [INF] [OpenFreq.Common.RtpAudioReceiver] Source joined:  SSRC=117123B1
2026-09-26 13:30:47.771 -07:00 [INF] [OpenFreq.Common.RtpJitterBuffer] Initialized: buffer=150ms
2026-09-26 13:30:47.905 -07:00 [INF] [OpenFreq.Common.RtpJitterBufferPool] Pruned stale source SSRC=4B5FD0E8
2026-09-26 13:30:47.905 -07:00 [INF] [OpenFreq.Common.RtpAudioReceiver] Source expired: SSRC=4B5FD0E8
2026-09-26 13:30:47.921 -07:00 [INF] [OpenFreqClient.Services.OpenFreqService] RX 273.525 MHz from Krieger (0b5a8147-b1fa-4307-a8c3-d1087389de25), game time 04:49:20: -35.5 dBm, SNR 71.5 dB, FSPL 63.5 dB, terrain 12.0 dB, 0.1 km, tx 8 m / rx 8 m MSL
2026-09-26 13:30:48.140 -07:00 [INF] [OpenFreqClient.Services.OpenFreqService] PTT end: Krieger (0b5a8147-b1fa-4307-a8c3-d1087389de25) on 273.525 MHz, released, game time 04:49:20
2026-09-26 13:30:49.641 -07:00 [INF] [OpenFreqClient.Services.OpenFreqService] PTT end: Woody (179a68da-a2bc-45c0-9d2b-9f0af5fa49ea) on 273.525 MHz, released, game time 04:49:22
2026-09-26 13:30:50.366 -07:00 [INF] [OpenFreqClient.Services.OpenFreqService] PTT start: Krieger (0b5a8147-b1fa-4307-a8c3-d1087389de25) on 273.525 MHz, 3D, game time 04:49:22
2026-09-26 13:30:50.382 -07:00 [INF] [OpenFreq.Common.RtpJitterBuffer] Transmission gap detected (2250ms RTP delta), resetting jitter measurement
2026-09-26 13:30:50.504 -07:00 [INF] [OpenFreqClient.Services.OpenFreqService] RX 273.525 MHz from Krieger (0b5a8147-b1fa-4307-a8c3-d1087389de25), game time 04:49:22: -35.5 dBm, SNR 71.5 dB, FSPL 63.5 dB, terrain 12.0 dB, 0.1 km, tx 8 m / rx 8 m MSL
2026-09-26 13:30:51.367 -07:00 [WRN] [OpenFreqAudio.RadioPlayback] Stream 0b5a8147-b1fa-4307-a8c3-d1087389de25:273525 on 273.525 MHz had no samples for 10.4 ms
2026-09-26 13:30:53.789 -07:00 [INF] [OpenFreqClient.Services.OpenFreqService] PTT end: Krieger (0b5a8147-b1fa-4307-a8c3-d1087389de25) on 273.525 MHz, released, game time 04:49:26
2026-09-26 13:31:04.510 -07:00 [INF] [OpenFreqAudio.RadioPlayback] Stream 'ee23d6e9-c508-4e2b-9961-9fd28e96aa1e:273525' on 273.525 MHz
2026-09-26 13:31:05.383 -07:00 [INF] [OpenFreqAudio.RadioPlayback] Stream 'ee23d6e9-c508-4e2b-9961-9fd28e96aa1e:273525' on 273.525 MHz
2026-09-26 13:31:07.391 -07:00 [INF] [OpenFreqAudio.RadioPlayback] Stream 'ee23d6e9-c508-4e2b-9961-9fd28e96aa1e:273525' on 273.525 MHz
2026-09-26 13:31:08.298 -07:00 [INF] [OpenFreqClient.Services.OpenFreqService] PTT start: Krieger (0b5a8147-b1fa-4307-a8c3-d1087389de25) on 273.525 MHz, 3D, game time 04:49:40
2026-09-26 13:31:08.313 -07:00 [INF] [OpenFreq.Common.RtpJitterBuffer] Transmission gap detected (14532ms RTP delta), resetting jitter measurement
2026-09-26 13:31:08.362 -07:00 [INF] [OpenFreqClient.Services.OpenFreqService] RX 273.525 MHz from Krieger (0b5a8147-b1fa-4307-a8c3-d1087389de25), game time 04:49:40: -35.5 dBm, SNR 71.5 dB, FSPL 63.5 dB, terrain 12.0 dB, 0.1 km, tx 8 m / rx 8 m MSL
2026-09-26 13:31:09.512 -07:00 [INF] [OpenFreqClient.Services.OpenFreqService] PTT end: Krieger (0b5a8147-b1fa-4307-a8c3-d1087389de25) on 273.525 MHz, released, game time 04:49:41
2026-09-26 13:31:40.890 -07:00 [INF] [OpenFreqClient.Services.OpenFreqService] PTT start: own radio on 140.550 MHz, game time 04:50:13
2026-09-26 13:31:41.466 -07:00 [INF] [OpenFreqClient.Services.OpenFreqService] PTT end: own radio on 140.550 MHz, game time 04:50:13
2026-09-26 13:31:41.472 -07:00 [INF] [OpenFreqClient.Services.OpenFreqService] TX level over 580ms: mic peak -19.3 dBFS rms -36.9 dBFS | sent peak -2.1 dBFS rms -19.5 dBFS | normalizer on, gain 6.433, gate -50.7 dBFS
2026-09-26 13:31:46.164 -07:00 [INF] [OpenFreqClient.Services.OpenFreqService] PTT start: Stevie (3f69df0a-0474-4403-96f9-9167afaa52d9) on 140.550 MHz, 3D, game time 04:50:18
2026-09-26 13:31:46.178 -07:00 [INF] [OpenFreq.Common.RtpJitterBuffer] Transmission gap detected (74861ms RTP delta), resetting jitter measurement
2026-09-26 13:31:46.178 -07:00 [INF] [OpenFreq.Common.RtpJitterBufferPool] Pruned stale source SSRC=53E5B055
2026-09-26 13:31:46.178 -07:00 [INF] [OpenFreq.Common.RtpAudioReceiver] Source expired: SSRC=53E5B055
2026-09-26 13:31:46.232 -07:00 [INF] [OpenFreqClient.Services.OpenFreqService] RX 140.550 MHz from Stevie (3f69df0a-0474-4403-96f9-9167afaa52d9), game time 04:50:18: -13.0 dBm, SNR 97.0 dB, FSPL 45.9 dB, terrain 7.1 dB, 0.0 km, tx 8 m / rx 8 m MSL
2026-09-26 13:31:46.680 -07:00 [WRN] [OpenFreqAudio.RadioPlayback] Stream 3f69df0a-0474-4403-96f9-9167afaa52d9:140550 on 140.550 MHz had no samples for 10.5 ms
2026-09-26 13:31:46.803 -07:00 [INF] [OpenFreqClient.Services.OpenFreqService] PTT end: Stevie (3f69df0a-0474-4403-96f9-9167afaa52d9) on 140.550 MHz, released, game time 04:50:19
2026-09-26 13:31:47.909 -07:00 [INF] [OpenFreqClient.Services.OpenFreqService] PTT start: SkyFox (43ff3b58-7576-451b-af7c-3b0c94df56b7) on 140.550 MHz, 3D, game time 04:50:20
2026-09-26 13:31:47.919 -07:00 [INF] [OpenFreq.Common.RtpJitterBuffer] Transmission gap detected (106865ms RTP delta), resetting jitter measurement
2026-09-26 13:31:47.967 -07:00 [INF] [OpenFreqClient.Services.OpenFreqService] RX 140.550 MHz from SkyFox (43ff3b58-7576-451b-af7c-3b0c94df56b7), game time 04:50:20: -28.1 dBm, SNR 81.9 dB, FSPL 53.9 dB, terrain 14.2 dB, 0.1 km, tx 8 m / rx 8 m MSL
2026-09-26 13:31:48.738 -07:00 [INF] [OpenFreqClient.Services.OpenFreqService] PTT end: SkyFox (43ff3b58-7576-451b-af7c-3b0c94df56b7) on 140.550 MHz, released, game time 04:50:21
2026-09-26 13:31:48.748 -07:00 [WRN] [OpenFreqAudio.RadioPlayback] Stream 43ff3b58-7576-451b-af7c-3b0c94df56b7:140550 on 140.550 MHz had no samples for 9.9 ms
2026-09-26 13:33:08.303 -07:00 [INF] [OpenFreqClient.Services.OpenFreqService] PTT start: own radio on 140.550 MHz, game time 04:51:40
2026-09-26 13:33:10.862 -07:00 [INF] [OpenFreqClient.Services.OpenFreqService] PTT end: own radio on 140.550 MHz, game time 04:51:43
2026-09-26 13:33:10.872 -07:00 [INF] [OpenFreqClient.Services.OpenFreqService] TX level over 2560ms: mic peak -13.1 dBFS rms -31.0 dBFS | sent peak -4.1 dBFS rms -21.3 dBFS | normalizer on, gain 4.086, gate -46.0 dBFS
2026-09-26 13:33:11.734 -07:00 [INF] [OpenFreq.Common.RtpJitterBuffer] Transmission gap detected (84923ms RTP delta), resetting jitter measurement
2026-09-26 13:33:11.735 -07:00 [INF] [OpenFreq.Common.RtpJitterBufferPool] Pruned stale source SSRC=7126CAC1
2026-09-26 13:33:11.735 -07:00 [INF] [OpenFreq.Common.RtpAudioReceiver] Source expired: SSRC=7126CAC1
2026-09-26 13:33:11.735 -07:00 [INF] [OpenFreqClient.Services.OpenFreqService] PTT start: Stevie (3f69df0a-0474-4403-96f9-9167afaa52d9) on 140.550 MHz, 3D, game time 04:51:44
2026-09-26 13:33:11.767 -07:00 [INF] [OpenFreqClient.Services.OpenFreqService] RX 140.550 MHz from Stevie (3f69df0a-0474-4403-96f9-9167afaa52d9), game time 04:51:44: -37.0 dBm, SNR 73.0 dB, FSPL 58.5 dB, terrain 18.5 dB, 0.1 km, tx 8 m / rx 8 m MSL
2026-09-26 13:33:11.852 -07:00 [WRN] [OpenFreqAudio.RadioPlayback] Stream 3f69df0a-0474-4403-96f9-9167afaa52d9:140550 on 140.550 MHz had no samples for 11.5 ms
2026-09-26 13:33:12.590 -07:00 [INF] [OpenFreqClient.Services.OpenFreqService] PTT end: Stevie (3f69df0a-0474-4403-96f9-9167afaa52d9) on 140.550 MHz, released, game time 04:51:44
2026-09-26 13:33:19.831 -07:00 [INF] [OpenFreqClient.Services.OpenFreqService] PTT start: Alligator (2af88464-1ea8-4d04-80ba-d98d4f842617) on 273.525 MHz, 3D, game time 04:51:52
2026-09-26 13:33:19.855 -07:00 [INF] [OpenFreq.Common.RtpJitterBuffer] Transmission gap detected (293113ms RTP delta), resetting jitter measurement
2026-09-26 13:33:19.855 -07:00 [INF] [OpenFreq.Common.RtpJitterBufferPool] Pruned stale source SSRC=141FC2A9
2026-09-26 13:33:19.855 -07:00 [INF] [OpenFreq.Common.RtpAudioReceiver] Source expired: SSRC=141FC2A9
2026-09-26 13:33:19.883 -07:00 [INF] [OpenFreqClient.Services.OpenFreqService] RX 273.525 MHz from Alligator (2af88464-1ea8-4d04-80ba-d98d4f842617), game time 04:51:52: -53.4 dBm, SNR 53.6 dB, FSPL 72.5 dB, terrain 20.9 dB, 0.4 km, tx 8 m / rx 8 m MSL
2026-09-26 13:33:20.722 -07:00 [INF] [OpenFreq.Common.RtpJitterBuffer] Late arrival (0ms past slot) — buffer 51→82ms
2026-09-26 13:33:21.416 -07:00 [INF] [OpenFreqClient.Services.OpenFreqService] PTT end: Alligator (2af88464-1ea8-4d04-80ba-d98d4f842617) on 273.525 MHz, released, game time 04:51:53
2026-09-26 13:33:23.023 -07:00 [INF] [OpenFreqClient.Services.OpenFreqService] PTT start: own radio on 140.550 MHz, game time 04:51:55
2026-09-26 13:33:24.815 -07:00 [INF] [OpenFreqClient.Services.OpenFreqService] PTT end: own radio on 140.550 MHz, game time 04:51:57
2026-09-26 13:33:24.822 -07:00 [INF] [OpenFreqClient.Services.OpenFreqService] TX level over 1790ms: mic peak -12.6 dBFS rms -30.4 dBFS | sent peak 0.0 dBFS rms -18.2 dBFS | normalizer on, gain 8.050, gate -80.1 dBFS
2026-09-26 13:33:25.620 -07:00 [INF] [OpenFreqClient.Services.OpenFreqService] PTT start: Stevie (3f69df0a-0474-4403-96f9-9167afaa52d9) on 140.550 MHz, 3D, game time 04:51:57
2026-09-26 13:33:25.625 -07:00 [INF] [OpenFreq.Common.RtpJitterBuffer] Transmission gap detected (13044ms RTP delta), resetting jitter measurement
2026-09-26 13:33:25.625 -07:00 [INF] [OpenFreq.Common.RtpJitterBufferPool] Pruned stale source SSRC=4209D5F1
2026-09-26 13:33:25.625 -07:00 [INF] [OpenFreq.Common.RtpAudioReceiver] Source expired: SSRC=4209D5F1
2026-09-26 13:33:25.669 -07:00 [INF] [OpenFreqClient.Services.OpenFreqService] RX 140.550 MHz from Stevie (3f69df0a-0474-4403-96f9-9167afaa52d9), game time 04:51:58: -26.7 dBm, SNR 83.3 dB, FSPL 53.1 dB, terrain 13.6 dB, 0.1 km, tx 8 m / rx 8 m MSL
2026-09-26 13:33:26.300 -07:00 [INF] [OpenFreqClient.Services.OpenFreqService] PTT end: Stevie (3f69df0a-0474-4403-96f9-9167afaa52d9) on 140.550 MHz, released, game time 04:51:58
2026-09-26 13:33:27.461 -07:00 [INF] [OpenFreqClient.Services.OpenFreqService] PTT start: SkyFox (43ff3b58-7576-451b-af7c-3b0c94df56b7) on 140.550 MHz, 3D, game time 04:51:59
2026-09-26 13:33:27.476 -07:00 [INF] [OpenFreq.Common.RtpJitterBuffer] Transmission gap detected (98752ms RTP delta), resetting jitter measurement
2026-09-26 13:33:27.517 -07:00 [INF] [OpenFreqClient.Services.OpenFreqService] RX 140.550 MHz from SkyFox (43ff3b58-7576-451b-af7c-3b0c94df56b7), game time 04:51:59: -32.1 dBm, SNR 77.9 dB, FSPL 56.0 dB, terrain 16.2 dB, 0.1 km, tx 8 m / rx 8 m MSL
2026-09-26 13:33:28.478 -07:00 [INF] [OpenFreqClient.Services.OpenFreqService] PTT end: SkyFox (43ff3b58-7576-451b-af7c-3b0c94df56b7) on 140.550 MHz, released, game time 04:52:00
2026-09-26 13:33:50.254 -07:00 [INF] [OpenFreqClient.Services.OpenFreqService] PTT start: own radio on 140.550 MHz, game time 04:52:22
2026-09-26 13:33:51.598 -07:00 [INF] [OpenFreqClient.Services.OpenFreqService] PTT end: own radio on 140.550 MHz, game time 04:52:23
2026-09-26 13:33:51.604 -07:00 [INF] [OpenFreqClient.Services.OpenFreqService] TX level over 1340ms: mic peak -14.3 dBFS rms -31.0 dBFS | sent peak -2.2 dBFS rms -20.4 dBFS | normalizer on, gain 3.996, gate -49.5 dBFS
2026-09-26 13:33:57.580 -07:00 [INF] [OpenFreqClient.Services.OpenFreqService] PTT start: Stevie (3f69df0a-0474-4403-96f9-9167afaa52d9) on 140.550 MHz, 3D, game time 04:52:29
2026-09-26 13:33:57.602 -07:00 [INF] [OpenFreq.Common.RtpJitterBuffer] Transmission gap detected (31307ms RTP delta), resetting jitter measurement
2026-09-26 13:33:57.602 -07:00 [INF] [OpenFreq.Common.RtpJitterBufferPool] Pruned stale source SSRC=27D099D4
2026-09-26 13:33:57.602 -07:00 [INF] [OpenFreq.Common.RtpAudioReceiver] Source expired: SSRC=27D099D4
2026-09-26 13:33:57.641 -07:00 [INF] [OpenFreqClient.Services.OpenFreqService] RX 140.550 MHz from Stevie (3f69df0a-0474-4403-96f9-9167afaa52d9), game time 04:52:30: -36.7 dBm, SNR 73.3 dB, FSPL 58.5 dB, terrain 18.2 dB, 0.1 km, tx 8 m / rx 8 m MSL
2026-09-26 13:33:57.710 -07:00 [INF] [OpenFreqClient.Services.OpenFreqService] PTT end: Stevie (3f69df0a-0474-4403-96f9-9167afaa52d9) on 140.550 MHz, released, game time 04:52:30
2026-09-26 13:34:16.708 -07:00 [INF] [OpenFreqAudio.RadioPlayback] Stream 'fd8e3112-e083-4da8-be92-04d9f9642ebe:273525' on 273.525 MHz
2026-09-26 13:34:17.230 -07:00 [INF] [OpenFreqAudio.RadioPlayback] Stream 'bad80b09-e94d-4c75-9eab-c3ffca19bd3b:273525' on 273.525 MHz
2026-09-26 13:34:17.265 -07:00 [INF] [OpenFreqAudio.RadioPlayback] Stream '179a68da-a2bc-45c0-9d2b-9f0af5fa49ea:273525' on 273.525 MHz
2026-09-26 13:34:18.921 -07:00 [INF] [OpenFreqAudio.RadioPlayback] Stream 'd52d332f-8742-40f6-b985-35a908d32642:273525' on 273.525 MHz
2026-09-26 13:34:41.665 -07:00 [INF] [OpenFreqClient.ViewModels.ChannelCardListViewModel] "Radio1": 273525 → 292300 kHz, power on, joined
2026-09-26 13:34:41.730 -07:00 [INF] [OpenFreqAudio.RadioPlayback] Stream 'cd4470e2-49f3-4b5d-9822-b17ed0c432a7:292300' on 292.300 MHz
2026-09-26 13:34:41.730 -07:00 [INF] [OpenFreqAudio.RadioPlayback] Stream '0b5a8147-b1fa-4307-a8c3-d1087389de25:292300' on 292.300 MHz
2026-09-26 13:34:41.731 -07:00 [INF] [OpenFreqAudio.RadioPlayback] Stream '96d0aaf9-fc04-4ef3-8c64-f95b30259b59:292300' on 292.300 MHz
2026-09-26 13:34:41.731 -07:00 [INF] [OpenFreqAudio.RadioPlayback] Stream 'f4461c8b-b37f-4d25-a4cb-5da5ffdcefdc:292300' on 292.300 MHz
2026-09-26 13:34:49.816 -07:00 [INF] [OpenFreqAudio.RadioPlayback] Stream '3f69df0a-0474-4403-96f9-9167afaa52d9:292300' on 292.300 MHz
2026-09-26 13:34:58.228 -07:00 [INF] [OpenFreqAudio.RadioPlayback] Stream '43ff3b58-7576-451b-af7c-3b0c94df56b7:292300' on 292.300 MHz
2026-09-26 13:35:22.227 -07:00 [INF] [OpenFreqClient.Services.OpenFreqService] PTT start: own radio on 140.550 MHz, game time 04:53:54
2026-09-26 13:35:23.011 -07:00 [INF] [OpenFreqClient.Services.OpenFreqService] PTT end: own radio on 140.550 MHz, game time 04:53:55
2026-09-26 13:35:23.013 -07:00 [INF] [OpenFreqClient.Services.OpenFreqService] TX level over 780ms: mic peak -28.4 dBFS rms -47.7 dBFS | sent peak -1.7 dBFS rms -22.8 dBFS | normalizer on, gain 24.138, gate -66.8 dBFS
2026-09-26 13:35:25.507 -07:00 [INF] [OpenFreqClient.Services.OpenFreqService] PTT start: own radio on 140.550 MHz, game time 04:53:57
2026-09-26 13:35:31.356 -07:00 [INF] [OpenFreqAudio.RadioPlayback] Stream 'f4461c8b-b37f-4d25-a4cb-5da5ffdcefdc:292300' on 292.300 MHz
2026-09-26 13:35:32.878 -07:00 [INF] [OpenFreqAudio.RadioPlayback] Stream '0b5a8147-b1fa-4307-a8c3-d1087389de25:292300' on 292.300 MHz
2026-09-26 13:35:33.656 -07:00 [INF] [OpenFreqClient.Services.OpenFreqService] PTT end: own radio on 140.550 MHz, game time 04:54:06
2026-09-26 13:35:33.662 -07:00 [INF] [OpenFreqClient.Services.OpenFreqService] TX level over 8150ms: mic peak -19.0 dBFS rms -40.5 dBFS | sent peak 0.0 dBFS rms -21.6 dBFS | normalizer on, gain 7.914, gate -61.3 dBFS
2026-09-26 13:35:35.175 -07:00 [INF] [OpenFreqAudio.RadioPlayback] Stream '2af88464-1ea8-4d04-80ba-d98d4f842617:292300' on 292.300 MHz
2026-09-26 13:35:40.706 -07:00 [INF] [OpenFreqAudio.RadioPlayback] Stream 'ee23d6e9-c508-4e2b-9961-9fd28e96aa1e:292300' on 292.300 MHz
2026-09-26 13:35:45.152 -07:00 [INF] [OpenFreqAudio.RadioPlayback] Stream 'b18f6921-3ac5-4bf0-9303-fe45b072bde1:292300' on 292.300 MHz
2026-09-26 13:35:50.070 -07:00 [INF] [OpenFreqClient.Services.OpenFreqService] PTT start: Alligator (2af88464-1ea8-4d04-80ba-d98d4f842617) on 292.300 MHz, 3D, game time 04:54:22
2026-09-26 13:35:50.087 -07:00 [INF] [OpenFreq.Common.RtpJitterBuffer] Transmission gap detected (148667ms RTP delta), resetting jitter measurement
2026-09-26 13:35:50.087 -07:00 [INF] [OpenFreq.Common.RtpJitterBufferPool] Pruned stale source SSRC=5B9A0C43
2026-09-26 13:35:50.087 -07:00 [INF] [OpenFreq.Common.RtpAudioReceiver] Source expired: SSRC=5B9A0C43
2026-09-26 13:35:50.133 -07:00 [INF] [OpenFreqClient.Services.OpenFreqService] RX 292.300 MHz from Alligator (2af88464-1ea8-4d04-80ba-d98d4f842617), game time 04:54:22: -66.7 dBm, SNR 40.3 dB, FSPL 80.6 dB, terrain 26.1 dB, 0.9 km, tx 8 m / rx 9 m MSL
2026-09-26 13:35:50.271 -07:00 [WRN] [OpenFreqAudio.RadioPlayback] Stream 2af88464-1ea8-4d04-80ba-d98d4f842617:292300 on 292.300 MHz had no samples for 0.7 ms
2026-09-26 13:35:51.397 -07:00 [INF] [OpenFreqClient.Services.OpenFreqService] PTT end: Alligator (2af88464-1ea8-4d04-80ba-d98d4f842617) on 292.300 MHz, released, game time 04:54:23
2026-09-26 13:36:12.208 -07:00 [INF] [OpenFreqClient.Services.OpenFreqService] PTT start: own radio on 140.550 MHz, game time 04:54:44
2026-09-26 13:36:14.432 -07:00 [INF] [OpenFreqClient.Services.OpenFreqService] PTT end: own radio on 140.550 MHz, game time 04:54:46
2026-09-26 13:36:14.433 -07:00 [INF] [OpenFreqClient.Services.OpenFreqService] TX level over 2220ms: mic peak -17.1 dBFS rms -32.3 dBFS | sent peak -4.3 dBFS rms -21.0 dBFS | normalizer on, gain 8.416, gate -89.1 dBFS
2026-09-26 13:36:15.840 -07:00 [INF] [OpenFreqClient.Services.OpenFreqService] PTT start: own radio on 140.550 MHz, game time 04:54:48
2026-09-26 13:36:17.439 -07:00 [INF] [OpenFreqClient.Services.OpenFreqService] PTT end: own radio on 140.550 MHz, game time 04:54:49
2026-09-26 13:36:17.443 -07:00 [INF] [OpenFreqClient.Services.OpenFreqService] TX level over 1600ms: mic peak -18.2 dBFS rms -35.0 dBFS | sent peak -0.8 dBFS rms -20.3 dBFS | normalizer on, gain 6.702, gate -55.7 dBFS
2026-09-26 13:36:19.983 -07:00 [INF] [OpenFreqAudio.RadioPlayback] TuneFrequency 280.500 MHz
2026-09-26 13:36:19.983 -07:00 [INF] [OpenFreqClient.ViewModels.ChannelCardListViewModel] "Radio1": 292300 → 280500 kHz, power on, joined
2026-09-26 13:36:20.046 -07:00 [INF] [OpenFreqAudio.RadioPlayback] Stream '594701b2-6238-4ad8-992b-37a151773ed5:280500' on 280.500 MHz
2026-09-26 13:36:20.046 -07:00 [INF] [OpenFreqAudio.RadioPlayback] Stream 'e406d0a0-64e6-4450-9ec0-300837b7b89a:280500' on 280.500 MHz
2026-09-26 13:36:20.046 -07:00 [INF] [OpenFreqAudio.RadioPlayback] Stream '91c4c764-ac55-4b66-98e4-d070ed54be23:280500' on 280.500 MHz
2026-09-26 13:36:20.046 -07:00 [INF] [OpenFreqAudio.RadioPlayback] Stream 'cd4470e2-49f3-4b5d-9822-b17ed0c432a7:280500' on 280.500 MHz
2026-09-26 13:36:20.046 -07:00 [INF] [OpenFreqAudio.RadioPlayback] Stream 'f4461c8b-b37f-4d25-a4cb-5da5ffdcefdc:280500' on 280.500 MHz
2026-09-26 13:36:20.046 -07:00 [INF] [OpenFreqAudio.RadioPlayback] Stream '0b5a8147-b1fa-4307-a8c3-d1087389de25:280500' on 280.500 MHz
2026-09-26 13:36:20.046 -07:00 [INF] [OpenFreqAudio.RadioPlayback] Stream '96d0aaf9-fc04-4ef3-8c64-f95b30259b59:280500' on 280.500 MHz
2026-09-26 13:36:20.367 -07:00 [INF] [OpenFreqAudio.RadioPlayback] Stream '43ff3b58-7576-451b-af7c-3b0c94df56b7:280500' on 280.500 MHz
2026-09-26 13:36:22.384 -07:00 [INF] [OpenFreqClient.ViewModels.ChannelCardListViewModel] "Radio1": 280500 → 339750 kHz, power on, joined
2026-09-26 13:36:22.447 -07:00 [INF] [OpenFreqAudio.RadioPlayback] Stream 'fd8e3112-e083-4da8-be92-04d9f9642ebe:339750' on 339.750 MHz
2026-09-26 13:36:22.447 -07:00 [INF] [OpenFreqAudio.RadioPlayback] Stream '179a68da-a2bc-45c0-9d2b-9f0af5fa49ea:339750' on 339.750 MHz
2026-09-26 13:36:22.447 -07:00 [INF] [OpenFreqAudio.RadioPlayback] Stream 'd52d332f-8742-40f6-b985-35a908d32642:339750' on 339.750 MHz
2026-09-26 13:36:22.447 -07:00 [INF] [OpenFreqAudio.RadioPlayback] Stream 'bad80b09-e94d-4c75-9eab-c3ffca19bd3b:339750' on 339.750 MHz
2026-09-26 13:36:23.823 -07:00 [INF] [OpenFreqClient.ViewModels.ChannelCardListViewModel] "Radio1": 339750 → 280500 kHz, power on, joined
2026-09-26 13:36:24.168 -07:00 [INF] [OpenFreqAudio.RadioPlayback] Stream '3f69df0a-0474-4403-96f9-9167afaa52d9:280500' on 280.500 MHz
2026-09-26 13:36:25.780 -07:00 [INF] [OpenFreqClient.Services.OpenFreqService] PTT start: own radio on 280.500 MHz, game time 04:54:58
2026-09-26 13:36:27.139 -07:00 [INF] [OpenFreqClient.Services.OpenFreqService] PTT end: own radio on 280.500 MHz, game time 04:54:59
2026-09-26 13:36:27.143 -07:00 [INF] [OpenFreqClient.Services.OpenFreqService] TX level over 1360ms: mic peak -16.3 dBFS rms -32.9 dBFS | sent peak -4.5 dBFS rms -20.4 dBFS | normalizer on, gain 5.259, gate -55.9 dBFS
2026-09-26 13:36:29.137 -07:00 [INF] [OpenFreqClient.Services.OpenFreqService] PTT start: Stevie (3f69df0a-0474-4403-96f9-9167afaa52d9) on 280.500 MHz, 3D, game time 04:55:01
2026-09-26 13:36:29.148 -07:00 [INF] [OpenFreq.Common.RtpJitterBuffer] Transmission gap detected (151452ms RTP delta), resetting jitter measurement
2026-09-26 13:36:29.148 -07:00 [INF] [OpenFreq.Common.RtpJitterBufferPool] Pruned stale source SSRC=117123B1
2026-09-26 13:36:29.148 -07:00 [INF] [OpenFreq.Common.RtpAudioReceiver] Source expired: SSRC=117123B1
2026-09-26 13:36:29.193 -07:00 [INF] [OpenFreqClient.Services.OpenFreqService] RX 280.500 MHz from Stevie (3f69df0a-0474-4403-96f9-9167afaa52d9), game time 04:55:01: -33.5 dBm, SNR 73.5 dB, FSPL 73.5 dB, terrain 0.0 dB, 0.4 km, tx 303 m / rx 467 m MSL
2026-09-26 13:36:29.744 -07:00 [WRN] [OpenFreqAudio.RadioPlayback] Stream 3f69df0a-0474-4403-96f9-9167afaa52d9:280500 on 280.500 MHz had no samples for 13.0 ms
2026-09-26 13:36:30.238 -07:00 [INF] [OpenFreqClient.Services.OpenFreqService] PTT end: Stevie (3f69df0a-0474-4403-96f9-9167afaa52d9) on 280.500 MHz, released, game time 04:55:02
2026-09-26 13:36:31.164 -07:00 [INF] [OpenFreqClient.Services.OpenFreqService] PTT start: SkyFox (43ff3b58-7576-451b-af7c-3b0c94df56b7) on 280.500 MHz, 3D, game time 04:55:03
2026-09-26 13:36:31.179 -07:00 [INF] [OpenFreq.Common.RtpJitterBuffer] Transmission gap detected (182719ms RTP delta), resetting jitter measurement
2026-09-26 13:36:31.223 -07:00 [INF] [OpenFreqClient.Services.OpenFreqService] RX 280.500 MHz from SkyFox (43ff3b58-7576-451b-af7c-3b0c94df56b7), game time 04:55:03: -53.2 dBm, SNR 53.8 dB, FSPL 87.2 dB, terrain 0.0 dB, 2.0 km, tx 264 m / rx 504 m MSL
2026-09-26 13:36:31.989 -07:00 [INF] [OpenFreq.Common.RtpJitterBuffer] Late arrival (6ms past slot) — buffer 52→88ms
2026-09-26 13:36:32.039 -07:00 [INF] [OpenFreqClient.Services.OpenFreqService] PTT end: SkyFox (43ff3b58-7576-451b-af7c-3b0c94df56b7) on 280.500 MHz, released, game time 04:55:04
2026-09-26 13:36:34.019 -07:00 [INF] [OpenFreqClient.Services.OpenFreqService] PTT start: own radio on 280.500 MHz, game time 04:55:06
2026-09-26 13:36:35.716 -07:00 [INF] [OpenFreqClient.Services.OpenFreqService] PTT end: own radio on 280.500 MHz, game time 04:55:08
2026-09-26 13:36:35.724 -07:00 [INF] [OpenFreqClient.Services.OpenFreqService] TX level over 1700ms: mic peak -18.8 dBFS rms -35.1 dBFS | sent peak 0.0 dBFS rms -17.5 dBFS | normalizer on, gain 8.424, gate -82.7 dBFS
2026-09-26 13:36:38.613 -07:00 [INF] [OpenFreqClient.Services.OpenFreqService] PTT start: gci-chaos (594701b2-6238-4ad8-992b-37a151773ed5) on 280.500 MHz, 3D, game time 04:55:10
2026-09-26 13:36:38.632 -07:00 [INF] [OpenFreq.Common.RtpJitterBufferPool] New RTP source: SSRC=53E5B055
2026-09-26 13:36:38.632 -07:00 [INF] [OpenFreq.Common.RtpJitterBuffer] Manual buffer size: 150ms
2026-09-26 13:36:38.632 -07:00 [INF] [OpenFreq.Common.RtpAudioReceiver] Source joined:  SSRC=53E5B055
2026-09-26 13:36:38.632 -07:00 [INF] [OpenFreq.Common.RtpJitterBuffer] Initialized: buffer=150ms
2026-09-26 13:36:38.782 -07:00 [INF] [OpenFreqClient.Services.OpenFreqService] RX 280.500 MHz from gci-chaos (594701b2-6238-4ad8-992b-37a151773ed5), game time 04:55:11: -87.1 dBm, SNR 19.9 dB, FSPL 131.1 dB, terrain 0.0 dB, 304.2 km, tx 9147 m / rx 627 m MSL
2026-09-26 13:36:39.142 -07:00 [INF] [OpenFreqClient.Services.OpenFreqService] PTT end: gci-chaos (594701b2-6238-4ad8-992b-37a151773ed5) on 280.500 MHz, released, game time 04:55:11
2026-09-26 13:36:48.592 -07:00 [INF] [OpenFreqClient.Services.OpenFreqService] PTT start: gci-chaos (594701b2-6238-4ad8-992b-37a151773ed5) on 280.500 MHz, 3D, game time 04:55:20
2026-09-26 13:36:48.610 -07:00 [INF] [OpenFreq.Common.RtpJitterBuffer] Transmission gap detected (9476ms RTP delta), resetting jitter measurement
2026-09-26 13:36:48.716 -07:00 [INF] [OpenFreqClient.Services.OpenFreqService] RX 280.500 MHz from gci-chaos (594701b2-6238-4ad8-992b-37a151773ed5), game time 04:55:21: -87.1 dBm, SNR 19.9 dB, FSPL 131.1 dB, terrain 0.0 dB, 303.8 km, tx 9147 m / rx 762 m MSL
2026-09-26 13:36:49.512 -07:00 [WRN] [OpenFreqAudio.RadioPlayback] Stream 594701b2-6238-4ad8-992b-37a151773ed5:280500 on 280.500 MHz had no samples for 9.2 ms
2026-09-26 13:36:52.007 -07:00 [INF] [OpenFreqClient.Services.OpenFreqService] PTT end: gci-chaos (594701b2-6238-4ad8-992b-37a151773ed5) on 280.500 MHz, released, game time 04:55:24
2026-09-26 13:37:12.445 -07:00 [INF] [OpenFreqAudio.RadioPlayback] Stream '034f2d4f-8a1e-4d37-b81b-90f8690d9187:280500' on 280.500 MHz
2026-09-26 13:37:18.608 -07:00 [INF] [OpenFreqAudio.RadioPlayback] Stream '334bf3fa-605f-4145-a460-1e0fa9526a3d:280500' on 280.500 MHz
2026-09-26 13:37:25.434 -07:00 [INF] [OpenFreqAudio.RadioPlayback] Stream '9c5f9224-8277-4f34-8da9-dbeb707f0e00:280500' on 280.500 MHz
2026-09-26 13:37:33.259 -07:00 [INF] [OpenFreqClient.Services.OpenFreqService] PTT start: Paintcheck (9c5f9224-8277-4f34-8da9-dbeb707f0e00) on 280.500 MHz, 3D, game time 04:56:05
2026-09-26 13:37:33.279 -07:00 [INF] [OpenFreq.Common.RtpJitterBufferPool] New RTP source: SSRC=7126CAC1
2026-09-26 13:37:33.279 -07:00 [INF] [OpenFreq.Common.RtpJitterBuffer] Manual buffer size: 150ms
2026-09-26 13:37:33.279 -07:00 [INF] [OpenFreq.Common.RtpAudioReceiver] Source joined:  SSRC=7126CAC1
2026-09-26 13:37:33.279 -07:00 [INF] [OpenFreq.Common.RtpJitterBuffer] Initialized: buffer=150ms
2026-09-26 13:37:33.429 -07:00 [INF] [OpenFreqClient.Services.OpenFreqService] RX 280.500 MHz from Paintcheck (9c5f9224-8277-4f34-8da9-dbeb707f0e00), game time 04:56:05: -79.9 dBm, SNR 27.1 dB, FSPL 119.9 dB, terrain 0.0 dB, 84.1 km, tx 1115 m / rx 1582 m MSL
2026-09-26 13:37:33.913 -07:00 [WRN] [OpenFreqAudio.RadioPlayback] Stream 9c5f9224-8277-4f34-8da9-dbeb707f0e00:280500 on 280.500 MHz had no samples for 9.2 ms
2026-09-26 13:37:34.539 -07:00 [INF] [OpenFreqClient.Services.OpenFreqService] PTT end: Paintcheck (9c5f9224-8277-4f34-8da9-dbeb707f0e00) on 280.500 MHz, released, game time 04:56:06
2026-09-26 13:37:35.290 -07:00 [INF] [OpenFreqClient.Services.OpenFreqService] PTT start: Komier (034f2d4f-8a1e-4d37-b81b-90f8690d9187) on 280.500 MHz, 3D, game time 04:56:07
2026-09-26 13:37:35.301 -07:00 [INF] [OpenFreq.Common.RtpJitterBufferPool] New RTP source: SSRC=422B9AF3
2026-09-26 13:37:35.301 -07:00 [INF] [OpenFreq.Common.RtpJitterBuffer] Manual buffer size: 150ms
2026-09-26 13:37:35.301 -07:00 [INF] [OpenFreq.Common.RtpAudioReceiver] Source joined:  SSRC=422B9AF3
2026-09-26 13:37:35.301 -07:00 [INF] [OpenFreq.Common.RtpJitterBuffer] Initialized: buffer=150ms
2026-09-26 13:37:35.451 -07:00 [INF] [OpenFreqClient.Services.OpenFreqService] RX 280.500 MHz from Komier (034f2d4f-8a1e-4d37-b81b-90f8690d9187), game time 04:56:07: -80.1 dBm, SNR 26.9 dB, FSPL 120.1 dB, terrain 0.0 dB, 86.0 km, tx 680 m / rx 1625 m MSL
2026-09-26 13:37:35.837 -07:00 [INF] [OpenFreqClient.Services.OpenFreqService] PTT end: Komier (034f2d4f-8a1e-4d37-b81b-90f8690d9187) on 280.500 MHz, released, game time 04:56:08
2026-09-26 13:37:35.953 -07:00 [WRN] [OpenFreqAudio.RadioPlayback] Stream 034f2d4f-8a1e-4d37-b81b-90f8690d9187:280500 on 280.500 MHz had no samples for 5.6 ms
2026-09-26 13:37:36.617 -07:00 [INF] [OpenFreqClient.Services.OpenFreqService] PTT start: LeHarold (334bf3fa-605f-4145-a460-1e0fa9526a3d) on 280.500 MHz, 3D, game time 04:56:08
2026-09-26 13:37:36.629 -07:00 [INF] [OpenFreq.Common.RtpJitterBufferPool] New RTP source: SSRC=5D682876
2026-09-26 13:37:36.629 -07:00 [INF] [OpenFreq.Common.RtpJitterBuffer] Manual buffer size: 150ms
2026-09-26 13:37:36.629 -07:00 [INF] [OpenFreq.Common.RtpAudioReceiver] Source joined:  SSRC=5D682876
2026-09-26 13:37:36.629 -07:00 [INF] [OpenFreq.Common.RtpJitterBuffer] Initialized: buffer=150ms
2026-09-26 13:37:36.779 -07:00 [INF] [OpenFreqClient.Services.OpenFreqService] RX 280.500 MHz from LeHarold (334bf3fa-605f-4145-a460-1e0fa9526a3d), game time 04:56:09: -80.2 dBm, SNR 26.8 dB, FSPL 120.2 dB, terrain 0.0 dB, 87.2 km, tx 614 m / rx 1651 m MSL
2026-09-26 13:37:36.985 -07:00 [WRN] [OpenFreqAudio.RadioPlayback] Stream 334bf3fa-605f-4145-a460-1e0fa9526a3d:280500 on 280.500 MHz had no samples for 9.1 ms
2026-09-26 13:37:37.416 -07:00 [INF] [OpenFreqClient.Services.OpenFreqService] PTT end: LeHarold (334bf3fa-605f-4145-a460-1e0fa9526a3d) on 280.500 MHz, released, game time 04:56:09
2026-09-26 13:37:38.409 -07:00 [INF] [OpenFreqClient.Services.OpenFreqService] PTT start: gci-chaos (594701b2-6238-4ad8-992b-37a151773ed5) on 280.500 MHz, 3D, game time 04:56:10
2026-09-26 13:37:38.421 -07:00 [INF] [OpenFreq.Common.RtpJitterBuffer] Transmission gap detected (46438ms RTP delta), resetting jitter measurement
2026-09-26 13:37:38.466 -07:00 [INF] [OpenFreqClient.Services.OpenFreqService] RX 280.500 MHz from gci-chaos (594701b2-6238-4ad8-992b-37a151773ed5), game time 04:56:10: -86.8 dBm, SNR 20.2 dB, FSPL 130.8 dB, terrain 0.0 dB, 294.8 km, tx 9147 m / rx 1686 m MSL
2026-09-26 13:37:38.668 -07:00 [INF] [OpenFreqClient.Services.OpenFreqService] PTT end: gci-chaos (594701b2-6238-4ad8-992b-37a151773ed5) on 280.500 MHz, released, game time 04:56:11
2026-09-26 13:37:59.891 -07:00 [INF] [OpenFreqClient.Services.OpenFreqService] PTT start: gci-chaos (594701b2-6238-4ad8-992b-37a151773ed5) on 280.500 MHz, 3D, game time 04:56:32
2026-09-26 13:37:59.902 -07:00 [INF] [OpenFreq.Common.RtpJitterBuffer] Transmission gap detected (21262ms RTP delta), resetting jitter measurement
2026-09-26 13:37:59.947 -07:00 [INF] [OpenFreqClient.Services.OpenFreqService] RX 280.500 MHz from gci-chaos (594701b2-6238-4ad8-992b-37a151773ed5), game time 04:56:32: -86.7 dBm, SNR 20.3 dB, FSPL 130.7 dB, terrain 0.0 dB, 290.5 km, tx 9147 m / rx 2125 m MSL
2026-09-26 13:38:00.074 -07:00 [WRN] [OpenFreqAudio.RadioPlayback] Stream 594701b2-6238-4ad8-992b-37a151773ed5:280500 on 280.500 MHz had no samples for 10.1 ms
2026-09-26 13:38:02.220 -07:00 [INF] [OpenFreq.Common.RtpJitterBuffer] Late arrival (76ms past slot) — buffer 36→142ms
2026-09-26 13:38:02.750 -07:00 [INF] [OpenFreqClient.Services.OpenFreqService] PTT end: gci-chaos (594701b2-6238-4ad8-992b-37a151773ed5) on 280.500 MHz, released, game time 04:56:35
2026-09-26 13:38:32.832 -07:00 [INF] [OpenFreqClient.Services.OpenFreqService] PTT start: gci-chaos (594701b2-6238-4ad8-992b-37a151773ed5) on 280.500 MHz, 3D, game time 04:57:05
2026-09-26 13:38:32.843 -07:00 [INF] [OpenFreq.Common.RtpJitterBuffer] Transmission gap detected (30102ms RTP delta), resetting jitter measurement
2026-09-26 13:38:32.953 -07:00 [INF] [OpenFreqClient.Services.OpenFreqService] RX 280.500 MHz from gci-chaos (594701b2-6238-4ad8-992b-37a151773ed5), game time 04:57:05: -86.5 dBm, SNR 20.5 dB, FSPL 130.5 dB, terrain 0.0 dB, 284.3 km, tx 9147 m / rx 2625 m MSL
2026-09-26 13:38:33.987 -07:00 [INF] [OpenFreqClient.Services.OpenFreqService] PTT end: gci-chaos (594701b2-6238-4ad8-992b-37a151773ed5) on 280.500 MHz, released, game time 04:57:06
2026-09-26 13:38:48.151 -07:00 [INF] [OpenFreqClient.Services.OpenFreqService] PTT start: own radio on 280.500 MHz, game time 04:57:20
2026-09-26 13:38:49.735 -07:00 [INF] [OpenFreqClient.Services.OpenFreqService] PTT end: own radio on 280.500 MHz, game time 04:57:22
2026-09-26 13:38:49.743 -07:00 [INF] [OpenFreqClient.Services.OpenFreqService] TX level over 1590ms: mic peak -10.8 dBFS rms -32.8 dBFS | sent peak 0.0 dBFS rms -19.1 dBFS | normalizer on, gain 7.956, gate -59.9 dBFS
2026-09-26 13:38:56.599 -07:00 [INF] [OpenFreqClient.Services.OpenFreqService] PTT start: own radio on 280.500 MHz, game time 04:57:28
2026-09-26 13:38:57.018 -07:00 [INF] [OpenFreqClient.Services.OpenFreqService] PTT start: Stevie (3f69df0a-0474-4403-96f9-9167afaa52d9) on 140.550 MHz, 3D, game time 04:57:29
2026-09-26 13:38:57.031 -07:00 [INF] [OpenFreq.Common.RtpJitterBuffer] Transmission gap detected (146800ms RTP delta), resetting jitter measurement
2026-09-26 13:38:57.079 -07:00 [INF] [OpenFreqClient.Services.OpenFreqService] RX 140.550 MHz from Stevie (3f69df0a-0474-4403-96f9-9167afaa52d9), game time 04:57:29: -35.6 dBm, SNR 74.4 dB, FSPL 75.6 dB, terrain 0.0 dB, 1.0 km, tx 2894 m / rx 2734 m MSL
2026-09-26 13:38:57.284 -07:00 [INF] [OpenFreq.Common.RtpJitterBuffer] Late arrival (26ms past slot) — buffer 58→114ms
2026-09-26 13:38:57.344 -07:00 [INF] [OpenFreqClient.Services.OpenFreqService] PTT end: Stevie (3f69df0a-0474-4403-96f9-9167afaa52d9) on 140.550 MHz, released, game time 04:57:29
2026-09-26 13:38:57.383 -07:00 [INF] [OpenFreqClient.Services.OpenFreqService] PTT end: own radio on 280.500 MHz, game time 04:57:29
2026-09-26 13:38:57.384 -07:00 [INF] [OpenFreqClient.Services.OpenFreqService] TX level over 780ms: mic peak -21.6 dBFS rms -39.6 dBFS | sent peak -0.3 dBFS rms -19.4 dBFS | normalizer on, gain 51.105, gate -95.1 dBFS
2026-09-26 13:38:57.404 -07:00 [WRN] [OpenFreqAudio.RadioPlayback] Stream 3f69df0a-0474-4403-96f9-9167afaa52d9:140550 on 140.550 MHz had no samples for 10.0 ms
2026-09-26 13:38:59.614 -07:00 [INF] [OpenFreqClient.Services.OpenFreqService] PTT start: Paintcheck (9c5f9224-8277-4f34-8da9-dbeb707f0e00) on 280.500 MHz, 3D, game time 04:57:31
2026-09-26 13:38:59.630 -07:00 [INF] [OpenFreq.Common.RtpJitterBuffer] Transmission gap detected (85093ms RTP delta), resetting jitter measurement
2026-09-26 13:38:59.688 -07:00 [INF] [OpenFreqClient.Services.OpenFreqService] RX 280.500 MHz from Paintcheck (9c5f9224-8277-4f34-8da9-dbeb707f0e00), game time 04:57:32: -77.2 dBm, SNR 29.8 dB, FSPL 117.2 dB, terrain 0.0 dB, 61.5 km, tx 3077 m / rx 2752 m MSL
2026-09-26 13:39:02.734 -07:00 [INF] [OpenFreqClient.Services.OpenFreqService] PTT end: Paintcheck (9c5f9224-8277-4f34-8da9-dbeb707f0e00) on 280.500 MHz, released, game time 04:57:35
2026-09-26 13:39:05.424 -07:00 [INF] [OpenFreqClient.Services.OpenFreqService] PTT start: gci-chaos (594701b2-6238-4ad8-992b-37a151773ed5) on 280.500 MHz, 3D, game time 04:57:37
2026-09-26 13:39:05.445 -07:00 [INF] [OpenFreq.Common.RtpJitterBuffer] Transmission gap detected (31471ms RTP delta), resetting jitter measurement
2026-09-26 13:39:05.524 -07:00 [INF] [OpenFreqClient.Services.OpenFreqService] RX 280.500 MHz from gci-chaos (594701b2-6238-4ad8-992b-37a151773ed5), game time 04:57:37: -86.3 dBm, SNR 20.7 dB, FSPL 130.3 dB, terrain 0.0 dB, 277.9 km, tx 9147 m / rx 2795 m MSL
2026-09-26 13:39:05.575 -07:00 [WRN] [OpenFreqAudio.RadioPlayback] Stream 594701b2-6238-4ad8-992b-37a151773ed5:280500 on 280.500 MHz had no samples for 10.5 ms
2026-09-26 13:39:08.900 -07:00 [INF] [OpenFreqClient.Services.OpenFreqService] PTT end: gci-chaos (594701b2-6238-4ad8-992b-37a151773ed5) on 280.500 MHz, released, game time 04:57:41
2026-09-26 13:39:13.061 -07:00 [INF] [OpenFreqClient.Services.OpenFreqService] PTT start: gci-chaos (594701b2-6238-4ad8-992b-37a151773ed5) on 280.500 MHz, 3D, game time 04:57:45
2026-09-26 13:39:13.075 -07:00 [INF] [OpenFreq.Common.RtpJitterBuffer] Transmission gap detected (4193ms RTP delta), resetting jitter measurement
2026-09-26 13:39:13.122 -07:00 [INF] [OpenFreqClient.Services.OpenFreqService] RX 280.500 MHz from gci-chaos (594701b2-6238-4ad8-992b-37a151773ed5), game time 04:57:45: -86.3 dBm, SNR 20.7 dB, FSPL 130.2 dB, terrain 0.0 dB, 276.4 km, tx 9147 m / rx 2868 m MSL
2026-09-26 13:39:15.023 -07:00 [INF] [OpenFreqClient.Services.OpenFreqService] PTT end: gci-chaos (594701b2-6238-4ad8-992b-37a151773ed5) on 280.500 MHz, released, game time 04:57:47
2026-09-26 13:39:15.613 -07:00 [INF] [OpenFreqClient.Services.OpenFreqService] PTT start: Paintcheck (9c5f9224-8277-4f34-8da9-dbeb707f0e00) on 280.500 MHz, 3D, game time 04:57:47
2026-09-26 13:39:15.631 -07:00 [INF] [OpenFreq.Common.RtpJitterBuffer] Transmission gap detected (12899ms RTP delta), resetting jitter measurement
2026-09-26 13:39:15.669 -07:00 [INF] [OpenFreqClient.Services.OpenFreqService] RX 280.500 MHz from Paintcheck (9c5f9224-8277-4f34-8da9-dbeb707f0e00), game time 04:57:48: -76.6 dBm, SNR 30.4 dB, FSPL 116.6 dB, terrain 0.0 dB, 57.6 km, tx 3522 m / rx 2894 m MSL
2026-09-26 13:39:16.925 -07:00 [INF] [OpenFreqClient.Services.OpenFreqService] PTT end: Paintcheck (9c5f9224-8277-4f34-8da9-dbeb707f0e00) on 280.500 MHz, released, game time 04:57:49
2026-09-26 13:39:46.426 -07:00 [INF] [OpenFreqAudio.RadioPlayback] Stream '2af88464-1ea8-4d04-80ba-d98d4f842617:280500' on 280.500 MHz
2026-09-26 13:39:47.072 -07:00 [INF] [OpenFreqAudio.RadioPlayback] Stream 'b18f6921-3ac5-4bf0-9303-fe45b072bde1:280500' on 280.500 MHz
2026-09-26 13:39:49.169 -07:00 [INF] [OpenFreqClient.Services.OpenFreqService] PTT start: gci-chaos (594701b2-6238-4ad8-992b-37a151773ed5) on 280.500 MHz, 3D, game time 04:58:21
2026-09-26 13:39:49.186 -07:00 [INF] [OpenFreq.Common.RtpJitterBuffer] Transmission gap detected (34171ms RTP delta), resetting jitter measurement
2026-09-26 13:39:49.222 -07:00 [INF] [OpenFreqClient.Services.OpenFreqService] RX 280.500 MHz from gci-chaos (594701b2-6238-4ad8-992b-37a151773ed5), game time 04:58:21: -80.4 dBm, SNR 26.6 dB, FSPL 124.4 dB, terrain 0.0 dB, 140.3 km, tx 9147 m / rx 3260 m MSL
2026-09-26 13:39:49.448 -07:00 [WRN] [OpenFreqAudio.RadioPlayback] Stream 594701b2-6238-4ad8-992b-37a151773ed5:280500 on 280.500 MHz had no samples for 10.0 ms
2026-09-26 13:39:51.332 -07:00 [INF] [OpenFreqClient.Services.OpenFreqService] PTT end: gci-chaos (594701b2-6238-4ad8-992b-37a151773ed5) on 280.500 MHz, released, game time 04:58:23
2026-09-26 13:39:52.608 -07:00 [INF] [OpenFreqAudio.RadioPlayback] Stream 'ee23d6e9-c508-4e2b-9961-9fd28e96aa1e:280500' on 280.500 MHz
2026-09-26 13:39:52.884 -07:00 [INF] [OpenFreqClient.Services.OpenFreqService] PTT start: Alligator (2af88464-1ea8-4d04-80ba-d98d4f842617) on 280.500 MHz, 3D, game time 04:58:25
2026-09-26 13:39:52.901 -07:00 [INF] [OpenFreq.Common.RtpJitterBuffer] Transmission gap detected (241513ms RTP delta), resetting jitter measurement
2026-09-26 13:39:52.943 -07:00 [INF] [OpenFreqClient.Services.OpenFreqService] RX 280.500 MHz from Alligator (2af88464-1ea8-4d04-80ba-d98d4f842617), game time 04:58:25: -51.9 dBm, SNR 55.1 dB, FSPL 91.9 dB, terrain 0.0 dB, 3.3 km, tx 6334 m / rx 3305 m MSL
2026-09-26 13:39:53.405 -07:00 [WRN] [OpenFreqAudio.RadioPlayback] Stream 2af88464-1ea8-4d04-80ba-d98d4f842617:280500 on 280.500 MHz had no samples for 5.1 ms
2026-09-26 13:39:53.444 -07:00 [INF] [OpenFreq.Common.RtpJitterBuffer] Late arrival (2ms past slot) — buffer 71→103ms
2026-09-26 13:39:54.566 -07:00 [INF] [OpenFreqClient.Services.OpenFreqService] PTT end: Alligator (2af88464-1ea8-4d04-80ba-d98d4f842617) on 280.500 MHz, released, game time 04:58:26
2026-09-26 13:39:55.686 -07:00 [INF] [OpenFreqClient.Services.OpenFreqService] PTT start: Turcu (ee23d6e9-c508-4e2b-9961-9fd28e96aa1e) on 280.500 MHz, 3D, game time 04:58:28
2026-09-26 13:39:55.700 -07:00 [INF] [OpenFreq.Common.RtpJitterBufferPool] New RTP source: SSRC=28207B19
2026-09-26 13:39:55.700 -07:00 [INF] [OpenFreq.Common.RtpJitterBuffer] Manual buffer size: 150ms
2026-09-26 13:39:55.700 -07:00 [INF] [OpenFreq.Common.RtpAudioReceiver] Source joined:  SSRC=28207B19
2026-09-26 13:39:55.700 -07:00 [INF] [OpenFreq.Common.RtpJitterBuffer] Initialized: buffer=150ms
2026-09-26 13:39:55.850 -07:00 [INF] [OpenFreqClient.Services.OpenFreqService] RX 280.500 MHz from Turcu (ee23d6e9-c508-4e2b-9961-9fd28e96aa1e), game time 04:58:28: -51.7 dBm, SNR 55.3 dB, FSPL 91.7 dB, terrain 0.0 dB, 3.3 km, tx 6322 m / rx 3340 m MSL
2026-09-26 13:39:56.246 -07:00 [WRN] [OpenFreqAudio.RadioPlayback] Stream ee23d6e9-c508-4e2b-9961-9fd28e96aa1e:280500 on 280.500 MHz had no samples for 4.3 ms
2026-09-26 13:39:56.453 -07:00 [INF] [OpenFreqClient.Services.OpenFreqService] PTT end: Turcu (ee23d6e9-c508-4e2b-9961-9fd28e96aa1e) on 280.500 MHz, released, game time 04:58:28
2026-09-26 13:39:57.357 -07:00 [INF] [OpenFreq.Common.RtpJitterBufferPool] New RTP source: SSRC=32E104A6
2026-09-26 13:39:57.357 -07:00 [INF] [OpenFreq.Common.RtpJitterBuffer] Manual buffer size: 150ms
2026-09-26 13:39:57.358 -07:00 [INF] [OpenFreq.Common.RtpAudioReceiver] Source joined:  SSRC=32E104A6
2026-09-26 13:39:57.358 -07:00 [INF] [OpenFreq.Common.RtpJitterBuffer] Initialized: buffer=150ms
2026-09-26 13:39:57.358 -07:00 [INF] [OpenFreqClient.Services.OpenFreqService] PTT start: Joe (b18f6921-3ac5-4bf0-9303-fe45b072bde1) on 280.500 MHz, 3D, game time 04:58:29
2026-09-26 13:39:57.508 -07:00 [INF] [OpenFreqClient.Services.OpenFreqService] RX 280.500 MHz from Joe (b18f6921-3ac5-4bf0-9303-fe45b072bde1), game time 04:58:29: -55.3 dBm, SNR 51.7 dB, FSPL 95.3 dB, terrain 0.0 dB, 5.0 km, tx 6389 m / rx 3360 m MSL
2026-09-26 13:39:58.088 -07:00 [INF] [OpenFreqClient.Services.OpenFreqService] PTT end: Joe (b18f6921-3ac5-4bf0-9303-fe45b072bde1) on 280.500 MHz, released, game time 04:58:30
2026-09-26 13:39:59.033 -07:00 [INF] [OpenFreqClient.Services.OpenFreqService] PTT start: Alligator (2af88464-1ea8-4d04-80ba-d98d4f842617) on 280.500 MHz, 3D, game time 04:58:31
2026-09-26 13:39:59.050 -07:00 [INF] [OpenFreq.Common.RtpJitterBuffer] Transmission gap detected (4490ms RTP delta), resetting jitter measurement
2026-09-26 13:39:59.110 -07:00 [INF] [OpenFreqClient.Services.OpenFreqService] RX 280.500 MHz from Alligator (2af88464-1ea8-4d04-80ba-d98d4f842617), game time 04:58:31: -51.8 dBm, SNR 55.2 dB, FSPL 91.8 dB, terrain 0.0 dB, 3.3 km, tx 6334 m / rx 3380 m MSL
2026-09-26 13:39:59.956 -07:00 [INF] [OpenFreqAudio.RadioPlayback] Stream '4c187006-039a-4fcb-b6df-d456875763f7:280500' on 280.500 MHz
2026-09-26 13:40:00.571 -07:00 [INF] [OpenFreqClient.Services.OpenFreqService] PTT end: Alligator (2af88464-1ea8-4d04-80ba-d98d4f842617) on 280.500 MHz, released, game time 04:58:32
2026-09-26 13:40:00.792 -07:00 [INF] [OpenFreqClient.Services.OpenFreqService] PTT start: Alligator (2af88464-1ea8-4d04-80ba-d98d4f842617) on 280.500 MHz, 3D, game time 04:58:33
2026-09-26 13:40:00.894 -07:00 [INF] [OpenFreqAudio.RadioPlayback] Stream '91c4c764-ac55-4b66-98e4-d070ed54be23:280500' on 280.500 MHz
2026-09-26 13:40:01.309 -07:00 [INF] [OpenFreqAudio.RadioPlayback] Stream 'fc74b220-b0a9-42b3-a47d-1c86e24c2b57:280500' on 280.500 MHz
2026-09-26 13:40:01.435 -07:00 [WRN] [OpenFreqAudio.RadioPlayback] Stream 2af88464-1ea8-4d04-80ba-d98d4f842617:280500 on 280.500 MHz had no samples for 1.2 ms
2026-09-26 13:40:02.669 -07:00 [INF] [OpenFreqAudio.RadioPlayback] Stream '38562a9e-c5a7-4d8e-8e84-ac5f77661794:280500' on 280.500 MHz
2026-09-26 13:40:03.789 -07:00 [INF] [OpenFreq.Common.RtpJitterBuffer] Late arrival (131ms past slot) — buffer 84→244ms
2026-09-26 13:40:04.450 -07:00 [INF] [OpenFreqClient.Services.OpenFreqService] PTT end: Alligator (2af88464-1ea8-4d04-80ba-d98d4f842617) on 280.500 MHz, released, game time 04:58:36
2026-09-26 13:40:05.809 -07:00 [INF] [OpenFreqClient.Services.OpenFreqService] PTT start: gci-chaos (594701b2-6238-4ad8-992b-37a151773ed5) on 280.500 MHz, 3D, game time 04:58:38
2026-09-26 13:40:05.827 -07:00 [INF] [OpenFreq.Common.RtpJitterBuffer] Transmission gap detected (14500ms RTP delta), resetting jitter measurement
2026-09-26 13:40:05.869 -07:00 [INF] [OpenFreqClient.Services.OpenFreqService] RX 280.500 MHz from gci-chaos (594701b2-6238-4ad8-992b-37a151773ed5), game time 04:58:38: -80.2 dBm, SNR 26.8 dB, FSPL 124.2 dB, terrain 0.0 dB, 137.7 km, tx 9147 m / rx 3465 m MSL
2026-09-26 13:40:06.207 -07:00 [WRN] [OpenFreqAudio.RadioPlayback] Stream 594701b2-6238-4ad8-992b-37a151773ed5:280500 on 280.500 MHz had no samples for 4.7 ms
2026-09-26 13:40:08.617 -07:00 [INF] [OpenFreqClient.Services.OpenFreqService] PTT end: gci-chaos (594701b2-6238-4ad8-992b-37a151773ed5) on 280.500 MHz, released, game time 04:58:40
2026-09-26 13:40:09.869 -07:00 [INF] [OpenFreqClient.Services.OpenFreqService] PTT start: Alligator (2af88464-1ea8-4d04-80ba-d98d4f842617) on 280.500 MHz, 3D, game time 04:58:42
2026-09-26 13:40:09.882 -07:00 [INF] [OpenFreq.Common.RtpJitterBuffer] Transmission gap detected (5430ms RTP delta), resetting jitter measurement
2026-09-26 13:40:10.061 -07:00 [INF] [OpenFreqClient.Services.OpenFreqService] RX 280.500 MHz from Alligator (2af88464-1ea8-4d04-80ba-d98d4f842617), game time 04:58:42: -51.9 dBm, SNR 55.1 dB, FSPL 91.9 dB, terrain 0.0 dB, 3.3 km, tx 6334 m / rx 3520 m MSL
2026-09-26 13:40:10.369 -07:00 [INF] [OpenFreqClient.Services.OpenFreqService] PTT end: Alligator (2af88464-1ea8-4d04-80ba-d98d4f842617) on 280.500 MHz, released, game time 04:58:42
2026-09-26 13:40:26.170 -07:00 [INF] [OpenFreqClient.Services.OpenFreqService] PTT start: gci-chaos (594701b2-6238-4ad8-992b-37a151773ed5) on 280.500 MHz, 3D, game time 04:58:58
2026-09-26 13:40:26.188 -07:00 [INF] [OpenFreq.Common.RtpJitterBuffer] Transmission gap detected (17581ms RTP delta), resetting jitter measurement
2026-09-26 13:40:26.223 -07:00 [INF] [OpenFreqClient.Services.OpenFreqService] RX 280.500 MHz from gci-chaos (594701b2-6238-4ad8-992b-37a151773ed5), game time 04:58:58: -80.0 dBm, SNR 27.0 dB, FSPL 124.0 dB, terrain 0.0 dB, 134.7 km, tx 9147 m / rx 3737 m MSL
2026-09-26 13:40:27.946 -07:00 [INF] [OpenFreqClient.Services.OpenFreqService] PTT end: gci-chaos (594701b2-6238-4ad8-992b-37a151773ed5) on 280.500 MHz, released, game time 04:59:00
2026-09-26 13:40:28.734 -07:00 [INF] [OpenFreqClient.Services.OpenFreqService] PTT start: Paintcheck (9c5f9224-8277-4f34-8da9-dbeb707f0e00) on 280.500 MHz, 3D, game time 04:59:01
2026-09-26 13:40:28.752 -07:00 [INF] [OpenFreq.Common.RtpJitterBuffer] Transmission gap detected (71840ms RTP delta), resetting jitter measurement
2026-09-26 13:40:28.790 -07:00 [INF] [OpenFreqClient.Services.OpenFreqService] RX 280.500 MHz from Paintcheck (9c5f9224-8277-4f34-8da9-dbeb707f0e00), game time 04:59:01: -73.5 dBm, SNR 33.5 dB, FSPL 113.5 dB, terrain 0.0 dB, 40.2 km, tx 5494 m / rx 3773 m MSL
2026-09-26 13:40:31.150 -07:00 [INF] [OpenFreqClient.Services.OpenFreqService] PTT end: Paintcheck (9c5f9224-8277-4f34-8da9-dbeb707f0e00) on 280.500 MHz, released, game time 04:59:03
2026-09-26 13:40:31.794 -07:00 [INF] [OpenFreqClient.Services.OpenFreqService] PTT start: gci-chaos (594701b2-6238-4ad8-992b-37a151773ed5) on 280.500 MHz, 3D, game time 04:59:04
2026-09-26 13:40:31.810 -07:00 [INF] [OpenFreq.Common.RtpJitterBuffer] Transmission gap detected (3884ms RTP delta), resetting jitter measurement
2026-09-26 13:40:31.848 -07:00 [INF] [OpenFreqClient.Services.OpenFreqService] RX 280.500 MHz from gci-chaos (594701b2-6238-4ad8-992b-37a151773ed5), game time 04:59:04: -80.0 dBm, SNR 27.0 dB, FSPL 123.9 dB, terrain 0.0 dB, 133.9 km, tx 9147 m / rx 3817 m MSL
2026-09-26 13:40:31.899 -07:00 [INF] [OpenFreqClient.Services.OpenFreqService] PTT end: gci-chaos (594701b2-6238-4ad8-992b-37a151773ed5) on 280.500 MHz, released, game time 04:59:04
2026-09-26 13:40:31.958 -07:00 [WRN] [OpenFreqAudio.RadioPlayback] Stream 594701b2-6238-4ad8-992b-37a151773ed5:280500 on 280.500 MHz had no samples for 11.0 ms
2026-09-26 13:40:31.982 -07:00 [INF] [OpenFreqClient.Services.OpenFreqService] PTT start: gci-chaos (594701b2-6238-4ad8-992b-37a151773ed5) on 280.500 MHz, 3D, game time 04:59:04
2026-09-26 13:40:32.066 -07:00 [INF] [OpenFreqClient.Services.OpenFreqService] PTT end: gci-chaos (594701b2-6238-4ad8-992b-37a151773ed5) on 280.500 MHz, released, game time 04:59:04
2026-09-26 13:40:35.860 -07:00 [INF] [OpenFreqClient.Services.OpenFreqService] PTT start: Polaris (4c187006-039a-4fcb-b6df-d456875763f7) on 280.500 MHz, 3D, game time 04:59:08
2026-09-26 13:40:35.882 -07:00 [INF] [OpenFreq.Common.RtpJitterBufferPool] New RTP source: SSRC=2BF943CC
2026-09-26 13:40:35.883 -07:00 [INF] [OpenFreq.Common.RtpJitterBuffer] Manual buffer size: 150ms
2026-09-26 13:40:35.883 -07:00 [INF] [OpenFreq.Common.RtpAudioReceiver] Source joined:  SSRC=2BF943CC
2026-09-26 13:40:35.883 -07:00 [INF] [OpenFreq.Common.RtpJitterBuffer] Initialized: buffer=150ms
2026-09-26 13:40:36.033 -07:00 [INF] [OpenFreqClient.Services.OpenFreqService] RX 280.500 MHz from Polaris (4c187006-039a-4fcb-b6df-d456875763f7), game time 04:59:08: -77.2 dBm, SNR 29.8 dB, FSPL 117.2 dB, terrain 0.0 dB, 61.9 km, tx 2393 m / rx 3876 m MSL
2026-09-26 13:40:38.308 -07:00 [INF] [OpenFreqClient.Services.OpenFreqService] PTT end: Polaris (4c187006-039a-4fcb-b6df-d456875763f7) on 280.500 MHz, released, game time 04:59:10
2026-09-26 13:40:38.962 -07:00 [INF] [OpenFreqClient.Services.OpenFreqService] PTT start: Sk8r (fc74b220-b0a9-42b3-a47d-1c86e24c2b57) on 280.500 MHz, 3D, game time 04:59:11
2026-09-26 13:40:38.978 -07:00 [INF] [OpenFreq.Common.RtpJitterBufferPool] New RTP source: SSRC=240CDF59
2026-09-26 13:40:38.978 -07:00 [INF] [OpenFreq.Common.RtpJitterBuffer] Manual buffer size: 150ms
2026-09-26 13:40:38.978 -07:00 [INF] [OpenFreq.Common.RtpAudioReceiver] Source joined:  SSRC=240CDF59
2026-09-26 13:40:38.978 -07:00 [INF] [OpenFreq.Common.RtpJitterBuffer] Initialized: buffer=150ms
2026-09-26 13:40:39.128 -07:00 [INF] [OpenFreqClient.Services.OpenFreqService] RX 280.500 MHz from Sk8r (fc74b220-b0a9-42b3-a47d-1c86e24c2b57), game time 04:59:11: -77.2 dBm, SNR 29.8 dB, FSPL 117.2 dB, terrain 0.0 dB, 61.3 km, tx 2393 m / rx 3918 m MSL
2026-09-26 13:40:39.489 -07:00 [INF] [OpenFreqClient.Services.OpenFreqService] PTT end: Sk8r (fc74b220-b0a9-42b3-a47d-1c86e24c2b57) on 280.500 MHz, released, game time 04:59:11
2026-09-26 13:40:40.153 -07:00 [INF] [OpenFreqClient.Services.OpenFreqService] PTT start: armapirx (38562a9e-c5a7-4d8e-8e84-ac5f77661794) on 280.500 MHz, 3D, game time 04:59:12
2026-09-26 13:40:40.176 -07:00 [INF] [OpenFreq.Common.RtpJitterBufferPool] New RTP source: SSRC=0B91D305
2026-09-26 13:40:40.176 -07:00 [INF] [OpenFreq.Common.RtpJitterBuffer] Manual buffer size: 150ms
2026-09-26 13:40:40.176 -07:00 [INF] [OpenFreq.Common.RtpAudioReceiver] Source joined:  SSRC=0B91D305
2026-09-26 13:40:40.176 -07:00 [INF] [OpenFreq.Common.RtpJitterBuffer] Initialized: buffer=150ms
2026-09-26 13:40:40.327 -07:00 [INF] [OpenFreqClient.Services.OpenFreqService] RX 280.500 MHz from armapirx (38562a9e-c5a7-4d8e-8e84-ac5f77661794), game time 04:59:12: -77.3 dBm, SNR 29.7 dB, FSPL 117.3 dB, terrain 0.0 dB, 62.3 km, tx 2340 m / rx 3931 m MSL
2026-09-26 13:40:41.000 -07:00 [INF] [OpenFreqClient.Services.OpenFreqService] PTT end: armapirx (38562a9e-c5a7-4d8e-8e84-ac5f77661794) on 280.500 MHz, released, game time 04:59:13
2026-09-26 13:40:41.177 -07:00 [WRN] [OpenFreqAudio.RadioPlayback] Stream 38562a9e-c5a7-4d8e-8e84-ac5f77661794:280500 on 280.500 MHz had no samples for 10.0 ms
2026-09-26 13:40:42.309 -07:00 [INF] [OpenFreqClient.Services.OpenFreqService] PTT start: Polaris (4c187006-039a-4fcb-b6df-d456875763f7) on 280.500 MHz, 3D, game time 04:59:14
2026-09-26 13:40:42.364 -07:00 [INF] [OpenFreq.Common.RtpJitterBuffer] Transmission gap detected (4028ms RTP delta), resetting jitter measurement
2026-09-26 13:40:42.368 -07:00 [INF] [OpenFreqClient.Services.OpenFreqService] RX 280.500 MHz from Polaris (4c187006-039a-4fcb-b6df-d456875763f7), game time 04:59:14: -77.0 dBm, SNR 30.0 dB, FSPL 117.0 dB, terrain 0.0 dB, 60.5 km, tx 2399 m / rx 3952 m MSL
2026-09-26 13:40:45.269 -07:00 [INF] [OpenFreqClient.Services.OpenFreqService] PTT end: Polaris (4c187006-039a-4fcb-b6df-d456875763f7) on 280.500 MHz, released, game time 04:59:17
2026-09-26 13:40:46.003 -07:00 [INF] [OpenFreqClient.Services.OpenFreqService] PTT start: gci-chaos (594701b2-6238-4ad8-992b-37a151773ed5) on 280.500 MHz, 3D, game time 04:59:18
2026-09-26 13:40:46.019 -07:00 [INF] [OpenFreq.Common.RtpJitterBuffer] Transmission gap detected (13961ms RTP delta), resetting jitter measurement
2026-09-26 13:40:46.057 -07:00 [INF] [OpenFreqClient.Services.OpenFreqService] RX 280.500 MHz from gci-chaos (594701b2-6238-4ad8-992b-37a151773ed5), game time 04:59:18: -79.8 dBm, SNR 27.2 dB, FSPL 123.8 dB, terrain 0.0 dB, 131.8 km, tx 9147 m / rx 3990 m MSL
2026-09-26 13:40:46.088 -07:00 [WRN] [OpenFreqAudio.RadioPlayback] Stream 594701b2-6238-4ad8-992b-37a151773ed5:280500 on 280.500 MHz had no samples for 10.5 ms
2026-09-26 13:40:48.056 -07:00 [INF] [OpenFreqClient.Services.OpenFreqService] PTT end: gci-chaos (594701b2-6238-4ad8-992b-37a151773ed5) on 280.500 MHz, released, game time 04:59:20
2026-09-26 13:40:48.937 -07:00 [INF] [OpenFreqClient.Services.OpenFreqService] PTT start: gci-chaos (594701b2-6238-4ad8-992b-37a151773ed5) on 280.500 MHz, 3D, game time 04:59:21
2026-09-26 13:40:48.959 -07:00 [INF] [OpenFreqClient.Services.OpenFreqService] PTT end: gci-chaos (594701b2-6238-4ad8-992b-37a151773ed5) on 280.500 MHz, released, game time 04:59:21
2026-09-26 13:41:12.345 -07:00 [INF] [OpenFreqClient.Services.OpenFreqService] PTT start: gci-chaos (594701b2-6238-4ad8-992b-37a151773ed5) on 280.500 MHz, 3D, game time 04:59:44
2026-09-26 13:41:12.362 -07:00 [INF] [OpenFreq.Common.RtpJitterBuffer] Transmission gap detected (24323ms RTP delta), resetting jitter measurement
2026-09-26 13:41:12.397 -07:00 [INF] [OpenFreqClient.Services.OpenFreqService] RX 280.500 MHz from gci-chaos (594701b2-6238-4ad8-992b-37a151773ed5), game time 04:59:44: -79.6 dBm, SNR 27.4 dB, FSPL 123.6 dB, terrain 0.0 dB, 128.3 km, tx 9147 m / rx 4257 m MSL
2026-09-26 13:41:17.670 -07:00 [INF] [OpenFreqClient.Services.OpenFreqService] PTT end: gci-chaos (594701b2-6238-4ad8-992b-37a151773ed5) on 280.500 MHz, released, game time 04:59:50
2026-09-26 13:41:20.861 -07:00 [INF] [OpenFreqClient.Services.OpenFreqService] PTT start: gci-chaos (594701b2-6238-4ad8-992b-37a151773ed5) on 280.500 MHz, 3D, game time 04:59:53
2026-09-26 13:41:20.881 -07:00 [INF] [OpenFreq.Common.RtpJitterBuffer] Transmission gap detected (3212ms RTP delta), resetting jitter measurement
2026-09-26 13:41:20.903 -07:00 [INF] [OpenFreqClient.Services.OpenFreqService] PTT end: gci-chaos (594701b2-6238-4ad8-992b-37a151773ed5) on 280.500 MHz, released, game time 04:59:53
2026-09-26 13:41:20.912 -07:00 [INF] [OpenFreqClient.Services.OpenFreqService] RX 280.500 MHz from gci-chaos (594701b2-6238-4ad8-992b-37a151773ed5), game time 04:59:53: -79.5 dBm, SNR 27.5 dB, FSPL 123.5 dB, terrain 0.0 dB, 127.1 km, tx 9147 m / rx 4328 m MSL
2026-09-26 13:41:27.388 -07:00 [INF] [OpenFreqClient.Services.OpenFreqService] PTT start: own radio on 140.550 MHz, game time 04:59:59
2026-09-26 13:41:28.075 -07:00 [INF] [OpenFreqClient.Services.OpenFreqService] PTT end: own radio on 140.550 MHz, game time 05:00:00
2026-09-26 13:41:28.085 -07:00 [INF] [OpenFreqClient.Services.OpenFreqService] TX level over 690ms: mic peak -24.0 dBFS rms -41.9 dBFS | sent peak 0.0 dBFS rms -13.7 dBFS | normalizer on, gain 9.952, gate -41.3 dBFS
2026-09-26 13:41:33.782 -07:00 [INF] [OpenFreqClient.Services.OpenFreqService] PTT start: Falcon (91c4c764-ac55-4b66-98e4-d070ed54be23) on 280.500 MHz, 3D, game time 05:00:06
2026-09-26 13:41:33.805 -07:00 [INF] [OpenFreq.Common.RtpJitterBufferPool] New RTP source: SSRC=342907E0
2026-09-26 13:41:33.805 -07:00 [INF] [OpenFreq.Common.RtpJitterBuffer] Manual buffer size: 150ms
2026-09-26 13:41:33.805 -07:00 [INF] [OpenFreq.Common.RtpAudioReceiver] Source joined:  SSRC=342907E0
2026-09-26 13:41:33.805 -07:00 [INF] [OpenFreq.Common.RtpJitterBuffer] Initialized: buffer=150ms
2026-09-26 13:41:33.805 -07:00 [INF] [OpenFreq.Common.RtpJitterBufferPool] Pruned stale source SSRC=63D7FB4B
2026-09-26 13:41:33.805 -07:00 [INF] [OpenFreq.Common.RtpAudioReceiver] Source expired: SSRC=63D7FB4B
2026-09-26 13:41:33.956 -07:00 [INF] [OpenFreqClient.Services.OpenFreqService] RX 280.500 MHz from Falcon (91c4c764-ac55-4b66-98e4-d070ed54be23), game time 05:00:06: -75.1 dBm, SNR 31.9 dB, FSPL 115.1 dB, terrain 0.0 dB, 48.4 km, tx 7435 m / rx 4416 m MSL
2026-09-26 13:41:37.372 -07:00 [INF] [OpenFreqClient.Services.OpenFreqService] PTT end: Falcon (91c4c764-ac55-4b66-98e4-d070ed54be23) on 280.500 MHz, released, game time 05:00:09
2026-09-26 13:41:56.783 -07:00 [INF] [OpenFreqClient.Services.OpenFreqService] PTT start: gci-chaos (594701b2-6238-4ad8-992b-37a151773ed5) on 280.500 MHz, 3D, game time 05:00:29
2026-09-26 13:41:56.799 -07:00 [INF] [OpenFreq.Common.RtpJitterBuffer] Transmission gap detected (35903ms RTP delta), resetting jitter measurement
2026-09-26 13:41:56.835 -07:00 [INF] [OpenFreqClient.Services.OpenFreqService] RX 280.500 MHz from gci-chaos (594701b2-6238-4ad8-992b-37a151773ed5), game time 05:00:29: -79.2 dBm, SNR 27.8 dB, FSPL 123.2 dB, terrain 0.0 dB, 122.3 km, tx 9147 m / rx 4563 m MSL
2026-09-26 13:41:57.752 -07:00 [INF] [OpenFreqClient.Services.OpenFreqService] PTT end: gci-chaos (594701b2-6238-4ad8-992b-37a151773ed5) on 280.500 MHz, released, game time 05:00:30
2026-09-26 13:42:14.210 -07:00 [INF] [OpenFreqClient.Services.OpenFreqService] PTT start: Alligator (2af88464-1ea8-4d04-80ba-d98d4f842617) on 280.500 MHz, 3D, game time 05:00:46
2026-09-26 13:42:14.228 -07:00 [INF] [OpenFreq.Common.RtpJitterBuffer] Transmission gap detected (123864ms RTP delta), resetting jitter measurement
2026-09-26 13:42:14.355 -07:00 [INF] [OpenFreqClient.Services.OpenFreqService] RX 280.500 MHz from Alligator (2af88464-1ea8-4d04-80ba-d98d4f842617), game time 05:00:46: -57.2 dBm, SNR 49.8 dB, FSPL 97.2 dB, terrain 0.0 dB, 6.2 km, tx 6333 m / rx 4705 m MSL
2026-09-26 13:42:15.548 -07:00 [INF] [OpenFreqClient.Services.OpenFreqService] PTT end: Alligator (2af88464-1ea8-4d04-80ba-d98d4f842617) on 280.500 MHz, released, game time 05:00:47
2026-09-26 13:42:17.519 -07:00 [INF] [OpenFreqClient.Services.OpenFreqService] PTT start: gci-chaos (594701b2-6238-4ad8-992b-37a151773ed5) on 280.500 MHz, 3D, game time 05:00:49
2026-09-26 13:42:17.529 -07:00 [INF] [OpenFreq.Common.RtpJitterBuffer] Transmission gap detected (19795ms RTP delta), resetting jitter measurement
2026-09-26 13:42:17.575 -07:00 [INF] [OpenFreqClient.Services.OpenFreqService] RX 280.500 MHz from gci-chaos (594701b2-6238-4ad8-992b-37a151773ed5), game time 05:00:49: -79.0 dBm, SNR 28.0 dB, FSPL 123.0 dB, terrain 0.0 dB, 119.5 km, tx 9147 m / rx 4733 m MSL
2026-09-26 13:42:17.894 -07:00 [INF] [OpenFreqClient.Services.OpenFreqService] PTT end: gci-chaos (594701b2-6238-4ad8-992b-37a151773ed5) on 280.500 MHz, released, game time 05:00:50
2026-09-26 13:42:31.415 -07:00 [INF] [OpenFreqClient.Services.OpenFreqService] PTT start: Krieger (0b5a8147-b1fa-4307-a8c3-d1087389de25) on 280.500 MHz, 3D, game time 05:01:03
2026-09-26 13:42:31.477 -07:00 [INF] [OpenFreq.Common.RtpJitterBufferPool] New RTP source: SSRC=117123B1
2026-09-26 13:42:31.477 -07:00 [INF] [OpenFreq.Common.RtpJitterBuffer] Manual buffer size: 150ms
2026-09-26 13:42:31.477 -07:00 [INF] [OpenFreq.Common.RtpAudioReceiver] Source joined:  SSRC=117123B1
2026-09-26 13:42:31.477 -07:00 [INF] [OpenFreq.Common.RtpJitterBuffer] Initialized: buffer=150ms
2026-09-26 13:42:31.627 -07:00 [INF] [OpenFreqClient.Services.OpenFreqService] RX 280.500 MHz from Krieger (0b5a8147-b1fa-4307-a8c3-d1087389de25), game time 05:01:03: -64.4 dBm, SNR 42.6 dB, FSPL 104.4 dB, terrain 0.0 dB, 14.2 km, tx 6062 m / rx 4865 m MSL
2026-09-26 13:42:33.540 -07:00 [INF] [OpenFreqClient.Services.OpenFreqService] PTT end: Krieger (0b5a8147-b1fa-4307-a8c3-d1087389de25) on 280.500 MHz, released, game time 05:01:05
2026-09-26 13:42:33.622 -07:00 [WRN] [OpenFreqAudio.RadioPlayback] Stream 0b5a8147-b1fa-4307-a8c3-d1087389de25:280500 on 280.500 MHz had no samples for 14.5 ms
2026-09-26 13:42:35.260 -07:00 [INF] [OpenFreqClient.Services.OpenFreqService] PTT start: own radio on 280.500 MHz, game time 05:01:07
2026-09-26 13:42:37.515 -07:00 [INF] [OpenFreqClient.Services.OpenFreqService] PTT end: own radio on 280.500 MHz, game time 05:01:09
2026-09-26 13:42:37.524 -07:00 [INF] [OpenFreqClient.Services.OpenFreqService] TX level over 2260ms: mic peak -17.2 dBFS rms -34.3 dBFS | sent peak 0.0 dBFS rms -21.4 dBFS | normalizer on, gain 4.122, gate -43.5 dBFS
2026-09-26 13:42:39.064 -07:00 [INF] [OpenFreqClient.Services.OpenFreqService] PTT start: Krieger (0b5a8147-b1fa-4307-a8c3-d1087389de25) on 280.500 MHz, 3D, game time 05:01:11
2026-09-26 13:42:39.078 -07:00 [INF] [OpenFreq.Common.RtpJitterBuffer] Transmission gap detected (5547ms RTP delta), resetting jitter measurement
2026-09-26 13:42:39.078 -07:00 [INF] [OpenFreq.Common.RtpJitterBufferPool] Pruned stale source SSRC=5D682876
2026-09-26 13:42:39.078 -07:00 [INF] [OpenFreq.Common.RtpAudioReceiver] Source expired: SSRC=5D682876
2026-09-26 13:42:39.078 -07:00 [INF] [OpenFreq.Common.RtpJitterBufferPool] Pruned stale source SSRC=422B9AF3
2026-09-26 13:42:39.078 -07:00 [INF] [OpenFreq.Common.RtpAudioReceiver] Source expired: SSRC=422B9AF3
2026-09-26 13:42:39.152 -07:00 [INF] [OpenFreqClient.Services.OpenFreqService] RX 280.500 MHz from Krieger (0b5a8147-b1fa-4307-a8c3-d1087389de25), game time 05:01:11: -64.5 dBm, SNR 42.5 dB, FSPL 104.5 dB, terrain 0.0 dB, 14.3 km, tx 6132 m / rx 4936 m MSL
2026-09-26 13:42:39.222 -07:00 [WRN] [OpenFreqAudio.RadioPlayback] Stream 0b5a8147-b1fa-4307-a8c3-d1087389de25:280500 on 280.500 MHz had no samples for 14.0 ms
2026-09-26 13:42:40.531 -07:00 [INF] [OpenFreqClient.Services.OpenFreqService] PTT end: Krieger (0b5a8147-b1fa-4307-a8c3-d1087389de25) on 280.500 MHz, released, game time 05:01:12
2026-09-26 13:42:47.979 -07:00 [INF] [OpenFreqClient.Services.OpenFreqService] PTT start: own radio on 140.550 MHz, game time 05:01:20
2026-09-26 13:42:47.995 -07:00 [INF] [OpenFreqClient.Services.OpenFreqService] PTT start: Stevie (3f69df0a-0474-4403-96f9-9167afaa52d9) on 140.550 MHz, 3D, game time 05:01:20
2026-09-26 13:42:48.012 -07:00 [INF] [OpenFreq.Common.RtpJitterBuffer] Transmission gap detected (230674ms RTP delta), resetting jitter measurement
2026-09-26 13:42:48.860 -07:00 [INF] [OpenFreqClient.Services.OpenFreqService] PTT end: own radio on 140.550 MHz, game time 05:01:21
2026-09-26 13:42:48.860 -07:00 [INF] [OpenFreqClient.Services.OpenFreqService] RX 140.550 MHz from Stevie (3f69df0a-0474-4403-96f9-9167afaa52d9), game time 05:01:21: -34.4 dBm, SNR 75.6 dB, FSPL 74.4 dB, terrain 0.0 dB, 0.9 km, tx 4930 m / rx 5007 m MSL
2026-09-26 13:42:48.865 -07:00 [INF] [OpenFreqClient.Services.OpenFreqService] TX level over 880ms: mic peak -19.4 dBFS rms -36.9 dBFS | sent peak -7.0 dBFS rms -24.7 dBFS | normalizer on, gain 3.510, gate -34.5 dBFS
2026-09-26 13:42:49.112 -07:00 [WRN] [OpenFreqAudio.RadioPlayback] Stream 3f69df0a-0474-4403-96f9-9167afaa52d9:140550 on 140.550 MHz had no samples for 14.0 ms
2026-09-26 13:42:50.094 -07:00 [INF] [OpenFreqClient.Services.OpenFreqService] PTT end: Stevie (3f69df0a-0474-4403-96f9-9167afaa52d9) on 140.550 MHz, released, game time 05:01:22
2026-09-26 13:42:52.264 -07:00 [INF] [OpenFreqClient.Services.OpenFreqService] PTT start: Stevie (3f69df0a-0474-4403-96f9-9167afaa52d9) on 140.550 MHz, 3D, game time 05:01:24
2026-09-26 13:42:52.281 -07:00 [INF] [OpenFreq.Common.RtpJitterBuffer] Transmission gap detected (2192ms RTP delta), resetting jitter measurement
2026-09-26 13:42:52.323 -07:00 [INF] [OpenFreqClient.Services.OpenFreqService] RX 140.550 MHz from Stevie (3f69df0a-0474-4403-96f9-9167afaa52d9), game time 05:01:24: -35.8 dBm, SNR 74.2 dB, FSPL 75.8 dB, terrain 0.0 dB, 1.0 km, tx 4925 m / rx 5023 m MSL
2026-09-26 13:42:52.810 -07:00 [INF] [OpenFreqClient.Services.OpenFreqService] PTT end: Stevie (3f69df0a-0474-4403-96f9-9167afaa52d9) on 140.550 MHz, released, game time 05:01:25
2026-09-26 13:42:54.267 -07:00 [INF] [OpenFreqClient.Services.OpenFreqService] PTT start: own radio on 140.550 MHz, game time 05:01:26
2026-09-26 13:42:54.496 -07:00 [INF] [OpenFreqClient.Services.OpenFreqService] PTT start: Paintcheck (9c5f9224-8277-4f34-8da9-dbeb707f0e00) on 280.500 MHz, 3D, game time 05:01:26
2026-09-26 13:42:54.517 -07:00 [INF] [OpenFreq.Common.RtpJitterBuffer] Transmission gap detected (143380ms RTP delta), resetting jitter measurement
2026-09-26 13:42:54.550 -07:00 [INF] [OpenFreqClient.Services.OpenFreqService] RX 280.500 MHz from Paintcheck (9c5f9224-8277-4f34-8da9-dbeb707f0e00), game time 05:01:26: -59.8 dBm, SNR 47.2 dB, FSPL 99.8 dB, terrain 0.0 dB, 8.3 km, tx 5243 m / rx 5029 m MSL
2026-09-26 13:42:54.682 -07:00 [WRN] [OpenFreqAudio.RadioPlayback] Stream 9c5f9224-8277-4f34-8da9-dbeb707f0e00:280500 on 280.500 MHz had no samples for 14.0 ms
2026-09-26 13:42:55.148 -07:00 [INF] [OpenFreqClient.Services.OpenFreqService] PTT end: own radio on 140.550 MHz, game time 05:01:27
2026-09-26 13:42:55.154 -07:00 [INF] [OpenFreqClient.Services.OpenFreqService] TX level over 880ms: mic peak -15.2 dBFS rms -31.5 dBFS | sent peak -1.1 dBFS rms -18.4 dBFS | normalizer on, gain 12.686, gate -64.7 dBFS
2026-09-26 13:42:55.744 -07:00 [INF] [OpenFreqClient.Services.OpenFreqService] PTT end: Paintcheck (9c5f9224-8277-4f34-8da9-dbeb707f0e00) on 280.500 MHz, released, game time 05:01:28
2026-09-26 13:43:19.948 -07:00 [INF] [OpenFreqClient.Services.OpenFreqService] PTT start: own radio on 140.550 MHz, game time 05:01:52
2026-09-26 13:43:20.635 -07:00 [INF] [OpenFreqClient.Services.OpenFreqService] PTT end: own radio on 140.550 MHz, game time 05:01:53
2026-09-26 13:43:20.646 -07:00 [INF] [OpenFreqClient.Services.OpenFreqService] TX level over 690ms: mic peak -16.0 dBFS rms -32.6 dBFS | sent peak 0.0 dBFS rms -15.6 dBFS | normalizer on, gain 4.229, gate -43.7 dBFS
2026-09-26 13:43:21.274 -07:00 [INF] [OpenFreqClient.Services.OpenFreqService] PTT start: gci-chaos (594701b2-6238-4ad8-992b-37a151773ed5) on 280.500 MHz, 3D, game time 05:01:53
2026-09-26 13:43:21.291 -07:00 [INF] [OpenFreq.Common.RtpJitterBuffer] Transmission gap detected (63396ms RTP delta), resetting jitter measurement
2026-09-26 13:43:21.338 -07:00 [INF] [OpenFreqClient.Services.OpenFreqService] RX 280.500 MHz from gci-chaos (594701b2-6238-4ad8-992b-37a151773ed5), game time 05:01:53: -78.0 dBm, SNR 29.0 dB, FSPL 121.9 dB, terrain 0.0 dB, 106.4 km, tx 9147 m / rx 5026 m MSL
2026-09-26 13:43:24.391 -07:00 [INF] [OpenFreqClient.Services.OpenFreqService] PTT end: gci-chaos (594701b2-6238-4ad8-992b-37a151773ed5) on 280.500 MHz, released, game time 05:01:56
2026-09-26 13:43:27.794 -07:00 [INF] [OpenFreqClient.Services.OpenFreqService] PTT start: Falcon (91c4c764-ac55-4b66-98e4-d070ed54be23) on 280.500 MHz, 3D, game time 05:02:00
2026-09-26 13:43:27.804 -07:00 [INF] [OpenFreq.Common.RtpJitterBuffer] Transmission gap detected (110440ms RTP delta), resetting jitter measurement
2026-09-26 13:43:27.857 -07:00 [INF] [OpenFreqClient.Services.OpenFreqService] RX 280.500 MHz from Falcon (91c4c764-ac55-4b66-98e4-d070ed54be23), game time 05:02:00: -75.7 dBm, SNR 31.3 dB, FSPL 115.7 dB, terrain 0.0 dB, 52.0 km, tx 7384 m / rx 5052 m MSL
2026-09-26 13:43:29.783 -07:00 [INF] [OpenFreqClient.Services.OpenFreqService] PTT end: Falcon (91c4c764-ac55-4b66-98e4-d070ed54be23) on 280.500 MHz, released, game time 05:02:02
2026-09-26 13:43:29.882 -07:00 [INF] [OpenFreqClient.Services.OpenFreqService] PTT start: gci-chaos (594701b2-6238-4ad8-992b-37a151773ed5) on 280.500 MHz, 3D, game time 05:02:02
2026-09-26 13:43:29.894 -07:00 [INF] [OpenFreq.Common.RtpJitterBuffer] Transmission gap detected (5507ms RTP delta), resetting jitter measurement
2026-09-26 13:43:29.951 -07:00 [INF] [OpenFreqClient.Services.OpenFreqService] RX 280.500 MHz from gci-chaos (594701b2-6238-4ad8-992b-37a151773ed5), game time 05:02:02: -77.8 dBm, SNR 29.2 dB, FSPL 121.8 dB, terrain 0.0 dB, 104.2 km, tx 9147 m / rx 5060 m MSL
2026-09-26 13:43:30.507 -07:00 [INF] [OpenFreqClient.Services.OpenFreqService] PTT end: gci-chaos (594701b2-6238-4ad8-992b-37a151773ed5) on 280.500 MHz, released, game time 05:02:02
2026-09-26 13:43:31.035 -07:00 [INF] [OpenFreqClient.Services.OpenFreqService] PTT start: Stevie (3f69df0a-0474-4403-96f9-9167afaa52d9) on 140.550 MHz, 3D, game time 05:02:03
2026-09-26 13:43:31.052 -07:00 [INF] [OpenFreq.Common.RtpJitterBuffer] Transmission gap detected (38248ms RTP delta), resetting jitter measurement
2026-09-26 13:43:31.088 -07:00 [INF] [OpenFreqClient.Services.OpenFreqService] RX 140.550 MHz from Stevie (3f69df0a-0474-4403-96f9-9167afaa52d9), game time 05:02:03: -42.3 dBm, SNR 67.7 dB, FSPL 82.3 dB, terrain 0.0 dB, 2.2 km, tx 5140 m / rx 5064 m MSL
2026-09-26 13:43:33.480 -07:00 [INF] [OpenFreqClient.Services.OpenFreqService] PTT end: Stevie (3f69df0a-0474-4403-96f9-9167afaa52d9) on 140.550 MHz, released, game time 05:02:05
2026-09-26 13:43:39.314 -07:00 [INF] [OpenFreqClient.Services.OpenFreqService] PTT start: gci-chaos (594701b2-6238-4ad8-992b-37a151773ed5) on 280.500 MHz, 3D, game time 05:02:11
2026-09-26 13:43:39.333 -07:00 [INF] [OpenFreq.Common.RtpJitterBuffer] Transmission gap detected (8834ms RTP delta), resetting jitter measurement
2026-09-26 13:43:39.379 -07:00 [INF] [OpenFreqClient.Services.OpenFreqService] RX 280.500 MHz from gci-chaos (594701b2-6238-4ad8-992b-37a151773ed5), game time 05:02:11: -77.6 dBm, SNR 29.4 dB, FSPL 121.6 dB, terrain 0.0 dB, 101.8 km, tx 9147 m / rx 5098 m MSL
2026-09-26 13:43:41.018 -07:00 [INF] [OpenFreqClient.Services.OpenFreqService] PTT end: gci-chaos (594701b2-6238-4ad8-992b-37a151773ed5) on 280.500 MHz, released, game time 05:02:13
2026-09-26 13:43:43.038 -07:00 [INF] [OpenFreqClient.Services.OpenFreqService] PTT start: gci-chaos (594701b2-6238-4ad8-992b-37a151773ed5) on 280.500 MHz, 3D, game time 05:02:15
2026-09-26 13:43:43.051 -07:00 [INF] [OpenFreq.Common.RtpJitterBuffer] Transmission gap detected (2063ms RTP delta), resetting jitter measurement
2026-09-26 13:43:43.079 -07:00 [INF] [OpenFreqClient.Services.OpenFreqService] PTT end: gci-chaos (594701b2-6238-4ad8-992b-37a151773ed5) on 280.500 MHz, released, game time 05:02:15
2026-09-26 13:43:43.093 -07:00 [INF] [OpenFreqClient.Services.OpenFreqService] RX 280.500 MHz from gci-chaos (594701b2-6238-4ad8-992b-37a151773ed5), game time 05:02:15: -77.5 dBm, SNR 29.5 dB, FSPL 121.5 dB, terrain 0.0 dB, 100.9 km, tx 9147 m / rx 5117 m MSL
2026-09-26 13:43:45.996 -07:00 [INF] [OpenFreqClient.Services.OpenFreqService] PTT start: own radio on 140.550 MHz, game time 05:02:18
2026-09-26 13:43:47.516 -07:00 [INF] [OpenFreqClient.Services.OpenFreqService] PTT end: own radio on 140.550 MHz, game time 05:02:19
2026-09-26 13:43:47.526 -07:00 [INF] [OpenFreqClient.Services.OpenFreqService] TX level over 1520ms: mic peak -18.7 dBFS rms -35.7 dBFS | sent peak -3.5 dBFS rms -21.3 dBFS | normalizer on, gain 6.150, gate -61.1 dBFS
2026-09-26 13:43:52.068 -07:00 [INF] [OpenFreqClient.Services.OpenFreqService] PTT start: gci-chaos (594701b2-6238-4ad8-992b-37a151773ed5) on 280.500 MHz, 3D, game time 05:02:24
2026-09-26 13:43:52.085 -07:00 [INF] [OpenFreq.Common.RtpJitterBuffer] Transmission gap detected (9011ms RTP delta), resetting jitter measurement
2026-09-26 13:43:52.127 -07:00 [INF] [OpenFreqClient.Services.OpenFreqService] RX 280.500 MHz from gci-chaos (594701b2-6238-4ad8-992b-37a151773ed5), game time 05:02:24: -77.3 dBm, SNR 29.7 dB, FSPL 121.3 dB, terrain 0.0 dB, 98.5 km, tx 9147 m / rx 5167 m MSL
2026-09-26 13:43:53.781 -07:00 [INF] [OpenFreqClient.Services.OpenFreqService] PTT end: gci-chaos (594701b2-6238-4ad8-992b-37a151773ed5) on 280.500 MHz, released, game time 05:02:26
2026-09-26 13:43:55.450 -07:00 [INF] [OpenFreqClient.Services.OpenFreqService] PTT start: SkyFox (43ff3b58-7576-451b-af7c-3b0c94df56b7) on 140.550 MHz, 3D, game time 05:02:27
2026-09-26 13:43:55.467 -07:00 [INF] [OpenFreq.Common.RtpJitterBufferPool] New RTP source: SSRC=63D7FB4B
2026-09-26 13:43:55.467 -07:00 [INF] [OpenFreq.Common.RtpJitterBuffer] Manual buffer size: 150ms
2026-09-26 13:43:55.467 -07:00 [INF] [OpenFreq.Common.RtpAudioReceiver] Source joined:  SSRC=63D7FB4B
2026-09-26 13:43:55.467 -07:00 [INF] [OpenFreq.Common.RtpJitterBuffer] Initialized: buffer=150ms
2026-09-26 13:43:55.617 -07:00 [INF] [OpenFreqClient.Services.OpenFreqService] RX 140.550 MHz from SkyFox (43ff3b58-7576-451b-af7c-3b0c94df56b7), game time 05:02:27: -36.4 dBm, SNR 73.6 dB, FSPL 76.4 dB, terrain 0.0 dB, 1.1 km, tx 4937 m / rx 5186 m MSL
2026-09-26 13:43:57.176 -07:00 [INF] [OpenFreqClient.Services.OpenFreqService] PTT end: SkyFox (43ff3b58-7576-451b-af7c-3b0c94df56b7) on 140.550 MHz, released, game time 05:02:29
2026-09-26 13:44:07.499 -07:00 [INF] [OpenFreqClient.Services.OpenFreqService] PTT start: Polaris (4c187006-039a-4fcb-b6df-d456875763f7) on 280.500 MHz, 3D, game time 05:02:39
2026-09-26 13:44:07.515 -07:00 [INF] [OpenFreq.Common.RtpJitterBuffer] Transmission gap detected (202245ms RTP delta), resetting jitter measurement
2026-09-26 13:44:07.555 -07:00 [INF] [OpenFreqClient.Services.OpenFreqService] RX 280.500 MHz from Polaris (4c187006-039a-4fcb-b6df-d456875763f7), game time 05:02:39: -71.4 dBm, SNR 35.6 dB, FSPL 111.4 dB, terrain 0.0 dB, 31.5 km, tx 5588 m / rx 5258 m MSL
2026-09-26 13:44:09.385 -07:00 [INF] [OpenFreqClient.Services.OpenFreqService] PTT end: Polaris (4c187006-039a-4fcb-b6df-d456875763f7) on 280.500 MHz, released, game time 05:02:41
2026-09-26 13:44:12.491 -07:00 [INF] [OpenFreqClient.Services.OpenFreqService] PTT start: Stevie (3f69df0a-0474-4403-96f9-9167afaa52d9) on 140.550 MHz, 3D, game time 05:02:44
2026-09-26 13:44:12.511 -07:00 [INF] [OpenFreq.Common.RtpJitterBuffer] Transmission gap detected (39038ms RTP delta), resetting jitter measurement
2026-09-26 13:44:12.544 -07:00 [INF] [OpenFreqClient.Services.OpenFreqService] RX 140.550 MHz from Stevie (3f69df0a-0474-4403-96f9-9167afaa52d9), game time 05:02:44: -42.6 dBm, SNR 67.4 dB, FSPL 82.6 dB, terrain 0.0 dB, 2.3 km, tx 5127 m / rx 5288 m MSL
2026-09-26 13:44:14.636 -07:00 [INF] [OpenFreqClient.Services.OpenFreqService] PTT end: Stevie (3f69df0a-0474-4403-96f9-9167afaa52d9) on 140.550 MHz, released, game time 05:02:47
2026-09-26 13:44:15.186 -07:00 [INF] [OpenFreqClient.Services.OpenFreqService] PTT start: Stevie (3f69df0a-0474-4403-96f9-9167afaa52d9) on 140.550 MHz, 3D, game time 05:02:47
2026-09-26 13:44:15.197 -07:00 [INF] [OpenFreq.Common.RtpJitterBuffer] Transmission gap detected (568ms RTP delta), resetting jitter measurement
2026-09-26 13:44:15.239 -07:00 [INF] [OpenFreqClient.Services.OpenFreqService] RX 140.550 MHz from Stevie (3f69df0a-0474-4403-96f9-9167afaa52d9), game time 05:02:47: -42.6 dBm, SNR 67.4 dB, FSPL 82.6 dB, terrain 0.0 dB, 2.3 km, tx 5139 m / rx 5305 m MSL
2026-09-26 13:44:16.823 -07:00 [INF] [OpenFreq.Common.RtpJitterBuffer] Late arrival (4ms past slot) — buffer 59→93ms
2026-09-26 13:44:16.941 -07:00 [INF] [OpenFreqClient.Services.OpenFreqService] PTT end: Stevie (3f69df0a-0474-4403-96f9-9167afaa52d9) on 140.550 MHz, released, game time 05:02:49
2026-09-26 13:45:27.451 -07:00 [INF] [OpenFreqClient.Services.OpenFreqService] PTT start: own radio on 140.550 MHz, game time 05:03:59
2026-09-26 13:45:30.780 -07:00 [INF] [OpenFreqClient.Services.OpenFreqService] PTT end: own radio on 140.550 MHz, game time 05:04:03
2026-09-26 13:45:30.785 -07:00 [INF] [OpenFreqClient.Services.OpenFreqService] TX level over 3330ms: mic peak -13.9 dBFS rms -32.8 dBFS | sent peak -1.6 dBFS rms -21.2 dBFS | normalizer on, gain 4.885, gate -52.5 dBFS
2026-09-26 13:45:53.862 -07:00 [INF] [OpenFreqClient.Services.OpenFreqService] PTT start: gci-chaos (594701b2-6238-4ad8-992b-37a151773ed5) on 280.500 MHz, 3D, game time 05:04:26
2026-09-26 13:45:53.875 -07:00 [INF] [OpenFreq.Common.RtpJitterBuffer] Transmission gap detected (120113ms RTP delta), resetting jitter measurement
2026-09-26 13:45:53.875 -07:00 [INF] [OpenFreq.Common.RtpJitterBufferPool] Pruned stale source SSRC=32E104A6
2026-09-26 13:45:53.875 -07:00 [INF] [OpenFreq.Common.RtpAudioReceiver] Source expired: SSRC=32E104A6
2026-09-26 13:45:53.875 -07:00 [INF] [OpenFreq.Common.RtpJitterBufferPool] Pruned stale source SSRC=0B91D305
2026-09-26 13:45:53.875 -07:00 [INF] [OpenFreq.Common.RtpAudioReceiver] Source expired: SSRC=0B91D305
2026-09-26 13:45:53.875 -07:00 [INF] [OpenFreq.Common.RtpJitterBufferPool] Pruned stale source SSRC=28207B19
2026-09-26 13:45:53.876 -07:00 [INF] [OpenFreq.Common.RtpAudioReceiver] Source expired: SSRC=28207B19
2026-09-26 13:45:53.876 -07:00 [INF] [OpenFreq.Common.RtpJitterBufferPool] Pruned stale source SSRC=240CDF59
2026-09-26 13:45:53.876 -07:00 [INF] [OpenFreq.Common.RtpAudioReceiver] Source expired: SSRC=240CDF59
2026-09-26 13:45:53.918 -07:00 [INF] [OpenFreqClient.Services.OpenFreqService] RX 280.500 MHz from gci-chaos (594701b2-6238-4ad8-992b-37a151773ed5), game time 05:04:26: -73.9 dBm, SNR 33.1 dB, FSPL 117.9 dB, terrain 0.0 dB, 66.9 km, tx 9147 m / rx 5986 m MSL
2026-09-26 13:45:59.019 -07:00 [INF] [OpenFreqClient.Services.OpenFreqService] PTT end: gci-chaos (594701b2-6238-4ad8-992b-37a151773ed5) on 280.500 MHz, released, game time 05:04:31
2026-09-26 13:46:03.350 -07:00 [INF] [OpenFreqClient.Services.OpenFreqService] PTT start: Falcon (91c4c764-ac55-4b66-98e4-d070ed54be23) on 280.500 MHz, 3D, game time 05:04:35
2026-09-26 13:46:03.369 -07:00 [INF] [OpenFreq.Common.RtpJitterBuffer] Transmission gap detected (153613ms RTP delta), resetting jitter measurement
2026-09-26 13:46:03.402 -07:00 [INF] [OpenFreqClient.Services.OpenFreqService] RX 280.500 MHz from Falcon (91c4c764-ac55-4b66-98e4-d070ed54be23), game time 05:04:35: -69.0 dBm, SNR 38.0 dB, FSPL 109.0 dB, terrain 0.0 dB, 24.1 km, tx 7349 m / rx 6059 m MSL
2026-09-26 13:46:06.131 -07:00 [INF] [OpenFreqClient.Services.OpenFreqService] PTT end: Falcon (91c4c764-ac55-4b66-98e4-d070ed54be23) on 280.500 MHz, released, game time 05:04:38
2026-09-26 13:46:08.932 -07:00 [INF] [OpenFreqClient.Services.OpenFreqService] PTT start: Alligator (2af88464-1ea8-4d04-80ba-d98d4f842617) on 280.500 MHz, 3D, game time 05:04:41
2026-09-26 13:46:08.949 -07:00 [INF] [OpenFreq.Common.RtpJitterBuffer] Transmission gap detected (233399ms RTP delta), resetting jitter measurement
2026-09-26 13:46:09.013 -07:00 [INF] [OpenFreqClient.Services.OpenFreqService] RX 280.500 MHz from Alligator (2af88464-1ea8-4d04-80ba-d98d4f842617), game time 05:04:41: -76.0 dBm, SNR 31.0 dB, FSPL 116.0 dB, terrain 0.0 dB, 53.4 km, tx 6335 m / rx 6121 m MSL
2026-09-26 13:46:10.123 -07:00 [INF] [OpenFreqClient.Services.OpenFreqService] PTT end: Alligator (2af88464-1ea8-4d04-80ba-d98d4f842617) on 280.500 MHz, released, game time 05:04:42
2026-09-26 13:46:23.611 -07:00 [INF] [OpenFreqClient.Services.OpenFreqService] PTT start: Alligator (2af88464-1ea8-4d04-80ba-d98d4f842617) on 280.500 MHz, 3D, game time 05:04:55
2026-09-26 13:46:23.612 -07:00 [INF] [OpenFreq.Common.RtpJitterBuffer] Transmission gap detected (13500ms RTP delta), resetting jitter measurement
2026-09-26 13:46:23.667 -07:00 [INF] [OpenFreqClient.Services.OpenFreqService] RX 280.500 MHz from Alligator (2af88464-1ea8-4d04-80ba-d98d4f842617), game time 05:04:56: -76.8 dBm, SNR 30.2 dB, FSPL 116.8 dB, terrain 0.0 dB, 59.1 km, tx 6327 m / rx 6287 m MSL
2026-09-26 13:46:23.966 -07:00 [INF] [OpenFreq.Common.RtpJitterBuffer] Late arrival (39ms past slot) — buffer 100→168ms
2026-09-26 13:46:24.712 -07:00 [INF] [OpenFreqClient.Services.OpenFreqService] PTT end: Alligator (2af88464-1ea8-4d04-80ba-d98d4f842617) on 280.500 MHz, released, game time 05:04:57
2026-09-26 13:46:51.625 -07:00 [INF] [OpenFreqClient.Services.OpenFreqService] PTT start: Stevie (3f69df0a-0474-4403-96f9-9167afaa52d9) on 140.550 MHz, 3D, game time 05:05:23
2026-09-26 13:46:51.644 -07:00 [INF] [OpenFreq.Common.RtpJitterBuffer] Transmission gap detected (154700ms RTP delta), resetting jitter measurement
2026-09-26 13:46:51.704 -07:00 [INF] [OpenFreqClient.Services.OpenFreqService] RX 140.550 MHz from Stevie (3f69df0a-0474-4403-96f9-9167afaa52d9), game time 05:05:24: -42.4 dBm, SNR 67.6 dB, FSPL 82.4 dB, terrain 0.0 dB, 2.2 km, tx 6716 m / rx 6556 m MSL
2026-09-26 13:46:54.109 -07:00 [INF] [OpenFreqClient.Services.OpenFreqService] PTT end: Stevie (3f69df0a-0474-4403-96f9-9167afaa52d9) on 140.550 MHz, released, game time 05:05:26
2026-09-26 13:46:54.666 -07:00 [INF] [OpenFreqClient.Services.OpenFreqService] PTT start: Stevie (3f69df0a-0474-4403-96f9-9167afaa52d9) on 140.550 MHz, 3D, game time 05:05:27
2026-09-26 13:46:54.686 -07:00 [INF] [OpenFreq.Common.RtpJitterBuffer] Transmission gap detected (580ms RTP delta), resetting jitter measurement
2026-09-26 13:46:54.735 -07:00 [INF] [OpenFreqClient.Services.OpenFreqService] RX 140.550 MHz from Stevie (3f69df0a-0474-4403-96f9-9167afaa52d9), game time 05:05:27: -43.1 dBm, SNR 66.9 dB, FSPL 83.1 dB, terrain 0.0 dB, 2.4 km, tx 6760 m / rx 6597 m MSL
2026-09-26 13:46:54.763 -07:00 [WRN] [OpenFreqAudio.RadioPlayback] Stream 3f69df0a-0474-4403-96f9-9167afaa52d9:140550 on 140.550 MHz had no samples for 10.0 ms
2026-09-26 13:46:55.019 -07:00 [INF] [OpenFreqClient.Services.OpenFreqService] PTT start: own radio on 140.550 MHz, game time 05:05:27
2026-09-26 13:46:55.797 -07:00 [INF] [OpenFreq.Common.RtpJitterBuffer] Late arrival (3ms past slot) — buffer 74→107ms
2026-09-26 13:46:56.076 -07:00 [INF] [OpenFreqClient.Services.OpenFreqService] PTT end: own radio on 140.550 MHz, game time 05:05:28
2026-09-26 13:46:56.086 -07:00 [INF] [OpenFreqClient.Services.OpenFreqService] TX level over 1060ms: mic peak -15.6 dBFS rms -33.7 dBFS | sent peak -0.6 dBFS rms -20.4 dBFS | normalizer on, gain 3.427, gate -54.3 dBFS
2026-09-26 13:46:56.087 -07:00 [INF] [OpenFreqClient.Services.OpenFreqService] RX 140.550 MHz from Stevie (3f69df0a-0474-4403-96f9-9167afaa52d9), game time 05:05:28: -43.3 dBm, SNR 66.7 dB, FSPL 83.3 dB, terrain 0.0 dB, 2.5 km, tx 6778 m / rx 6616 m MSL
2026-09-26 13:46:57.064 -07:00 [INF] [OpenFreqClient.Services.OpenFreqService] PTT end: Stevie (3f69df0a-0474-4403-96f9-9167afaa52d9) on 140.550 MHz, released, game time 05:05:29
2026-09-26 13:47:13.659 -07:00 [INF] [OpenFreqClient.Services.OpenFreqService] PTT start: own radio on 140.550 MHz, game time 05:05:46
2026-09-26 13:47:17.115 -07:00 [INF] [OpenFreqClient.Services.OpenFreqService] PTT end: own radio on 140.550 MHz, game time 05:05:49
2026-09-26 13:47:17.116 -07:00 [INF] [OpenFreqClient.Services.OpenFreqService] TX level over 3440ms: mic peak -10.4 dBFS rms -29.6 dBFS | sent peak -2.0 dBFS rms -21.7 dBFS | normalizer on, gain 3.921, gate -46.0 dBFS
2026-09-26 13:47:18.493 -07:00 [INF] [OpenFreqClient.Services.OpenFreqService] PTT start: SkyFox (43ff3b58-7576-451b-af7c-3b0c94df56b7) on 140.550 MHz, 3D, game time 05:05:50
2026-09-26 13:47:18.510 -07:00 [INF] [OpenFreq.Common.RtpJitterBuffer] Transmission gap detected (201340ms RTP delta), resetting jitter measurement
2026-09-26 13:47:18.566 -07:00 [INF] [OpenFreqClient.Services.OpenFreqService] RX 140.550 MHz from SkyFox (43ff3b58-7576-451b-af7c-3b0c94df56b7), game time 05:05:50: -37.8 dBm, SNR 72.2 dB, FSPL 77.8 dB, terrain 0.0 dB, 1.3 km, tx 6739 m / rx 6945 m MSL
2026-09-26 13:47:18.698 -07:00 [WRN] [OpenFreqAudio.RadioPlayback] Stream 43ff3b58-7576-451b-af7c-3b0c94df56b7:140550 on 140.550 MHz had no samples for 14.5 ms
2026-09-26 13:47:19.342 -07:00 [INF] [OpenFreqClient.Services.OpenFreqService] PTT end: SkyFox (43ff3b58-7576-451b-af7c-3b0c94df56b7) on 140.550 MHz, released, game time 05:05:51
2026-09-26 13:47:23.125 -07:00 [INF] [OpenFreqClient.Services.OpenFreqService] PTT start: Krieger (0b5a8147-b1fa-4307-a8c3-d1087389de25) on 280.500 MHz, 3D, game time 05:05:55
2026-09-26 13:47:23.141 -07:00 [INF] [OpenFreq.Common.RtpJitterBuffer] Transmission gap detected (282604ms RTP delta), resetting jitter measurement
2026-09-26 13:47:23.209 -07:00 [INF] [OpenFreqClient.Services.OpenFreqService] RX 280.500 MHz from Krieger (0b5a8147-b1fa-4307-a8c3-d1087389de25), game time 05:05:55: -64.0 dBm, SNR 43.0 dB, FSPL 104.0 dB, terrain 0.0 dB, 13.4 km, tx 6793 m / rx 7016 m MSL
2026-09-26 13:47:25.076 -07:00 [INF] [OpenFreqClient.Services.OpenFreqService] PTT end: Krieger (0b5a8147-b1fa-4307-a8c3-d1087389de25) on 280.500 MHz, released, game time 05:05:57
2026-09-26 13:47:28.710 -07:00 [INF] [OpenFreqClient.Services.OpenFreqService] PTT start: Paintcheck (9c5f9224-8277-4f34-8da9-dbeb707f0e00) on 280.500 MHz, 3D, game time 05:06:01
2026-09-26 13:47:28.720 -07:00 [INF] [OpenFreq.Common.RtpJitterBuffer] Transmission gap detected (272989ms RTP delta), resetting jitter measurement
2026-09-26 13:47:28.769 -07:00 [INF] [OpenFreqClient.Services.OpenFreqService] RX 280.500 MHz from Paintcheck (9c5f9224-8277-4f34-8da9-dbeb707f0e00), game time 05:06:01: -70.9 dBm, SNR 36.1 dB, FSPL 110.9 dB, terrain 0.0 dB, 29.7 km, tx 5392 m / rx 7103 m MSL
2026-09-26 13:47:30.741 -07:00 [INF] [OpenFreqClient.Services.OpenFreqService] PTT end: Paintcheck (9c5f9224-8277-4f34-8da9-dbeb707f0e00) on 280.500 MHz, released, game time 05:06:03
2026-09-26 13:47:32.422 -07:00 [INF] [OpenFreqClient.Services.OpenFreqService] PTT start: gci-chaos (594701b2-6238-4ad8-992b-37a151773ed5) on 280.500 MHz, 3D, game time 05:06:04
2026-09-26 13:47:32.438 -07:00 [INF] [OpenFreq.Common.RtpJitterBuffer] Transmission gap detected (93421ms RTP delta), resetting jitter measurement
2026-09-26 13:47:32.494 -07:00 [INF] [OpenFreqClient.Services.OpenFreqService] RX 280.500 MHz from gci-chaos (594701b2-6238-4ad8-992b-37a151773ed5), game time 05:06:04: -69.4 dBm, SNR 37.6 dB, FSPL 113.4 dB, terrain 0.0 dB, 39.7 km, tx 9147 m / rx 7162 m MSL
2026-09-26 13:47:35.387 -07:00 [WRN] [OpenFreqAudio.RadioPlayback] Stream 594701b2-6238-4ad8-992b-37a151773ed5:280500 on 280.500 MHz had no samples for 13.0 ms
2026-09-26 13:47:36.812 -07:00 [INF] [OpenFreqClient.Services.OpenFreqService] PTT end: gci-chaos (594701b2-6238-4ad8-992b-37a151773ed5) on 280.500 MHz, released, game time 05:06:09
2026-09-26 13:47:37.199 -07:00 [INF] [OpenFreqClient.Services.OpenFreqService] PTT start: gci-chaos (594701b2-6238-4ad8-992b-37a151773ed5) on 280.500 MHz, 3D, game time 05:06:09
2026-09-26 13:47:37.269 -07:00 [INF] [OpenFreqClient.Services.OpenFreqService] PTT end: gci-chaos (594701b2-6238-4ad8-992b-37a151773ed5) on 280.500 MHz, released, game time 05:06:09
2026-09-26 13:47:38.364 -07:00 [INF] [OpenFreqClient.Services.OpenFreqService] PTT start: own radio on 140.550 MHz, game time 05:06:10
2026-09-26 13:47:39.787 -07:00 [INF] [OpenFreqClient.Services.OpenFreqService] PTT end: own radio on 140.550 MHz, game time 05:06:12
2026-09-26 13:47:39.797 -07:00 [INF] [OpenFreqClient.Services.OpenFreqService] TX level over 1430ms: mic peak -19.5 dBFS rms -34.8 dBFS | sent peak -4.2 dBFS rms -21.0 dBFS | normalizer on, gain 4.144, gate -53.8 dBFS
2026-09-26 13:47:40.440 -07:00 [INF] [OpenFreqClient.Services.OpenFreqService] PTT start: Stevie (3f69df0a-0474-4403-96f9-9167afaa52d9) on 140.550 MHz, 3D, game time 05:06:12
2026-09-26 13:47:40.456 -07:00 [INF] [OpenFreq.Common.RtpJitterBuffer] Transmission gap detected (43395ms RTP delta), resetting jitter measurement
2026-09-26 13:47:40.508 -07:00 [INF] [OpenFreqClient.Services.OpenFreqService] RX 140.550 MHz from Stevie (3f69df0a-0474-4403-96f9-9167afaa52d9), game time 05:06:12: -49.6 dBm, SNR 60.4 dB, FSPL 89.6 dB, terrain 0.0 dB, 5.1 km, tx 6997 m / rx 7290 m MSL
2026-09-26 13:47:40.600 -07:00 [INF] [OpenFreqClient.Services.OpenFreqService] PTT end: Stevie (3f69df0a-0474-4403-96f9-9167afaa52d9) on 140.550 MHz, released, game time 05:06:12
2026-09-26 13:47:41.035 -07:00 [INF] [OpenFreqClient.Services.OpenFreqService] PTT start: Stevie (3f69df0a-0474-4403-96f9-9167afaa52d9) on 140.550 MHz, 3D, game time 05:06:13
2026-09-26 13:47:41.450 -07:00 [INF] [OpenFreqClient.Services.OpenFreqService] PTT end: Stevie (3f69df0a-0474-4403-96f9-9167afaa52d9) on 140.550 MHz, released, game time 05:06:13
2026-09-26 13:47:42.859 -07:00 [INF] [OpenFreqClient.Services.OpenFreqService] PTT start: own radio on 140.550 MHz, game time 05:06:15
2026-09-26 13:47:43.564 -07:00 [INF] [OpenFreqClient.Services.OpenFreqService] PTT start: Alligator (2af88464-1ea8-4d04-80ba-d98d4f842617) on 280.500 MHz, 3D, game time 05:06:15
2026-09-26 13:47:43.586 -07:00 [INF] [OpenFreq.Common.RtpJitterBuffer] Transmission gap detected (78868ms RTP delta), resetting jitter measurement
2026-09-26 13:47:43.691 -07:00 [INF] [OpenFreqClient.Services.OpenFreqService] RX 280.500 MHz from Alligator (2af88464-1ea8-4d04-80ba-d98d4f842617), game time 05:06:16: -79.9 dBm, SNR 27.1 dB, FSPL 119.9 dB, terrain 0.0 dB, 84.5 km, tx 6322 m / rx 7342 m MSL
2026-09-26 13:47:44.044 -07:00 [INF] [OpenFreqClient.Services.OpenFreqService] PTT end: own radio on 140.550 MHz, game time 05:06:16
2026-09-26 13:47:44.046 -07:00 [INF] [OpenFreqClient.Services.OpenFreqService] TX level over 1180ms: mic peak -21.8 dBFS rms -38.1 dBFS | sent peak -5.9 dBFS rms -22.3 dBFS | normalizer on, gain 16.369, gate -89.4 dBFS
2026-09-26 13:47:45.227 -07:00 [INF] [OpenFreqClient.Services.OpenFreqService] PTT end: Alligator (2af88464-1ea8-4d04-80ba-d98d4f842617) on 280.500 MHz, released, game time 05:06:17
2026-09-26 13:47:49.945 -07:00 [INF] [OpenFreqClient.Services.OpenFreqService] PTT start: Stevie (3f69df0a-0474-4403-96f9-9167afaa52d9) on 140.550 MHz, 3D, game time 05:06:22
2026-09-26 13:47:49.966 -07:00 [INF] [OpenFreq.Common.RtpJitterBuffer] Transmission gap detected (8532ms RTP delta), resetting jitter measurement
2026-09-26 13:47:50.013 -07:00 [INF] [OpenFreqClient.Services.OpenFreqService] RX 140.550 MHz from Stevie (3f69df0a-0474-4403-96f9-9167afaa52d9), game time 05:06:22: -50.3 dBm, SNR 59.7 dB, FSPL 90.3 dB, terrain 0.0 dB, 5.6 km, tx 7084 m / rx 7421 m MSL
2026-09-26 13:47:50.374 -07:00 [INF] [OpenFreqClient.Services.OpenFreqService] PTT start: Falcon (91c4c764-ac55-4b66-98e4-d070ed54be23) on 280.500 MHz, 3D, game time 05:06:22
2026-09-26 13:47:50.408 -07:00 [INF] [OpenFreq.Common.RtpJitterBuffer] Transmission gap detected (104263ms RTP delta), resetting jitter measurement
2026-09-26 13:47:50.433 -07:00 [INF] [OpenFreqClient.Services.OpenFreqService] RX 280.500 MHz from Falcon (91c4c764-ac55-4b66-98e4-d070ed54be23), game time 05:06:22: -70.4 dBm, SNR 36.6 dB, FSPL 110.4 dB, terrain 0.0 dB, 28.1 km, tx 7480 m / rx 7425 m MSL
2026-09-26 13:47:51.325 -07:00 [INF] [OpenFreqClient.Services.OpenFreqService] PTT end: Stevie (3f69df0a-0474-4403-96f9-9167afaa52d9) on 140.550 MHz, released, game time 05:06:23
2026-09-26 13:47:51.478 -07:00 [INF] [OpenFreqClient.Services.OpenFreqService] PTT end: Falcon (91c4c764-ac55-4b66-98e4-d070ed54be23) on 280.500 MHz, released, game time 05:06:23
2026-09-26 13:47:52.026 -07:00 [INF] [OpenFreqClient.Services.OpenFreqService] PTT start: Stevie (3f69df0a-0474-4403-96f9-9167afaa52d9) on 140.550 MHz, 3D, game time 05:06:24
2026-09-26 13:47:52.047 -07:00 [INF] [OpenFreq.Common.RtpJitterBuffer] Transmission gap detected (739ms RTP delta), resetting jitter measurement
2026-09-26 13:47:52.098 -07:00 [INF] [OpenFreqClient.Services.OpenFreqService] RX 140.550 MHz from Stevie (3f69df0a-0474-4403-96f9-9167afaa52d9), game time 05:06:24: -50.4 dBm, SNR 59.6 dB, FSPL 90.4 dB, terrain 0.0 dB, 5.6 km, tx 7077 m / rx 7442 m MSL
2026-09-26 13:47:52.675 -07:00 [INF] [OpenFreqClient.Services.OpenFreqService] PTT end: Stevie (3f69df0a-0474-4403-96f9-9167afaa52d9) on 140.550 MHz, released, game time 05:06:25
2026-09-26 13:47:54.237 -07:00 [INF] [OpenFreqClient.Services.OpenFreqService] PTT start: SkyFox (43ff3b58-7576-451b-af7c-3b0c94df56b7) on 140.550 MHz, 3D, game time 05:06:26
2026-09-26 13:47:54.250 -07:00 [INF] [OpenFreq.Common.RtpJitterBuffer] Transmission gap detected (34923ms RTP delta), resetting jitter measurement
2026-09-26 13:47:54.300 -07:00 [INF] [OpenFreqClient.Services.OpenFreqService] RX 140.550 MHz from SkyFox (43ff3b58-7576-451b-af7c-3b0c94df56b7), game time 05:06:26: -42.3 dBm, SNR 67.7 dB, FSPL 82.3 dB, terrain 0.0 dB, 2.2 km, tx 7191 m / rx 7460 m MSL
2026-09-26 13:47:55.422 -07:00 [INF] [OpenFreqClient.Services.OpenFreqService] PTT end: SkyFox (43ff3b58-7576-451b-af7c-3b0c94df56b7) on 140.550 MHz, released, game time 05:06:27
2026-09-26 13:47:56.259 -07:00 [INF] [OpenFreqClient.Services.OpenFreqService] PTT start: gci-chaos (594701b2-6238-4ad8-992b-37a151773ed5) on 280.500 MHz, 3D, game time 05:06:28
2026-09-26 13:47:56.261 -07:00 [INF] [OpenFreq.Common.RtpJitterBuffer] Transmission gap detected (18995ms RTP delta), resetting jitter measurement
2026-09-26 13:47:56.294 -07:00 [INF] [OpenFreqClient.Services.OpenFreqService] RX 280.500 MHz from gci-chaos (594701b2-6238-4ad8-992b-37a151773ed5), game time 05:06:28: -68.0 dBm, SNR 39.0 dB, FSPL 112.0 dB, terrain 0.0 dB, 34.0 km, tx 9147 m / rx 7474 m MSL
2026-09-26 13:47:58.728 -07:00 [INF] [OpenFreq.Common.RtpJitterBuffer] Late arrival (14ms past slot) — buffer 36→79ms
2026-09-26 13:48:03.206 -07:00 [INF] [OpenFreqClient.Services.OpenFreqService] PTT end: gci-chaos (594701b2-6238-4ad8-992b-37a151773ed5) on 280.500 MHz, released, game time 05:06:35
2026-09-26 13:48:04.655 -07:00 [INF] [OpenFreqClient.Services.OpenFreqService] PTT start: Stevie (3f69df0a-0474-4403-96f9-9167afaa52d9) on 140.550 MHz, 3D, game time 05:06:37
2026-09-26 13:48:04.670 -07:00 [INF] [OpenFreq.Common.RtpJitterBuffer] Transmission gap detected (12009ms RTP delta), resetting jitter measurement
2026-09-26 13:48:04.725 -07:00 [INF] [OpenFreqClient.Services.OpenFreqService] RX 140.550 MHz from Stevie (3f69df0a-0474-4403-96f9-9167afaa52d9), game time 05:06:37: -51.4 dBm, SNR 58.6 dB, FSPL 91.4 dB, terrain 0.0 dB, 6.3 km, tx 7038 m / rx 7510 m MSL
2026-09-26 13:48:05.980 -07:00 [INF] [OpenFreqClient.Services.OpenFreqService] PTT end: Stevie (3f69df0a-0474-4403-96f9-9167afaa52d9) on 140.550 MHz, released, game time 05:06:38
2026-09-26 13:48:08.384 -07:00 [INF] [OpenFreqClient.Services.OpenFreqService] PTT start: Falcon (91c4c764-ac55-4b66-98e4-d070ed54be23) on 280.500 MHz, 3D, game time 05:06:40
2026-09-26 13:48:08.391 -07:00 [INF] [OpenFreq.Common.RtpJitterBuffer] Transmission gap detected (16920ms RTP delta), resetting jitter measurement
2026-09-26 13:48:08.436 -07:00 [INF] [OpenFreqClient.Services.OpenFreqService] RX 280.500 MHz from Falcon (91c4c764-ac55-4b66-98e4-d070ed54be23), game time 05:06:40: -69.9 dBm, SNR 37.1 dB, FSPL 109.9 dB, terrain 0.0 dB, 26.6 km, tx 7865 m / rx 7516 m MSL
2026-09-26 13:48:10.283 -07:00 [INF] [OpenFreqClient.Services.OpenFreqService] PTT start: own radio on 140.550 MHz, game time 05:06:42
2026-09-26 13:48:10.454 -07:00 [INF] [OpenFreqClient.Services.OpenFreqService] PTT end: Falcon (91c4c764-ac55-4b66-98e4-d070ed54be23) on 280.500 MHz, released, game time 05:06:42
2026-09-26 13:48:12.284 -07:00 [INF] [OpenFreqClient.Services.OpenFreqService] PTT end: own radio on 140.550 MHz, game time 05:06:44
2026-09-26 13:48:12.286 -07:00 [INF] [OpenFreqClient.Services.OpenFreqService] TX level over 2000ms: mic peak -16.5 dBFS rms -31.0 dBFS | sent peak -0.4 dBFS rms -19.2 dBFS | normalizer on, gain 9.455, gate -67.7 dBFS
2026-09-26 13:48:12.845 -07:00 [INF] [OpenFreqClient.Services.OpenFreqService] PTT start: Stevie (3f69df0a-0474-4403-96f9-9167afaa52d9) on 140.550 MHz, 3D, game time 05:06:45
2026-09-26 13:48:12.866 -07:00 [INF] [OpenFreq.Common.RtpJitterBuffer] Transmission gap detected (6892ms RTP delta), resetting jitter measurement
2026-09-26 13:48:12.911 -07:00 [INF] [OpenFreqClient.Services.OpenFreqService] RX 140.550 MHz from Stevie (3f69df0a-0474-4403-96f9-9167afaa52d9), game time 05:06:45: -52.2 dBm, SNR 57.8 dB, FSPL 92.2 dB, terrain 0.0 dB, 6.9 km, tx 7032 m / rx 7516 m MSL
2026-09-26 13:48:13.244 -07:00 [INF] [OpenFreqClient.Services.OpenFreqService] PTT end: Stevie (3f69df0a-0474-4403-96f9-9167afaa52d9) on 140.550 MHz, released, game time 05:06:45
2026-09-26 13:48:29.784 -07:00 [INF] [OpenFreqClient.Services.OpenFreqService] PTT start: Falcon (91c4c764-ac55-4b66-98e4-d070ed54be23) on 280.500 MHz, 3D, game time 05:07:02
2026-09-26 13:48:29.796 -07:00 [INF] [OpenFreq.Common.RtpJitterBuffer] Transmission gap detected (19347ms RTP delta), resetting jitter measurement
2026-09-26 13:48:29.838 -07:00 [INF] [OpenFreqClient.Services.OpenFreqService] RX 280.500 MHz from Falcon (91c4c764-ac55-4b66-98e4-d070ed54be23), game time 05:07:02: -69.2 dBm, SNR 37.8 dB, FSPL 109.2 dB, terrain 0.0 dB, 24.4 km, tx 8310 m / rx 7424 m MSL
2026-09-26 13:48:29.868 -07:00 [WRN] [OpenFreqAudio.RadioPlayback] Stream 91c4c764-ac55-4b66-98e4-d070ed54be23:280500 on 280.500 MHz had no samples for 11.0 ms
2026-09-26 13:48:36.598 -07:00 [INF] [OpenFreqClient.Services.OpenFreqService] PTT end: Falcon (91c4c764-ac55-4b66-98e4-d070ed54be23) on 280.500 MHz, released, game time 05:07:08
2026-09-26 13:48:39.443 -07:00 [INF] [OpenFreqClient.Services.OpenFreqService] PTT start: gci-chaos (594701b2-6238-4ad8-992b-37a151773ed5) on 280.500 MHz, 3D, game time 05:07:11
2026-09-26 13:48:39.462 -07:00 [INF] [OpenFreq.Common.RtpJitterBuffer] Transmission gap detected (36259ms RTP delta), resetting jitter measurement
2026-09-26 13:48:39.497 -07:00 [INF] [OpenFreqClient.Services.OpenFreqService] RX 280.500 MHz from gci-chaos (594701b2-6238-4ad8-992b-37a151773ed5), game time 05:07:11: -68.5 dBm, SNR 38.5 dB, FSPL 112.5 dB, terrain 0.0 dB, 36.0 km, tx 9147 m / rx 7385 m MSL
2026-09-26 13:48:39.767 -07:00 [WRN] [OpenFreqAudio.RadioPlayback] Stream 594701b2-6238-4ad8-992b-37a151773ed5:280500 on 280.500 MHz had no samples for 10.0 ms
2026-09-26 13:48:41.314 -07:00 [INF] [OpenFreqClient.Services.OpenFreqService] PTT end: gci-chaos (594701b2-6238-4ad8-992b-37a151773ed5) on 280.500 MHz, released, game time 05:07:13
2026-09-26 13:48:42.633 -07:00 [INF] [OpenFreqClient.Services.OpenFreqService] PTT start: Falcon (91c4c764-ac55-4b66-98e4-d070ed54be23) on 280.500 MHz, 3D, game time 05:07:14
2026-09-26 13:48:42.643 -07:00 [INF] [OpenFreq.Common.RtpJitterBuffer] Transmission gap detected (6048ms RTP delta), resetting jitter measurement
2026-09-26 13:48:42.691 -07:00 [INF] [OpenFreqClient.Services.OpenFreqService] RX 280.500 MHz from Falcon (91c4c764-ac55-4b66-98e4-d070ed54be23), game time 05:07:15: -68.6 dBm, SNR 38.4 dB, FSPL 108.6 dB, terrain 0.0 dB, 22.9 km, tx 8670 m / rx 7371 m MSL
2026-09-26 13:48:44.536 -07:00 [INF] [OpenFreqClient.Services.OpenFreqService] PTT end: Falcon (91c4c764-ac55-4b66-98e4-d070ed54be23) on 280.500 MHz, released, game time 05:07:16
2026-09-26 13:49:06.425 -07:00 [INF] [OpenFreq.Common.RtpJitterBuffer] Transmission gap detected (25123ms RTP delta), resetting jitter measurement
2026-09-26 13:49:06.426 -07:00 [INF] [OpenFreqClient.Services.OpenFreqService] PTT start: gci-chaos (594701b2-6238-4ad8-992b-37a151773ed5) on 280.500 MHz, 3D, game time 05:07:38
2026-09-26 13:49:06.463 -07:00 [INF] [OpenFreqClient.Services.OpenFreqService] RX 280.500 MHz from gci-chaos (594701b2-6238-4ad8-992b-37a151773ed5), game time 05:07:38: -69.8 dBm, SNR 37.2 dB, FSPL 113.8 dB, terrain 0.0 dB, 41.6 km, tx 9147 m / rx 7292 m MSL
2026-09-26 13:49:09.380 -07:00 [INF] [OpenFreq.Common.RtpJitterBufferPool] Pruned stale source SSRC=2BF943CC
2026-09-26 13:49:09.380 -07:00 [INF] [OpenFreq.Common.RtpAudioReceiver] Source expired: SSRC=2BF943CC
2026-09-26 13:49:15.686 -07:00 [INF] [OpenFreqClient.Services.OpenFreqService] PTT end: gci-chaos (594701b2-6238-4ad8-992b-37a151773ed5) on 280.500 MHz, released, game time 05:07:48
2026-09-26 13:49:17.225 -07:00 [INF] [OpenFreqClient.Services.OpenFreqService] PTT start: Falcon (91c4c764-ac55-4b66-98e4-d070ed54be23) on 280.500 MHz, 3D, game time 05:07:49
2026-09-26 13:49:17.238 -07:00 [INF] [OpenFreq.Common.RtpJitterBuffer] Transmission gap detected (32712ms RTP delta), resetting jitter measurement
2026-09-26 13:49:17.282 -07:00 [INF] [OpenFreqClient.Services.OpenFreqService] RX 280.500 MHz from Falcon (91c4c764-ac55-4b66-98e4-d070ed54be23), game time 05:07:49: -68.7 dBm, SNR 38.3 dB, FSPL 108.7 dB, terrain 0.0 dB, 23.1 km, tx 9650 m / rx 7299 m MSL
2026-09-26 13:49:19.046 -07:00 [INF] [OpenFreqClient.Services.OpenFreqService] PTT end: Falcon (91c4c764-ac55-4b66-98e4-d070ed54be23) on 280.500 MHz, released, game time 05:07:51
2026-09-26 13:49:22.693 -07:00 [INF] [OpenFreqClient.Services.OpenFreqService] PTT start: gci-chaos (594701b2-6238-4ad8-992b-37a151773ed5) on 280.500 MHz, 3D, game time 05:07:55
2026-09-26 13:49:22.702 -07:00 [INF] [OpenFreq.Common.RtpJitterBuffer] Transmission gap detected (7022ms RTP delta), resetting jitter measurement
2026-09-26 13:49:22.743 -07:00 [INF] [OpenFreqClient.Services.OpenFreqService] RX 280.500 MHz from gci-chaos (594701b2-6238-4ad8-992b-37a151773ed5), game time 05:07:55: -70.5 dBm, SNR 36.5 dB, FSPL 114.4 dB, terrain 0.0 dB, 44.8 km, tx 9147 m / rx 7303 m MSL
2026-09-26 13:49:25.620 -07:00 [INF] [OpenFreqClient.Services.OpenFreqService] PTT end: gci-chaos (594701b2-6238-4ad8-992b-37a151773ed5) on 280.500 MHz, released, game time 05:07:57
2026-09-26 13:49:32.059 -07:00 [INF] [OpenFreqClient.Services.OpenFreqService] PTT start: Falcon (91c4c764-ac55-4b66-98e4-d070ed54be23) on 280.500 MHz, 3D, game time 05:08:04
2026-09-26 13:49:32.082 -07:00 [INF] [OpenFreq.Common.RtpJitterBuffer] Transmission gap detected (13032ms RTP delta), resetting jitter measurement
2026-09-26 13:49:32.117 -07:00 [INF] [OpenFreqClient.Services.OpenFreqService] RX 280.500 MHz from Falcon (91c4c764-ac55-4b66-98e4-d070ed54be23), game time 05:08:04: -69.9 dBm, SNR 37.1 dB, FSPL 109.9 dB, terrain 0.0 dB, 26.6 km, tx 10017 m / rx 7312 m MSL
2026-09-26 13:49:33.127 -07:00 [INF] [OpenFreqClient.Services.OpenFreqService] PTT end: Falcon (91c4c764-ac55-4b66-98e4-d070ed54be23) on 280.500 MHz, released, game time 05:08:05
2026-09-26 13:49:51.330 -07:00 [INF] [OpenFreqClient.Services.OpenFreqService] PTT start: Falcon (91c4c764-ac55-4b66-98e4-d070ed54be23) on 280.500 MHz, 3D, game time 05:08:23
2026-09-26 13:49:51.341 -07:00 [INF] [OpenFreq.Common.RtpJitterBuffer] Transmission gap detected (18244ms RTP delta), resetting jitter measurement
2026-09-26 13:49:51.387 -07:00 [INF] [OpenFreqClient.Services.OpenFreqService] RX 280.500 MHz from Falcon (91c4c764-ac55-4b66-98e4-d070ed54be23), game time 05:08:23: -72.0 dBm, SNR 35.0 dB, FSPL 112.0 dB, terrain 0.0 dB, 33.8 km, tx 10638 m / rx 7332 m MSL
2026-09-26 13:49:52.358 -07:00 [WRN] [OpenFreqAudio.RadioPlayback] Stream 91c4c764-ac55-4b66-98e4-d070ed54be23:280500 on 280.500 MHz had no samples for 10.0 ms
2026-09-26 13:49:54.575 -07:00 [INF] [OpenFreqClient.Services.OpenFreqService] PTT end: Falcon (91c4c764-ac55-4b66-98e4-d070ed54be23) on 280.500 MHz, released, game time 05:08:26
2026-09-26 13:49:57.788 -07:00 [INF] [OpenFreqClient.Services.OpenFreqService] PTT start: own radio on 140.550 MHz, game time 05:08:30
2026-09-26 13:50:00.475 -07:00 [INF] [OpenFreqClient.Services.OpenFreqService] PTT end: own radio on 140.550 MHz, game time 05:08:32
2026-09-26 13:50:00.478 -07:00 [INF] [OpenFreqClient.Services.OpenFreqService] TX level over 2680ms: mic peak -15.6 dBFS rms -33.0 dBFS | sent peak -1.1 dBFS rms -20.7 dBFS | normalizer on, gain 4.704, gate -56.0 dBFS
2026-09-26 13:50:01.308 -07:00 [INF] [OpenFreqClient.Services.OpenFreqService] PTT start: own radio on 140.550 MHz, game time 05:08:33
2026-09-26 13:50:02.635 -07:00 [INF] [OpenFreqClient.Services.OpenFreqService] PTT end: own radio on 140.550 MHz, game time 05:08:35
2026-09-26 13:50:02.637 -07:00 [INF] [OpenFreqClient.Services.OpenFreqService] TX level over 1320ms: mic peak -18.4 dBFS rms -37.0 dBFS | sent peak -2.8 dBFS rms -21.4 dBFS | normalizer on, gain 5.931, gate -52.5 dBFS
2026-09-26 13:50:03.854 -07:00 [INF] [OpenFreqClient.Services.OpenFreqService] PTT start: Stevie (3f69df0a-0474-4403-96f9-9167afaa52d9) on 140.550 MHz, 3D, game time 05:08:36
2026-09-26 13:50:03.874 -07:00 [INF] [OpenFreq.Common.RtpJitterBuffer] Transmission gap detected (110648ms RTP delta), resetting jitter measurement
2026-09-26 13:50:03.917 -07:00 [INF] [OpenFreqClient.Services.OpenFreqService] RX 140.550 MHz from Stevie (3f69df0a-0474-4403-96f9-9167afaa52d9), game time 05:08:36: -49.9 dBm, SNR 60.1 dB, FSPL 89.9 dB, terrain 0.0 dB, 5.3 km, tx 7211 m / rx 7337 m MSL
2026-09-26 13:50:03.947 -07:00 [WRN] [OpenFreqAudio.RadioPlayback] Stream 3f69df0a-0474-4403-96f9-9167afaa52d9:140550 on 140.550 MHz had no samples for 10.5 ms
2026-09-26 13:50:04.022 -07:00 [INF] [OpenFreq.Common.RtpJitterBuffer] Late arrival (5ms past slot) — buffer 69→105ms
2026-09-26 13:50:04.192 -07:00 [INF] [OpenFreqClient.Services.OpenFreqService] PTT end: Stevie (3f69df0a-0474-4403-96f9-9167afaa52d9) on 140.550 MHz, released, game time 05:08:36
2026-09-26 13:50:04.981 -07:00 [INF] [OpenFreqClient.Services.OpenFreqService] PTT start: SkyFox (43ff3b58-7576-451b-af7c-3b0c94df56b7) on 140.550 MHz, 3D, game time 05:08:37
2026-09-26 13:50:04.994 -07:00 [INF] [OpenFreq.Common.RtpJitterBuffer] Transmission gap detected (129581ms RTP delta), resetting jitter measurement
2026-09-26 13:50:05.019 -07:00 [INF] [OpenFreqClient.Services.OpenFreqService] PTT start: own radio on 140.550 MHz, game time 05:08:37
2026-09-26 13:50:05.574 -07:00 [INF] [OpenFreqClient.Services.OpenFreqService] PTT end: SkyFox (43ff3b58-7576-451b-af7c-3b0c94df56b7) on 140.550 MHz, released, game time 05:08:37
2026-09-26 13:50:05.691 -07:00 [INF] [OpenFreqClient.Services.OpenFreqService] PTT end: own radio on 140.550 MHz, game time 05:08:38
2026-09-26 13:50:05.697 -07:00 [INF] [OpenFreqClient.Services.OpenFreqService] TX level over 670ms: mic peak -18.5 dBFS rms -36.0 dBFS | sent peak 0.0 dBFS rms -18.4 dBFS | normalizer on, gain 10.403, gate -61.6 dBFS
2026-09-26 13:50:06.092 -07:00 [INF] [OpenFreqClient.Services.OpenFreqService] PTT start: Stevie (3f69df0a-0474-4403-96f9-9167afaa52d9) on 140.550 MHz, 3D, game time 05:08:38
2026-09-26 13:50:06.108 -07:00 [INF] [OpenFreq.Common.RtpJitterBuffer] Transmission gap detected (1940ms RTP delta), resetting jitter measurement
2026-09-26 13:50:06.183 -07:00 [INF] [OpenFreqClient.Services.OpenFreqService] RX 140.550 MHz from Stevie (3f69df0a-0474-4403-96f9-9167afaa52d9), game time 05:08:38: -49.6 dBm, SNR 60.4 dB, FSPL 89.6 dB, terrain 0.0 dB, 5.2 km, tx 7213 m / rx 7340 m MSL
2026-09-26 13:50:06.207 -07:00 [INF] [OpenFreqClient.Services.OpenFreqService] PTT end: Stevie (3f69df0a-0474-4403-96f9-9167afaa52d9) on 140.550 MHz, released, game time 05:08:38
2026-09-26 13:50:17.332 -07:00 [INF] [OpenFreqClient.Services.OpenFreqService] PTT start: gci-chaos (594701b2-6238-4ad8-992b-37a151773ed5) on 280.500 MHz, 3D, game time 05:08:49
2026-09-26 13:50:17.344 -07:00 [INF] [OpenFreq.Common.RtpJitterBuffer] Transmission gap detected (51744ms RTP delta), resetting jitter measurement
2026-09-26 13:50:17.384 -07:00 [INF] [OpenFreqClient.Services.OpenFreqService] RX 280.500 MHz from gci-chaos (594701b2-6238-4ad8-992b-37a151773ed5), game time 05:08:49: -72.2 dBm, SNR 34.8 dB, FSPL 116.2 dB, terrain 0.0 dB, 55.0 km, tx 9147 m / rx 7408 m MSL
2026-09-26 13:50:17.563 -07:00 [INF] [OpenFreqClient.Services.OpenFreqService] PTT end: gci-chaos (594701b2-6238-4ad8-992b-37a151773ed5) on 280.500 MHz, released, game time 05:08:49
2026-09-26 13:50:17.605 -07:00 [INF] [OpenFreqClient.Services.OpenFreqService] PTT start: gci-chaos (594701b2-6238-4ad8-992b-37a151773ed5) on 280.500 MHz, 3D, game time 05:08:49
2026-09-26 13:50:17.732 -07:00 [INF] [OpenFreqClient.Services.OpenFreqService] PTT end: gci-chaos (594701b2-6238-4ad8-992b-37a151773ed5) on 280.500 MHz, released, game time 05:08:50
2026-09-26 13:50:20.813 -07:00 [INF] [OpenFreqClient.Services.OpenFreqService] PTT start: Falcon (91c4c764-ac55-4b66-98e4-d070ed54be23) on 280.500 MHz, 3D, game time 05:08:53
2026-09-26 13:50:20.825 -07:00 [INF] [OpenFreq.Common.RtpJitterBuffer] Transmission gap detected (26268ms RTP delta), resetting jitter measurement
2026-09-26 13:50:20.870 -07:00 [INF] [OpenFreqClient.Services.OpenFreqService] RX 280.500 MHz from Falcon (91c4c764-ac55-4b66-98e4-d070ed54be23), game time 05:08:53: -73.9 dBm, SNR 33.1 dB, FSPL 113.9 dB, terrain 0.0 dB, 42.1 km, tx 8474 m / rx 7436 m MSL
2026-09-26 13:50:21.787 -07:00 [INF] [OpenFreqClient.Services.OpenFreqService] PTT end: Falcon (91c4c764-ac55-4b66-98e4-d070ed54be23) on 280.500 MHz, released, game time 05:08:54
2026-09-26 13:50:22.266 -07:00 [INF] [OpenFreqClient.Services.OpenFreqService] PTT start: gci-chaos (594701b2-6238-4ad8-992b-37a151773ed5) on 280.500 MHz, 3D, game time 05:08:54
2026-09-26 13:50:22.288 -07:00 [INF] [OpenFreqClient.Services.OpenFreqService] PTT end: gci-chaos (594701b2-6238-4ad8-992b-37a151773ed5) on 280.500 MHz, released, game time 05:08:54
2026-09-26 13:50:22.288 -07:00 [INF] [OpenFreq.Common.RtpJitterBuffer] Transmission gap detected (4563ms RTP delta), resetting jitter measurement
2026-09-26 13:50:22.319 -07:00 [INF] [OpenFreqClient.Services.OpenFreqService] RX 280.500 MHz from gci-chaos (594701b2-6238-4ad8-992b-37a151773ed5), game time 05:08:54: -72.3 dBm, SNR 34.7 dB, FSPL 116.2 dB, terrain 0.0 dB, 55.2 km, tx 9147 m / rx 7443 m MSL
2026-09-26 13:50:25.657 -07:00 [INF] [OpenFreqClient.Services.OpenFreqService] PTT start: Krieger (0b5a8147-b1fa-4307-a8c3-d1087389de25) on 280.500 MHz, 3D, game time 05:08:58
2026-09-26 13:50:25.658 -07:00 [INF] [OpenFreqClient.Services.OpenFreqService] PTT start: gci-chaos (594701b2-6238-4ad8-992b-37a151773ed5) on 280.500 MHz, 3D, game time 05:08:58
2026-09-26 13:50:25.668 -07:00 [INF] [OpenFreq.Common.RtpJitterBuffer] Transmission gap detected (180607ms RTP delta), resetting jitter measurement
2026-09-26 13:50:25.675 -07:00 [INF] [OpenFreq.Common.RtpJitterBuffer] Transmission gap detected (3388ms RTP delta), resetting jitter measurement
2026-09-26 13:50:25.707 -07:00 [INF] [OpenFreqClient.Services.OpenFreqService] RX 280.500 MHz from gci-chaos (594701b2-6238-4ad8-992b-37a151773ed5), game time 05:08:58: -72.3 dBm, SNR 34.7 dB, FSPL 116.2 dB, terrain 0.0 dB, 55.2 km, tx 9147 m / rx 7454 m MSL
2026-09-26 13:50:25.736 -07:00 [INF] [OpenFreqClient.Services.OpenFreqService] RX 280.500 MHz from Krieger (0b5a8147-b1fa-4307-a8c3-d1087389de25), game time 05:08:58: -55.7 dBm, SNR 51.3 dB, FSPL 95.7 dB, terrain 0.0 dB, 5.2 km, tx 6760 m / rx 7454 m MSL
2026-09-26 13:50:25.757 -07:00 [WRN] [OpenFreqAudio.RadioPlayback] Stream 594701b2-6238-4ad8-992b-37a151773ed5:280500 on 280.500 MHz had no samples for 10.0 ms
2026-09-26 13:50:26.231 -07:00 [INF] [OpenFreq.Common.RtpJitterBuffer] Late arrival (24ms past slot) — buffer 36→90ms
2026-09-26 13:50:26.816 -07:00 [INF] [OpenFreqClient.Services.OpenFreqService] PTT end: Krieger (0b5a8147-b1fa-4307-a8c3-d1087389de25) on 280.500 MHz, released, game time 05:08:59
2026-09-26 13:50:27.803 -07:00 [INF] [OpenFreqClient.Services.OpenFreqService] PTT end: gci-chaos (594701b2-6238-4ad8-992b-37a151773ed5) on 280.500 MHz, released, game time 05:09:00
2026-09-26 13:50:35.194 -07:00 [INF] [OpenFreqClient.Services.OpenFreqService] PTT start: Falcon (91c4c764-ac55-4b66-98e4-d070ed54be23) on 280.500 MHz, 3D, game time 05:09:07
2026-09-26 13:50:35.207 -07:00 [INF] [OpenFreq.Common.RtpJitterBuffer] Transmission gap detected (13424ms RTP delta), resetting jitter measurement
2026-09-26 13:50:35.252 -07:00 [INF] [OpenFreqClient.Services.OpenFreqService] RX 280.500 MHz from Falcon (91c4c764-ac55-4b66-98e4-d070ed54be23), game time 05:09:07: -73.2 dBm, SNR 33.8 dB, FSPL 113.2 dB, terrain 0.0 dB, 39.1 km, tx 6370 m / rx 7444 m MSL
2026-09-26 13:50:37.596 -07:00 [INF] [OpenFreqClient.Services.OpenFreqService] PTT end: Falcon (91c4c764-ac55-4b66-98e4-d070ed54be23) on 280.500 MHz, released, game time 05:09:09
2026-09-26 13:50:44.856 -07:00 [INF] [OpenFreqClient.Services.OpenFreqService] PTT start: gci-chaos (594701b2-6238-4ad8-992b-37a151773ed5) on 280.500 MHz, 3D, game time 05:09:17
2026-09-26 13:50:44.874 -07:00 [INF] [OpenFreq.Common.RtpJitterBuffer] Transmission gap detected (17079ms RTP delta), resetting jitter measurement
2026-09-26 13:50:44.926 -07:00 [INF] [OpenFreqClient.Services.OpenFreqService] RX 280.500 MHz from gci-chaos (594701b2-6238-4ad8-992b-37a151773ed5), game time 05:09:17: -71.8 dBm, SNR 35.2 dB, FSPL 115.7 dB, terrain 0.0 dB, 52.1 km, tx 9147 m / rx 7419 m MSL
2026-09-26 13:50:46.379 -07:00 [INF] [OpenFreqClient.Services.OpenFreqService] PTT end: gci-chaos (594701b2-6238-4ad8-992b-37a151773ed5) on 280.500 MHz, released, game time 05:09:18
2026-09-26 13:50:48.754 -07:00 [INF] [OpenFreqClient.Services.OpenFreqService] PTT start: Falcon (91c4c764-ac55-4b66-98e4-d070ed54be23) on 280.500 MHz, 3D, game time 05:09:21
2026-09-26 13:50:48.767 -07:00 [INF] [OpenFreq.Common.RtpJitterBuffer] Transmission gap detected (11212ms RTP delta), resetting jitter measurement
2026-09-26 13:50:48.806 -07:00 [INF] [OpenFreqClient.Services.OpenFreqService] RX 280.500 MHz from Falcon (91c4c764-ac55-4b66-98e4-d070ed54be23), game time 05:09:21: -71.8 dBm, SNR 35.2 dB, FSPL 111.8 dB, terrain 0.0 dB, 32.9 km, tx 4881 m / rx 7420 m MSL
2026-09-26 13:50:49.449 -07:00 [INF] [OpenFreqClient.Services.OpenFreqService] PTT end: Falcon (91c4c764-ac55-4b66-98e4-d070ed54be23) on 280.500 MHz, released, game time 05:09:21
2026-09-26 13:51:20.471 -07:00 [INF] [OpenFreqClient.Services.OpenFreqService] PTT start: Krieger (0b5a8147-b1fa-4307-a8c3-d1087389de25) on 280.500 MHz, 3D, game time 05:09:52
2026-09-26 13:51:20.487 -07:00 [INF] [OpenFreq.Common.RtpJitterBuffer] Transmission gap detected (53677ms RTP delta), resetting jitter measurement
2026-09-26 13:51:20.553 -07:00 [INF] [OpenFreqClient.Services.OpenFreqService] RX 280.500 MHz from Krieger (0b5a8147-b1fa-4307-a8c3-d1087389de25), game time 05:09:52: -62.3 dBm, SNR 44.7 dB, FSPL 102.3 dB, terrain 0.0 dB, 11.1 km, tx 6793 m / rx 7386 m MSL
2026-09-26 13:51:21.111 -07:00 [WRN] [OpenFreqAudio.RadioPlayback] Stream 0b5a8147-b1fa-4307-a8c3-d1087389de25:280500 on 280.500 MHz had no samples for 5.6 ms
2026-09-26 13:51:25.331 -07:00 [INF] [OpenFreqClient.Services.OpenFreqService] PTT end: Krieger (0b5a8147-b1fa-4307-a8c3-d1087389de25) on 280.500 MHz, released, game time 05:09:57
2026-09-26 13:51:27.010 -07:00 [INF] [OpenFreqClient.Services.OpenFreqService] PTT start: gci-chaos (594701b2-6238-4ad8-992b-37a151773ed5) on 280.500 MHz, 3D, game time 05:09:59
2026-09-26 13:51:27.027 -07:00 [INF] [OpenFreq.Common.RtpJitterBuffer] Transmission gap detected (40655ms RTP delta), resetting jitter measurement
2026-09-26 13:51:27.070 -07:00 [INF] [OpenFreqClient.Services.OpenFreqService] RX 280.500 MHz from gci-chaos (594701b2-6238-4ad8-992b-37a151773ed5), game time 05:09:59: -69.7 dBm, SNR 37.3 dB, FSPL 113.7 dB, terrain 0.0 dB, 41.0 km, tx 9147 m / rx 7376 m MSL
2026-09-26 13:51:27.120 -07:00 [WRN] [OpenFreqAudio.RadioPlayback] Stream 594701b2-6238-4ad8-992b-37a151773ed5:280500 on 280.500 MHz had no samples for 10.5 ms
2026-09-26 13:51:28.660 -07:00 [INF] [OpenFreqClient.Services.OpenFreqService] PTT end: gci-chaos (594701b2-6238-4ad8-992b-37a151773ed5) on 280.500 MHz, released, game time 05:10:01
2026-09-26 13:51:38.561 -07:00 [INF] [OpenFreqAudio.RadioPlayback] Stream 'bad80b09-e94d-4c75-9eab-c3ffca19bd3b:243000' on 243.000 MHz
2026-09-26 13:51:40.801 -07:00 [INF] [OpenFreqClient.Services.OpenFreqService] PTT start: gci-chaos (594701b2-6238-4ad8-992b-37a151773ed5) on 280.500 MHz, 3D, game time 05:10:13
2026-09-26 13:51:40.817 -07:00 [INF] [OpenFreq.Common.RtpJitterBuffer] Transmission gap detected (12171ms RTP delta), resetting jitter measurement
2026-09-26 13:51:40.855 -07:00 [INF] [OpenFreqClient.Services.OpenFreqService] RX 280.500 MHz from gci-chaos (594701b2-6238-4ad8-992b-37a151773ed5), game time 05:10:13: -68.9 dBm, SNR 38.1 dB, FSPL 112.9 dB, terrain 0.0 dB, 37.5 km, tx 9147 m / rx 7373 m MSL
2026-09-26 13:51:41.123 -07:00 [WRN] [OpenFreqAudio.RadioPlayback] Stream 594701b2-6238-4ad8-992b-37a151773ed5:280500 on 280.500 MHz had no samples for 10.6 ms
2026-09-26 13:51:43.084 -07:00 [INF] [OpenFreqClient.Services.OpenFreqService] PTT end: gci-chaos (594701b2-6238-4ad8-992b-37a151773ed5) on 280.500 MHz, released, game time 05:10:15
2026-09-26 13:51:43.294 -07:00 [INF] [OpenFreqClient.Services.OpenFreqService] PTT start: gci-chaos (594701b2-6238-4ad8-992b-37a151773ed5) on 280.500 MHz, 3D, game time 05:10:15
2026-09-26 13:51:43.316 -07:00 [INF] [OpenFreqClient.Services.OpenFreqService] PTT end: gci-chaos (594701b2-6238-4ad8-992b-37a151773ed5) on 280.500 MHz, released, game time 05:10:15
2026-09-26 13:51:45.534 -07:00 [INF] [OpenFreqClient.Services.OpenFreqService] PTT start: gci-chaos (594701b2-6238-4ad8-992b-37a151773ed5) on 280.500 MHz, 3D, game time 05:10:17
2026-09-26 13:51:45.546 -07:00 [INF] [OpenFreq.Common.RtpJitterBuffer] Transmission gap detected (2240ms RTP delta), resetting jitter measurement
2026-09-26 13:51:45.557 -07:00 [INF] [OpenFreqClient.Services.OpenFreqService] PTT end: gci-chaos (594701b2-6238-4ad8-992b-37a151773ed5) on 280.500 MHz, released, game time 05:10:17
2026-09-26 13:51:45.592 -07:00 [INF] [OpenFreqClient.Services.OpenFreqService] RX 280.500 MHz from gci-chaos (594701b2-6238-4ad8-992b-37a151773ed5), game time 05:10:17: -68.6 dBm, SNR 38.4 dB, FSPL 112.6 dB, terrain 0.0 dB, 36.3 km, tx 9147 m / rx 7375 m MSL
2026-09-26 13:51:49.132 -07:00 [INF] [OpenFreqClient.Services.OpenFreqService] PTT start: own radio on 280.500 MHz, game time 05:10:21
2026-09-26 13:51:49.570 -07:00 [INF] [OpenFreqClient.Services.OpenFreqService] PTT start: Alligator (2af88464-1ea8-4d04-80ba-d98d4f842617) on 280.500 MHz, 3D, game time 05:10:21
2026-09-26 13:51:49.571 -07:00 [INF] [OpenFreq.Common.RtpJitterBuffer] Transmission gap detected (244345ms RTP delta), resetting jitter measurement
2026-09-26 13:51:50.891 -07:00 [INF] [OpenFreqClient.Services.OpenFreqService] PTT end: own radio on 280.500 MHz, game time 05:10:23
2026-09-26 13:51:50.897 -07:00 [INF] [OpenFreqClient.Services.OpenFreqService] RX 280.500 MHz from Alligator (2af88464-1ea8-4d04-80ba-d98d4f842617), game time 05:10:23: -72.3 dBm, SNR 34.7 dB, FSPL 112.3 dB, terrain 0.0 dB, 35.1 km, tx 6309 m / rx 7378 m MSL
2026-09-26 13:51:50.897 -07:00 [INF] [OpenFreqClient.Services.OpenFreqService] TX level over 1760ms: mic peak -12.3 dBFS rms -29.0 dBFS | sent peak 0.0 dBFS rms -16.3 dBFS | normalizer on, gain 3.127, gate -81.3 dBFS
2026-09-26 13:51:51.685 -07:00 [INF] [OpenFreqClient.Services.OpenFreqService] PTT end: Alligator (2af88464-1ea8-4d04-80ba-d98d4f842617) on 280.500 MHz, released, game time 05:10:24
2026-09-26 13:51:56.698 -07:00 [INF] [OpenFreqClient.Services.OpenFreqService] PTT start: Paintcheck (9c5f9224-8277-4f34-8da9-dbeb707f0e00) on 280.500 MHz, 3D, game time 05:10:29
2026-09-26 13:51:56.716 -07:00 [INF] [OpenFreq.Common.RtpJitterBuffer] Transmission gap detected (265963ms RTP delta), resetting jitter measurement
2026-09-26 13:51:56.750 -07:00 [INF] [OpenFreqClient.Services.OpenFreqService] RX 280.500 MHz from Paintcheck (9c5f9224-8277-4f34-8da9-dbeb707f0e00), game time 05:10:29: -65.7 dBm, SNR 41.3 dB, FSPL 105.7 dB, terrain 0.0 dB, 16.4 km, tx 5197 m / rx 7383 m MSL
2026-09-26 13:51:57.283 -07:00 [WRN] [OpenFreqAudio.RadioPlayback] Stream 9c5f9224-8277-4f34-8da9-dbeb707f0e00:280500 on 280.500 MHz had no samples for 14.0 ms
2026-09-26 13:51:57.630 -07:00 [INF] [OpenFreq.Common.RtpJitterBuffer] Late arrival (0ms past slot) — buffer 48→78ms
2026-09-26 13:52:00.315 -07:00 [INF] [OpenFreqClient.Services.OpenFreqService] PTT end: Paintcheck (9c5f9224-8277-4f34-8da9-dbeb707f0e00) on 280.500 MHz, released, game time 05:10:32
2026-09-26 13:52:00.768 -07:00 [INF] [OpenFreqClient.Services.OpenFreqService] PTT start: gci-chaos (594701b2-6238-4ad8-992b-37a151773ed5) on 280.500 MHz, 3D, game time 05:10:33
2026-09-26 13:52:00.785 -07:00 [INF] [OpenFreq.Common.RtpJitterBuffer] Transmission gap detected (15232ms RTP delta), resetting jitter measurement
2026-09-26 13:52:00.825 -07:00 [INF] [OpenFreqClient.Services.OpenFreqService] RX 280.500 MHz from gci-chaos (594701b2-6238-4ad8-992b-37a151773ed5), game time 05:10:33: -67.7 dBm, SNR 39.3 dB, FSPL 111.7 dB, terrain 0.0 dB, 32.6 km, tx 9147 m / rx 7386 m MSL
2026-09-26 13:52:02.875 -07:00 [INF] [OpenFreqClient.Services.OpenFreqService] PTT end: gci-chaos (594701b2-6238-4ad8-992b-37a151773ed5) on 280.500 MHz, released, game time 05:10:35
2026-09-26 13:52:02.903 -07:00 [INF] [OpenFreqClient.Services.OpenFreqService] PTT start: gci-chaos (594701b2-6238-4ad8-992b-37a151773ed5) on 280.500 MHz, 3D, game time 05:10:35
2026-09-26 13:52:02.962 -07:00 [WRN] [OpenFreqAudio.RadioPlayback] Stream 594701b2-6238-4ad8-992b-37a151773ed5:280500 on 280.500 MHz had no samples for 9.5 ms
2026-09-26 13:52:02.979 -07:00 [INF] [OpenFreqClient.Services.OpenFreqService] PTT end: gci-chaos (594701b2-6238-4ad8-992b-37a151773ed5) on 280.500 MHz, released, game time 05:10:35
2026-09-26 13:52:03.000 -07:00 [INF] [OpenFreqClient.Services.OpenFreqService] PTT start: gci-chaos (594701b2-6238-4ad8-992b-37a151773ed5) on 280.500 MHz, 3D, game time 05:10:35
2026-09-26 13:52:03.041 -07:00 [INF] [OpenFreqClient.Services.OpenFreqService] PTT end: gci-chaos (594701b2-6238-4ad8-992b-37a151773ed5) on 280.500 MHz, released, game time 05:10:35
2026-09-26 13:52:03.166 -07:00 [INF] [OpenFreqClient.Services.OpenFreqService] PTT start: gci-chaos (594701b2-6238-4ad8-992b-37a151773ed5) on 280.500 MHz, 3D, game time 05:10:35
2026-09-26 13:52:03.187 -07:00 [INF] [OpenFreqClient.Services.OpenFreqService] PTT end: gci-chaos (594701b2-6238-4ad8-992b-37a151773ed5) on 280.500 MHz, released, game time 05:10:35
2026-09-26 13:52:10.825 -07:00 [INF] [OpenFreq.Common.RtpJitterBuffer] Transmission gap detected (81372ms RTP delta), resetting jitter measurement
2026-09-26 13:52:10.826 -07:00 [INF] [OpenFreqClient.Services.OpenFreqService] PTT start: Falcon (91c4c764-ac55-4b66-98e4-d070ed54be23) on 280.500 MHz, 3D, game time 05:10:43
2026-09-26 13:52:10.861 -07:00 [INF] [OpenFreqClient.Services.OpenFreqService] RX 280.500 MHz from Falcon (91c4c764-ac55-4b66-98e4-d070ed54be23), game time 05:10:43: -66.4 dBm, SNR 40.6 dB, FSPL 106.4 dB, terrain 0.0 dB, 17.7 km, tx 7016 m / rx 7396 m MSL
2026-09-26 13:52:11.413 -07:00 [WRN] [OpenFreqAudio.RadioPlayback] Stream 91c4c764-ac55-4b66-98e4-d070ed54be23:280500 on 280.500 MHz had no samples for 11.0 ms
2026-09-26 13:52:12.088 -07:00 [INF] [OpenFreqClient.Services.OpenFreqService] PTT end: Falcon (91c4c764-ac55-4b66-98e4-d070ed54be23) on 280.500 MHz, released, game time 05:10:44
2026-09-26 13:52:12.395 -07:00 [INF] [OpenFreqClient.Services.OpenFreqService] PTT start: Stevie (3f69df0a-0474-4403-96f9-9167afaa52d9) on 140.550 MHz, 3D, game time 05:10:44
2026-09-26 13:52:12.406 -07:00 [INF] [OpenFreq.Common.RtpJitterBuffer] Transmission gap detected (126196ms RTP delta), resetting jitter measurement
2026-09-26 13:52:12.476 -07:00 [INF] [OpenFreqClient.Services.OpenFreqService] RX 140.550 MHz from Stevie (3f69df0a-0474-4403-96f9-9167afaa52d9), game time 05:10:44: -49.3 dBm, SNR 60.7 dB, FSPL 89.3 dB, terrain 0.0 dB, 5.0 km, tx 7044 m / rx 7397 m MSL
2026-09-26 13:52:14.040 -07:00 [INF] [OpenFreqClient.Services.OpenFreqService] PTT end: Stevie (3f69df0a-0474-4403-96f9-9167afaa52d9) on 140.550 MHz, released, game time 05:10:46
2026-09-26 13:52:15.572 -07:00 [INF] [OpenFreqClient.Services.OpenFreqService] PTT start: gci-chaos (594701b2-6238-4ad8-992b-37a151773ed5) on 280.500 MHz, 3D, game time 05:10:47
2026-09-26 13:52:15.575 -07:00 [INF] [OpenFreq.Common.RtpJitterBuffer] Transmission gap detected (12398ms RTP delta), resetting jitter measurement
2026-09-26 13:52:15.629 -07:00 [INF] [OpenFreqClient.Services.OpenFreqService] RX 280.500 MHz from gci-chaos (594701b2-6238-4ad8-992b-37a151773ed5), game time 05:10:47: -66.7 dBm, SNR 40.3 dB, FSPL 110.7 dB, terrain 0.0 dB, 29.1 km, tx 9147 m / rx 7397 m MSL
2026-09-26 13:52:17.036 -07:00 [INF] [OpenFreqClient.Services.OpenFreqService] PTT start: own radio on 140.550 MHz, game time 05:10:49
2026-09-26 13:52:17.755 -07:00 [INF] [OpenFreqClient.Services.OpenFreqService] PTT end: own radio on 140.550 MHz, game time 05:10:50
2026-09-26 13:52:17.758 -07:00 [INF] [OpenFreqClient.Services.OpenFreqService] TX level over 720ms: mic peak -18.4 dBFS rms -32.9 dBFS | sent peak -6.1 dBFS rms -21.0 dBFS | normalizer on, gain 3.524, gate -58.0 dBFS
2026-09-26 13:52:20.178 -07:00 [INF] [OpenFreqClient.Services.OpenFreqService] PTT end: gci-chaos (594701b2-6238-4ad8-992b-37a151773ed5) on 280.500 MHz, released, game time 05:10:52
2026-09-26 13:52:20.636 -07:00 [INF] [OpenFreq.Common.RtpJitterBuffer] Transmission gap detected (6595ms RTP delta), resetting jitter measurement
2026-09-26 13:52:20.636 -07:00 [INF] [OpenFreqClient.Services.OpenFreqService] PTT start: Stevie (3f69df0a-0474-4403-96f9-9167afaa52d9) on 140.550 MHz, 3D, game time 05:10:53
2026-09-26 13:52:20.670 -07:00 [INF] [OpenFreqClient.Services.OpenFreqService] RX 140.550 MHz from Stevie (3f69df0a-0474-4403-96f9-9167afaa52d9), game time 05:10:53: -49.7 dBm, SNR 60.3 dB, FSPL 89.7 dB, terrain 0.0 dB, 5.2 km, tx 7077 m / rx 7400 m MSL
2026-09-26 13:52:20.742 -07:00 [INF] [OpenFreqClient.Services.OpenFreqService] PTT end: Stevie (3f69df0a-0474-4403-96f9-9167afaa52d9) on 140.550 MHz, released, game time 05:10:53
2026-09-26 13:52:21.250 -07:00 [INF] [OpenFreqClient.Services.OpenFreqService] PTT start: Stevie (3f69df0a-0474-4403-96f9-9167afaa52d9) on 140.550 MHz, 3D, game time 05:10:53
2026-09-26 13:52:21.271 -07:00 [INF] [OpenFreq.Common.RtpJitterBuffer] Transmission gap detected (540ms RTP delta), resetting jitter measurement
2026-09-26 13:52:21.310 -07:00 [INF] [OpenFreqClient.Services.OpenFreqService] RX 140.550 MHz from Stevie (3f69df0a-0474-4403-96f9-9167afaa52d9), game time 05:10:53: -49.7 dBm, SNR 60.3 dB, FSPL 89.7 dB, terrain 0.0 dB, 5.2 km, tx 7081 m / rx 7400 m MSL
2026-09-26 13:52:21.499 -07:00 [INF] [OpenFreqClient.Services.OpenFreqService] PTT start: Knight (f4461c8b-b37f-4d25-a4cb-5da5ffdcefdc) on 280.500 MHz, 3D, game time 05:10:53
2026-09-26 13:52:21.513 -07:00 [INF] [OpenFreq.Common.RtpJitterBufferPool] New RTP source: SSRC=4209D5F1
2026-09-26 13:52:21.513 -07:00 [INF] [OpenFreq.Common.RtpJitterBuffer] Manual buffer size: 150ms
2026-09-26 13:52:21.513 -07:00 [INF] [OpenFreq.Common.RtpAudioReceiver] Source joined:  SSRC=4209D5F1
2026-09-26 13:52:21.513 -07:00 [INF] [OpenFreq.Common.RtpJitterBuffer] Initialized: buffer=150ms
2026-09-26 13:52:21.663 -07:00 [INF] [OpenFreqClient.Services.OpenFreqService] RX 280.500 MHz from Knight (f4461c8b-b37f-4d25-a4cb-5da5ffdcefdc), game time 05:10:54: -59.3 dBm, SNR 47.7 dB, FSPL 99.3 dB, terrain 0.0 dB, 7.9 km, tx 6701 m / rx 7400 m MSL
2026-09-26 13:52:21.985 -07:00 [INF] [OpenFreqClient.Services.OpenFreqService] PTT end: Stevie (3f69df0a-0474-4403-96f9-9167afaa52d9) on 140.550 MHz, released, game time 05:10:54
2026-09-26 13:52:23.565 -07:00 [INF] [OpenFreqClient.Services.OpenFreqService] PTT end: Knight (f4461c8b-b37f-4d25-a4cb-5da5ffdcefdc) on 280.500 MHz, released, game time 05:10:55
2026-09-26 13:52:32.740 -07:00 [INF] [OpenFreqClient.Services.OpenFreqService] PTT start: Stevie (3f69df0a-0474-4403-96f9-9167afaa52d9) on 140.550 MHz, 3D, game time 05:11:05
2026-09-26 13:52:32.753 -07:00 [INF] [OpenFreq.Common.RtpJitterBuffer] Transmission gap detected (10788ms RTP delta), resetting jitter measurement
2026-09-26 13:52:32.798 -07:00 [INF] [OpenFreqClient.Services.OpenFreqService] RX 140.550 MHz from Stevie (3f69df0a-0474-4403-96f9-9167afaa52d9), game time 05:11:05: -50.1 dBm, SNR 59.9 dB, FSPL 90.1 dB, terrain 0.0 dB, 5.4 km, tx 7130 m / rx 7405 m MSL
2026-09-26 13:52:34.190 -07:00 [INF] [OpenFreqClient.Services.OpenFreqService] PTT end: Stevie (3f69df0a-0474-4403-96f9-9167afaa52d9) on 140.550 MHz, released, game time 05:11:06
2026-09-26 13:52:35.338 -07:00 [INF] [OpenFreqClient.Services.OpenFreqService] PTT start: Knight (f4461c8b-b37f-4d25-a4cb-5da5ffdcefdc) on 280.500 MHz, 3D, game time 05:11:07
2026-09-26 13:52:35.358 -07:00 [INF] [OpenFreq.Common.RtpJitterBuffer] Transmission gap detected (11800ms RTP delta), resetting jitter measurement
2026-09-26 13:52:35.398 -07:00 [INF] [OpenFreqClient.Services.OpenFreqService] RX 280.500 MHz from Knight (f4461c8b-b37f-4d25-a4cb-5da5ffdcefdc), game time 05:11:07: -59.0 dBm, SNR 48.0 dB, FSPL 99.0 dB, terrain 0.0 dB, 7.6 km, tx 6717 m / rx 7406 m MSL
2026-09-26 13:52:38.142 -07:00 [INF] [OpenFreqClient.Services.OpenFreqService] PTT end: Knight (f4461c8b-b37f-4d25-a4cb-5da5ffdcefdc) on 280.500 MHz, released, game time 05:11:10
2026-09-26 13:52:39.195 -07:00 [INF] [OpenFreqClient.Services.OpenFreqService] PTT start: own radio on 140.550 MHz, game time 05:11:11
2026-09-26 13:52:40.043 -07:00 [INF] [OpenFreqClient.Services.OpenFreqService] PTT end: own radio on 140.550 MHz, game time 05:11:12
2026-09-26 13:52:40.048 -07:00 [INF] [OpenFreqClient.Services.OpenFreqService] TX level over 850ms: mic peak -14.2 dBFS rms -28.8 dBFS | sent peak -5.0 dBFS rms -20.3 dBFS | normalizer on, gain 2.479, gate -46.3 dBFS
2026-09-26 13:52:50.876 -07:00 [INF] [OpenFreqClient.Services.OpenFreqService] PTT start: own radio on 140.550 MHz, game time 05:11:23
2026-09-26 13:52:52.620 -07:00 [INF] [OpenFreqClient.Services.OpenFreqService] PTT end: own radio on 140.550 MHz, game time 05:11:24
2026-09-26 13:52:52.628 -07:00 [INF] [OpenFreqClient.Services.OpenFreqService] TX level over 1750ms: mic peak -13.3 dBFS rms -30.5 dBFS | sent peak -2.7 dBFS rms -20.2 dBFS | normalizer on, gain 2.484, gate -79.7 dBFS
2026-09-26 13:52:54.069 -07:00 [INF] [OpenFreqClient.Services.OpenFreqService] PTT start: Stevie (3f69df0a-0474-4403-96f9-9167afaa52d9) on 140.550 MHz, 3D, game time 05:11:26
2026-09-26 13:52:54.081 -07:00 [INF] [OpenFreq.Common.RtpJitterBuffer] Transmission gap detected (19887ms RTP delta), resetting jitter measurement
2026-09-26 13:52:54.122 -07:00 [INF] [OpenFreqClient.Services.OpenFreqService] RX 140.550 MHz from Stevie (3f69df0a-0474-4403-96f9-9167afaa52d9), game time 05:11:26: -50.8 dBm, SNR 59.2 dB, FSPL 90.8 dB, terrain 0.0 dB, 5.9 km, tx 7089 m / rx 7404 m MSL
2026-09-26 13:52:54.176 -07:00 [INF] [OpenFreqClient.Services.OpenFreqService] PTT end: Stevie (3f69df0a-0474-4403-96f9-9167afaa52d9) on 140.550 MHz, released, game time 05:11:26
2026-09-26 13:52:54.193 -07:00 [WRN] [OpenFreqAudio.RadioPlayback] Stream 3f69df0a-0474-4403-96f9-9167afaa52d9:140550 on 140.550 MHz had no samples for 10.5 ms
2026-09-26 13:52:58.370 -07:00 [INF] [OpenFreqClient.Services.OpenFreqService] PTT start: Falcon (91c4c764-ac55-4b66-98e4-d070ed54be23) on 280.500 MHz, 3D, game time 05:11:30
2026-09-26 13:52:58.387 -07:00 [INF] [OpenFreq.Common.RtpJitterBuffer] Transmission gap detected (46308ms RTP delta), resetting jitter measurement
2026-09-26 13:52:58.429 -07:00 [INF] [OpenFreqClient.Services.OpenFreqService] RX 280.500 MHz from Falcon (91c4c764-ac55-4b66-98e4-d070ed54be23), game time 05:11:30: -68.7 dBm, SNR 38.3 dB, FSPL 108.7 dB, terrain 0.0 dB, 23.2 km, tx 6979 m / rx 7404 m MSL
2026-09-26 13:53:05.060 -07:00 [INF] [OpenFreqClient.Services.OpenFreqService] PTT end: Falcon (91c4c764-ac55-4b66-98e4-d070ed54be23) on 280.500 MHz, released, game time 05:11:37
2026-09-26 13:53:05.938 -07:00 [INF] [OpenFreqClient.Services.OpenFreqService] PTT start: gci-chaos (594701b2-6238-4ad8-992b-37a151773ed5) on 280.500 MHz, 3D, game time 05:11:38
2026-09-26 13:53:05.960 -07:00 [INF] [OpenFreq.Common.RtpJitterBuffer] Transmission gap detected (45775ms RTP delta), resetting jitter measurement
2026-09-26 13:53:05.999 -07:00 [INF] [OpenFreqClient.Services.OpenFreqService] RX 280.500 MHz from gci-chaos (594701b2-6238-4ad8-992b-37a151773ed5), game time 05:11:38: -62.8 dBm, SNR 44.2 dB, FSPL 106.8 dB, terrain 0.0 dB, 18.6 km, tx 9147 m / rx 7403 m MSL
2026-09-26 13:53:06.421 -07:00 [INF] [OpenFreqClient.Services.OpenFreqService] PTT end: gci-chaos (594701b2-6238-4ad8-992b-37a151773ed5) on 280.500 MHz, released, game time 05:11:38
2026-09-26 13:53:23.835 -07:00 [INF] [OpenFreqClient.Services.OpenFreqService] PTT start: own radio on 140.550 MHz, game time 05:11:56
2026-09-26 13:53:27.755 -07:00 [INF] [OpenFreqClient.Services.OpenFreqService] PTT end: own radio on 140.550 MHz, game time 05:12:00
2026-09-26 13:53:27.758 -07:00 [INF] [OpenFreqClient.Services.OpenFreqService] TX level over 3920ms: mic peak -8.5 dBFS rms -25.7 dBFS | sent peak -5.7 dBFS rms -21.4 dBFS | normalizer on, gain 7.250, gate -54.3 dBFS
2026-09-26 13:53:30.875 -07:00 [INF] [OpenFreqClient.Services.OpenFreqService] PTT start: SkyFox (43ff3b58-7576-451b-af7c-3b0c94df56b7) on 140.550 MHz, 3D, game time 05:12:03
2026-09-26 13:53:30.893 -07:00 [INF] [OpenFreq.Common.RtpJitterBuffer] Transmission gap detected (205327ms RTP delta), resetting jitter measurement
2026-09-26 13:53:30.928 -07:00 [INF] [OpenFreqClient.Services.OpenFreqService] RX 140.550 MHz from SkyFox (43ff3b58-7576-451b-af7c-3b0c94df56b7), game time 05:12:03: -45.2 dBm, SNR 64.8 dB, FSPL 85.2 dB, terrain 0.0 dB, 3.1 km, tx 7453 m / rx 7406 m MSL
2026-09-26 13:53:31.889 -07:00 [INF] [OpenFreqClient.Services.OpenFreqService] PTT end: SkyFox (43ff3b58-7576-451b-af7c-3b0c94df56b7) on 140.550 MHz, released, game time 05:12:04
2026-09-26 13:53:32.055 -07:00 [INF] [OpenFreqClient.Services.OpenFreqService] PTT start: Polaris (4c187006-039a-4fcb-b6df-d456875763f7) on 280.500 MHz, 3D, game time 05:12:04
2026-09-26 13:53:32.081 -07:00 [INF] [OpenFreq.Common.RtpJitterBufferPool] New RTP source: SSRC=2BF943CC
2026-09-26 13:53:32.081 -07:00 [INF] [OpenFreq.Common.RtpJitterBuffer] Manual buffer size: 150ms
2026-09-26 13:53:32.081 -07:00 [INF] [OpenFreq.Common.RtpAudioReceiver] Source joined:  SSRC=2BF943CC
2026-09-26 13:53:32.081 -07:00 [INF] [OpenFreq.Common.RtpJitterBuffer] Initialized: buffer=150ms
2026-09-26 13:53:32.231 -07:00 [INF] [OpenFreqClient.Services.OpenFreqService] RX 280.500 MHz from Polaris (4c187006-039a-4fcb-b6df-d456875763f7), game time 05:12:04: -76.1 dBm, SNR 30.9 dB, FSPL 116.1 dB, terrain 0.0 dB, 54.4 km, tx 5639 m / rx 7406 m MSL
2026-09-26 13:53:32.696 -07:00 [INF] [OpenFreqClient.Services.OpenFreqService] PTT end: Polaris (4c187006-039a-4fcb-b6df-d456875763f7) on 280.500 MHz, released, game time 05:12:05
2026-09-26 13:53:33.113 -07:00 [INF] [OpenFreqClient.Services.OpenFreqService] PTT start: Polaris (4c187006-039a-4fcb-b6df-d456875763f7) on 280.500 MHz, 3D, game time 05:12:05
2026-09-26 13:53:33.738 -07:00 [INF] [OpenFreqClient.Services.OpenFreqService] PTT start: Kug (e406d0a0-64e6-4450-9ec0-300837b7b89a) on 280.500 MHz, 3D, game time 05:12:06
2026-09-26 13:53:33.745 -07:00 [INF] [OpenFreq.Common.RtpJitterBufferPool] New RTP source: SSRC=141FC2A9
2026-09-26 13:53:33.745 -07:00 [INF] [OpenFreq.Common.RtpJitterBuffer] Manual buffer size: 150ms
2026-09-26 13:53:33.745 -07:00 [INF] [OpenFreq.Common.RtpAudioReceiver] Source joined:  SSRC=141FC2A9
2026-09-26 13:53:33.745 -07:00 [INF] [OpenFreq.Common.RtpJitterBuffer] Initialized: buffer=150ms
2026-09-26 13:53:33.895 -07:00 [INF] [OpenFreqClient.Services.OpenFreqService] RX 280.500 MHz from Kug (e406d0a0-64e6-4450-9ec0-300837b7b89a), game time 05:12:06: -74.2 dBm, SNR 32.8 dB, FSPL 114.2 dB, terrain 0.0 dB, 43.6 km, tx 8845 m / rx 7406 m MSL
2026-09-26 13:53:34.841 -07:00 [INF] [OpenFreqClient.Services.OpenFreqService] PTT end: Polaris (4c187006-039a-4fcb-b6df-d456875763f7) on 280.500 MHz, released, game time 05:12:07
2026-09-26 13:53:38.342 -07:00 [INF] [OpenFreqClient.Services.OpenFreqService] PTT end: Kug (e406d0a0-64e6-4450-9ec0-300837b7b89a) on 280.500 MHz, released, game time 05:12:10
2026-09-26 13:53:39.979 -07:00 [INF] [OpenFreqClient.Services.OpenFreqService] PTT start: Polaris (4c187006-039a-4fcb-b6df-d456875763f7) on 280.500 MHz, 3D, game time 05:12:12
2026-09-26 13:53:39.999 -07:00 [INF] [OpenFreq.Common.RtpJitterBuffer] Transmission gap detected (5164ms RTP delta), resetting jitter measurement
2026-09-26 13:53:40.043 -07:00 [INF] [OpenFreqClient.Services.OpenFreqService] RX 280.500 MHz from Polaris (4c187006-039a-4fcb-b6df-d456875763f7), game time 05:12:12: -76.5 dBm, SNR 30.5 dB, FSPL 116.5 dB, terrain 0.0 dB, 56.8 km, tx 5623 m / rx 7407 m MSL
2026-09-26 13:53:40.092 -07:00 [WRN] [OpenFreqAudio.RadioPlayback] Stream 4c187006-039a-4fcb-b6df-d456875763f7:280500 on 280.500 MHz had no samples for 10.5 ms
2026-09-26 13:53:40.932 -07:00 [INF] [OpenFreq.Common.RtpJitterBuffer] Late arrival (9ms past slot) — buffer 42→81ms
2026-09-26 13:53:41.609 -07:00 [INF] [OpenFreqClient.Services.OpenFreqService] PTT end: Polaris (4c187006-039a-4fcb-b6df-d456875763f7) on 280.500 MHz, released, game time 05:12:13
2026-09-26 13:53:43.046 -07:00 [INF] [OpenFreqClient.Services.OpenFreqService] PTT start: gci-chaos (594701b2-6238-4ad8-992b-37a151773ed5) on 280.500 MHz, 3D, game time 05:12:15
2026-09-26 13:53:43.059 -07:00 [INF] [OpenFreq.Common.RtpJitterBuffer] Transmission gap detected (36667ms RTP delta), resetting jitter measurement
2026-09-26 13:53:43.105 -07:00 [INF] [OpenFreqClient.Services.OpenFreqService] RX 280.500 MHz from gci-chaos (594701b2-6238-4ad8-992b-37a151773ed5), game time 05:12:15: -61.6 dBm, SNR 45.4 dB, FSPL 105.5 dB, terrain 0.0 dB, 16.1 km, tx 9147 m / rx 7407 m MSL
2026-09-26 13:53:46.694 -07:00 [INF] [OpenFreqClient.Services.OpenFreqService] PTT end: gci-chaos (594701b2-6238-4ad8-992b-37a151773ed5) on 280.500 MHz, released, game time 05:12:19
2026-09-26 13:53:50.027 -07:00 [INF] [OpenFreqClient.Services.OpenFreqService] PTT start: Paintcheck (9c5f9224-8277-4f34-8da9-dbeb707f0e00) on 280.500 MHz, 3D, game time 05:12:22
2026-09-26 13:53:50.028 -07:00 [INF] [OpenFreq.Common.RtpJitterBuffer] Transmission gap detected (109712ms RTP delta), resetting jitter measurement
2026-09-26 13:53:50.063 -07:00 [INF] [OpenFreqClient.Services.OpenFreqService] RX 280.500 MHz from Paintcheck (9c5f9224-8277-4f34-8da9-dbeb707f0e00), game time 05:12:22: -69.1 dBm, SNR 37.9 dB, FSPL 109.1 dB, terrain 0.0 dB, 24.3 km, tx 5346 m / rx 7405 m MSL
2026-09-26 13:53:54.337 -07:00 [INF] [OpenFreqClient.Services.OpenFreqService] PTT start: gci-chaos (594701b2-6238-4ad8-992b-37a151773ed5) on 280.500 MHz, 3D, game time 05:12:26
2026-09-26 13:53:54.349 -07:00 [INF] [OpenFreq.Common.RtpJitterBuffer] Transmission gap detected (7666ms RTP delta), resetting jitter measurement
2026-09-26 13:53:54.385 -07:00 [INF] [OpenFreqClient.Services.OpenFreqService] RX 280.500 MHz from gci-chaos (594701b2-6238-4ad8-992b-37a151773ed5), game time 05:12:26: -61.9 dBm, SNR 45.1 dB, FSPL 105.9 dB, terrain 0.0 dB, 16.8 km, tx 9147 m / rx 7403 m MSL
2026-09-26 13:53:54.457 -07:00 [INF] [OpenFreqClient.Services.OpenFreqService] PTT end: gci-chaos (594701b2-6238-4ad8-992b-37a151773ed5) on 280.500 MHz, released, game time 05:12:26
2026-09-26 13:53:54.620 -07:00 [INF] [OpenFreqClient.Services.OpenFreqService] PTT end: Paintcheck (9c5f9224-8277-4f34-8da9-dbeb707f0e00) on 280.500 MHz, released, game time 05:12:26
2026-09-26 13:53:55.215 -07:00 [INF] [OpenFreqClient.Services.OpenFreqService] PTT start: gci-chaos (594701b2-6238-4ad8-992b-37a151773ed5) on 280.500 MHz, 3D, game time 05:12:27
2026-09-26 13:53:55.229 -07:00 [INF] [OpenFreq.Common.RtpJitterBuffer] Transmission gap detected (778ms RTP delta), resetting jitter measurement
2026-09-26 13:53:55.263 -07:00 [INF] [OpenFreqClient.Services.OpenFreqService] RX 280.500 MHz from gci-chaos (594701b2-6238-4ad8-992b-37a151773ed5), game time 05:12:27: -62.0 dBm, SNR 45.0 dB, FSPL 105.9 dB, terrain 0.0 dB, 16.9 km, tx 9147 m / rx 7403 m MSL
2026-09-26 13:53:55.461 -07:00 [INF] [OpenFreqClient.Services.OpenFreqService] PTT start: Stevie (3f69df0a-0474-4403-96f9-9167afaa52d9) on 140.550 MHz, 3D, game time 05:12:27
2026-09-26 13:53:55.475 -07:00 [INF] [OpenFreq.Common.RtpJitterBuffer] Transmission gap detected (61312ms RTP delta), resetting jitter measurement
2026-09-26 13:53:55.514 -07:00 [INF] [OpenFreqClient.Services.OpenFreqService] RX 140.550 MHz from Stevie (3f69df0a-0474-4403-96f9-9167afaa52d9), game time 05:12:27: -50.8 dBm, SNR 59.2 dB, FSPL 90.8 dB, terrain 0.0 dB, 5.9 km, tx 6853 m / rx 7403 m MSL
2026-09-26 13:53:55.836 -07:00 [INF] [OpenFreq.Common.RtpJitterBuffer] Late arrival (14ms past slot) — buffer 39→82ms
2026-09-26 13:53:55.836 -07:00 [INF] [OpenFreq.Common.RtpJitterBuffer] Late arrival (3ms past slot) — buffer 68→100ms
2026-09-26 13:53:56.097 -07:00 [INF] [OpenFreqClient.Services.OpenFreqService] PTT end: Stevie (3f69df0a-0474-4403-96f9-9167afaa52d9) on 140.550 MHz, released, game time 05:12:28
2026-09-26 13:53:59.203 -07:00 [INF] [OpenFreqClient.Services.OpenFreqService] PTT end: gci-chaos (594701b2-6238-4ad8-992b-37a151773ed5) on 280.500 MHz, released, game time 05:12:31
2026-09-26 13:53:59.717 -07:00 [INF] [OpenFreqClient.Services.OpenFreqService] PTT start: Stevie (3f69df0a-0474-4403-96f9-9167afaa52d9) on 140.550 MHz, 3D, game time 05:12:32
2026-09-26 13:53:59.737 -07:00 [INF] [OpenFreq.Common.RtpJitterBuffer] Transmission gap detected (3637ms RTP delta), resetting jitter measurement
2026-09-26 13:53:59.796 -07:00 [INF] [OpenFreqClient.Services.OpenFreqService] RX 140.550 MHz from Stevie (3f69df0a-0474-4403-96f9-9167afaa52d9), game time 05:12:32: -50.8 dBm, SNR 59.2 dB, FSPL 90.8 dB, terrain 0.0 dB, 5.9 km, tx 6853 m / rx 7401 m MSL
2026-09-26 13:54:03.457 -07:00 [INF] [OpenFreqClient.Services.OpenFreqService] PTT end: Stevie (3f69df0a-0474-4403-96f9-9167afaa52d9) on 140.550 MHz, released, game time 05:12:35
2026-09-26 13:54:09.804 -07:00 [INF] [OpenFreqClient.Services.OpenFreqService] PTT start: own radio on 140.550 MHz, game time 05:12:42
2026-09-26 13:54:10.246 -07:00 [INF] [OpenFreqClient.Services.OpenFreqService] PTT start: Krieger (0b5a8147-b1fa-4307-a8c3-d1087389de25) on 280.500 MHz, 3D, game time 05:12:42
2026-09-26 13:54:10.266 -07:00 [INF] [OpenFreq.Common.RtpJitterBuffer] Transmission gap detected (164940ms RTP delta), resetting jitter measurement
2026-09-26 13:54:10.332 -07:00 [INF] [OpenFreqClient.Services.OpenFreqService] RX 280.500 MHz from Krieger (0b5a8147-b1fa-4307-a8c3-d1087389de25), game time 05:12:42: -52.4 dBm, SNR 54.6 dB, FSPL 92.4 dB, terrain 0.0 dB, 3.5 km, tx 6324 m / rx 7396 m MSL
2026-09-26 13:54:10.502 -07:00 [WRN] [OpenFreqAudio.RadioPlayback] Stream 0b5a8147-b1fa-4307-a8c3-d1087389de25:280500 on 280.500 MHz had no samples for 10.0 ms
2026-09-26 13:54:11.180 -07:00 [INF] [OpenFreqClient.Services.OpenFreqService] PTT end: Krieger (0b5a8147-b1fa-4307-a8c3-d1087389de25) on 280.500 MHz, released, game time 05:12:43
2026-09-26 13:54:12.283 -07:00 [INF] [OpenFreqClient.Services.OpenFreqService] PTT end: own radio on 140.550 MHz, game time 05:12:44
2026-09-26 13:54:12.289 -07:00 [INF] [OpenFreqClient.Services.OpenFreqService] TX level over 2470ms: mic peak -8.7 dBFS rms -26.0 dBFS | sent peak -0.5 dBFS rms -19.9 dBFS | normalizer on, gain 1.932, gate -48.2 dBFS
2026-09-26 13:54:17.197 -07:00 [INF] [OpenFreqClient.Services.OpenFreqService] PTT start: MBee (96d0aaf9-fc04-4ef3-8c64-f95b30259b59) on 280.500 MHz, 3D, game time 05:12:49
2026-09-26 13:54:17.210 -07:00 [INF] [OpenFreq.Common.RtpJitterBufferPool] New RTP source: SSRC=27D099D4
2026-09-26 13:54:17.210 -07:00 [INF] [OpenFreq.Common.RtpJitterBuffer] Manual buffer size: 150ms
2026-09-26 13:54:17.210 -07:00 [INF] [OpenFreq.Common.RtpAudioReceiver] Source joined:  SSRC=27D099D4
2026-09-26 13:54:17.210 -07:00 [INF] [OpenFreq.Common.RtpJitterBuffer] Initialized: buffer=150ms
2026-09-26 13:54:17.360 -07:00 [INF] [OpenFreqClient.Services.OpenFreqService] RX 280.500 MHz from MBee (96d0aaf9-fc04-4ef3-8c64-f95b30259b59), game time 05:12:49: -60.6 dBm, SNR 46.4 dB, FSPL 100.6 dB, terrain 0.0 dB, 9.1 km, tx 6843 m / rx 7460 m MSL
2026-09-26 13:54:17.785 -07:00 [INF] [OpenFreqClient.Services.OpenFreqService] PTT end: MBee (96d0aaf9-fc04-4ef3-8c64-f95b30259b59) on 280.500 MHz, released, game time 05:12:50
2026-09-26 13:54:21.958 -07:00 [INF] [OpenFreqClient.Services.OpenFreqService] PTT start: gci-chaos (594701b2-6238-4ad8-992b-37a151773ed5) on 280.500 MHz, 3D, game time 05:12:54
2026-09-26 13:54:21.972 -07:00 [INF] [OpenFreq.Common.RtpJitterBuffer] Transmission gap detected (22782ms RTP delta), resetting jitter measurement
2026-09-26 13:54:22.015 -07:00 [INF] [OpenFreqClient.Services.OpenFreqService] RX 280.500 MHz from gci-chaos (594701b2-6238-4ad8-992b-37a151773ed5), game time 05:12:54: -63.9 dBm, SNR 43.1 dB, FSPL 107.9 dB, terrain 0.0 dB, 21.0 km, tx 9147 m / rx 7678 m MSL
2026-09-26 13:54:22.998 -07:00 [INF] [OpenFreqClient.Services.OpenFreqService] PTT end: gci-chaos (594701b2-6238-4ad8-992b-37a151773ed5) on 280.500 MHz, released, game time 05:12:55
2026-09-26 13:54:26.803 -07:00 [INF] [OpenFreqClient.Services.OpenFreqService] PTT start: gci-chaos (594701b2-6238-4ad8-992b-37a151773ed5) on 280.500 MHz, 3D, game time 05:12:59
2026-09-26 13:54:26.823 -07:00 [INF] [OpenFreq.Common.RtpJitterBuffer] Transmission gap detected (3832ms RTP delta), resetting jitter measurement
2026-09-26 13:54:26.846 -07:00 [INF] [OpenFreqClient.Services.OpenFreqService] PTT end: gci-chaos (594701b2-6238-4ad8-992b-37a151773ed5) on 280.500 MHz, released, game time 05:12:59
2026-09-26 13:54:26.863 -07:00 [INF] [OpenFreqClient.Services.OpenFreqService] RX 280.500 MHz from gci-chaos (594701b2-6238-4ad8-992b-37a151773ed5), game time 05:12:59: -64.1 dBm, SNR 42.9 dB, FSPL 108.1 dB, terrain 0.0 dB, 21.6 km, tx 9147 m / rx 7992 m MSL
2026-09-26 13:54:27.131 -07:00 [INF] [OpenFreqClient.Services.OpenFreqService] PTT start: own radio on 280.500 MHz, game time 05:12:59
2026-09-26 13:54:27.323 -07:00 [INF] [OpenFreqClient.Services.OpenFreqService] PTT end: own radio on 280.500 MHz, game time 05:12:59
2026-09-26 13:54:27.327 -07:00 [INF] [OpenFreqClient.Services.OpenFreqService] TX level over 190ms: mic peak -12.6 dBFS rms -24.7 dBFS | sent peak -7.4 dBFS rms -19.5 dBFS | normalizer on, gain 1.560, gate -42.3 dBFS
2026-09-26 13:54:28.041 -07:00 [INF] [OpenFreqClient.Services.OpenFreqService] PTT start: Stevie (3f69df0a-0474-4403-96f9-9167afaa52d9) on 140.550 MHz, 3D, game time 05:13:00
2026-09-26 13:54:28.052 -07:00 [INF] [OpenFreq.Common.RtpJitterBuffer] Transmission gap detected (24600ms RTP delta), resetting jitter measurement
2026-09-26 13:54:28.107 -07:00 [INF] [OpenFreqClient.Services.OpenFreqService] RX 140.550 MHz from Stevie (3f69df0a-0474-4403-96f9-9167afaa52d9), game time 05:13:00: -50.3 dBm, SNR 59.7 dB, FSPL 90.3 dB, terrain 0.0 dB, 5.5 km, tx 6853 m / rx 8071 m MSL
2026-09-26 13:54:28.712 -07:00 [INF] [OpenFreqClient.Services.OpenFreqService] PTT end: Stevie (3f69df0a-0474-4403-96f9-9167afaa52d9) on 140.550 MHz, released, game time 05:13:01
2026-09-26 13:54:31.340 -07:00 [INF] [OpenFreqClient.Services.OpenFreqService] PTT start: own radio on 140.550 MHz, game time 05:13:03
2026-09-26 13:54:31.916 -07:00 [INF] [OpenFreqClient.Services.OpenFreqService] PTT end: own radio on 140.550 MHz, game time 05:13:04
2026-09-26 13:54:31.918 -07:00 [INF] [OpenFreqClient.Services.OpenFreqService] TX level over 570ms: mic peak -8.7 dBFS rms -25.3 dBFS | sent peak 0.0 dBFS rms -13.1 dBFS | normalizer on, gain 1.444, gate -74.8 dBFS
2026-09-26 13:54:35.868 -07:00 [INF] [OpenFreqClient.Services.OpenFreqService] PTT start: own radio on 280.500 MHz, game time 05:13:08
2026-09-26 13:54:37.387 -07:00 [INF] [OpenFreqClient.Services.OpenFreqService] PTT end: own radio on 280.500 MHz, game time 05:13:09
2026-09-26 13:54:37.388 -07:00 [INF] [OpenFreqClient.Services.OpenFreqService] TX level over 1510ms: mic peak -10.3 dBFS rms -26.5 dBFS | sent peak -4.2 dBFS rms -21.9 dBFS | normalizer on, gain 4.997, gate -80.6 dBFS
2026-09-26 13:54:38.141 -07:00 [INF] [OpenFreqClient.Services.OpenFreqService] PTT start: Knight (f4461c8b-b37f-4d25-a4cb-5da5ffdcefdc) on 280.500 MHz, 3D, game time 05:13:10
2026-09-26 13:54:38.156 -07:00 [INF] [OpenFreq.Common.RtpJitterBuffer] Transmission gap detected (120019ms RTP delta), resetting jitter measurement
2026-09-26 13:54:38.192 -07:00 [INF] [OpenFreqClient.Services.OpenFreqService] RX 280.500 MHz from Knight (f4461c8b-b37f-4d25-a4cb-5da5ffdcefdc), game time 05:13:10: -59.4 dBm, SNR 47.6 dB, FSPL 99.4 dB, terrain 0.0 dB, 7.9 km, tx 1434 m / rx 8462 m MSL
2026-09-26 13:54:38.422 -07:00 [WRN] [OpenFreqAudio.RadioPlayback] Stream f4461c8b-b37f-4d25-a4cb-5da5ffdcefdc:280500 on 280.500 MHz had no samples for 10.0 ms
2026-09-26 13:54:39.394 -07:00 [INF] [OpenFreqClient.Services.OpenFreqService] PTT end: Knight (f4461c8b-b37f-4d25-a4cb-5da5ffdcefdc) on 280.500 MHz, released, game time 05:13:11
2026-09-26 13:54:42.955 -07:00 [INF] [OpenFreqClient.Services.OpenFreqService] PTT start: Falcon (91c4c764-ac55-4b66-98e4-d070ed54be23) on 280.500 MHz, 3D, game time 05:13:15
2026-09-26 13:54:42.965 -07:00 [INF] [OpenFreq.Common.RtpJitterBuffer] Transmission gap detected (97916ms RTP delta), resetting jitter measurement
2026-09-26 13:54:43.008 -07:00 [INF] [OpenFreqClient.Services.OpenFreqService] RX 280.500 MHz from Falcon (91c4c764-ac55-4b66-98e4-d070ed54be23), game time 05:13:15: -75.0 dBm, SNR 32.0 dB, FSPL 115.0 dB, terrain 0.0 dB, 47.9 km, tx 8037 m / rx 8352 m MSL
2026-09-26 13:54:45.313 -07:00 [INF] [OpenFreqClient.Services.OpenFreqService] PTT start: Stevie (3f69df0a-0474-4403-96f9-9167afaa52d9) on 140.550 MHz, 3D, game time 05:13:17
2026-09-26 13:54:45.339 -07:00 [INF] [OpenFreq.Common.RtpJitterBuffer] Transmission gap detected (16639ms RTP delta), resetting jitter measurement
2026-09-26 13:54:45.382 -07:00 [INF] [OpenFreqClient.Services.OpenFreqService] RX 140.550 MHz from Stevie (3f69df0a-0474-4403-96f9-9167afaa52d9), game time 05:13:17: -40.2 dBm, SNR 69.8 dB, FSPL 80.2 dB, terrain 0.0 dB, 1.7 km, tx 6924 m / rx 8263 m MSL
2026-09-26 13:54:45.832 -07:00 [INF] [OpenFreqClient.Services.OpenFreqService] PTT end: Falcon (91c4c764-ac55-4b66-98e4-d070ed54be23) on 280.500 MHz, released, game time 05:13:18
2026-09-26 13:54:46.452 -07:00 [WRN] [OpenFreqAudio.RadioPlayback] Stream 3f69df0a-0474-4403-96f9-9167afaa52d9:140550 on 140.550 MHz had no samples for 10.5 ms
2026-09-26 13:54:46.539 -07:00 [INF] [OpenFreqClient.Services.OpenFreqService] PTT end: Stevie (3f69df0a-0474-4403-96f9-9167afaa52d9) on 140.550 MHz, released, game time 05:13:18
2026-09-26 13:54:53.673 -07:00 [INF] [OpenFreqClient.Services.OpenFreqService] PTT start: Stevie (3f69df0a-0474-4403-96f9-9167afaa52d9) on 140.550 MHz, 3D, game time 05:13:26
2026-09-26 13:54:53.688 -07:00 [INF] [OpenFreq.Common.RtpJitterBuffer] Transmission gap detected (7152ms RTP delta), resetting jitter measurement
2026-09-26 13:54:53.735 -07:00 [INF] [OpenFreqClient.Services.OpenFreqService] RX 140.550 MHz from Stevie (3f69df0a-0474-4403-96f9-9167afaa52d9), game time 05:13:26: -45.0 dBm, SNR 65.0 dB, FSPL 85.0 dB, terrain 0.0 dB, 3.0 km, tx 6880 m / rx 7943 m MSL
2026-09-26 13:54:54.583 -07:00 [INF] [OpenFreqClient.Services.OpenFreqService] PTT end: Stevie (3f69df0a-0474-4403-96f9-9167afaa52d9) on 140.550 MHz, released, game time 05:13:26
2026-09-26 13:54:58.991 -07:00 [INF] [OpenFreqClient.Services.OpenFreqService] PTT start: gci-chaos (594701b2-6238-4ad8-992b-37a151773ed5) on 280.500 MHz, 3D, game time 05:13:31
2026-09-26 13:54:59.010 -07:00 [INF] [OpenFreq.Common.RtpJitterBuffer] Transmission gap detected (32169ms RTP delta), resetting jitter measurement
2026-09-26 13:54:59.052 -07:00 [INF] [OpenFreqClient.Services.OpenFreqService] RX 280.500 MHz from gci-chaos (594701b2-6238-4ad8-992b-37a151773ed5), game time 05:13:31: -62.0 dBm, SNR 45.0 dB, FSPL 106.0 dB, terrain 0.0 dB, 16.9 km, tx 9147 m / rx 7813 m MSL
2026-09-26 13:55:00.287 -07:00 [INF] [OpenFreqClient.Services.OpenFreqService] PTT end: gci-chaos (594701b2-6238-4ad8-992b-37a151773ed5) on 280.500 MHz, released, game time 05:13:32
2026-09-26 13:55:01.208 -07:00 [INF] [OpenFreqClient.Services.OpenFreqService] PTT start: Falcon (91c4c764-ac55-4b66-98e4-d070ed54be23) on 280.500 MHz, 3D, game time 05:13:33
2026-09-26 13:55:01.231 -07:00 [INF] [OpenFreq.Common.RtpJitterBuffer] Transmission gap detected (15396ms RTP delta), resetting jitter measurement
2026-09-26 13:55:01.270 -07:00 [INF] [OpenFreqClient.Services.OpenFreqService] RX 280.500 MHz from Falcon (91c4c764-ac55-4b66-98e4-d070ed54be23), game time 05:13:33: -75.4 dBm, SNR 31.6 dB, FSPL 115.4 dB, terrain 0.0 dB, 50.0 km, tx 6644 m / rx 7774 m MSL
2026-09-26 13:55:01.945 -07:00 [INF] [OpenFreqClient.Services.OpenFreqService] PTT end: Falcon (91c4c764-ac55-4b66-98e4-d070ed54be23) on 280.500 MHz, released, game time 05:13:34
2026-09-26 13:55:07.761 -07:00 [INF] [OpenFreqClient.Services.OpenFreqService] PTT start: Paintcheck (9c5f9224-8277-4f34-8da9-dbeb707f0e00) on 280.500 MHz, 3D, game time 05:13:40
2026-09-26 13:55:07.779 -07:00 [INF] [OpenFreq.Common.RtpJitterBuffer] Transmission gap detected (73165ms RTP delta), resetting jitter measurement
2026-09-26 13:55:07.818 -07:00 [INF] [OpenFreqClient.Services.OpenFreqService] RX 280.500 MHz from Paintcheck (9c5f9224-8277-4f34-8da9-dbeb707f0e00), game time 05:13:40: -64.6 dBm, SNR 42.4 dB, FSPL 104.6 dB, terrain 0.0 dB, 14.5 km, tx 4848 m / rx 7643 m MSL
2026-09-26 13:55:10.565 -07:00 [INF] [OpenFreqClient.Services.OpenFreqService] PTT end: Paintcheck (9c5f9224-8277-4f34-8da9-dbeb707f0e00) on 280.500 MHz, released, game time 05:13:42
2026-09-26 13:55:12.203 -07:00 [INF] [OpenFreqClient.Services.OpenFreqService] PTT start: gci-chaos (594701b2-6238-4ad8-992b-37a151773ed5) on 280.500 MHz, 3D, game time 05:13:44
2026-09-26 13:55:12.221 -07:00 [INF] [OpenFreq.Common.RtpJitterBuffer] Transmission gap detected (11950ms RTP delta), resetting jitter measurement
2026-09-26 13:55:12.261 -07:00 [INF] [OpenFreqClient.Services.OpenFreqService] RX 280.500 MHz from gci-chaos (594701b2-6238-4ad8-992b-37a151773ed5), game time 05:13:44: -62.2 dBm, SNR 44.8 dB, FSPL 106.1 dB, terrain 0.0 dB, 17.2 km, tx 9147 m / rx 7512 m MSL
2026-09-26 13:55:12.934 -07:00 [INF] [OpenFreqClient.Services.OpenFreqService] PTT end: gci-chaos (594701b2-6238-4ad8-992b-37a151773ed5) on 280.500 MHz, released, game time 05:13:45
2026-09-26 13:55:24.378 -07:00 [INF] [OpenFreqClient.Services.OpenFreqService] PTT start: gci-chaos (594701b2-6238-4ad8-992b-37a151773ed5) on 280.500 MHz, 3D, game time 05:13:56
2026-09-26 13:55:24.392 -07:00 [INF] [OpenFreq.Common.RtpJitterBuffer] Transmission gap detected (11476ms RTP delta), resetting jitter measurement
2026-09-26 13:55:24.446 -07:00 [INF] [OpenFreqClient.Services.OpenFreqService] RX 280.500 MHz from gci-chaos (594701b2-6238-4ad8-992b-37a151773ed5), game time 05:13:56: -63.5 dBm, SNR 43.5 dB, FSPL 107.5 dB, terrain 0.0 dB, 20.1 km, tx 9147 m / rx 7060 m MSL
2026-09-26 13:55:27.514 -07:00 [INF] [OpenFreqClient.Services.OpenFreqService] PTT end: gci-chaos (594701b2-6238-4ad8-992b-37a151773ed5) on 280.500 MHz, released, game time 05:13:59
2026-09-26 13:55:52.284 -07:00 [INF] [OpenFreqClient.Services.OpenFreqService] PTT start: own radio on 140.550 MHz, game time 05:14:24
2026-09-26 13:55:54.587 -07:00 [INF] [OpenFreqClient.Services.OpenFreqService] PTT end: own radio on 140.550 MHz, game time 05:14:26
2026-09-26 13:55:54.589 -07:00 [INF] [OpenFreqClient.Services.OpenFreqService] TX level over 2300ms: mic peak -9.5 dBFS rms -25.6 dBFS | sent peak 0.0 dBFS rms -19.6 dBFS | normalizer on, gain 2.984, gate -59.0 dBFS
2026-09-26 13:55:58.774 -07:00 [INF] [OpenFreqClient.Services.OpenFreqService] PTT start: Stevie (3f69df0a-0474-4403-96f9-9167afaa52d9) on 140.550 MHz, 3D, game time 05:14:31
2026-09-26 13:55:58.795 -07:00 [INF] [OpenFreq.Common.RtpJitterBuffer] Transmission gap detected (64227ms RTP delta), resetting jitter measurement
2026-09-26 13:55:58.839 -07:00 [INF] [OpenFreqClient.Services.OpenFreqService] RX 140.550 MHz from Stevie (3f69df0a-0474-4403-96f9-9167afaa52d9), game time 05:14:31: -58.4 dBm, SNR 51.6 dB, FSPL 98.4 dB, terrain 0.0 dB, 14.1 km, tx 6756 m / rx 6766 m MSL
2026-09-26 13:55:59.563 -07:00 [INF] [OpenFreqClient.Services.OpenFreqService] PTT end: Stevie (3f69df0a-0474-4403-96f9-9167afaa52d9) on 140.550 MHz, released, game time 05:14:31
2026-09-26 13:56:00.159 -07:00 [INF] [OpenFreqClient.Services.OpenFreqService] PTT start: Stevie (3f69df0a-0474-4403-96f9-9167afaa52d9) on 140.550 MHz, 3D, game time 05:14:32
2026-09-26 13:56:00.179 -07:00 [INF] [OpenFreq.Common.RtpJitterBuffer] Transmission gap detected (617ms RTP delta), resetting jitter measurement
2026-09-26 13:56:00.215 -07:00 [INF] [OpenFreqClient.Services.OpenFreqService] RX 140.550 MHz from Stevie (3f69df0a-0474-4403-96f9-9167afaa52d9), game time 05:14:32: -58.4 dBm, SNR 51.6 dB, FSPL 98.4 dB, terrain 0.0 dB, 14.1 km, tx 6750 m / rx 6763 m MSL
2026-09-26 13:56:00.487 -07:00 [WRN] [OpenFreqAudio.RadioPlayback] Stream 3f69df0a-0474-4403-96f9-9167afaa52d9:140550 on 140.550 MHz had no samples for 14.0 ms
2026-09-26 13:56:02.108 -07:00 [INF] [OpenFreqClient.Services.OpenFreqService] PTT end: Stevie (3f69df0a-0474-4403-96f9-9167afaa52d9) on 140.550 MHz, released, game time 05:14:34
2026-09-26 13:56:19.378 -07:00 [INF] [OpenFreqClient.Services.OpenFreqService] PTT start: Stevie (3f69df0a-0474-4403-96f9-9167afaa52d9) on 140.550 MHz, 3D, game time 05:14:51
2026-09-26 13:56:19.384 -07:00 [INF] [OpenFreq.Common.RtpJitterBuffer] Transmission gap detected (17296ms RTP delta), resetting jitter measurement
2026-09-26 13:56:19.440 -07:00 [INF] [OpenFreqClient.Services.OpenFreqService] RX 140.550 MHz from Stevie (3f69df0a-0474-4403-96f9-9167afaa52d9), game time 05:14:51: -58.1 dBm, SNR 51.9 dB, FSPL 98.1 dB, terrain 0.0 dB, 13.6 km, tx 6657 m / rx 6692 m MSL
2026-09-26 13:56:19.869 -07:00 [INF] [OpenFreqClient.Services.OpenFreqService] PTT end: Stevie (3f69df0a-0474-4403-96f9-9167afaa52d9) on 140.550 MHz, released, game time 05:14:52
2026-09-26 13:56:22.881 -07:00 [INF] [OpenFreqClient.Services.OpenFreqService] PTT start: gci-chaos (594701b2-6238-4ad8-992b-37a151773ed5) on 280.500 MHz, 3D, game time 05:14:55
2026-09-26 13:56:22.894 -07:00 [INF] [OpenFreq.Common.RtpJitterBuffer] Transmission gap detected (55376ms RTP delta), resetting jitter measurement
2026-09-26 13:56:22.931 -07:00 [INF] [OpenFreqClient.Services.OpenFreqService] RX 280.500 MHz from gci-chaos (594701b2-6238-4ad8-992b-37a151773ed5), game time 05:14:55: -67.5 dBm, SNR 39.5 dB, FSPL 111.5 dB, terrain 0.0 dB, 32.0 km, tx 9147 m / rx 6656 m MSL
2026-09-26 13:56:24.141 -07:00 [INF] [OpenFreq.Common.RtpJitterBuffer] Late arrival (10ms past slot) — buffer 42→83ms
2026-09-26 13:56:24.268 -07:00 [INF] [OpenFreqClient.Services.OpenFreqService] PTT end: gci-chaos (594701b2-6238-4ad8-992b-37a151773ed5) on 280.500 MHz, released, game time 05:14:56
2026-09-26 13:56:25.521 -07:00 [INF] [OpenFreqClient.Services.OpenFreqService] PTT start: gci-chaos (594701b2-6238-4ad8-992b-37a151773ed5) on 280.500 MHz, 3D, game time 05:14:57
2026-09-26 13:56:25.532 -07:00 [INF] [OpenFreq.Common.RtpJitterBuffer] Transmission gap detected (1281ms RTP delta), resetting jitter measurement
2026-09-26 13:56:25.604 -07:00 [INF] [OpenFreqClient.Services.OpenFreqService] RX 280.500 MHz from gci-chaos (594701b2-6238-4ad8-992b-37a151773ed5), game time 05:14:57: -67.7 dBm, SNR 39.3 dB, FSPL 111.7 dB, terrain 0.0 dB, 32.8 km, tx 9147 m / rx 6624 m MSL
2026-09-26 13:56:27.079 -07:00 [INF] [OpenFreqClient.Services.OpenFreqService] PTT start: Stevie (3f69df0a-0474-4403-96f9-9167afaa52d9) on 140.550 MHz, 3D, game time 05:14:59
2026-09-26 13:56:27.100 -07:00 [INF] [OpenFreq.Common.RtpJitterBuffer] Transmission gap detected (7232ms RTP delta), resetting jitter measurement
2026-09-26 13:56:27.155 -07:00 [INF] [OpenFreqClient.Services.OpenFreqService] RX 140.550 MHz from Stevie (3f69df0a-0474-4403-96f9-9167afaa52d9), game time 05:14:59: -57.9 dBm, SNR 52.1 dB, FSPL 97.9 dB, terrain 0.0 dB, 13.4 km, tx 6605 m / rx 6603 m MSL
2026-09-26 13:56:27.945 -07:00 [INF] [OpenFreqClient.Services.OpenFreqService] PTT end: Stevie (3f69df0a-0474-4403-96f9-9167afaa52d9) on 140.550 MHz, released, game time 05:15:00
2026-09-26 13:56:28.119 -07:00 [WRN] [OpenFreqAudio.RadioPlayback] Stream 594701b2-6238-4ad8-992b-37a151773ed5:280500 on 280.500 MHz had no samples for 14.5 ms
2026-09-26 13:56:29.785 -07:00 [INF] [OpenFreqClient.Services.OpenFreqService] PTT end: gci-chaos (594701b2-6238-4ad8-992b-37a151773ed5) on 280.500 MHz, released, game time 05:15:02
2026-09-26 13:56:31.200 -07:00 [INF] [OpenFreqClient.Services.OpenFreqService] PTT start: SkyFox (43ff3b58-7576-451b-af7c-3b0c94df56b7) on 140.550 MHz, 3D, game time 05:15:03
2026-09-26 13:56:31.203 -07:00 [INF] [OpenFreq.Common.RtpJitterBuffer] Transmission gap detected (179325ms RTP delta), resetting jitter measurement
2026-09-26 13:56:31.254 -07:00 [INF] [OpenFreqClient.Services.OpenFreqService] RX 140.550 MHz from SkyFox (43ff3b58-7576-451b-af7c-3b0c94df56b7), game time 05:15:03: -56.6 dBm, SNR 53.4 dB, FSPL 96.6 dB, terrain 0.0 dB, 11.5 km, tx 6948 m / rx 6545 m MSL
2026-09-26 13:56:32.329 -07:00 [WRN] [OpenFreqAudio.RadioPlayback] Stream 43ff3b58-7576-451b-af7c-3b0c94df56b7:140550 on 140.550 MHz had no samples for 14.5 ms
2026-09-26 13:56:32.929 -07:00 [INF] [OpenFreqClient.Services.OpenFreqService] PTT end: SkyFox (43ff3b58-7576-451b-af7c-3b0c94df56b7) on 140.550 MHz, released, game time 05:15:05
2026-09-26 13:56:34.520 -07:00 [INF] [OpenFreqClient.Services.OpenFreqService] PTT start: Stevie (3f69df0a-0474-4403-96f9-9167afaa52d9) on 140.550 MHz, 3D, game time 05:15:06
2026-09-26 13:56:34.536 -07:00 [INF] [OpenFreq.Common.RtpJitterBuffer] Transmission gap detected (6600ms RTP delta), resetting jitter measurement
2026-09-26 13:56:34.588 -07:00 [INF] [OpenFreqClient.Services.OpenFreqService] RX 140.550 MHz from Stevie (3f69df0a-0474-4403-96f9-9167afaa52d9), game time 05:15:06: -57.8 dBm, SNR 52.2 dB, FSPL 97.8 dB, terrain 0.0 dB, 13.1 km, tx 6533 m / rx 6531 m MSL
2026-09-26 13:56:35.762 -07:00 [INF] [OpenFreqClient.Services.OpenFreqService] PTT end: Stevie (3f69df0a-0474-4403-96f9-9167afaa52d9) on 140.550 MHz, released, game time 05:15:08
2026-09-26 13:56:37.251 -07:00 [INF] [OpenFreqClient.Services.OpenFreqService] PTT start: Falcon (91c4c764-ac55-4b66-98e4-d070ed54be23) on 280.500 MHz, 3D, game time 05:15:09
2026-09-26 13:56:37.274 -07:00 [INF] [OpenFreq.Common.RtpJitterBuffer] Transmission gap detected (95332ms RTP delta), resetting jitter measurement
2026-09-26 13:56:37.302 -07:00 [INF] [OpenFreqClient.Services.OpenFreqService] RX 280.500 MHz from Falcon (91c4c764-ac55-4b66-98e4-d070ed54be23), game time 05:15:09: -77.3 dBm, SNR 29.7 dB, FSPL 117.3 dB, terrain 0.0 dB, 62.2 km, tx 5765 m / rx 6554 m MSL
2026-09-26 13:56:38.728 -07:00 [INF] [OpenFreqClient.Services.OpenFreqService] PTT end: Falcon (91c4c764-ac55-4b66-98e4-d070ed54be23) on 280.500 MHz, released, game time 05:15:11
2026-09-26 13:56:39.915 -07:00 [INF] [OpenFreqClient.Services.OpenFreqService] PTT start: own radio on 140.550 MHz, game time 05:15:12
2026-09-26 13:56:40.843 -07:00 [INF] [OpenFreqClient.Services.OpenFreqService] PTT end: own radio on 140.550 MHz, game time 05:15:13
2026-09-26 13:56:40.849 -07:00 [INF] [OpenFreqClient.Services.OpenFreqService] TX level over 930ms: mic peak -14.2 dBFS rms -28.1 dBFS | sent peak -1.5 dBFS rms -19.7 dBFS | normalizer on, gain 6.819, gate -60.0 dBFS
2026-09-26 13:56:42.460 -07:00 [INF] [OpenFreqClient.Services.OpenFreqService] PTT start: Alligator (2af88464-1ea8-4d04-80ba-d98d4f842617) on 280.500 MHz, 3D, game time 05:15:14
2026-09-26 13:56:42.493 -07:00 [INF] [OpenFreq.Common.RtpJitterBuffer] Late arrival (0ms past slot) — buffer 95→126ms
2026-09-26 13:56:42.493 -07:00 [INF] [OpenFreq.Common.RtpJitterBuffer] Transmission gap detected (290776ms RTP delta), resetting jitter measurement
2026-09-26 13:56:42.523 -07:00 [INF] [OpenFreqClient.Services.OpenFreqService] RX 280.500 MHz from Alligator (2af88464-1ea8-4d04-80ba-d98d4f842617), game time 05:15:14: -71.0 dBm, SNR 36.0 dB, FSPL 111.0 dB, terrain 0.0 dB, 30.0 km, tx 6401 m / rx 6425 m MSL
2026-09-26 13:56:42.568 -07:00 [INF] [OpenFreq.Common.RtpJitterBuffer] Transmission gap detected (123165ms RTP delta), resetting jitter measurement
2026-09-26 13:56:42.569 -07:00 [INF] [OpenFreqClient.Services.OpenFreqService] PTT start: Knight (f4461c8b-b37f-4d25-a4cb-5da5ffdcefdc) on 280.500 MHz, 3D, game time 05:15:14
2026-09-26 13:56:42.576 -07:00 [INF] [OpenFreqClient.Services.OpenFreqService] RX 280.500 MHz from Knight (f4461c8b-b37f-4d25-a4cb-5da5ffdcefdc), game time 05:15:14: -59.5 dBm, SNR 47.5 dB, FSPL 99.5 dB, terrain 0.0 dB, 8.0 km, tx 4638 m / rx 6413 m MSL
2026-09-26 13:56:43.096 -07:00 [INF] [OpenFreq.Common.RtpJitterBuffer] Late arrival (0ms past slot) — buffer 37→68ms
2026-09-26 13:56:43.885 -07:00 [INF] [OpenFreqClient.Services.OpenFreqService] PTT end: Alligator (2af88464-1ea8-4d04-80ba-d98d4f842617) on 280.500 MHz, released, game time 05:15:16
2026-09-26 13:56:44.197 -07:00 [WRN] [OpenFreqAudio.RadioPlayback] Stream f4461c8b-b37f-4d25-a4cb-5da5ffdcefdc:280500 on 280.500 MHz had no samples for 10.0 ms
2026-09-26 13:56:44.607 -07:00 [INF] [OpenFreqClient.Services.OpenFreqService] PTT end: Knight (f4461c8b-b37f-4d25-a4cb-5da5ffdcefdc) on 280.500 MHz, released, game time 05:15:16
2026-09-26 13:56:45.990 -07:00 [INF] [OpenFreqClient.Services.OpenFreqService] PTT start: SkyFox (43ff3b58-7576-451b-af7c-3b0c94df56b7) on 280.500 MHz, 3D, game time 05:15:18
2026-09-26 13:56:45.995 -07:00 [INF] [OpenFreq.Common.RtpJitterBuffer] Transmission gap detected (13099ms RTP delta), resetting jitter measurement
2026-09-26 13:56:46.043 -07:00 [INF] [OpenFreqClient.Services.OpenFreqService] RX 280.500 MHz from SkyFox (43ff3b58-7576-451b-af7c-3b0c94df56b7), game time 05:15:18: -63.0 dBm, SNR 44.0 dB, FSPL 103.0 dB, terrain 0.0 dB, 12.1 km, tx 6993 m / rx 5830 m MSL
2026-09-26 13:56:48.589 -07:00 [INF] [OpenFreqClient.Services.OpenFreqService] PTT start: Stevie (3f69df0a-0474-4403-96f9-9167afaa52d9) on 140.550 MHz, 3D, game time 05:15:20
2026-09-26 13:56:48.605 -07:00 [INF] [OpenFreq.Common.RtpJitterBuffer] Transmission gap detected (12844ms RTP delta), resetting jitter measurement
2026-09-26 13:56:48.644 -07:00 [INF] [OpenFreqClient.Services.OpenFreqService] RX 140.550 MHz from Stevie (3f69df0a-0474-4403-96f9-9167afaa52d9), game time 05:15:21: -57.1 dBm, SNR 52.9 dB, FSPL 97.1 dB, terrain 0.0 dB, 12.2 km, tx 5260 m / rx 5226 m MSL
2026-09-26 13:56:49.449 -07:00 [INF] [OpenFreqClient.Services.OpenFreqService] PTT end: Stevie (3f69df0a-0474-4403-96f9-9167afaa52d9) on 140.550 MHz, released, game time 05:15:21
2026-09-26 13:56:49.682 -07:00 [INF] [OpenFreqClient.Services.OpenFreqService] PTT end: SkyFox (43ff3b58-7576-451b-af7c-3b0c94df56b7) on 280.500 MHz, released, game time 05:15:22
2026-09-26 13:56:55.499 -07:00 [INF] [OpenFreqClient.Services.OpenFreqService] PTT start: Stevie (3f69df0a-0474-4403-96f9-9167afaa52d9) on 140.550 MHz, 3D, game time 05:15:27
2026-09-26 13:56:55.516 -07:00 [INF] [OpenFreq.Common.RtpJitterBuffer] Transmission gap detected (6073ms RTP delta), resetting jitter measurement
2026-09-26 13:56:55.559 -07:00 [INF] [OpenFreqClient.Services.OpenFreqService] RX 140.550 MHz from Stevie (3f69df0a-0474-4403-96f9-9167afaa52d9), game time 05:15:27: -56.7 dBm, SNR 53.3 dB, FSPL 96.7 dB, terrain 0.0 dB, 11.6 km, tx 3368 m / rx 3448 m MSL
2026-09-26 13:56:56.010 -07:00 [INF] [OpenFreqClient.Services.OpenFreqService] PTT end: Stevie (3f69df0a-0474-4403-96f9-9167afaa52d9) on 140.550 MHz, released, game time 05:15:28
2026-09-26 13:56:59.595 -07:00 [INF] [OpenFreqClient.Services.OpenFreqService] PTT start: Falcon (91c4c764-ac55-4b66-98e4-d070ed54be23) on 280.500 MHz, 3D, game time 05:15:31
2026-09-26 13:56:59.611 -07:00 [INF] [OpenFreq.Common.RtpJitterBuffer] Transmission gap detected (20892ms RTP delta), resetting jitter measurement
2026-09-26 13:56:59.663 -07:00 [INF] [OpenFreqClient.Services.OpenFreqService] RX 280.500 MHz from Falcon (91c4c764-ac55-4b66-98e4-d070ed54be23), game time 05:15:32: -77.1 dBm, SNR 29.9 dB, FSPL 117.1 dB, terrain 0.0 dB, 61.0 km, tx 5675 m / rx 2465 m MSL
2026-09-26 13:57:01.298 -07:00 [INF] [OpenFreqClient.Services.OpenFreqService] PTT start: SkyFox (43ff3b58-7576-451b-af7c-3b0c94df56b7) on 140.550 MHz, 3D, game time 05:15:33
2026-09-26 13:57:01.312 -07:00 [INF] [OpenFreq.Common.RtpJitterBuffer] Transmission gap detected (11653ms RTP delta), resetting jitter measurement
2026-09-26 13:57:01.350 -07:00 [INF] [OpenFreqClient.Services.OpenFreqService] RX 140.550 MHz from SkyFox (43ff3b58-7576-451b-af7c-3b0c94df56b7), game time 05:15:33: -58.0 dBm, SNR 52.0 dB, FSPL 98.0 dB, terrain 0.0 dB, 13.5 km, tx 6716 m / rx 2165 m MSL
2026-09-26 13:57:03.342 -07:00 [INF] [OpenFreqClient.Services.OpenFreqService] PTT end: SkyFox (43ff3b58-7576-451b-af7c-3b0c94df56b7) on 140.550 MHz, released, game time 05:15:35
2026-09-26 13:57:03.465 -07:00 [INF] [OpenFreqClient.Services.OpenFreqService] PTT start: Stevie (3f69df0a-0474-4403-96f9-9167afaa52d9) on 140.550 MHz, 3D, game time 05:15:35
2026-09-26 13:57:03.487 -07:00 [INF] [OpenFreq.Common.RtpJitterBuffer] Transmission gap detected (7487ms RTP delta), resetting jitter measurement
2026-09-26 13:57:03.526 -07:00 [INF] [OpenFreqClient.Services.OpenFreqService] RX 140.550 MHz from Stevie (3f69df0a-0474-4403-96f9-9167afaa52d9), game time 05:15:35: -56.6 dBm, SNR 53.4 dB, FSPL 96.6 dB, terrain 0.0 dB, 11.4 km, tx 2149 m / rx 1866 m MSL
2026-09-26 13:57:03.567 -07:00 [INF] [OpenFreq.Common.RtpJitterBuffer] Late arrival (4ms past slot) — buffer 78→112ms
2026-09-26 13:57:03.572 -07:00 [INF] [OpenFreq.Common.RtpJitterBuffer] Late arrival (5ms past slot) — buffer 77→112ms
2026-09-26 13:57:03.647 -07:00 [WRN] [OpenFreqAudio.RadioPlayback] Stream 91c4c764-ac55-4b66-98e4-d070ed54be23:280500 on 280.500 MHz had no samples for 10.0 ms
2026-09-26 13:57:03.967 -07:00 [INF] [OpenFreqClient.Services.OpenFreqService] PTT end: Falcon (91c4c764-ac55-4b66-98e4-d070ed54be23) on 280.500 MHz, released, game time 05:15:36
2026-09-26 13:57:04.749 -07:00 [INF] [OpenFreqClient.Services.OpenFreqService] PTT end: Stevie (3f69df0a-0474-4403-96f9-9167afaa52d9) on 140.550 MHz, released, game time 05:15:37
2026-09-26 13:57:08.410 -07:00 [INF] [OpenFreqClient.Services.OpenFreqService] PTT start: Stevie (3f69df0a-0474-4403-96f9-9167afaa52d9) on 140.550 MHz, 3D, game time 05:15:40
2026-09-26 13:57:08.425 -07:00 [INF] [OpenFreq.Common.RtpJitterBuffer] Transmission gap detected (3685ms RTP delta), resetting jitter measurement
2026-09-26 13:57:08.482 -07:00 [INF] [OpenFreqClient.Services.OpenFreqService] RX 140.550 MHz from Stevie (3f69df0a-0474-4403-96f9-9167afaa52d9), game time 05:15:40: -56.3 dBm, SNR 53.7 dB, FSPL 96.3 dB, terrain 0.0 dB, 11.1 km, tx 1957 m / rx 1285 m MSL
2026-09-26 13:57:08.662 -07:00 [INF] [OpenFreqClient.Services.OpenFreqService] PTT start: gci-chaos (594701b2-6238-4ad8-992b-37a151773ed5) on 280.500 MHz, 3D, game time 05:15:41
2026-09-26 13:57:08.674 -07:00 [INF] [OpenFreq.Common.RtpJitterBuffer] Transmission gap detected (38906ms RTP delta), resetting jitter measurement
2026-09-26 13:57:08.728 -07:00 [INF] [OpenFreqClient.Services.OpenFreqService] RX 280.500 MHz from gci-chaos (594701b2-6238-4ad8-992b-37a151773ed5), game time 05:15:41: -70.0 dBm, SNR 37.0 dB, FSPL 114.0 dB, terrain 0.0 dB, 42.8 km, tx 9147 m / rx 1266 m MSL
2026-09-26 13:57:08.922 -07:00 [INF] [OpenFreqClient.Services.OpenFreqService] PTT end: Stevie (3f69df0a-0474-4403-96f9-9167afaa52d9) on 140.550 MHz, released, game time 05:15:41
2026-09-26 13:57:10.674 -07:00 [INF] [OpenFreqClient.Services.OpenFreqService] PTT end: gci-chaos (594701b2-6238-4ad8-992b-37a151773ed5) on 280.500 MHz, released, game time 05:15:43
2026-09-26 13:57:10.779 -07:00 [INF] [OpenFreqClient.Services.OpenFreqService] PTT start: gci-chaos (594701b2-6238-4ad8-992b-37a151773ed5) on 280.500 MHz, 3D, game time 05:15:43
2026-09-26 13:57:10.821 -07:00 [INF] [OpenFreqClient.Services.OpenFreqService] PTT end: gci-chaos (594701b2-6238-4ad8-992b-37a151773ed5) on 280.500 MHz, released, game time 05:15:43
2026-09-26 13:57:10.848 -07:00 [WRN] [OpenFreqAudio.RadioPlayback] Stream 594701b2-6238-4ad8-992b-37a151773ed5:280500 on 280.500 MHz had no samples for 10.0 ms
2026-09-26 13:57:15.501 -07:00 [INF] [OpenFreqClient.Services.OpenFreqService] PTT start: Falcon (91c4c764-ac55-4b66-98e4-d070ed54be23) on 280.500 MHz, 3D, game time 05:15:47
2026-09-26 13:57:15.522 -07:00 [INF] [OpenFreq.Common.RtpJitterBuffer] Transmission gap detected (11566ms RTP delta), resetting jitter measurement
2026-09-26 13:57:15.587 -07:00 [INF] [OpenFreqClient.Services.OpenFreqService] RX 280.500 MHz from Falcon (91c4c764-ac55-4b66-98e4-d070ed54be23), game time 05:15:47: -77.5 dBm, SNR 29.5 dB, FSPL 117.5 dB, terrain 0.0 dB, 63.8 km, tx 5757 m / rx 876 m MSL
2026-09-26 13:57:16.197 -07:00 [WRN] [OpenFreqAudio.RadioPlayback] Stream 91c4c764-ac55-4b66-98e4-d070ed54be23:280500 on 280.500 MHz had no samples for 10.0 ms
2026-09-26 13:57:16.300 -07:00 [INF] [OpenFreqClient.Services.OpenFreqService] PTT end: Falcon (91c4c764-ac55-4b66-98e4-d070ed54be23) on 280.500 MHz, released, game time 05:15:48
2026-09-26 13:57:20.274 -07:00 [INF] [OpenFreqClient.Services.OpenFreqService] PTT start: Stevie (3f69df0a-0474-4403-96f9-9167afaa52d9) on 140.550 MHz, 3D, game time 05:15:52
2026-09-26 13:57:20.283 -07:00 [INF] [OpenFreq.Common.RtpJitterBuffer] Transmission gap detected (11373ms RTP delta), resetting jitter measurement
2026-09-26 13:57:20.331 -07:00 [INF] [OpenFreqClient.Services.OpenFreqService] RX 140.550 MHz from Stevie (3f69df0a-0474-4403-96f9-9167afaa52d9), game time 05:15:52: -55.6 dBm, SNR 54.4 dB, FSPL 95.6 dB, terrain 0.0 dB, 10.2 km, tx 1872 m / rx 791 m MSL
2026-09-26 13:57:22.585 -07:00 [INF] [OpenFreqClient.Services.OpenFreqService] PTT end: Stevie (3f69df0a-0474-4403-96f9-9167afaa52d9) on 140.550 MHz, released, game time 05:15:54
2026-09-26 13:57:29.531 -07:00 [INF] [OpenFreqClient.Services.OpenFreqService] PTT start: Stevie (3f69df0a-0474-4403-96f9-9167afaa52d9) on 140.550 MHz, 3D, game time 05:16:01
2026-09-26 13:57:29.546 -07:00 [INF] [OpenFreq.Common.RtpJitterBuffer] Transmission gap detected (6964ms RTP delta), resetting jitter measurement
2026-09-26 13:57:29.582 -07:00 [INF] [OpenFreqClient.Services.OpenFreqService] RX 140.550 MHz from Stevie (3f69df0a-0474-4403-96f9-9167afaa52d9), game time 05:16:01: -55.3 dBm, SNR 54.7 dB, FSPL 95.3 dB, terrain 0.0 dB, 9.9 km, tx 1881 m / rx 693 m MSL
2026-09-26 13:57:30.506 -07:00 [INF] [OpenFreq.Common.RtpJitterBuffer] Transmission gap detected (19672ms RTP delta), resetting jitter measurement
2026-09-26 13:57:30.506 -07:00 [INF] [OpenFreqClient.Services.OpenFreqService] PTT start: gci-chaos (594701b2-6238-4ad8-992b-37a151773ed5) on 280.500 MHz, 3D, game time 05:16:02
2026-09-26 13:57:30.510 -07:00 [INF] [OpenFreqClient.Services.OpenFreqService] PTT end: Stevie (3f69df0a-0474-4403-96f9-9167afaa52d9) on 140.550 MHz, released, game time 05:16:02
2026-09-26 13:57:30.525 -07:00 [INF] [OpenFreqClient.Services.OpenFreqService] RX 280.500 MHz from gci-chaos (594701b2-6238-4ad8-992b-37a151773ed5), game time 05:16:02: -71.4 dBm, SNR 35.6 dB, FSPL 115.3 dB, terrain 0.0 dB, 49.7 km, tx 9147 m / rx 683 m MSL
2026-09-26 13:57:30.920 -07:00 [INF] [OpenFreqClient.Services.OpenFreqService] PTT start: Stevie (3f69df0a-0474-4403-96f9-9167afaa52d9) on 140.550 MHz, 3D, game time 05:16:03
2026-09-26 13:57:31.557 -07:00 [INF] [OpenFreqClient.Services.OpenFreqService] PTT end: gci-chaos (594701b2-6238-4ad8-992b-37a151773ed5) on 280.500 MHz, released, game time 05:16:03
2026-09-26 13:57:31.641 -07:00 [INF] [OpenFreqClient.Services.OpenFreqService] PTT end: Stevie (3f69df0a-0474-4403-96f9-9167afaa52d9) on 140.550 MHz, released, game time 05:16:03
2026-09-26 13:57:33.630 -07:00 [INF] [OpenFreqClient.Services.OpenFreqService] PTT start: Stevie (3f69df0a-0474-4403-96f9-9167afaa52d9) on 140.550 MHz, 3D, game time 05:16:05
2026-09-26 13:57:33.636 -07:00 [INF] [OpenFreq.Common.RtpJitterBuffer] Transmission gap detected (2005ms RTP delta), resetting jitter measurement
2026-09-26 13:57:33.696 -07:00 [INF] [OpenFreqClient.Services.OpenFreqService] RX 140.550 MHz from Stevie (3f69df0a-0474-4403-96f9-9167afaa52d9), game time 05:16:06: -55.1 dBm, SNR 54.9 dB, FSPL 95.1 dB, terrain 0.0 dB, 9.6 km, tx 1657 m / rx 646 m MSL
2026-09-26 13:57:33.740 -07:00 [INF] [OpenFreqClient.Services.OpenFreqService] PTT start: own radio on 140.550 MHz, game time 05:16:06
2026-09-26 13:57:33.936 -07:00 [INF] [OpenFreqClient.Services.OpenFreqService] PTT start: Falcon (91c4c764-ac55-4b66-98e4-d070ed54be23) on 280.500 MHz, 3D, game time 05:16:06
2026-09-26 13:57:33.949 -07:00 [INF] [OpenFreq.Common.RtpJitterBuffer] Transmission gap detected (17651ms RTP delta), resetting jitter measurement
2026-09-26 13:57:34.002 -07:00 [INF] [OpenFreqClient.Services.OpenFreqService] RX 280.500 MHz from Falcon (91c4c764-ac55-4b66-98e4-d070ed54be23), game time 05:16:06: -78.0 dBm, SNR 29.0 dB, FSPL 118.0 dB, terrain 0.0 dB, 67.7 km, tx 6729 m / rx 643 m MSL
2026-09-26 13:57:34.140 -07:00 [INF] [OpenFreqClient.Services.OpenFreqService] PTT end: own radio on 140.550 MHz, game time 05:16:06
2026-09-26 13:57:34.140 -07:00 [INF] [OpenFreqClient.Services.OpenFreqService] TX level over 390ms: mic peak -10.3 dBFS rms -25.6 dBFS | sent peak -0.5 dBFS rms -15.7 dBFS | normalizer on, gain 1.566, gate -55.5 dBFS
2026-09-26 13:57:34.815 -07:00 [INF] [OpenFreqClient.Services.OpenFreqService] PTT end: Stevie (3f69df0a-0474-4403-96f9-9167afaa52d9) on 140.550 MHz, released, game time 05:16:07
2026-09-26 13:57:35.241 -07:00 [INF] [OpenFreqClient.Services.OpenFreqService] PTT start: Stevie (3f69df0a-0474-4403-96f9-9167afaa52d9) on 140.550 MHz, 3D, game time 05:16:07
2026-09-26 13:57:35.747 -07:00 [INF] [OpenFreqClient.Services.OpenFreqService] PTT end: Stevie (3f69df0a-0474-4403-96f9-9167afaa52d9) on 140.550 MHz, released, game time 05:16:08
2026-09-26 13:57:37.709 -07:00 [INF] [OpenFreqClient.Services.OpenFreqService] PTT end: Falcon (91c4c764-ac55-4b66-98e4-d070ed54be23) on 280.500 MHz, released, game time 05:16:10
2026-09-26 13:57:41.039 -07:00 [INF] [OpenFreqClient.Services.OpenFreqService] PTT start: Stevie (3f69df0a-0474-4403-96f9-9167afaa52d9) on 140.550 MHz, 3D, game time 05:16:13
2026-09-26 13:57:41.046 -07:00 [INF] [OpenFreq.Common.RtpJitterBuffer] Transmission gap detected (5311ms RTP delta), resetting jitter measurement
2026-09-26 13:57:41.100 -07:00 [INF] [OpenFreqClient.Services.OpenFreqService] RX 140.550 MHz from Stevie (3f69df0a-0474-4403-96f9-9167afaa52d9), game time 05:16:13: -52.4 dBm, SNR 57.6 dB, FSPL 92.4 dB, terrain 0.0 dB, 7.1 km, tx 848 m / rx 625 m MSL
2026-09-26 13:57:41.851 -07:00 [INF] [OpenFreqClient.Services.OpenFreqService] PTT end: Stevie (3f69df0a-0474-4403-96f9-9167afaa52d9) on 140.550 MHz, released, game time 05:16:14
2026-09-26 13:57:42.257 -07:00 [INF] [OpenFreqClient.Services.OpenFreqService] PTT start: Stevie (3f69df0a-0474-4403-96f9-9167afaa52d9) on 140.550 MHz, 3D, game time 05:16:14
2026-09-26 13:57:42.385 -07:00 [INF] [OpenFreq.Common.RtpJitterBuffer] Late arrival (12ms past slot) — buffer 81→123ms
2026-09-26 13:57:43.270 -07:00 [INF] [OpenFreqClient.Services.OpenFreqService] PTT end: Stevie (3f69df0a-0474-4403-96f9-9167afaa52d9) on 140.550 MHz, released, game time 05:16:15
2026-09-26 13:57:43.912 -07:00 [INF] [OpenFreqClient.Services.OpenFreqService] PTT start: Stevie (3f69df0a-0474-4403-96f9-9167afaa52d9) on 140.550 MHz, 3D, game time 05:16:16
2026-09-26 13:57:43.933 -07:00 [INF] [OpenFreq.Common.RtpJitterBuffer] Transmission gap detected (663ms RTP delta), resetting jitter measurement
2026-09-26 13:57:43.996 -07:00 [INF] [OpenFreqClient.Services.OpenFreqService] RX 140.550 MHz from Stevie (3f69df0a-0474-4403-96f9-9167afaa52d9), game time 05:16:16: -50.5 dBm, SNR 59.5 dB, FSPL 90.5 dB, terrain 0.0 dB, 5.7 km, tx 660 m / rx 692 m MSL
2026-09-26 13:57:44.576 -07:00 [INF] [OpenFreqClient.Services.OpenFreqService] PTT end: Stevie (3f69df0a-0474-4403-96f9-9167afaa52d9) on 140.550 MHz, released, game time 05:16:16
2026-09-26 13:57:45.808 -07:00 [INF] [OpenFreqClient.Services.OpenFreqService] PTT start: SkyFox (43ff3b58-7576-451b-af7c-3b0c94df56b7) on 140.550 MHz, 3D, game time 05:16:18
2026-09-26 13:57:45.830 -07:00 [INF] [OpenFreq.Common.RtpJitterBuffer] Transmission gap detected (42493ms RTP delta), resetting jitter measurement
2026-09-26 13:57:45.875 -07:00 [INF] [OpenFreqClient.Services.OpenFreqService] RX 140.550 MHz from SkyFox (43ff3b58-7576-451b-af7c-3b0c94df56b7), game time 05:16:18: -52.9 dBm, SNR 57.1 dB, FSPL 92.9 dB, terrain 0.0 dB, 7.5 km, tx 2007 m / rx 754 m MSL
2026-09-26 13:57:46.368 -07:00 [INF] [OpenFreq.Common.RtpJitterBuffer] Late arrival (14ms past slot) — buffer 67→111ms
2026-09-26 13:57:49.026 -07:00 [INF] [OpenFreqClient.Services.OpenFreqService] PTT end: SkyFox (43ff3b58-7576-451b-af7c-3b0c94df56b7) on 140.550 MHz, released, game time 05:16:21
2026-09-26 13:57:51.116 -07:00 [INF] [OpenFreqClient.Services.OpenFreqService] PTT start: Stevie (3f69df0a-0474-4403-96f9-9167afaa52d9) on 140.550 MHz, 3D, game time 05:16:23
2026-09-26 13:57:51.127 -07:00 [INF] [OpenFreq.Common.RtpJitterBuffer] Transmission gap detected (6561ms RTP delta), resetting jitter measurement
2026-09-26 13:57:51.190 -07:00 [INF] [OpenFreqClient.Services.OpenFreqService] RX 140.550 MHz from Stevie (3f69df0a-0474-4403-96f9-9167afaa52d9), game time 05:16:23: -44.5 dBm, SNR 65.5 dB, FSPL 84.5 dB, terrain 0.0 dB, 2.8 km, tx 487 m / rx 1019 m MSL
2026-09-26 13:57:51.416 -07:00 [INF] [OpenFreqClient.Services.OpenFreqService] PTT start: gci-chaos (594701b2-6238-4ad8-992b-37a151773ed5) on 280.500 MHz, 3D, game time 05:16:23
2026-09-26 13:57:51.436 -07:00 [INF] [OpenFreq.Common.RtpJitterBuffer] Transmission gap detected (19884ms RTP delta), resetting jitter measurement
2026-09-26 13:57:51.471 -07:00 [INF] [OpenFreqClient.Services.OpenFreqService] RX 280.500 MHz from gci-chaos (594701b2-6238-4ad8-992b-37a151773ed5), game time 05:16:23: -72.4 dBm, SNR 34.6 dB, FSPL 116.4 dB, terrain 0.0 dB, 56.3 km, tx 9147 m / rx 1035 m MSL
2026-09-26 13:57:51.500 -07:00 [INF] [OpenFreqClient.Services.OpenFreqService] PTT start: own radio on 140.550 MHz, game time 05:16:23
2026-09-26 13:57:52.428 -07:00 [INF] [OpenFreqClient.Services.OpenFreqService] PTT end: own radio on 140.550 MHz, game time 05:16:24
2026-09-26 13:57:52.429 -07:00 [INF] [OpenFreqClient.Services.OpenFreqService] TX level over 920ms: mic peak -9.6 dBFS rms -27.0 dBFS | sent peak -2.6 dBFS rms -21.7 dBFS | normalizer on, gain 1.774, gate -54.8 dBFS
2026-09-26 13:57:52.430 -07:00 [INF] [OpenFreqClient.Services.OpenFreqService] RX 140.550 MHz from Stevie (3f69df0a-0474-4403-96f9-9167afaa52d9), game time 05:16:24: -43.1 dBm, SNR 66.9 dB, FSPL 83.1 dB, terrain 0.0 dB, 2.4 km, tx 490 m / rx 1084 m MSL
2026-09-26 13:57:52.826 -07:00 [INF] [OpenFreqClient.Services.OpenFreqService] PTT end: Stevie (3f69df0a-0474-4403-96f9-9167afaa52d9) on 140.550 MHz, released, game time 05:16:25
2026-09-26 13:57:52.982 -07:00 [INF] [OpenFreqClient.Services.OpenFreqService] PTT end: gci-chaos (594701b2-6238-4ad8-992b-37a151773ed5) on 280.500 MHz, released, game time 05:16:25
2026-09-26 13:57:53.881 -07:00 [INF] [OpenFreqClient.Services.OpenFreqService] PTT start: Stevie (3f69df0a-0474-4403-96f9-9167afaa52d9) on 140.550 MHz, 3D, game time 05:16:26
2026-09-26 13:57:53.902 -07:00 [INF] [OpenFreq.Common.RtpJitterBuffer] Transmission gap detected (1088ms RTP delta), resetting jitter measurement
2026-09-26 13:57:53.939 -07:00 [INF] [OpenFreqClient.Services.OpenFreqService] RX 140.550 MHz from Stevie (3f69df0a-0474-4403-96f9-9167afaa52d9), game time 05:16:26: -41.6 dBm, SNR 68.4 dB, FSPL 81.6 dB, terrain 0.0 dB, 2.0 km, tx 507 m / rx 1166 m MSL
2026-09-26 13:57:54.621 -07:00 [INF] [OpenFreqClient.Services.OpenFreqService] PTT end: Stevie (3f69df0a-0474-4403-96f9-9167afaa52d9) on 140.550 MHz, released, game time 05:16:26
2026-09-26 13:57:55.932 -07:00 [INF] [OpenFreqClient.Services.OpenFreqService] PTT start: own radio on 140.550 MHz, game time 05:16:28
2026-09-26 13:57:56.862 -07:00 [INF] [OpenFreqClient.Services.OpenFreqService] PTT start: Alligator (2af88464-1ea8-4d04-80ba-d98d4f842617) on 280.500 MHz, 3D, game time 05:16:29
2026-09-26 13:57:56.891 -07:00 [INF] [OpenFreq.Common.RtpJitterBuffer] Transmission gap detected (72995ms RTP delta), resetting jitter measurement
2026-09-26 13:57:56.937 -07:00 [INF] [OpenFreqClient.Services.OpenFreqService] RX 280.500 MHz from Alligator (2af88464-1ea8-4d04-80ba-d98d4f842617), game time 05:16:29: -72.2 dBm, SNR 34.8 dB, FSPL 112.2 dB, terrain 0.0 dB, 34.7 km, tx 2876 m / rx 1301 m MSL
2026-09-26 13:57:57.036 -07:00 [INF] [OpenFreqClient.Services.OpenFreqService] PTT end: own radio on 140.550 MHz, game time 05:16:29
2026-09-26 13:57:57.040 -07:00 [INF] [OpenFreqClient.Services.OpenFreqService] TX level over 1100ms: mic peak -9.1 dBFS rms -24.8 dBFS | sent peak -1.7 dBFS rms -20.8 dBFS | normalizer on, gain 5.209, gate -58.6 dBFS
2026-09-26 13:57:57.268 -07:00 [WRN] [OpenFreqAudio.RadioPlayback] Stream 2af88464-1ea8-4d04-80ba-d98d4f842617:280500 on 280.500 MHz had no samples for 10.0 ms
2026-09-26 13:57:57.886 -07:00 [INF] [OpenFreqClient.Services.OpenFreqService] PTT end: Alligator (2af88464-1ea8-4d04-80ba-d98d4f842617) on 280.500 MHz, released, game time 05:16:30
2026-09-26 13:57:58.234 -07:00 [INF] [OpenFreqClient.Services.OpenFreqService] PTT start: Alligator (2af88464-1ea8-4d04-80ba-d98d4f842617) on 280.500 MHz, 3D, game time 05:16:30
2026-09-26 13:57:59.275 -07:00 [INF] [OpenFreqClient.Services.OpenFreqService] PTT end: Alligator (2af88464-1ea8-4d04-80ba-d98d4f842617) on 280.500 MHz, released, game time 05:16:31
2026-09-26 13:58:00.348 -07:00 [INF] [OpenFreqClient.Services.OpenFreqService] PTT start: own radio on 140.550 MHz, game time 05:16:32
2026-09-26 13:58:00.566 -07:00 [INF] [OpenFreqClient.Services.OpenFreqService] PTT start: gci-chaos (594701b2-6238-4ad8-992b-37a151773ed5) on 280.500 MHz, 3D, game time 05:16:32
2026-09-26 13:58:00.576 -07:00 [INF] [OpenFreq.Common.RtpJitterBuffer] Transmission gap detected (7609ms RTP delta), resetting jitter measurement
2026-09-26 13:58:00.625 -07:00 [INF] [OpenFreqClient.Services.OpenFreqService] RX 280.500 MHz from gci-chaos (594701b2-6238-4ad8-992b-37a151773ed5), game time 05:16:32: -72.9 dBm, SNR 34.1 dB, FSPL 116.8 dB, terrain 0.0 dB, 59.1 km, tx 9147 m / rx 1458 m MSL
2026-09-26 13:58:01.388 -07:00 [INF] [OpenFreqClient.Services.OpenFreqService] PTT end: own radio on 140.550 MHz, game time 05:16:33
2026-09-26 13:58:01.390 -07:00 [INF] [OpenFreqClient.Services.OpenFreqService] TX level over 1040ms: mic peak -11.0 dBFS rms -25.0 dBFS | sent peak 0.0 dBFS rms -13.9 dBFS | normalizer on, gain 1.714, gate -69.2 dBFS
2026-09-26 13:58:02.848 -07:00 [INF] [OpenFreqClient.Services.OpenFreqService] PTT end: gci-chaos (594701b2-6238-4ad8-992b-37a151773ed5) on 280.500 MHz, released, game time 05:16:35
2026-09-26 13:58:03.000 -07:00 [INF] [OpenFreqClient.Services.OpenFreqService] PTT start: Stevie (3f69df0a-0474-4403-96f9-9167afaa52d9) on 140.550 MHz, 3D, game time 05:16:35
2026-09-26 13:58:03.016 -07:00 [INF] [OpenFreq.Common.RtpJitterBuffer] Transmission gap detected (8400ms RTP delta), resetting jitter measurement
2026-09-26 13:58:03.037 -07:00 [INF] [OpenFreqClient.Services.OpenFreqService] PTT start: gci-chaos (594701b2-6238-4ad8-992b-37a151773ed5) on 280.500 MHz, 3D, game time 05:16:35
2026-09-26 13:58:03.060 -07:00 [INF] [OpenFreqClient.Services.OpenFreqService] RX 140.550 MHz from Stevie (3f69df0a-0474-4403-96f9-9167afaa52d9), game time 05:16:35: -48.1 dBm, SNR 61.9 dB, FSPL 88.1 dB, terrain 0.0 dB, 4.3 km, tx 684 m / rx 1568 m MSL
2026-09-26 13:58:03.193 -07:00 [INF] [OpenFreqClient.Services.OpenFreqService] PTT end: Stevie (3f69df0a-0474-4403-96f9-9167afaa52d9) on 140.550 MHz, released, game time 05:16:35
2026-09-26 13:58:03.268 -07:00 [INF] [OpenFreqClient.Services.OpenFreqService] PTT end: gci-chaos (594701b2-6238-4ad8-992b-37a151773ed5) on 280.500 MHz, released, game time 05:16:35
2026-09-26 13:58:03.622 -07:00 [INF] [OpenFreqClient.Services.OpenFreqService] PTT start: gci-chaos (594701b2-6238-4ad8-992b-37a151773ed5) on 280.500 MHz, 3D, game time 05:16:35
2026-09-26 13:58:03.663 -07:00 [INF] [OpenFreqClient.Services.OpenFreqService] PTT end: gci-chaos (594701b2-6238-4ad8-992b-37a151773ed5) on 280.500 MHz, released, game time 05:16:35
2026-09-26 13:58:04.830 -07:00 [INF] [OpenFreqClient.Services.OpenFreqService] PTT start: gci-chaos (594701b2-6238-4ad8-992b-37a151773ed5) on 280.500 MHz, 3D, game time 05:16:37
2026-09-26 13:58:04.862 -07:00 [INF] [OpenFreq.Common.RtpJitterBuffer] Transmission gap detected (1193ms RTP delta), resetting jitter measurement
2026-09-26 13:58:04.879 -07:00 [INF] [OpenFreqClient.Services.OpenFreqService] PTT end: gci-chaos (594701b2-6238-4ad8-992b-37a151773ed5) on 280.500 MHz, released, game time 05:16:37
2026-09-26 13:58:04.889 -07:00 [INF] [OpenFreqClient.Services.OpenFreqService] RX 280.500 MHz from gci-chaos (594701b2-6238-4ad8-992b-37a151773ed5), game time 05:16:37: -73.0 dBm, SNR 34.0 dB, FSPL 117.0 dB, terrain 0.0 dB, 60.4 km, tx 9147 m / rx 1639 m MSL
2026-09-26 13:58:05.646 -07:00 [INF] [OpenFreqClient.Services.OpenFreqService] PTT start: gci-chaos (594701b2-6238-4ad8-992b-37a151773ed5) on 280.500 MHz, 3D, game time 05:16:38
2026-09-26 13:58:05.683 -07:00 [INF] [OpenFreq.Common.RtpJitterBuffer] Transmission gap detected (795ms RTP delta), resetting jitter measurement
2026-09-26 13:58:05.705 -07:00 [INF] [OpenFreqClient.Services.OpenFreqService] RX 280.500 MHz from gci-chaos (594701b2-6238-4ad8-992b-37a151773ed5), game time 05:16:38: -73.1 dBm, SNR 33.9 dB, FSPL 117.1 dB, terrain 0.0 dB, 60.6 km, tx 9147 m / rx 1668 m MSL
2026-09-26 13:58:06.106 -07:00 [INF] [OpenFreqClient.Services.OpenFreqService] PTT end: gci-chaos (594701b2-6238-4ad8-992b-37a151773ed5) on 280.500 MHz, released, game time 05:16:38
2026-09-26 13:58:06.483 -07:00 [INF] [OpenFreqClient.Services.OpenFreqService] PTT start: SkyFox (43ff3b58-7576-451b-af7c-3b0c94df56b7) on 140.550 MHz, 3D, game time 05:16:38
2026-09-26 13:58:06.492 -07:00 [INF] [OpenFreq.Common.RtpJitterBuffer] Transmission gap detected (17491ms RTP delta), resetting jitter measurement
2026-09-26 13:58:06.544 -07:00 [INF] [OpenFreqClient.Services.OpenFreqService] RX 140.550 MHz from SkyFox (43ff3b58-7576-451b-af7c-3b0c94df56b7), game time 05:16:38: -54.9 dBm, SNR 55.1 dB, FSPL 94.9 dB, terrain 0.0 dB, 9.4 km, tx 1335 m / rx 1699 m MSL
2026-09-26 13:58:07.731 -07:00 [INF] [OpenFreqClient.Services.OpenFreqService] PTT end: SkyFox (43ff3b58-7576-451b-af7c-3b0c94df56b7) on 140.550 MHz, released, game time 05:16:39
2026-09-26 13:58:09.361 -07:00 [INF] [OpenFreqClient.Services.OpenFreqService] PTT start: Stevie (3f69df0a-0474-4403-96f9-9167afaa52d9) on 140.550 MHz, 3D, game time 05:16:41
2026-09-26 13:58:09.371 -07:00 [INF] [OpenFreq.Common.RtpJitterBuffer] Transmission gap detected (6176ms RTP delta), resetting jitter measurement
2026-09-26 13:58:09.397 -07:00 [INF] [OpenFreqClient.Services.OpenFreqService] RX 140.550 MHz from Stevie (3f69df0a-0474-4403-96f9-9167afaa52d9), game time 05:16:41: -52.5 dBm, SNR 57.5 dB, FSPL 92.5 dB, terrain 0.0 dB, 7.1 km, tx 827 m / rx 1771 m MSL
2026-09-26 13:58:09.428 -07:00 [WRN] [OpenFreqAudio.RadioPlayback] Stream 3f69df0a-0474-4403-96f9-9167afaa52d9:140550 on 140.550 MHz had no samples for 10.5 ms
2026-09-26 13:58:10.631 -07:00 [INF] [OpenFreqClient.Services.OpenFreqService] PTT end: Stevie (3f69df0a-0474-4403-96f9-9167afaa52d9) on 140.550 MHz, released, game time 05:16:42
2026-09-26 13:58:25.595 -07:00 [INF] [OpenFreqClient.Services.OpenFreqService] PTT start: own radio on 140.550 MHz, game time 05:16:57
2026-09-26 13:58:27.116 -07:00 [INF] [OpenFreqClient.Services.OpenFreqService] PTT end: own radio on 140.550 MHz, game time 05:16:59
2026-09-26 13:58:27.119 -07:00 [INF] [OpenFreqClient.Services.OpenFreqService] TX level over 1520ms: mic peak -10.3 dBFS rms -29.1 dBFS | sent peak -0.3 dBFS rms -22.3 dBFS | normalizer on, gain 36.382, gate -66.9 dBFS
2026-09-26 13:58:29.528 -07:00 [INF] [OpenFreqClient.Services.OpenFreqService] PTT start: Kug (e406d0a0-64e6-4450-9ec0-300837b7b89a) on 280.500 MHz, 3D, game time 05:17:01
2026-09-26 13:58:29.546 -07:00 [INF] [OpenFreq.Common.RtpJitterBuffer] Transmission gap detected (291200ms RTP delta), resetting jitter measurement
2026-09-26 13:58:29.566 -07:00 [INF] [OpenFreqClient.Services.OpenFreqService] RX 280.500 MHz from Kug (e406d0a0-64e6-4450-9ec0-300837b7b89a), game time 05:17:01: -78.9 dBm, SNR 28.1 dB, FSPL 118.9 dB, terrain 0.0 dB, 74.7 km, tx 5918 m / rx 2947 m MSL
2026-09-26 13:58:29.681 -07:00 [INF] [OpenFreqClient.Services.OpenFreqService] PTT start: Polaris (4c187006-039a-4fcb-b6df-d456875763f7) on 280.500 MHz, 3D, game time 05:17:02
2026-09-26 13:58:29.707 -07:00 [INF] [OpenFreq.Common.RtpJitterBuffer] Transmission gap detected (288099ms RTP delta), resetting jitter measurement
2026-09-26 13:58:29.746 -07:00 [INF] [OpenFreq.Common.RtpJitterBuffer] Late arrival (0ms past slot) — buffer 41→72ms
2026-09-26 13:58:29.770 -07:00 [INF] [OpenFreqClient.Services.OpenFreqService] RX 280.500 MHz from Polaris (4c187006-039a-4fcb-b6df-d456875763f7), game time 05:17:02: -74.5 dBm, SNR 32.5 dB, FSPL 114.5 dB, terrain 0.0 dB, 45.3 km, tx 5593 m / rx 2981 m MSL
2026-09-26 13:58:30.198 -07:00 [WRN] [OpenFreqAudio.RadioPlayback] Stream e406d0a0-64e6-4450-9ec0-300837b7b89a:280500 on 280.500 MHz had no samples for 8.9 ms
2026-09-26 13:58:31.937 -07:00 [INF] [OpenFreqClient.Services.OpenFreqService] PTT end: Polaris (4c187006-039a-4fcb-b6df-d456875763f7) on 280.500 MHz, released, game time 05:17:04
2026-09-26 13:58:34.845 -07:00 [INF] [OpenFreqClient.Services.OpenFreqService] PTT end: Kug (e406d0a0-64e6-4450-9ec0-300837b7b89a) on 280.500 MHz, released, game time 05:17:07
2026-09-26 13:58:38.004 -07:00 [INF] [OpenFreqClient.Services.OpenFreqService] PTT start: Polaris (4c187006-039a-4fcb-b6df-d456875763f7) on 280.500 MHz, 3D, game time 05:17:10
2026-09-26 13:58:38.026 -07:00 [INF] [OpenFreq.Common.RtpJitterBuffer] Transmission gap detected (6100ms RTP delta), resetting jitter measurement
2026-09-26 13:58:38.066 -07:00 [INF] [OpenFreqClient.Services.OpenFreqService] RX 280.500 MHz from Polaris (4c187006-039a-4fcb-b6df-d456875763f7), game time 05:17:10: -74.4 dBm, SNR 32.6 dB, FSPL 114.4 dB, terrain 0.0 dB, 44.5 km, tx 5539 m / rx 4373 m MSL
2026-09-26 13:58:39.777 -07:00 [INF] [OpenFreqClient.Services.OpenFreqService] PTT end: Polaris (4c187006-039a-4fcb-b6df-d456875763f7) on 280.500 MHz, released, game time 05:17:12
2026-09-26 13:58:46.875 -07:00 [INF] [OpenFreqClient.Services.OpenFreqService] PTT start: Krieger (0b5a8147-b1fa-4307-a8c3-d1087389de25) on 280.500 MHz, 3D, game time 05:17:19
2026-09-26 13:58:46.891 -07:00 [INF] [OpenFreq.Common.RtpJitterBuffer] Transmission gap detected (275750ms RTP delta), resetting jitter measurement
2026-09-26 13:58:46.963 -07:00 [INF] [OpenFreqClient.Services.OpenFreqService] RX 280.500 MHz from Krieger (0b5a8147-b1fa-4307-a8c3-d1087389de25), game time 05:17:19: -72.0 dBm, SNR 35.0 dB, FSPL 112.0 dB, terrain 0.0 dB, 33.9 km, tx 655 m / rx 5291 m MSL
2026-09-26 13:58:47.754 -07:00 [INF] [OpenFreqClient.Services.OpenFreqService] PTT end: Krieger (0b5a8147-b1fa-4307-a8c3-d1087389de25) on 280.500 MHz, released, game time 05:17:20
2026-09-26 13:58:48.476 -07:00 [INF] [OpenFreqClient.Services.OpenFreqService] PTT start: own radio on 280.500 MHz, game time 05:17:20
2026-09-26 13:58:48.876 -07:00 [INF] [OpenFreqClient.Services.OpenFreqService] PTT end: own radio on 280.500 MHz, game time 05:17:21
2026-09-26 13:58:48.880 -07:00 [INF] [OpenFreqClient.Services.OpenFreqService] TX level over 400ms: mic peak -6.6 dBFS rms -21.4 dBFS | sent peak 0.0 dBFS rms -7.3 dBFS | normalizer on, gain 1.411, gate -52.8 dBFS
2026-09-26 13:58:50.128 -07:00 [INF] [OpenFreqClient.Services.OpenFreqService] PTT start: Krieger (0b5a8147-b1fa-4307-a8c3-d1087389de25) on 280.500 MHz, 3D, game time 05:17:22
2026-09-26 13:58:50.143 -07:00 [INF] [OpenFreq.Common.RtpJitterBuffer] Transmission gap detected (2388ms RTP delta), resetting jitter measurement
2026-09-26 13:58:50.210 -07:00 [INF] [OpenFreqClient.Services.OpenFreqService] RX 280.500 MHz from Krieger (0b5a8147-b1fa-4307-a8c3-d1087389de25), game time 05:17:22: -72.4 dBm, SNR 34.6 dB, FSPL 112.4 dB, terrain 0.0 dB, 35.3 km, tx 733 m / rx 5324 m MSL
2026-09-26 13:58:50.653 -07:00 [INF] [OpenFreqClient.Services.OpenFreqService] PTT start: Stevie (3f69df0a-0474-4403-96f9-9167afaa52d9) on 280.500 MHz, 3D, game time 05:17:23
2026-09-26 13:58:50.668 -07:00 [INF] [OpenFreq.Common.RtpJitterBuffer] Transmission gap detected (40052ms RTP delta), resetting jitter measurement
2026-09-26 13:58:50.716 -07:00 [INF] [OpenFreqClient.Services.OpenFreqService] RX 280.500 MHz from Stevie (3f69df0a-0474-4403-96f9-9167afaa52d9), game time 05:17:23: -53.9 dBm, SNR 53.1 dB, FSPL 93.9 dB, terrain 0.0 dB, 4.2 km, tx 1331 m / rx 5314 m MSL
2026-09-26 13:58:50.796 -07:00 [INF] [OpenFreqClient.Services.OpenFreqService] PTT end: Stevie (3f69df0a-0474-4403-96f9-9167afaa52d9) on 280.500 MHz, released, game time 05:17:23
2026-09-26 13:58:51.357 -07:00 [INF] [OpenFreqClient.Services.OpenFreqService] PTT end: Krieger (0b5a8147-b1fa-4307-a8c3-d1087389de25) on 280.500 MHz, released, game time 05:17:23
2026-09-26 13:58:52.107 -07:00 [INF] [OpenFreqClient.Services.OpenFreqService] PTT start: Stevie (3f69df0a-0474-4403-96f9-9167afaa52d9) on 140.550 MHz, 3D, game time 05:17:24
2026-09-26 13:58:52.117 -07:00 [INF] [OpenFreq.Common.RtpJitterBuffer] Transmission gap detected (1335ms RTP delta), resetting jitter measurement
2026-09-26 13:58:52.170 -07:00 [INF] [OpenFreqClient.Services.OpenFreqService] RX 140.550 MHz from Stevie (3f69df0a-0474-4403-96f9-9167afaa52d9), game time 05:17:24: -47.8 dBm, SNR 62.2 dB, FSPL 87.8 dB, terrain 0.0 dB, 4.2 km, tx 1384 m / rx 5274 m MSL
2026-09-26 13:58:52.173 -07:00 [INF] [OpenFreqClient.Services.OpenFreqService] PTT start: own radio on 280.500 MHz, game time 05:17:24
2026-09-26 13:58:52.635 -07:00 [INF] [OpenFreqClient.Services.OpenFreqService] PTT end: own radio on 280.500 MHz, game time 05:17:24
2026-09-26 13:58:52.639 -07:00 [INF] [OpenFreqClient.Services.OpenFreqService] TX level over 460ms: mic peak -9.8 dBFS rms -23.0 dBFS | sent peak -5.0 dBFS rms -19.5 dBFS | normalizer on, gain 1.147, gate -57.1 dBFS
2026-09-26 13:58:52.792 -07:00 [INF] [OpenFreqClient.Services.OpenFreqService] PTT end: Stevie (3f69df0a-0474-4403-96f9-9167afaa52d9) on 140.550 MHz, released, game time 05:17:25
2026-09-26 13:58:53.671 -07:00 [INF] [OpenFreqClient.Services.OpenFreqService] PTT start: Krieger (0b5a8147-b1fa-4307-a8c3-d1087389de25) on 280.500 MHz, 3D, game time 05:17:26
2026-09-26 13:58:53.682 -07:00 [INF] [OpenFreqClient.Services.OpenFreqService] PTT start: Stevie (3f69df0a-0474-4403-96f9-9167afaa52d9) on 280.500 MHz, 3D, game time 05:17:26
2026-09-26 13:58:53.699 -07:00 [INF] [OpenFreq.Common.RtpJitterBuffer] Transmission gap detected (919ms RTP delta), resetting jitter measurement
2026-09-26 13:58:53.702 -07:00 [INF] [OpenFreq.Common.RtpJitterBuffer] Transmission gap detected (2352ms RTP delta), resetting jitter measurement
2026-09-26 13:58:53.746 -07:00 [INF] [OpenFreqClient.Services.OpenFreqService] RX 280.500 MHz from Stevie (3f69df0a-0474-4403-96f9-9167afaa52d9), game time 05:17:26: -53.9 dBm, SNR 53.1 dB, FSPL 93.9 dB, terrain 0.0 dB, 4.2 km, tx 1399 m / rx 5240 m MSL
2026-09-26 13:58:53.762 -07:00 [INF] [OpenFreqClient.Services.OpenFreqService] RX 280.500 MHz from Krieger (0b5a8147-b1fa-4307-a8c3-d1087389de25), game time 05:17:26: -72.7 dBm, SNR 34.3 dB, FSPL 112.7 dB, terrain 0.0 dB, 36.7 km, tx 814 m / rx 5240 m MSL
2026-09-26 13:58:54.108 -07:00 [INF] [OpenFreqClient.Services.OpenFreqService] PTT end: Krieger (0b5a8147-b1fa-4307-a8c3-d1087389de25) on 280.500 MHz, released, game time 05:17:26
2026-09-26 13:58:54.787 -07:00 [INF] [OpenFreqClient.Services.OpenFreqService] PTT end: Stevie (3f69df0a-0474-4403-96f9-9167afaa52d9) on 280.500 MHz, released, game time 05:17:27
2026-09-26 13:59:00.947 -07:00 [INF] [OpenFreqClient.Services.OpenFreqService] PTT start: Stevie (3f69df0a-0474-4403-96f9-9167afaa52d9) on 140.550 MHz, 3D, game time 05:17:33
2026-09-26 13:59:00.983 -07:00 [INF] [OpenFreq.Common.RtpJitterBuffer] Transmission gap detected (6184ms RTP delta), resetting jitter measurement
2026-09-26 13:59:01.004 -07:00 [INF] [OpenFreqClient.Services.OpenFreqService] RX 140.550 MHz from Stevie (3f69df0a-0474-4403-96f9-9167afaa52d9), game time 05:17:33: -49.4 dBm, SNR 60.6 dB, FSPL 89.4 dB, terrain 0.0 dB, 5.0 km, tx 1328 m / rx 5195 m MSL
2026-09-26 13:59:01.447 -07:00 [INF] [OpenFreq.Common.RtpJitterBuffer] Late arrival (4ms past slot) — buffer 74→108ms
2026-09-26 13:59:01.568 -07:00 [WRN] [OpenFreqAudio.RadioPlayback] Stream 3f69df0a-0474-4403-96f9-9167afaa52d9:140550 on 140.550 MHz had no samples for 10.0 ms
2026-09-26 13:59:01.592 -07:00 [INF] [OpenFreqClient.Services.OpenFreqService] PTT end: Stevie (3f69df0a-0474-4403-96f9-9167afaa52d9) on 140.550 MHz, released, game time 05:17:33
2026-09-26 13:59:03.319 -07:00 [INF] [OpenFreqClient.Services.OpenFreqService] PTT start: Stevie (3f69df0a-0474-4403-96f9-9167afaa52d9) on 140.550 MHz, 3D, game time 05:17:35
2026-09-26 13:59:03.327 -07:00 [INF] [OpenFreq.Common.RtpJitterBuffer] Transmission gap detected (1748ms RTP delta), resetting jitter measurement
2026-09-26 13:59:03.400 -07:00 [INF] [OpenFreqClient.Services.OpenFreqService] RX 140.550 MHz from Stevie (3f69df0a-0474-4403-96f9-9167afaa52d9), game time 05:17:35: -50.1 dBm, SNR 59.9 dB, FSPL 90.1 dB, terrain 0.0 dB, 5.5 km, tx 1386 m / rx 5206 m MSL
2026-09-26 13:59:04.152 -07:00 [INF] [OpenFreqClient.Services.OpenFreqService] PTT end: Stevie (3f69df0a-0474-4403-96f9-9167afaa52d9) on 140.550 MHz, released, game time 05:17:36
2026-09-26 13:59:07.907 -07:00 [INF] [OpenFreqClient.Services.OpenFreqService] PTT start: Stevie (3f69df0a-0474-4403-96f9-9167afaa52d9) on 140.550 MHz, 3D, game time 05:17:40
2026-09-26 13:59:07.939 -07:00 [INF] [OpenFreq.Common.RtpJitterBuffer] Transmission gap detected (3771ms RTP delta), resetting jitter measurement
2026-09-26 13:59:07.981 -07:00 [INF] [OpenFreqClient.Services.OpenFreqService] RX 140.550 MHz from Stevie (3f69df0a-0474-4403-96f9-9167afaa52d9), game time 05:17:40: -51.9 dBm, SNR 58.1 dB, FSPL 91.9 dB, terrain 0.0 dB, 6.7 km, tx 1455 m / rx 5241 m MSL
2026-09-26 13:59:08.300 -07:00 [INF] [OpenFreqClient.Services.OpenFreqService] PTT start: Kug (e406d0a0-64e6-4450-9ec0-300837b7b89a) on 280.500 MHz, 3D, game time 05:17:40
2026-09-26 13:59:08.321 -07:00 [INF] [OpenFreq.Common.RtpJitterBuffer] Transmission gap detected (33489ms RTP delta), resetting jitter measurement
2026-09-26 13:59:08.367 -07:00 [INF] [OpenFreqClient.Services.OpenFreqService] RX 280.500 MHz from Kug (e406d0a0-64e6-4450-9ec0-300837b7b89a), game time 05:17:40: -79.7 dBm, SNR 27.3 dB, FSPL 119.7 dB, terrain 0.0 dB, 81.8 km, tx 5638 m / rx 5239 m MSL
2026-09-26 13:59:08.610 -07:00 [INF] [OpenFreqClient.Services.OpenFreqService] PTT end: Stevie (3f69df0a-0474-4403-96f9-9167afaa52d9) on 140.550 MHz, released, game time 05:17:40
2026-09-26 13:59:08.898 -07:00 [WRN] [OpenFreqAudio.RadioPlayback] Stream e406d0a0-64e6-4450-9ec0-300837b7b89a:280500 on 280.500 MHz had no samples for 10.5 ms
2026-09-26 13:59:12.949 -07:00 [INF] [OpenFreq.Common.RtpJitterBuffer] Late arrival (2ms past slot) — buffer 72→105ms
2026-09-26 13:59:13.072 -07:00 [INF] [OpenFreqClient.Services.OpenFreqService] PTT end: Kug (e406d0a0-64e6-4450-9ec0-300837b7b89a) on 280.500 MHz, released, game time 05:17:45
2026-09-26 13:59:13.810 -07:00 [INF] [OpenFreq.Common.RtpJitterBuffer] Transmission gap detected (5228ms RTP delta), resetting jitter measurement
2026-09-26 13:59:13.810 -07:00 [INF] [OpenFreqClient.Services.OpenFreqService] PTT start: Stevie (3f69df0a-0474-4403-96f9-9167afaa52d9) on 140.550 MHz, 3D, game time 05:17:46
2026-09-26 13:59:13.863 -07:00 [INF] [OpenFreqClient.Services.OpenFreqService] RX 140.550 MHz from Stevie (3f69df0a-0474-4403-96f9-9167afaa52d9), game time 05:17:46: -54.3 dBm, SNR 55.7 dB, FSPL 94.3 dB, terrain 0.0 dB, 8.8 km, tx 1689 m / rx 5151 m MSL
2026-09-26 13:59:14.312 -07:00 [INF] [OpenFreqClient.Services.OpenFreqService] PTT end: Stevie (3f69df0a-0474-4403-96f9-9167afaa52d9) on 140.550 MHz, released, game time 05:17:46
2026-09-26 13:59:18.389 -07:00 [INF] [OpenFreqClient.Services.OpenFreqService] PTT start: SkyFox (43ff3b58-7576-451b-af7c-3b0c94df56b7) on 140.550 MHz, 3D, game time 05:17:50
2026-09-26 13:59:18.407 -07:00 [INF] [OpenFreq.Common.RtpJitterBuffer] Transmission gap detected (70685ms RTP delta), resetting jitter measurement
2026-09-26 13:59:18.407 -07:00 [INF] [OpenFreq.Common.RtpJitterBufferPool] Pruned stale source SSRC=27D099D4
2026-09-26 13:59:18.407 -07:00 [INF] [OpenFreq.Common.RtpAudioReceiver] Source expired: SSRC=27D099D4
2026-09-26 13:59:18.444 -07:00 [INF] [OpenFreqClient.Services.OpenFreqService] RX 140.550 MHz from SkyFox (43ff3b58-7576-451b-af7c-3b0c94df56b7), game time 05:17:50: -57.5 dBm, SNR 52.5 dB, FSPL 97.5 dB, terrain 0.0 dB, 12.7 km, tx 479 m / rx 5170 m MSL
2026-09-26 13:59:18.452 -07:00 [INF] [OpenFreqClient.Services.OpenFreqService] PTT end: SkyFox (43ff3b58-7576-451b-af7c-3b0c94df56b7) on 140.550 MHz, released, game time 05:17:50
2026-09-26 13:59:18.634 -07:00 [INF] [OpenFreqClient.Services.OpenFreqService] PTT start: Stevie (3f69df0a-0474-4403-96f9-9167afaa52d9) on 140.550 MHz, 3D, game time 05:17:50
2026-09-26 13:59:18.654 -07:00 [INF] [OpenFreq.Common.RtpJitterBuffer] Transmission gap detected (4352ms RTP delta), resetting jitter measurement
2026-09-26 13:59:18.692 -07:00 [INF] [OpenFreqClient.Services.OpenFreqService] RX 140.550 MHz from Stevie (3f69df0a-0474-4403-96f9-9167afaa52d9), game time 05:17:50: -56.0 dBm, SNR 54.0 dB, FSPL 96.0 dB, terrain 0.0 dB, 10.7 km, tx 2060 m / rx 5172 m MSL
2026-09-26 13:59:18.763 -07:00 [INF] [OpenFreqClient.Services.OpenFreqService] PTT start: SkyFox (43ff3b58-7576-451b-af7c-3b0c94df56b7) on 140.550 MHz, 3D, game time 05:17:51
2026-09-26 13:59:19.892 -07:00 [INF] [OpenFreqClient.Services.OpenFreqService] PTT end: Stevie (3f69df0a-0474-4403-96f9-9167afaa52d9) on 140.550 MHz, released, game time 05:17:52
2026-09-26 13:59:20.533 -07:00 [INF] [OpenFreq.Common.RtpJitterBuffer] Late arrival (2ms past slot) — buffer 60→92ms
2026-09-26 13:59:22.869 -07:00 [INF] [OpenFreqClient.Services.OpenFreqService] PTT end: SkyFox (43ff3b58-7576-451b-af7c-3b0c94df56b7) on 140.550 MHz, released, game time 05:17:55
2026-09-26 13:59:23.404 -07:00 [INF] [OpenFreqClient.Services.OpenFreqService] PTT start: own radio on 140.550 MHz, game time 05:17:55
2026-09-26 13:59:23.900 -07:00 [INF] [OpenFreqClient.Services.OpenFreqService] PTT end: own radio on 140.550 MHz, game time 05:17:56
2026-09-26 13:59:23.909 -07:00 [INF] [OpenFreqClient.Services.OpenFreqService] TX level over 500ms: mic peak -4.7 dBFS rms -20.0 dBFS | sent peak -3.9 dBFS rms -19.9 dBFS | normalizer on, gain 0.903, gate -56.8 dBFS
2026-09-26 13:59:24.787 -07:00 [INF] [OpenFreqClient.Services.OpenFreqService] PTT start: Stevie (3f69df0a-0474-4403-96f9-9167afaa52d9) on 140.550 MHz, 3D, game time 05:17:57
2026-09-26 13:59:24.814 -07:00 [INF] [OpenFreq.Common.RtpJitterBuffer] Transmission gap detected (4920ms RTP delta), resetting jitter measurement
2026-09-26 13:59:24.857 -07:00 [INF] [OpenFreqClient.Services.OpenFreqService] RX 140.550 MHz from Stevie (3f69df0a-0474-4403-96f9-9167afaa52d9), game time 05:17:57: -57.6 dBm, SNR 52.4 dB, FSPL 97.6 dB, terrain 0.0 dB, 12.9 km, tx 2725 m / rx 5240 m MSL
2026-09-26 13:59:25.363 -07:00 [INF] [OpenFreqClient.Services.OpenFreqService] PTT end: Stevie (3f69df0a-0474-4403-96f9-9167afaa52d9) on 140.550 MHz, released, game time 05:17:57
2026-09-26 13:59:26.597 -07:00 [INF] [OpenFreqClient.Services.OpenFreqService] PTT start: Stevie (3f69df0a-0474-4403-96f9-9167afaa52d9) on 140.550 MHz, 3D, game time 05:17:58
2026-09-26 13:59:26.613 -07:00 [INF] [OpenFreq.Common.RtpJitterBuffer] Transmission gap detected (1268ms RTP delta), resetting jitter measurement
2026-09-26 13:59:26.663 -07:00 [INF] [OpenFreqClient.Services.OpenFreqService] RX 140.550 MHz from Stevie (3f69df0a-0474-4403-96f9-9167afaa52d9), game time 05:17:58: -58.0 dBm, SNR 52.0 dB, FSPL 98.0 dB, terrain 0.0 dB, 13.5 km, tx 2656 m / rx 5267 m MSL
2026-09-26 13:59:28.528 -07:00 [INF] [OpenFreqClient.Services.OpenFreqService] PTT end: Stevie (3f69df0a-0474-4403-96f9-9167afaa52d9) on 140.550 MHz, released, game time 05:18:00
2026-09-26 13:59:28.802 -07:00 [INF] [OpenFreqClient.Services.OpenFreqService] PTT start: Stevie (3f69df0a-0474-4403-96f9-9167afaa52d9) on 140.550 MHz, 3D, game time 05:18:01
2026-09-26 13:59:30.067 -07:00 [INF] [OpenFreqClient.Services.OpenFreqService] PTT end: Stevie (3f69df0a-0474-4403-96f9-9167afaa52d9) on 140.550 MHz, released, game time 05:18:02
2026-09-26 13:59:30.827 -07:00 [INF] [OpenFreqClient.Services.OpenFreqService] PTT start: own radio on 280.500 MHz, game time 05:18:03
2026-09-26 13:59:30.907 -07:00 [INF] [OpenFreqClient.Services.OpenFreqService] PTT start: Stevie (3f69df0a-0474-4403-96f9-9167afaa52d9) on 140.550 MHz, 3D, game time 05:18:03
2026-09-26 13:59:30.924 -07:00 [INF] [OpenFreq.Common.RtpJitterBuffer] Transmission gap detected (856ms RTP delta), resetting jitter measurement
2026-09-26 13:59:30.957 -07:00 [INF] [OpenFreqClient.Services.OpenFreqService] RX 140.550 MHz from Stevie (3f69df0a-0474-4403-96f9-9167afaa52d9), game time 05:18:03: -58.7 dBm, SNR 51.3 dB, FSPL 98.7 dB, terrain 0.0 dB, 14.6 km, tx 2373 m / rx 5287 m MSL
2026-09-26 13:59:31.207 -07:00 [INF] [OpenFreqClient.Services.OpenFreqService] PTT end: Stevie (3f69df0a-0474-4403-96f9-9167afaa52d9) on 140.550 MHz, released, game time 05:18:03
2026-09-26 13:59:32.251 -07:00 [INF] [OpenFreqClient.Services.OpenFreqService] PTT end: own radio on 280.500 MHz, game time 05:18:04
2026-09-26 13:59:32.260 -07:00 [INF] [OpenFreqClient.Services.OpenFreqService] TX level over 1430ms: mic peak -7.9 dBFS rms -24.3 dBFS | sent peak -4.9 dBFS rms -20.7 dBFS | normalizer on, gain 1.599, gate -94.3 dBFS
2026-09-26 13:59:33.507 -07:00 [INF] [OpenFreqClient.Services.OpenFreqService] PTT start: Krieger (0b5a8147-b1fa-4307-a8c3-d1087389de25) on 280.500 MHz, 3D, game time 05:18:05
2026-09-26 13:59:33.512 -07:00 [INF] [OpenFreq.Common.RtpJitterBuffer] Transmission gap detected (39424ms RTP delta), resetting jitter measurement
2026-09-26 13:59:33.586 -07:00 [INF] [OpenFreqClient.Services.OpenFreqService] RX 280.500 MHz from Krieger (0b5a8147-b1fa-4307-a8c3-d1087389de25), game time 05:18:05: -73.2 dBm, SNR 33.8 dB, FSPL 113.2 dB, terrain 0.0 dB, 38.9 km, tx 642 m / rx 5289 m MSL
2026-09-26 13:59:34.478 -07:00 [WRN] [OpenFreqAudio.RadioPlayback] Stream 0b5a8147-b1fa-4307-a8c3-d1087389de25:280500 on 280.500 MHz had no samples for 11.0 ms
2026-09-26 13:59:34.699 -07:00 [INF] [OpenFreqClient.Services.OpenFreqService] PTT end: Krieger (0b5a8147-b1fa-4307-a8c3-d1087389de25) on 280.500 MHz, released, game time 05:18:06
2026-09-26 13:59:39.749 -07:00 [INF] [OpenFreqClient.Services.OpenFreqService] PTT start: gci-chaos (594701b2-6238-4ad8-992b-37a151773ed5) on 280.500 MHz, 3D, game time 05:18:12
2026-09-26 13:59:39.777 -07:00 [INF] [OpenFreq.Common.RtpJitterBuffer] Transmission gap detected (93683ms RTP delta), resetting jitter measurement
2026-09-26 13:59:39.810 -07:00 [INF] [OpenFreqClient.Services.OpenFreqService] RX 280.500 MHz from gci-chaos (594701b2-6238-4ad8-992b-37a151773ed5), game time 05:18:12: -72.9 dBm, SNR 34.1 dB, FSPL 116.9 dB, terrain 0.0 dB, 59.3 km, tx 9147 m / rx 5391 m MSL
2026-09-26 13:59:40.654 -07:00 [INF] [OpenFreqClient.Services.OpenFreqService] PTT end: gci-chaos (594701b2-6238-4ad8-992b-37a151773ed5) on 280.500 MHz, released, game time 05:18:12
2026-09-26 13:59:41.052 -07:00 [INF] [OpenFreqClient.Services.OpenFreqService] PTT start: gci-chaos (594701b2-6238-4ad8-992b-37a151773ed5) on 280.500 MHz, 3D, game time 05:18:13
2026-09-26 13:59:41.115 -07:00 [INF] [OpenFreqClient.Services.OpenFreqService] PTT end: gci-chaos (594701b2-6238-4ad8-992b-37a151773ed5) on 280.500 MHz, released, game time 05:18:13
2026-09-26 13:59:53.404 -07:00 [INF] [OpenFreqClient.Services.OpenFreqService] PTT start: own radio on 280.500 MHz, game time 05:18:25
2026-09-26 13:59:53.580 -07:00 [INF] [OpenFreqClient.Services.OpenFreqService] PTT end: own radio on 280.500 MHz, game time 05:18:25
2026-09-26 13:59:53.590 -07:00 [INF] [OpenFreqClient.Services.OpenFreqService] TX level over 180ms: mic peak -43.3 dBFS rms -58.1 dBFS | sent peak -38.3 dBFS rms -49.6 dBFS | normalizer on, gain 4.193, gate -53.6 dBFS
2026-09-26 13:59:53.964 -07:00 [INF] [OpenFreqClient.Services.OpenFreqService] PTT start: own radio on 140.550 MHz, game time 05:18:26
2026-09-26 13:59:57.980 -07:00 [INF] [OpenFreqClient.Services.OpenFreqService] PTT end: own radio on 140.550 MHz, game time 05:18:30
2026-09-26 13:59:57.990 -07:00 [INF] [OpenFreqClient.Services.OpenFreqService] TX level over 4020ms: mic peak -8.0 dBFS rms -23.5 dBFS | sent peak 0.0 dBFS rms -20.7 dBFS | normalizer on, gain 3.656, gate -52.4 dBFS
2026-09-26 13:59:58.409 -07:00 [INF] [OpenFreqClient.Services.OpenFreqService] PTT start: Stevie (3f69df0a-0474-4403-96f9-9167afaa52d9) on 140.550 MHz, 3D, game time 05:18:30
2026-09-26 13:59:58.421 -07:00 [INF] [OpenFreq.Common.RtpJitterBuffer] Transmission gap detected (27224ms RTP delta), resetting jitter measurement
2026-09-26 13:59:58.460 -07:00 [INF] [OpenFreqClient.Services.OpenFreqService] RX 140.550 MHz from Stevie (3f69df0a-0474-4403-96f9-9167afaa52d9), game time 05:18:30: -59.4 dBm, SNR 50.6 dB, FSPL 99.4 dB, terrain 0.0 dB, 15.8 km, tx 2766 m / rx 5963 m MSL
2026-09-26 13:59:59.528 -07:00 [INF] [OpenFreqClient.Services.OpenFreqService] PTT end: Stevie (3f69df0a-0474-4403-96f9-9167afaa52d9) on 140.550 MHz, released, game time 05:18:31
2026-09-26 14:00:00.918 -07:00 [INF] [OpenFreqClient.Services.OpenFreqService] PTT start: Stevie (3f69df0a-0474-4403-96f9-9167afaa52d9) on 140.550 MHz, 3D, game time 05:18:33
2026-09-26 14:00:00.929 -07:00 [INF] [OpenFreq.Common.RtpJitterBuffer] Transmission gap detected (1412ms RTP delta), resetting jitter measurement
2026-09-26 14:00:00.975 -07:00 [INF] [OpenFreqClient.Services.OpenFreqService] RX 140.550 MHz from Stevie (3f69df0a-0474-4403-96f9-9167afaa52d9), game time 05:18:33: -59.4 dBm, SNR 50.6 dB, FSPL 99.4 dB, terrain 0.0 dB, 15.9 km, tx 2950 m / rx 6050 m MSL
2026-09-26 14:00:02.364 -07:00 [INF] [OpenFreqClient.Services.OpenFreqService] PTT end: Stevie (3f69df0a-0474-4403-96f9-9167afaa52d9) on 140.550 MHz, released, game time 05:18:34
2026-09-26 14:00:03.068 -07:00 [INF] [OpenFreqClient.Services.OpenFreqService] PTT start: own radio on 140.550 MHz, game time 05:18:35
2026-09-26 14:00:05.163 -07:00 [INF] [OpenFreqClient.Services.OpenFreqService] PTT end: own radio on 140.550 MHz, game time 05:18:37
2026-09-26 14:00:05.170 -07:00 [INF] [OpenFreqClient.Services.OpenFreqService] TX level over 2100ms: mic peak -8.7 dBFS rms -29.2 dBFS | sent peak 0.0 dBFS rms -18.8 dBFS | normalizer on, gain 14.192, gate -64.7 dBFS
2026-09-26 14:00:50.839 -07:00 [INF] [OpenFreqClient.Services.OpenFreqService] PTT start: Stevie (3f69df0a-0474-4403-96f9-9167afaa52d9) on 140.550 MHz, 3D, game time 05:19:23
2026-09-26 14:00:50.865 -07:00 [INF] [OpenFreq.Common.RtpJitterBuffer] Transmission gap detected (48504ms RTP delta), resetting jitter measurement
2026-09-26 14:00:50.865 -07:00 [INF] [OpenFreq.Common.RtpJitterBufferPool] Pruned stale source SSRC=7126CAC1
2026-09-26 14:00:50.866 -07:00 [INF] [OpenFreq.Common.RtpAudioReceiver] Source expired: SSRC=7126CAC1
2026-09-26 14:00:50.895 -07:00 [INF] [OpenFreqClient.Services.OpenFreqService] RX 140.550 MHz from Stevie (3f69df0a-0474-4403-96f9-9167afaa52d9), game time 05:19:23: -58.6 dBm, SNR 51.4 dB, FSPL 98.6 dB, terrain 0.0 dB, 14.4 km, tx 3324 m / rx 6946 m MSL
2026-09-26 14:00:51.280 -07:00 [WRN] [OpenFreqAudio.RadioPlayback] Stream 3f69df0a-0474-4403-96f9-9167afaa52d9:140550 on 140.550 MHz had no samples for 11.1 ms
2026-09-26 14:00:51.735 -07:00 [INF] [OpenFreq.Common.RtpJitterBuffer] Late arrival (0ms past slot) — buffer 74→104ms
2026-09-26 14:00:51.898 -07:00 [INF] [OpenFreqClient.Services.OpenFreqService] PTT start: gci-chaos (594701b2-6238-4ad8-992b-37a151773ed5) on 280.500 MHz, 3D, game time 05:19:24
2026-09-26 14:00:51.901 -07:00 [INF] [OpenFreq.Common.RtpJitterBuffer] Transmission gap detected (70799ms RTP delta), resetting jitter measurement
2026-09-26 14:00:51.955 -07:00 [INF] [OpenFreqClient.Services.OpenFreqService] RX 280.500 MHz from gci-chaos (594701b2-6238-4ad8-992b-37a151773ed5), game time 05:19:24: -70.1 dBm, SNR 36.9 dB, FSPL 114.1 dB, terrain 0.0 dB, 42.9 km, tx 9147 m / rx 6957 m MSL
2026-09-26 14:00:52.794 -07:00 [INF] [OpenFreqClient.Services.OpenFreqService] PTT end: Stevie (3f69df0a-0474-4403-96f9-9167afaa52d9) on 140.550 MHz, released, game time 05:19:25
2026-09-26 14:00:53.369 -07:00 [INF] [OpenFreqClient.Services.OpenFreqService] PTT start: Stevie (3f69df0a-0474-4403-96f9-9167afaa52d9) on 140.550 MHz, 3D, game time 05:19:25
2026-09-26 14:00:53.391 -07:00 [INF] [OpenFreq.Common.RtpJitterBuffer] Transmission gap detected (608ms RTP delta), resetting jitter measurement
2026-09-26 14:00:53.438 -07:00 [INF] [OpenFreqClient.Services.OpenFreqService] RX 140.550 MHz from Stevie (3f69df0a-0474-4403-96f9-9167afaa52d9), game time 05:19:25: -58.5 dBm, SNR 51.5 dB, FSPL 98.5 dB, terrain 0.0 dB, 14.3 km, tx 3311 m / rx 6973 m MSL
2026-09-26 14:00:54.137 -07:00 [INF] [OpenFreqClient.Services.OpenFreqService] PTT end: Stevie (3f69df0a-0474-4403-96f9-9167afaa52d9) on 140.550 MHz, released, game time 05:19:26
2026-09-26 14:00:56.119 -07:00 [INF] [OpenFreqClient.Services.OpenFreqService] PTT end: gci-chaos (594701b2-6238-4ad8-992b-37a151773ed5) on 280.500 MHz, released, game time 05:19:28
2026-09-26 14:01:00.060 -07:00 [INF] [OpenFreqClient.Services.OpenFreqService] PTT start: own radio on 140.550 MHz, game time 05:19:32
2026-09-26 14:01:03.010 -07:00 [INF] [OpenFreqClient.Services.OpenFreqService] PTT start: Stevie (3f69df0a-0474-4403-96f9-9167afaa52d9) on 140.550 MHz, 3D, game time 05:19:35
2026-09-26 14:01:03.025 -07:00 [INF] [OpenFreq.Common.RtpJitterBuffer] Transmission gap detected (8932ms RTP delta), resetting jitter measurement
2026-09-26 14:01:03.144 -07:00 [INF] [OpenFreqClient.Services.OpenFreqService] PTT end: Stevie (3f69df0a-0474-4403-96f9-9167afaa52d9) on 140.550 MHz, released, game time 05:19:35
2026-09-26 14:01:04.603 -07:00 [INF] [OpenFreqClient.Services.OpenFreqService] PTT end: own radio on 140.550 MHz, game time 05:19:36
2026-09-26 14:01:04.611 -07:00 [INF] [OpenFreqClient.Services.OpenFreqService] TX level over 4550ms: mic peak -10.4 dBFS rms -29.7 dBFS | sent peak -0.1 dBFS rms -20.9 dBFS | normalizer on, gain 3.970, gate -50.9 dBFS
2026-09-26 14:01:04.925 -07:00 [INF] [OpenFreqClient.Services.OpenFreqService] PTT start: Stevie (3f69df0a-0474-4403-96f9-9167afaa52d9) on 140.550 MHz, 3D, game time 05:19:37
2026-09-26 14:01:04.940 -07:00 [INF] [OpenFreq.Common.RtpJitterBuffer] Transmission gap detected (1800ms RTP delta), resetting jitter measurement
2026-09-26 14:01:04.992 -07:00 [INF] [OpenFreqClient.Services.OpenFreqService] RX 140.550 MHz from Stevie (3f69df0a-0474-4403-96f9-9167afaa52d9), game time 05:19:37: -58.1 dBm, SNR 51.9 dB, FSPL 98.1 dB, terrain 0.0 dB, 13.6 km, tx 3620 m / rx 7172 m MSL
2026-09-26 14:01:05.280 -07:00 [INF] [OpenFreqClient.Services.OpenFreqService] PTT end: Stevie (3f69df0a-0474-4403-96f9-9167afaa52d9) on 140.550 MHz, released, game time 05:19:37
2026-09-26 14:01:05.494 -07:00 [INF] [OpenFreqClient.Services.OpenFreqService] PTT start: Falcon (91c4c764-ac55-4b66-98e4-d070ed54be23) on 280.500 MHz, 3D, game time 05:19:37
2026-09-26 14:01:05.520 -07:00 [INF] [OpenFreq.Common.RtpJitterBuffer] Transmission gap detected (207794ms RTP delta), resetting jitter measurement
2026-09-26 14:01:05.561 -07:00 [INF] [OpenFreqClient.Services.OpenFreqService] RX 280.500 MHz from Falcon (91c4c764-ac55-4b66-98e4-d070ed54be23), game time 05:19:37: -77.8 dBm, SNR 29.2 dB, FSPL 117.8 dB, terrain 0.0 dB, 66.1 km, tx 8232 m / rx 7183 m MSL
2026-09-26 14:01:09.525 -07:00 [INF] [OpenFreqClient.Services.OpenFreqService] PTT end: Falcon (91c4c764-ac55-4b66-98e4-d070ed54be23) on 280.500 MHz, released, game time 05:19:41
2026-09-26 14:01:13.916 -07:00 [INF] [OpenFreqClient.Services.OpenFreqService] PTT start: Polaris (4c187006-039a-4fcb-b6df-d456875763f7) on 280.500 MHz, 3D, game time 05:19:46
2026-09-26 14:01:13.939 -07:00 [INF] [OpenFreq.Common.RtpJitterBuffer] Transmission gap detected (154172ms RTP delta), resetting jitter measurement
2026-09-26 14:01:13.981 -07:00 [INF] [OpenFreqClient.Services.OpenFreqService] RX 280.500 MHz from Polaris (4c187006-039a-4fcb-b6df-d456875763f7), game time 05:19:46: -76.1 dBm, SNR 30.9 dB, FSPL 116.1 dB, terrain 0.0 dB, 54.2 km, tx 5554 m / rx 7242 m MSL
2026-09-26 14:01:14.771 -07:00 [WRN] [OpenFreqAudio.RadioPlayback] Stream 4c187006-039a-4fcb-b6df-d456875763f7:280500 on 280.500 MHz had no samples for 10.0 ms
2026-09-26 14:01:15.787 -07:00 [INF] [OpenFreqClient.Services.OpenFreqService] PTT end: Polaris (4c187006-039a-4fcb-b6df-d456875763f7) on 280.500 MHz, released, game time 05:19:48
2026-09-26 14:01:17.380 -07:00 [INF] [OpenFreqClient.Services.OpenFreqService] PTT start: Paintcheck (9c5f9224-8277-4f34-8da9-dbeb707f0e00) on 280.500 MHz, 3D, game time 05:19:49
2026-09-26 14:01:17.397 -07:00 [INF] [OpenFreq.Common.RtpJitterBufferPool] New RTP source: SSRC=7126CAC1
2026-09-26 14:01:17.397 -07:00 [INF] [OpenFreq.Common.RtpJitterBuffer] Manual buffer size: 150ms
2026-09-26 14:01:17.397 -07:00 [INF] [OpenFreq.Common.RtpAudioReceiver] Source joined:  SSRC=7126CAC1
2026-09-26 14:01:17.397 -07:00 [INF] [OpenFreq.Common.RtpJitterBuffer] Initialized: buffer=150ms
2026-09-26 14:01:17.547 -07:00 [INF] [OpenFreqClient.Services.OpenFreqService] RX 280.500 MHz from Paintcheck (9c5f9224-8277-4f34-8da9-dbeb707f0e00), game time 05:19:49: -69.9 dBm, SNR 37.1 dB, FSPL 109.9 dB, terrain 0.0 dB, 26.6 km, tx 2555 m / rx 7226 m MSL
2026-09-26 14:01:18.547 -07:00 [INF] [OpenFreqClient.Services.OpenFreqService] PTT end: Paintcheck (9c5f9224-8277-4f34-8da9-dbeb707f0e00) on 280.500 MHz, released, game time 05:19:50
2026-09-26 14:01:19.612 -07:00 [INF] [OpenFreqClient.Services.OpenFreqService] PTT start: Polaris (4c187006-039a-4fcb-b6df-d456875763f7) on 280.500 MHz, 3D, game time 05:19:51
2026-09-26 14:01:19.632 -07:00 [INF] [OpenFreq.Common.RtpJitterBuffer] Transmission gap detected (3855ms RTP delta), resetting jitter measurement
2026-09-26 14:01:19.684 -07:00 [INF] [OpenFreqClient.Services.OpenFreqService] RX 280.500 MHz from Polaris (4c187006-039a-4fcb-b6df-d456875763f7), game time 05:19:51: -76.3 dBm, SNR 30.7 dB, FSPL 116.3 dB, terrain 0.0 dB, 55.6 km, tx 5563 m / rx 7207 m MSL
2026-09-26 14:01:20.747 -07:00 [INF] [OpenFreqClient.Services.OpenFreqService] PTT end: Polaris (4c187006-039a-4fcb-b6df-d456875763f7) on 280.500 MHz, released, game time 05:19:53
2026-09-26 14:01:21.556 -07:00 [INF] [OpenFreqClient.Services.OpenFreqService] PTT start: Paintcheck (9c5f9224-8277-4f34-8da9-dbeb707f0e00) on 280.500 MHz, 3D, game time 05:19:53
2026-09-26 14:01:21.578 -07:00 [INF] [OpenFreq.Common.RtpJitterBuffer] Transmission gap detected (3036ms RTP delta), resetting jitter measurement
2026-09-26 14:01:21.648 -07:00 [INF] [OpenFreqClient.Services.OpenFreqService] RX 280.500 MHz from Paintcheck (9c5f9224-8277-4f34-8da9-dbeb707f0e00), game time 05:19:53: -69.9 dBm, SNR 37.1 dB, FSPL 109.9 dB, terrain 0.0 dB, 26.7 km, tx 3260 m / rx 7189 m MSL
2026-09-26 14:01:25.271 -07:00 [INF] [OpenFreqClient.Services.OpenFreqService] PTT end: Paintcheck (9c5f9224-8277-4f34-8da9-dbeb707f0e00) on 280.500 MHz, released, game time 05:19:57
2026-09-26 14:01:26.451 -07:00 [INF] [OpenFreqClient.Services.OpenFreqService] PTT start: Paintcheck (9c5f9224-8277-4f34-8da9-dbeb707f0e00) on 280.500 MHz, 3D, game time 05:19:58
2026-09-26 14:01:26.469 -07:00 [INF] [OpenFreq.Common.RtpJitterBuffer] Transmission gap detected (1216ms RTP delta), resetting jitter measurement
2026-09-26 14:01:26.508 -07:00 [INF] [OpenFreqClient.Services.OpenFreqService] RX 280.500 MHz from Paintcheck (9c5f9224-8277-4f34-8da9-dbeb707f0e00), game time 05:19:58: -69.9 dBm, SNR 37.1 dB, FSPL 109.9 dB, terrain 0.0 dB, 26.7 km, tx 3859 m / rx 7141 m MSL
2026-09-26 14:01:26.749 -07:00 [INF] [OpenFreq.Common.RtpJitterBuffer] Late arrival (2ms past slot) — buffer 39→70ms
2026-09-26 14:01:27.235 -07:00 [INF] [OpenFreqClient.Services.OpenFreqService] PTT end: Paintcheck (9c5f9224-8277-4f34-8da9-dbeb707f0e00) on 280.500 MHz, released, game time 05:19:59
2026-09-26 14:01:31.596 -07:00 [INF] [OpenFreqClient.Services.OpenFreqService] PTT start: Polaris (4c187006-039a-4fcb-b6df-d456875763f7) on 280.500 MHz, 3D, game time 05:20:03
2026-09-26 14:01:31.620 -07:00 [INF] [OpenFreq.Common.RtpJitterBuffer] Transmission gap detected (10864ms RTP delta), resetting jitter measurement
2026-09-26 14:01:31.666 -07:00 [INF] [OpenFreqClient.Services.OpenFreqService] RX 280.500 MHz from Polaris (4c187006-039a-4fcb-b6df-d456875763f7), game time 05:20:03: -77.0 dBm, SNR 30.0 dB, FSPL 117.0 dB, terrain 0.0 dB, 60.2 km, tx 5566 m / rx 7067 m MSL
2026-09-26 14:01:35.887 -07:00 [INF] [OpenFreqClient.Services.OpenFreqService] PTT end: Polaris (4c187006-039a-4fcb-b6df-d456875763f7) on 280.500 MHz, released, game time 05:20:08
2026-09-26 14:01:40.855 -07:00 [INF] [OpenFreqClient.Services.OpenFreqService] PTT start: Paintcheck (9c5f9224-8277-4f34-8da9-dbeb707f0e00) on 280.500 MHz, 3D, game time 05:20:13
2026-09-26 14:01:40.873 -07:00 [INF] [OpenFreq.Common.RtpJitterBuffer] Transmission gap detected (13640ms RTP delta), resetting jitter measurement
2026-09-26 14:01:40.926 -07:00 [INF] [OpenFreqClient.Services.OpenFreqService] RX 280.500 MHz from Paintcheck (9c5f9224-8277-4f34-8da9-dbeb707f0e00), game time 05:20:13: -69.8 dBm, SNR 37.2 dB, FSPL 109.8 dB, terrain 0.0 dB, 26.2 km, tx 4226 m / rx 6929 m MSL
2026-09-26 14:01:41.475 -07:00 [INF] [OpenFreqClient.Services.OpenFreqService] PTT end: Paintcheck (9c5f9224-8277-4f34-8da9-dbeb707f0e00) on 280.500 MHz, released, game time 05:20:13
2026-09-26 14:01:42.288 -07:00 [INF] [OpenFreqClient.Services.OpenFreqService] PTT start: Polaris (4c187006-039a-4fcb-b6df-d456875763f7) on 280.500 MHz, 3D, game time 05:20:14
2026-09-26 14:01:42.294 -07:00 [INF] [OpenFreq.Common.RtpJitterBuffer] Transmission gap detected (6412ms RTP delta), resetting jitter measurement
2026-09-26 14:01:42.341 -07:00 [INF] [OpenFreqClient.Services.OpenFreqService] RX 280.500 MHz from Polaris (4c187006-039a-4fcb-b6df-d456875763f7), game time 05:20:14: -77.6 dBm, SNR 29.4 dB, FSPL 117.6 dB, terrain 0.0 dB, 64.6 km, tx 5576 m / rx 6913 m MSL
2026-09-26 14:01:42.532 -07:00 [WRN] [OpenFreqAudio.RadioPlayback] Stream 4c187006-039a-4fcb-b6df-d456875763f7:280500 on 280.500 MHz had no samples for 10.0 ms
2026-09-26 14:01:44.600 -07:00 [INF] [OpenFreq.Common.RtpJitterBufferPool] Pruned stale source SSRC=4209D5F1
2026-09-26 14:01:44.600 -07:00 [INF] [OpenFreq.Common.RtpAudioReceiver] Source expired: SSRC=4209D5F1
2026-09-26 14:01:44.821 -07:00 [INF] [OpenFreq.Common.RtpJitterBuffer] Late arrival (1ms past slot) — buffer 58→88ms
2026-09-26 14:01:47.436 -07:00 [INF] [OpenFreqClient.Services.OpenFreqService] PTT end: Polaris (4c187006-039a-4fcb-b6df-d456875763f7) on 280.500 MHz, released, game time 05:20:19
2026-09-26 14:01:49.395 -07:00 [INF] [OpenFreqClient.Services.OpenFreqService] PTT start: Paintcheck (9c5f9224-8277-4f34-8da9-dbeb707f0e00) on 280.500 MHz, 3D, game time 05:20:21
2026-09-26 14:01:49.419 -07:00 [INF] [OpenFreq.Common.RtpJitterBuffer] Transmission gap detected (7944ms RTP delta), resetting jitter measurement
2026-09-26 14:01:49.460 -07:00 [INF] [OpenFreqClient.Services.OpenFreqService] RX 280.500 MHz from Paintcheck (9c5f9224-8277-4f34-8da9-dbeb707f0e00), game time 05:20:21: -69.7 dBm, SNR 37.3 dB, FSPL 109.7 dB, terrain 0.0 dB, 26.0 km, tx 4469 m / rx 6855 m MSL
2026-09-26 14:01:52.853 -07:00 [INF] [OpenFreqClient.Services.OpenFreqService] PTT end: Paintcheck (9c5f9224-8277-4f34-8da9-dbeb707f0e00) on 280.500 MHz, released, game time 05:20:25
2026-09-26 14:01:58.054 -07:00 [INF] [OpenFreqClient.Services.OpenFreqService] PTT start: gci-chaos (594701b2-6238-4ad8-992b-37a151773ed5) on 280.500 MHz, 3D, game time 05:20:30
2026-09-26 14:01:58.074 -07:00 [INF] [OpenFreq.Common.RtpJitterBuffer] Transmission gap detected (61943ms RTP delta), resetting jitter measurement
2026-09-26 14:01:58.106 -07:00 [INF] [OpenFreqClient.Services.OpenFreqService] RX 280.500 MHz from gci-chaos (594701b2-6238-4ad8-992b-37a151773ed5), game time 05:20:30: -71.1 dBm, SNR 35.9 dB, FSPL 115.0 dB, terrain 0.0 dB, 48.1 km, tx 9147 m / rx 6823 m MSL
2026-09-26 14:01:58.948 -07:00 [INF] [OpenFreq.Common.RtpJitterBuffer] Late arrival (3ms past slot) — buffer 40→72ms
2026-09-26 14:02:00.231 -07:00 [INF] [OpenFreqClient.Services.OpenFreqService] PTT end: gci-chaos (594701b2-6238-4ad8-992b-37a151773ed5) on 280.500 MHz, released, game time 05:20:32
2026-09-26 14:02:25.436 -07:00 [INF] [OpenFreqClient.Services.OpenFreqService] PTT start: own radio on 140.550 MHz, game time 05:20:57
2026-09-26 14:02:26.139 -07:00 [INF] [OpenFreqClient.Services.OpenFreqService] PTT end: own radio on 140.550 MHz, game time 05:20:58
2026-09-26 14:02:26.141 -07:00 [INF] [OpenFreqClient.Services.OpenFreqService] TX level over 700ms: mic peak -24.4 dBFS rms -46.7 dBFS | sent peak -11.9 dBFS rms -33.9 dBFS | normalizer on, gain 5.139, gate -43.9 dBFS
2026-09-26 14:02:26.523 -07:00 [INF] [OpenFreqClient.Services.OpenFreqService] PTT start: own radio on 280.500 MHz, game time 05:20:58
2026-09-26 14:02:27.644 -07:00 [INF] [OpenFreqClient.Services.OpenFreqService] PTT end: own radio on 280.500 MHz, game time 05:20:59
2026-09-26 14:02:27.651 -07:00 [INF] [OpenFreqClient.Services.OpenFreqService] TX level over 1120ms: mic peak -12.8 dBFS rms -30.4 dBFS | sent peak -3.7 dBFS rms -21.2 dBFS | normalizer on, gain 2.893, gate -47.5 dBFS
2026-09-26 14:02:27.740 -07:00 [INF] [OpenFreqClient.Services.OpenFreqService] PTT start: own radio on 280.500 MHz, game time 05:21:00
2026-09-26 14:02:28.748 -07:00 [INF] [OpenFreqClient.Services.OpenFreqService] PTT end: own radio on 280.500 MHz, game time 05:21:01
2026-09-26 14:02:28.751 -07:00 [INF] [OpenFreqClient.Services.OpenFreqService] TX level over 1010ms: mic peak -9.4 dBFS rms -27.9 dBFS | sent peak -3.0 dBFS rms -22.1 dBFS | normalizer on, gain 2.970, gate -48.7 dBFS
2026-09-26 14:02:35.610 -07:00 [INF] [OpenFreqClient.Services.OpenFreqService] PTT start: Falcon (91c4c764-ac55-4b66-98e4-d070ed54be23) on 280.500 MHz, 3D, game time 05:21:07
2026-09-26 14:02:35.620 -07:00 [INF] [OpenFreq.Common.RtpJitterBuffer] Transmission gap detected (86105ms RTP delta), resetting jitter measurement
2026-09-26 14:02:35.662 -07:00 [INF] [OpenFreqClient.Services.OpenFreqService] RX 280.500 MHz from Falcon (91c4c764-ac55-4b66-98e4-d070ed54be23), game time 05:21:07: -78.9 dBm, SNR 28.1 dB, FSPL 118.9 dB, terrain 0.0 dB, 75.1 km, tx 5474 m / rx 5309 m MSL
2026-09-26 14:02:40.325 -07:00 [INF] [OpenFreqClient.Services.OpenFreqService] PTT end: Falcon (91c4c764-ac55-4b66-98e4-d070ed54be23) on 280.500 MHz, released, game time 05:21:12
2026-09-26 14:02:41.163 -07:00 [INF] [OpenFreqClient.Services.OpenFreqService] PTT start: gci-chaos (594701b2-6238-4ad8-992b-37a151773ed5) on 280.500 MHz, 3D, game time 05:21:13
2026-09-26 14:02:41.184 -07:00 [INF] [OpenFreq.Common.RtpJitterBuffer] Transmission gap detected (40970ms RTP delta), resetting jitter measurement
2026-09-26 14:02:41.235 -07:00 [INF] [OpenFreqClient.Services.OpenFreqService] RX 280.500 MHz from gci-chaos (594701b2-6238-4ad8-992b-37a151773ed5), game time 05:21:13: -72.2 dBm, SNR 34.8 dB, FSPL 116.2 dB, terrain 0.0 dB, 55.0 km, tx 9147 m / rx 4831 m MSL
2026-09-26 14:02:42.161 -07:00 [INF] [OpenFreqClient.Services.OpenFreqService] PTT end: gci-chaos (594701b2-6238-4ad8-992b-37a151773ed5) on 280.500 MHz, released, game time 05:21:14
2026-09-26 14:02:52.498 -07:00 [INF] [OpenFreqClient.Services.OpenFreqService] PTT start: Stevie (3f69df0a-0474-4403-96f9-9167afaa52d9) on 140.550 MHz, 3D, game time 05:21:24
2026-09-26 14:02:52.513 -07:00 [INF] [OpenFreq.Common.RtpJitterBuffer] Transmission gap detected (107250ms RTP delta), resetting jitter measurement
2026-09-26 14:02:52.559 -07:00 [INF] [OpenFreqClient.Services.OpenFreqService] RX 140.550 MHz from Stevie (3f69df0a-0474-4403-96f9-9167afaa52d9), game time 05:21:24: -47.5 dBm, SNR 62.5 dB, FSPL 87.5 dB, terrain 0.0 dB, 4.0 km, tx 5769 m / rx 4916 m MSL
2026-09-26 14:02:53.392 -07:00 [INF] [OpenFreqClient.Services.OpenFreqService] PTT end: Stevie (3f69df0a-0474-4403-96f9-9167afaa52d9) on 140.550 MHz, released, game time 05:21:25
2026-09-26 14:02:54.187 -07:00 [INF] [OpenFreqClient.Services.OpenFreqService] PTT start: Stevie (3f69df0a-0474-4403-96f9-9167afaa52d9) on 140.550 MHz, 3D, game time 05:21:26
2026-09-26 14:02:54.207 -07:00 [INF] [OpenFreq.Common.RtpJitterBuffer] Transmission gap detected (835ms RTP delta), resetting jitter measurement
2026-09-26 14:02:54.247 -07:00 [INF] [OpenFreqClient.Services.OpenFreqService] RX 140.550 MHz from Stevie (3f69df0a-0474-4403-96f9-9167afaa52d9), game time 05:21:26: -48.3 dBm, SNR 61.7 dB, FSPL 88.3 dB, terrain 0.0 dB, 4.4 km, tx 5746 m / rx 4930 m MSL
2026-09-26 14:02:54.637 -07:00 [INF] [OpenFreqClient.Services.OpenFreqService] PTT end: Stevie (3f69df0a-0474-4403-96f9-9167afaa52d9) on 140.550 MHz, released, game time 05:21:26
2026-09-26 14:03:01.113 -07:00 [INF] [OpenFreqClient.Services.OpenFreqService] PTT start: Knight (f4461c8b-b37f-4d25-a4cb-5da5ffdcefdc) on 280.500 MHz, 3D, game time 05:21:33
2026-09-26 14:03:01.128 -07:00 [INF] [OpenFreq.Common.RtpJitterBufferPool] New RTP source: SSRC=4209D5F1
2026-09-26 14:03:01.128 -07:00 [INF] [OpenFreq.Common.RtpJitterBuffer] Manual buffer size: 150ms
2026-09-26 14:03:01.128 -07:00 [INF] [OpenFreq.Common.RtpAudioReceiver] Source joined:  SSRC=4209D5F1
2026-09-26 14:03:01.128 -07:00 [INF] [OpenFreq.Common.RtpJitterBuffer] Initialized: buffer=150ms
2026-09-26 14:03:01.128 -07:00 [INF] [OpenFreq.Common.RtpJitterBufferPool] Pruned stale source SSRC=4EE60C78
2026-09-26 14:03:01.128 -07:00 [INF] [OpenFreq.Common.RtpAudioReceiver] Source expired: SSRC=4EE60C78
2026-09-26 14:03:01.279 -07:00 [INF] [OpenFreqClient.Services.OpenFreqService] RX 280.500 MHz from Knight (f4461c8b-b37f-4d25-a4cb-5da5ffdcefdc), game time 05:21:33: -64.7 dBm, SNR 42.3 dB, FSPL 104.7 dB, terrain 0.0 dB, 14.6 km, tx 3237 m / rx 4984 m MSL
2026-09-26 14:03:02.937 -07:00 [INF] [OpenFreqClient.Services.OpenFreqService] PTT end: Knight (f4461c8b-b37f-4d25-a4cb-5da5ffdcefdc) on 280.500 MHz, released, game time 05:21:35
2026-09-26 14:03:03.835 -07:00 [INF] [OpenFreqClient.Services.OpenFreqService] PTT start: own radio on 140.550 MHz, game time 05:21:36
2026-09-26 14:03:07.115 -07:00 [INF] [OpenFreqClient.Services.OpenFreqService] PTT end: own radio on 140.550 MHz, game time 05:21:39
2026-09-26 14:03:07.120 -07:00 [INF] [OpenFreqClient.Services.OpenFreqService] TX level over 3280ms: mic peak -13.3 dBFS rms -30.5 dBFS | sent peak -2.5 dBFS rms -22.4 dBFS | normalizer on, gain 2.489, gate -40.4 dBFS
2026-09-26 14:03:22.852 -07:00 [INF] [OpenFreqClient.Services.OpenFreqService] PTT start: Stevie (3f69df0a-0474-4403-96f9-9167afaa52d9) on 140.550 MHz, 3D, game time 05:21:55
2026-09-26 14:03:22.862 -07:00 [INF] [OpenFreq.Common.RtpJitterBuffer] Transmission gap detected (28237ms RTP delta), resetting jitter measurement
2026-09-26 14:03:22.903 -07:00 [INF] [OpenFreqClient.Services.OpenFreqService] RX 140.550 MHz from Stevie (3f69df0a-0474-4403-96f9-9167afaa52d9), game time 05:21:55: -52.7 dBm, SNR 57.3 dB, FSPL 92.7 dB, terrain 0.0 dB, 7.3 km, tx 4862 m / rx 5382 m MSL
2026-09-26 14:03:23.909 -07:00 [INF] [OpenFreqClient.Services.OpenFreqService] PTT end: Stevie (3f69df0a-0474-4403-96f9-9167afaa52d9) on 140.550 MHz, released, game time 05:21:56
2026-09-26 14:03:24.387 -07:00 [INF] [OpenFreqClient.Services.OpenFreqService] PTT start: Stevie (3f69df0a-0474-4403-96f9-9167afaa52d9) on 140.550 MHz, 3D, game time 05:21:56
2026-09-26 14:03:24.832 -07:00 [INF] [OpenFreqClient.Services.OpenFreqService] PTT end: Stevie (3f69df0a-0474-4403-96f9-9167afaa52d9) on 140.550 MHz, released, game time 05:21:57
2026-09-26 14:03:25.292 -07:00 [INF] [OpenFreqClient.Services.OpenFreqService] PTT start: Stevie (3f69df0a-0474-4403-96f9-9167afaa52d9) on 140.550 MHz, 3D, game time 05:21:57
2026-09-26 14:03:25.877 -07:00 [INF] [OpenFreqClient.Services.OpenFreqService] PTT end: Stevie (3f69df0a-0474-4403-96f9-9167afaa52d9) on 140.550 MHz, released, game time 05:21:58
2026-09-26 14:03:50.151 -07:00 [INF] [OpenFreqClient.Services.OpenFreqService] PTT start: Paintcheck (9c5f9224-8277-4f34-8da9-dbeb707f0e00) on 280.500 MHz, 3D, game time 05:22:22
2026-09-26 14:03:50.171 -07:00 [INF] [OpenFreq.Common.RtpJitterBuffer] Transmission gap detected (117332ms RTP delta), resetting jitter measurement
2026-09-26 14:03:50.210 -07:00 [INF] [OpenFreqClient.Services.OpenFreqService] RX 280.500 MHz from Paintcheck (9c5f9224-8277-4f34-8da9-dbeb707f0e00), game time 05:22:22: -73.5 dBm, SNR 33.5 dB, FSPL 113.5 dB, terrain 0.0 dB, 40.1 km, tx 3227 m / rx 6140 m MSL
2026-09-26 14:03:53.849 -07:00 [INF] [OpenFreqClient.Services.OpenFreqService] PTT end: Paintcheck (9c5f9224-8277-4f34-8da9-dbeb707f0e00) on 280.500 MHz, released, game time 05:22:26
2026-09-26 14:03:55.435 -07:00 [INF] [OpenFreqClient.Services.OpenFreqService] PTT start: gci-chaos (594701b2-6238-4ad8-992b-37a151773ed5) on 280.500 MHz, 3D, game time 05:22:27
2026-09-26 14:03:55.448 -07:00 [INF] [OpenFreq.Common.RtpJitterBuffer] Transmission gap detected (73288ms RTP delta), resetting jitter measurement
2026-09-26 14:03:55.503 -07:00 [INF] [OpenFreqClient.Services.OpenFreqService] RX 280.500 MHz from gci-chaos (594701b2-6238-4ad8-992b-37a151773ed5), game time 05:22:27: -72.7 dBm, SNR 34.3 dB, FSPL 116.6 dB, terrain 0.0 dB, 57.8 km, tx 9147 m / rx 6150 m MSL
2026-09-26 14:03:55.556 -07:00 [WRN] [OpenFreqAudio.RadioPlayback] Stream 594701b2-6238-4ad8-992b-37a151773ed5:280500 on 280.500 MHz had no samples for 14.5 ms
2026-09-26 14:03:56.441 -07:00 [INF] [OpenFreqClient.Services.OpenFreqService] PTT end: gci-chaos (594701b2-6238-4ad8-992b-37a151773ed5) on 280.500 MHz, released, game time 05:22:28
2026-09-26 14:04:16.778 -07:00 [INF] [OpenFreqClient.Services.OpenFreqService] PTT start: gci-chaos (594701b2-6238-4ad8-992b-37a151773ed5) on 280.500 MHz, 3D, game time 05:22:49
2026-09-26 14:04:16.799 -07:00 [INF] [OpenFreq.Common.RtpJitterBuffer] Transmission gap detected (20366ms RTP delta), resetting jitter measurement
2026-09-26 14:04:16.799 -07:00 [INF] [OpenFreq.Common.RtpJitterBufferPool] Pruned stale source SSRC=141FC2A9
2026-09-26 14:04:16.799 -07:00 [INF] [OpenFreq.Common.RtpAudioReceiver] Source expired: SSRC=141FC2A9
2026-09-26 14:04:16.847 -07:00 [INF] [OpenFreqClient.Services.OpenFreqService] RX 280.500 MHz from gci-chaos (594701b2-6238-4ad8-992b-37a151773ed5), game time 05:22:49: -72.0 dBm, SNR 35.0 dB, FSPL 116.0 dB, terrain 0.0 dB, 53.7 km, tx 9147 m / rx 6310 m MSL
2026-09-26 14:04:16.893 -07:00 [WRN] [OpenFreqAudio.RadioPlayback] Stream 594701b2-6238-4ad8-992b-37a151773ed5:280500 on 280.500 MHz had no samples for 9.5 ms
2026-09-26 14:04:17.866 -07:00 [INF] [OpenFreqClient.Services.OpenFreqService] PTT end: gci-chaos (594701b2-6238-4ad8-992b-37a151773ed5) on 280.500 MHz, released, game time 05:22:50
2026-09-26 14:04:22.478 -07:00 [INF] [OpenFreqClient.Services.OpenFreqService] PTT start: Krieger (0b5a8147-b1fa-4307-a8c3-d1087389de25) on 280.500 MHz, 3D, game time 05:22:54
2026-09-26 14:04:22.490 -07:00 [INF] [OpenFreq.Common.RtpJitterBuffer] Transmission gap detected (287797ms RTP delta), resetting jitter measurement
2026-09-26 14:04:22.564 -07:00 [INF] [OpenFreqClient.Services.OpenFreqService] RX 280.500 MHz from Krieger (0b5a8147-b1fa-4307-a8c3-d1087389de25), game time 05:22:54: -65.3 dBm, SNR 41.7 dB, FSPL 105.3 dB, terrain 0.0 dB, 15.6 km, tx 836 m / rx 6326 m MSL
2026-09-26 14:04:22.614 -07:00 [WRN] [OpenFreqAudio.RadioPlayback] Stream 0b5a8147-b1fa-4307-a8c3-d1087389de25:280500 on 280.500 MHz had no samples for 10.5 ms
2026-09-26 14:04:22.863 -07:00 [INF] [OpenFreq.Common.RtpJitterBufferPool] Pruned stale source SSRC=63D7FB4B
2026-09-26 14:04:22.863 -07:00 [INF] [OpenFreq.Common.RtpAudioReceiver] Source expired: SSRC=63D7FB4B
2026-09-26 14:04:23.968 -07:00 [INF] [OpenFreqClient.Services.OpenFreqService] PTT end: Krieger (0b5a8147-b1fa-4307-a8c3-d1087389de25) on 280.500 MHz, released, game time 05:22:56
2026-09-26 14:04:26.518 -07:00 [INF] [OpenFreqClient.Services.OpenFreqService] PTT start: Knight (f4461c8b-b37f-4d25-a4cb-5da5ffdcefdc) on 280.500 MHz, 3D, game time 05:22:58
2026-09-26 14:04:26.539 -07:00 [INF] [OpenFreq.Common.RtpJitterBuffer] Transmission gap detected (83608ms RTP delta), resetting jitter measurement
2026-09-26 14:04:26.591 -07:00 [INF] [OpenFreqClient.Services.OpenFreqService] RX 280.500 MHz from Knight (f4461c8b-b37f-4d25-a4cb-5da5ffdcefdc), game time 05:22:58: -63.4 dBm, SNR 43.6 dB, FSPL 103.4 dB, terrain 0.0 dB, 12.6 km, tx 1757 m / rx 6335 m MSL
2026-09-26 14:04:28.176 -07:00 [WRN] [OpenFreqAudio.RadioPlayback] Stream f4461c8b-b37f-4d25-a4cb-5da5ffdcefdc:280500 on 280.500 MHz had no samples for 9.8 ms
2026-09-26 14:04:30.522 -07:00 [INF] [OpenFreqClient.Services.OpenFreqService] PTT end: Knight (f4461c8b-b37f-4d25-a4cb-5da5ffdcefdc) on 280.500 MHz, released, game time 05:23:02
2026-09-26 14:04:31.312 -07:00 [INF] [OpenFreqClient.Services.OpenFreqService] PTT start: Alligator (2af88464-1ea8-4d04-80ba-d98d4f842617) on 280.500 MHz, 3D, game time 05:23:03
2026-09-26 14:04:31.321 -07:00 [INF] [OpenFreq.Common.RtpJitterBufferPool] New RTP source: SSRC=4EE60C78
2026-09-26 14:04:31.321 -07:00 [INF] [OpenFreq.Common.RtpJitterBuffer] Manual buffer size: 150ms
2026-09-26 14:04:31.321 -07:00 [INF] [OpenFreq.Common.RtpAudioReceiver] Source joined:  SSRC=4EE60C78
2026-09-26 14:04:31.321 -07:00 [INF] [OpenFreq.Common.RtpJitterBuffer] Initialized: buffer=150ms
2026-09-26 14:04:31.471 -07:00 [INF] [OpenFreqClient.Services.OpenFreqService] RX 280.500 MHz from Alligator (2af88464-1ea8-4d04-80ba-d98d4f842617), game time 05:23:03: -72.0 dBm, SNR 35.0 dB, FSPL 112.0 dB, terrain 0.0 dB, 33.9 km, tx 738 m / rx 6350 m MSL
2026-09-26 14:04:34.205 -07:00 [INF] [OpenFreqClient.Services.OpenFreqService] PTT end: Alligator (2af88464-1ea8-4d04-80ba-d98d4f842617) on 280.500 MHz, released, game time 05:23:06
2026-09-26 14:04:38.588 -07:00 [INF] [OpenFreqClient.Services.OpenFreqService] PTT start: own radio on 280.500 MHz, game time 05:23:10
2026-09-26 14:04:39.741 -07:00 [INF] [OpenFreqClient.Services.OpenFreqService] PTT end: own radio on 280.500 MHz, game time 05:23:12
2026-09-26 14:04:39.751 -07:00 [INF] [OpenFreqClient.Services.OpenFreqService] TX level over 1160ms: mic peak -11.7 dBFS rms -29.8 dBFS | sent peak 0.0 dBFS rms -19.7 dBFS | normalizer on, gain 7.439, gate -57.6 dBFS
2026-09-26 14:04:47.271 -07:00 [INF] [OpenFreq.Common.RtpJitterBuffer] Transmission gap detected (23309ms RTP delta), resetting jitter measurement
2026-09-26 14:04:47.272 -07:00 [INF] [OpenFreqClient.Services.OpenFreqService] PTT start: Krieger (0b5a8147-b1fa-4307-a8c3-d1087389de25) on 280.500 MHz, 3D, game time 05:23:19
2026-09-26 14:04:47.333 -07:00 [INF] [OpenFreqClient.Services.OpenFreqService] RX 280.500 MHz from Krieger (0b5a8147-b1fa-4307-a8c3-d1087389de25), game time 05:23:19: -66.5 dBm, SNR 40.5 dB, FSPL 106.5 dB, terrain 0.0 dB, 18.0 km, tx 958 m / rx 6097 m MSL
2026-09-26 14:04:49.372 -07:00 [INF] [OpenFreqClient.Services.OpenFreqService] PTT end: Krieger (0b5a8147-b1fa-4307-a8c3-d1087389de25) on 280.500 MHz, released, game time 05:23:21
2026-09-26 14:04:50.427 -07:00 [INF] [OpenFreqClient.Services.OpenFreqService] PTT start: own radio on 280.500 MHz, game time 05:23:22
2026-09-26 14:04:51.643 -07:00 [INF] [OpenFreqClient.Services.OpenFreqService] PTT end: own radio on 280.500 MHz, game time 05:23:23
2026-09-26 14:04:51.652 -07:00 [INF] [OpenFreqClient.Services.OpenFreqService] TX level over 1220ms: mic peak -10.1 dBFS rms -29.8 dBFS | sent peak 0.0 dBFS rms -13.7 dBFS | normalizer on, gain 15.164, gate -69.6 dBFS
2026-09-26 14:04:52.570 -07:00 [INF] [OpenFreqClient.Services.OpenFreqService] PTT start: Krieger (0b5a8147-b1fa-4307-a8c3-d1087389de25) on 280.500 MHz, 3D, game time 05:23:24
2026-09-26 14:04:52.587 -07:00 [INF] [OpenFreq.Common.RtpJitterBuffer] Transmission gap detected (3228ms RTP delta), resetting jitter measurement
2026-09-26 14:04:52.660 -07:00 [INF] [OpenFreqClient.Services.OpenFreqService] RX 280.500 MHz from Krieger (0b5a8147-b1fa-4307-a8c3-d1087389de25), game time 05:23:24: -67.5 dBm, SNR 39.5 dB, FSPL 107.5 dB, terrain 0.0 dB, 20.1 km, tx 974 m / rx 6047 m MSL
2026-09-26 14:04:53.694 -07:00 [INF] [OpenFreqClient.Services.OpenFreqService] PTT end: Krieger (0b5a8147-b1fa-4307-a8c3-d1087389de25) on 280.500 MHz, released, game time 05:23:25
2026-09-26 14:04:55.978 -07:00 [INF] [OpenFreqClient.Services.OpenFreqService] PTT start: Paintcheck (9c5f9224-8277-4f34-8da9-dbeb707f0e00) on 280.500 MHz, 3D, game time 05:23:28
2026-09-26 14:04:55.991 -07:00 [INF] [OpenFreq.Common.RtpJitterBuffer] Transmission gap detected (62164ms RTP delta), resetting jitter measurement
2026-09-26 14:04:56.052 -07:00 [INF] [OpenFreqClient.Services.OpenFreqService] RX 280.500 MHz from Paintcheck (9c5f9224-8277-4f34-8da9-dbeb707f0e00), game time 05:23:28: -68.3 dBm, SNR 38.7 dB, FSPL 108.3 dB, terrain 0.0 dB, 22.0 km, tx 5381 m / rx 6062 m MSL
2026-09-26 14:04:59.400 -07:00 [INF] [OpenFreqClient.Services.OpenFreqService] PTT end: Paintcheck (9c5f9224-8277-4f34-8da9-dbeb707f0e00) on 280.500 MHz, released, game time 05:23:31
2026-09-26 14:05:05.334 -07:00 [INF] [OpenFreqClient.Services.OpenFreqService] PTT start: gci-chaos (594701b2-6238-4ad8-992b-37a151773ed5) on 280.500 MHz, 3D, game time 05:23:37
2026-09-26 14:05:05.349 -07:00 [INF] [OpenFreq.Common.RtpJitterBuffer] Transmission gap detected (47493ms RTP delta), resetting jitter measurement
2026-09-26 14:05:05.392 -07:00 [INF] [OpenFreqClient.Services.OpenFreqService] RX 280.500 MHz from gci-chaos (594701b2-6238-4ad8-992b-37a151773ed5), game time 05:23:37: -72.8 dBm, SNR 34.2 dB, FSPL 116.8 dB, terrain 0.0 dB, 58.7 km, tx 9147 m / rx 6178 m MSL
2026-09-26 14:05:09.468 -07:00 [INF] [OpenFreqClient.Services.OpenFreqService] PTT end: gci-chaos (594701b2-6238-4ad8-992b-37a151773ed5) on 280.500 MHz, released, game time 05:23:41
2026-09-26 14:05:11.740 -07:00 [INF] [OpenFreqClient.Services.OpenFreqService] PTT start: own radio on 140.550 MHz, game time 05:23:44
2026-09-26 14:05:16.173 -07:00 [INF] [OpenFreqClient.Services.OpenFreqService] PTT end: own radio on 140.550 MHz, game time 05:23:48
2026-09-26 14:05:16.182 -07:00 [INF] [OpenFreqClient.Services.OpenFreqService] TX level over 4440ms: mic peak -14.1 dBFS rms -31.0 dBFS | sent peak 0.0 dBFS rms -20.5 dBFS | normalizer on, gain 10.504, gate -63.0 dBFS
2026-09-26 14:05:17.802 -07:00 [INF] [OpenFreqClient.Services.OpenFreqService] PTT start: Stevie (3f69df0a-0474-4403-96f9-9167afaa52d9) on 140.550 MHz, 3D, game time 05:23:50
2026-09-26 14:05:17.815 -07:00 [INF] [OpenFreq.Common.RtpJitterBuffer] Transmission gap detected (111964ms RTP delta), resetting jitter measurement
2026-09-26 14:05:17.859 -07:00 [INF] [OpenFreqClient.Services.OpenFreqService] RX 140.550 MHz from Stevie (3f69df0a-0474-4403-96f9-9167afaa52d9), game time 05:23:50: -41.4 dBm, SNR 68.6 dB, FSPL 81.4 dB, terrain 0.0 dB, 2.0 km, tx 6014 m / rx 6272 m MSL
2026-09-26 14:05:18.209 -07:00 [INF] [OpenFreqClient.Services.OpenFreqService] PTT end: Stevie (3f69df0a-0474-4403-96f9-9167afaa52d9) on 140.550 MHz, released, game time 05:23:50
2026-09-26 14:05:22.740 -07:00 [INF] [OpenFreqClient.Services.OpenFreqService] PTT start: gci-chaos (594701b2-6238-4ad8-992b-37a151773ed5) on 280.500 MHz, 3D, game time 05:23:55
2026-09-26 14:05:22.759 -07:00 [INF] [OpenFreq.Common.RtpJitterBuffer] Transmission gap detected (13288ms RTP delta), resetting jitter measurement
2026-09-26 14:05:22.806 -07:00 [INF] [OpenFreqClient.Services.OpenFreqService] RX 280.500 MHz from gci-chaos (594701b2-6238-4ad8-992b-37a151773ed5), game time 05:23:55: -73.2 dBm, SNR 33.8 dB, FSPL 117.2 dB, terrain 0.0 dB, 61.3 km, tx 9147 m / rx 6263 m MSL
2026-09-26 14:05:26.309 -07:00 [INF] [OpenFreqClient.Services.OpenFreqService] PTT end: gci-chaos (594701b2-6238-4ad8-992b-37a151773ed5) on 280.500 MHz, released, game time 05:23:58
2026-09-26 14:05:28.051 -07:00 [INF] [OpenFreqClient.Services.OpenFreqService] PTT start: Falcon (91c4c764-ac55-4b66-98e4-d070ed54be23) on 280.500 MHz, 3D, game time 05:24:00
2026-09-26 14:05:28.074 -07:00 [INF] [OpenFreq.Common.RtpJitterBuffer] Transmission gap detected (167739ms RTP delta), resetting jitter measurement
2026-09-26 14:05:28.112 -07:00 [INF] [OpenFreqClient.Services.OpenFreqService] RX 280.500 MHz from Falcon (91c4c764-ac55-4b66-98e4-d070ed54be23), game time 05:24:00: -75.6 dBm, SNR 31.4 dB, FSPL 115.6 dB, terrain 0.0 dB, 51.2 km, tx 8553 m / rx 6230 m MSL
2026-09-26 14:05:33.109 -07:00 [INF] [OpenFreqClient.Services.OpenFreqService] PTT end: Falcon (91c4c764-ac55-4b66-98e4-d070ed54be23) on 280.500 MHz, released, game time 05:24:05
2026-09-26 14:05:34.380 -07:00 [INF] [OpenFreqClient.Services.OpenFreqService] PTT start: Stevie (3f69df0a-0474-4403-96f9-9167afaa52d9) on 140.550 MHz, 3D, game time 05:24:06
2026-09-26 14:05:34.395 -07:00 [INF] [OpenFreq.Common.RtpJitterBuffer] Transmission gap detected (16197ms RTP delta), resetting jitter measurement
2026-09-26 14:05:34.436 -07:00 [INF] [OpenFreqClient.Services.OpenFreqService] RX 140.550 MHz from Stevie (3f69df0a-0474-4403-96f9-9167afaa52d9), game time 05:24:06: -53.9 dBm, SNR 56.1 dB, FSPL 93.9 dB, terrain 0.0 dB, 8.4 km, tx 5581 m / rx 6202 m MSL
2026-09-26 14:05:34.826 -07:00 [WRN] [OpenFreqAudio.RadioPlayback] Stream 3f69df0a-0474-4403-96f9-9167afaa52d9:140550 on 140.550 MHz had no samples for 10.5 ms
2026-09-26 14:05:35.728 -07:00 [INF] [OpenFreqClient.Services.OpenFreqService] PTT start: gci-chaos (594701b2-6238-4ad8-992b-37a151773ed5) on 280.500 MHz, 3D, game time 05:24:07
2026-09-26 14:05:35.730 -07:00 [INF] [OpenFreq.Common.RtpJitterBuffer] Transmission gap detected (9457ms RTP delta), resetting jitter measurement
2026-09-26 14:05:35.776 -07:00 [INF] [OpenFreqClient.Services.OpenFreqService] RX 280.500 MHz from gci-chaos (594701b2-6238-4ad8-992b-37a151773ed5), game time 05:24:08: -73.0 dBm, SNR 34.0 dB, FSPL 117.0 dB, terrain 0.0 dB, 59.9 km, tx 9147 m / rx 6199 m MSL
2026-09-26 14:05:35.839 -07:00 [INF] [OpenFreqClient.Services.OpenFreqService] PTT end: Stevie (3f69df0a-0474-4403-96f9-9167afaa52d9) on 140.550 MHz, released, game time 05:24:08
2026-09-26 14:05:36.207 -07:00 [WRN] [OpenFreqAudio.RadioPlayback] Stream 594701b2-6238-4ad8-992b-37a151773ed5:280500 on 280.500 MHz had no samples for 10.0 ms
2026-09-26 14:05:37.378 -07:00 [INF] [OpenFreq.Common.RtpJitterBuffer] Late arrival (3ms past slot) — buffer 49→81ms
2026-09-26 14:05:38.076 -07:00 [INF] [OpenFreqClient.Services.OpenFreqService] PTT end: gci-chaos (594701b2-6238-4ad8-992b-37a151773ed5) on 280.500 MHz, released, game time 05:24:10
2026-09-26 14:05:38.164 -07:00 [INF] [OpenFreqClient.Services.OpenFreqService] PTT start: gci-chaos (594701b2-6238-4ad8-992b-37a151773ed5) on 280.500 MHz, 3D, game time 05:24:10
2026-09-26 14:05:38.201 -07:00 [INF] [OpenFreqClient.Services.OpenFreqService] PTT end: gci-chaos (594701b2-6238-4ad8-992b-37a151773ed5) on 280.500 MHz, released, game time 05:24:10
2026-09-26 14:05:38.695 -07:00 [INF] [OpenFreqClient.Services.OpenFreqService] PTT start: Stevie (3f69df0a-0474-4403-96f9-9167afaa52d9) on 140.550 MHz, 3D, game time 05:24:10
2026-09-26 14:05:38.721 -07:00 [INF] [OpenFreq.Common.RtpJitterBuffer] Transmission gap detected (2900ms RTP delta), resetting jitter measurement
2026-09-26 14:05:38.766 -07:00 [INF] [OpenFreqClient.Services.OpenFreqService] RX 140.550 MHz from Stevie (3f69df0a-0474-4403-96f9-9167afaa52d9), game time 05:24:11: -54.9 dBm, SNR 55.1 dB, FSPL 94.9 dB, terrain 0.0 dB, 9.4 km, tx 5615 m / rx 6183 m MSL
2026-09-26 14:05:39.233 -07:00 [INF] [OpenFreqClient.Services.OpenFreqService] PTT start: Falcon (91c4c764-ac55-4b66-98e4-d070ed54be23) on 280.500 MHz, 3D, game time 05:24:11
2026-09-26 14:05:39.253 -07:00 [INF] [OpenFreq.Common.RtpJitterBuffer] Transmission gap detected (6144ms RTP delta), resetting jitter measurement
2026-09-26 14:05:39.292 -07:00 [INF] [OpenFreqClient.Services.OpenFreqService] RX 280.500 MHz from Falcon (91c4c764-ac55-4b66-98e4-d070ed54be23), game time 05:24:11: -74.9 dBm, SNR 32.1 dB, FSPL 114.9 dB, terrain 0.0 dB, 47.4 km, tx 8344 m / rx 6179 m MSL
2026-09-26 14:05:40.185 -07:00 [INF] [OpenFreqClient.Services.OpenFreqService] PTT end: Stevie (3f69df0a-0474-4403-96f9-9167afaa52d9) on 140.550 MHz, released, game time 05:24:12
2026-09-26 14:05:40.460 -07:00 [INF] [OpenFreqClient.Services.OpenFreqService] PTT start: Stevie (3f69df0a-0474-4403-96f9-9167afaa52d9) on 140.550 MHz, 3D, game time 05:24:12
2026-09-26 14:05:40.612 -07:00 [INF] [OpenFreqClient.Services.OpenFreqService] PTT end: Falcon (91c4c764-ac55-4b66-98e4-d070ed54be23) on 280.500 MHz, released, game time 05:24:12
2026-09-26 14:05:42.388 -07:00 [INF] [OpenFreqClient.Services.OpenFreqService] PTT end: Stevie (3f69df0a-0474-4403-96f9-9167afaa52d9) on 140.550 MHz, released, game time 05:24:14
2026-09-26 14:05:44.763 -07:00 [INF] [OpenFreqClient.Services.OpenFreqService] PTT start: own radio on 140.550 MHz, game time 05:24:17
2026-09-26 14:05:46.043 -07:00 [INF] [OpenFreqClient.Services.OpenFreqService] PTT end: own radio on 140.550 MHz, game time 05:24:18
2026-09-26 14:05:46.052 -07:00 [INF] [OpenFreqClient.Services.OpenFreqService] TX level over 1280ms: mic peak -13.1 dBFS rms -31.5 dBFS | sent peak 0.0 dBFS rms -17.3 dBFS | normalizer on, gain 4.859, gate -66.3 dBFS
2026-09-26 14:05:46.846 -07:00 [INF] [OpenFreqClient.Services.OpenFreqService] PTT start: Stevie (3f69df0a-0474-4403-96f9-9167afaa52d9) on 140.550 MHz, 3D, game time 05:24:19
2026-09-26 14:05:46.864 -07:00 [INF] [OpenFreq.Common.RtpJitterBuffer] Transmission gap detected (4503ms RTP delta), resetting jitter measurement
2026-09-26 14:05:46.904 -07:00 [INF] [OpenFreqClient.Services.OpenFreqService] RX 140.550 MHz from Stevie (3f69df0a-0474-4403-96f9-9167afaa52d9), game time 05:24:19: -54.7 dBm, SNR 55.3 dB, FSPL 94.7 dB, terrain 0.0 dB, 9.3 km, tx 5639 m / rx 6124 m MSL
2026-09-26 14:05:47.021 -07:00 [INF] [OpenFreqClient.Services.OpenFreqService] PTT end: Stevie (3f69df0a-0474-4403-96f9-9167afaa52d9) on 140.550 MHz, released, game time 05:24:19
2026-09-26 14:05:48.569 -07:00 [INF] [OpenFreqClient.Services.OpenFreqService] PTT start: Paintcheck (9c5f9224-8277-4f34-8da9-dbeb707f0e00) on 280.500 MHz, 3D, game time 05:24:20
2026-09-26 14:05:48.583 -07:00 [INF] [OpenFreq.Common.RtpJitterBuffer] Transmission gap detected (49192ms RTP delta), resetting jitter measurement
2026-09-26 14:05:48.634 -07:00 [INF] [OpenFreqClient.Services.OpenFreqService] RX 280.500 MHz from Paintcheck (9c5f9224-8277-4f34-8da9-dbeb707f0e00), game time 05:24:20: -66.8 dBm, SNR 40.2 dB, FSPL 106.8 dB, terrain 0.0 dB, 18.6 km, tx 5706 m / rx 6132 m MSL
2026-09-26 14:05:52.288 -07:00 [INF] [OpenFreqClient.Services.OpenFreqService] PTT end: Paintcheck (9c5f9224-8277-4f34-8da9-dbeb707f0e00) on 280.500 MHz, released, game time 05:24:24
2026-09-26 14:05:55.063 -07:00 [INF] [OpenFreqClient.Services.OpenFreqService] PTT start: Knight (f4461c8b-b37f-4d25-a4cb-5da5ffdcefdc) on 280.500 MHz, 3D, game time 05:24:27
2026-09-26 14:05:55.079 -07:00 [INF] [OpenFreq.Common.RtpJitterBuffer] Transmission gap detected (84564ms RTP delta), resetting jitter measurement
2026-09-26 14:05:55.133 -07:00 [INF] [OpenFreqClient.Services.OpenFreqService] RX 280.500 MHz from Knight (f4461c8b-b37f-4d25-a4cb-5da5ffdcefdc), game time 05:24:27: -61.7 dBm, SNR 45.3 dB, FSPL 101.7 dB, terrain 0.0 dB, 10.3 km, tx 629 m / rx 6196 m MSL
2026-09-26 14:05:56.840 -07:00 [INF] [OpenFreqClient.Services.OpenFreqService] PTT end: Knight (f4461c8b-b37f-4d25-a4cb-5da5ffdcefdc) on 280.500 MHz, released, game time 05:24:29
2026-09-26 14:05:57.360 -07:00 [INF] [OpenFreqClient.Services.OpenFreqService] PTT start: Stevie (3f69df0a-0474-4403-96f9-9167afaa52d9) on 140.550 MHz, 3D, game time 05:24:29
2026-09-26 14:05:57.396 -07:00 [INF] [OpenFreq.Common.RtpJitterBuffer] Transmission gap detected (10353ms RTP delta), resetting jitter measurement
2026-09-26 14:05:57.416 -07:00 [INF] [OpenFreqClient.Services.OpenFreqService] RX 140.550 MHz from Stevie (3f69df0a-0474-4403-96f9-9167afaa52d9), game time 05:24:29: -52.2 dBm, SNR 57.8 dB, FSPL 92.2 dB, terrain 0.0 dB, 6.9 km, tx 5725 m / rx 6220 m MSL
2026-09-26 14:05:57.986 -07:00 [WRN] [OpenFreqAudio.RadioPlayback] Stream 3f69df0a-0474-4403-96f9-9167afaa52d9:140550 on 140.550 MHz had no samples for 9.5 ms
2026-09-26 14:05:59.580 -07:00 [INF] [OpenFreqClient.Services.OpenFreqService] PTT end: Stevie (3f69df0a-0474-4403-96f9-9167afaa52d9) on 140.550 MHz, released, game time 05:24:31
2026-09-26 14:06:05.387 -07:00 [INF] [OpenFreqAudio.RadioPlayback] Stream 'bad80b09-e94d-4c75-9eab-c3ffca19bd3b:243000' on 243.000 MHz
2026-09-26 14:06:06.960 -07:00 [INF] [OpenFreqClient.Services.OpenFreqService] PTT start: Falcon (91c4c764-ac55-4b66-98e4-d070ed54be23) on 280.500 MHz, 3D, game time 05:24:39
2026-09-26 14:06:06.991 -07:00 [INF] [OpenFreq.Common.RtpJitterBuffer] Transmission gap detected (26389ms RTP delta), resetting jitter measurement
2026-09-26 14:06:07.025 -07:00 [INF] [OpenFreqClient.Services.OpenFreqService] RX 280.500 MHz from Falcon (91c4c764-ac55-4b66-98e4-d070ed54be23), game time 05:24:39: -73.4 dBm, SNR 33.6 dB, FSPL 113.4 dB, terrain 0.0 dB, 39.8 km, tx 8151 m / rx 6323 m MSL
2026-09-26 14:06:07.400 -07:00 [WRN] [OpenFreqAudio.RadioPlayback] Stream 91c4c764-ac55-4b66-98e4-d070ed54be23:280500 on 280.500 MHz had no samples for 15.3 ms
2026-09-26 14:06:11.382 -07:00 [INF] [OpenFreqClient.Services.OpenFreqService] PTT end: Falcon (91c4c764-ac55-4b66-98e4-d070ed54be23) on 280.500 MHz, released, game time 05:24:43
2026-09-26 14:06:14.147 -07:00 [INF] [OpenFreqClient.Services.OpenFreqService] PTT start: Stevie (3f69df0a-0474-4403-96f9-9167afaa52d9) on 140.550 MHz, 3D, game time 05:24:46
2026-09-26 14:06:14.162 -07:00 [INF] [OpenFreq.Common.RtpJitterBuffer] Transmission gap detected (14586ms RTP delta), resetting jitter measurement
2026-09-26 14:06:14.194 -07:00 [INF] [OpenFreqClient.Services.OpenFreqService] RX 140.550 MHz from Stevie (3f69df0a-0474-4403-96f9-9167afaa52d9), game time 05:24:46: -44.5 dBm, SNR 65.5 dB, FSPL 84.5 dB, terrain 0.0 dB, 2.9 km, tx 5903 m / rx 6410 m MSL
2026-09-26 14:06:14.376 -07:00 [INF] [OpenFreqClient.Services.OpenFreqService] PTT start: gci-chaos (594701b2-6238-4ad8-992b-37a151773ed5) on 280.500 MHz, 3D, game time 05:24:46
2026-09-26 14:06:14.393 -07:00 [INF] [OpenFreq.Common.RtpJitterBuffer] Transmission gap detected (36197ms RTP delta), resetting jitter measurement
2026-09-26 14:06:14.446 -07:00 [INF] [OpenFreqClient.Services.OpenFreqService] RX 280.500 MHz from gci-chaos (594701b2-6238-4ad8-992b-37a151773ed5), game time 05:24:46: -72.0 dBm, SNR 35.0 dB, FSPL 116.0 dB, terrain 0.0 dB, 53.4 km, tx 9147 m / rx 6414 m MSL
2026-09-26 14:06:14.615 -07:00 [INF] [OpenFreqClient.Services.OpenFreqService] PTT start: Kug (e406d0a0-64e6-4450-9ec0-300837b7b89a) on 280.500 MHz, 3D, game time 05:24:46
2026-09-26 14:06:14.636 -07:00 [INF] [OpenFreq.Common.RtpJitterBufferPool] New RTP source: SSRC=141FC2A9
2026-09-26 14:06:14.636 -07:00 [INF] [OpenFreq.Common.RtpJitterBuffer] Manual buffer size: 150ms
2026-09-26 14:06:14.636 -07:00 [INF] [OpenFreq.Common.RtpAudioReceiver] Source joined:  SSRC=141FC2A9
2026-09-26 14:06:14.636 -07:00 [INF] [OpenFreq.Common.RtpJitterBuffer] Initialized: buffer=150ms
2026-09-26 14:06:14.787 -07:00 [INF] [OpenFreqClient.Services.OpenFreqService] RX 280.500 MHz from Kug (e406d0a0-64e6-4450-9ec0-300837b7b89a), game time 05:24:47: -73.2 dBm, SNR 33.8 dB, FSPL 113.2 dB, terrain 0.0 dB, 38.9 km, tx 8273 m / rx 6418 m MSL
2026-09-26 14:06:15.150 -07:00 [INF] [OpenFreqClient.Services.OpenFreqService] PTT end: Stevie (3f69df0a-0474-4403-96f9-9167afaa52d9) on 140.550 MHz, released, game time 05:24:47
2026-09-26 14:06:16.497 -07:00 [WRN] [OpenFreqAudio.RadioPlayback] Stream e406d0a0-64e6-4450-9ec0-300837b7b89a:280500 on 280.500 MHz had no samples for 9.9 ms
2026-09-26 14:06:16.497 -07:00 [WRN] [OpenFreqAudio.RadioPlayback] Stream 594701b2-6238-4ad8-992b-37a151773ed5:280500 on 280.500 MHz had no samples for 9.9 ms
2026-09-26 14:06:17.054 -07:00 [INF] [OpenFreqClient.Services.OpenFreqService] PTT end: gci-chaos (594701b2-6238-4ad8-992b-37a151773ed5) on 280.500 MHz, released, game time 05:24:49
2026-09-26 14:06:18.149 -07:00 [INF] [OpenFreqClient.Services.OpenFreqService] PTT end: Kug (e406d0a0-64e6-4450-9ec0-300837b7b89a) on 280.500 MHz, released, game time 05:24:50
2026-09-26 14:06:20.892 -07:00 [INF] [OpenFreqClient.Services.OpenFreqService] PTT start: own radio on 140.550 MHz, game time 05:24:53
2026-09-26 14:06:23.691 -07:00 [INF] [OpenFreqClient.Services.OpenFreqService] PTT end: own radio on 140.550 MHz, game time 05:24:55
2026-09-26 14:06:23.693 -07:00 [INF] [OpenFreqClient.Services.OpenFreqService] TX level over 2790ms: mic peak -10.2 dBFS rms -27.8 dBFS | sent peak 0.0 dBFS rms -20.2 dBFS | normalizer on, gain 1.973, gate -54.7 dBFS
2026-09-26 14:06:26.581 -07:00 [INF] [OpenFreqClient.Services.OpenFreqService] PTT start: Stevie (3f69df0a-0474-4403-96f9-9167afaa52d9) on 140.550 MHz, 3D, game time 05:24:58
2026-09-26 14:06:26.587 -07:00 [INF] [OpenFreq.Common.RtpJitterBuffer] Transmission gap detected (11452ms RTP delta), resetting jitter measurement
2026-09-26 14:06:26.630 -07:00 [INF] [OpenFreqClient.Services.OpenFreqService] RX 140.550 MHz from Stevie (3f69df0a-0474-4403-96f9-9167afaa52d9), game time 05:24:58: -39.7 dBm, SNR 70.3 dB, FSPL 79.7 dB, terrain 0.0 dB, 1.6 km, tx 6151 m / rx 6579 m MSL
2026-09-26 14:06:26.856 -07:00 [WRN] [OpenFreqAudio.RadioPlayback] Stream 3f69df0a-0474-4403-96f9-9167afaa52d9:140550 on 140.550 MHz had no samples for 9.8 ms
2026-09-26 14:06:26.934 -07:00 [INF] [OpenFreqClient.Services.OpenFreqService] PTT end: Stevie (3f69df0a-0474-4403-96f9-9167afaa52d9) on 140.550 MHz, released, game time 05:24:59
2026-09-26 14:06:27.675 -07:00 [INF] [OpenFreqClient.Services.OpenFreqService] PTT start: own radio on 140.550 MHz, game time 05:24:59
2026-09-26 14:06:29.164 -07:00 [INF] [OpenFreqClient.Services.OpenFreqService] PTT end: own radio on 140.550 MHz, game time 05:25:01
2026-09-26 14:06:29.172 -07:00 [INF] [OpenFreqClient.Services.OpenFreqService] TX level over 1490ms: mic peak -10.5 dBFS rms -25.5 dBFS | sent peak 0.0 dBFS rms -19.5 dBFS | normalizer on, gain 6.112, gate -58.4 dBFS
2026-09-26 14:06:29.455 -07:00 [INF] [OpenFreqClient.Services.OpenFreqService] PTT start: Stevie (3f69df0a-0474-4403-96f9-9167afaa52d9) on 140.550 MHz, 3D, game time 05:25:01
2026-09-26 14:06:29.477 -07:00 [INF] [OpenFreq.Common.RtpJitterBuffer] Transmission gap detected (2561ms RTP delta), resetting jitter measurement
2026-09-26 14:06:29.512 -07:00 [INF] [OpenFreqClient.Services.OpenFreqService] RX 140.550 MHz from Stevie (3f69df0a-0474-4403-96f9-9167afaa52d9), game time 05:25:01: -39.4 dBm, SNR 70.6 dB, FSPL 79.4 dB, terrain 0.0 dB, 1.6 km, tx 6259 m / rx 6620 m MSL
2026-09-26 14:06:30.020 -07:00 [INF] [OpenFreqClient.Services.OpenFreqService] PTT end: Stevie (3f69df0a-0474-4403-96f9-9167afaa52d9) on 140.550 MHz, released, game time 05:25:02
2026-09-26 14:06:31.947 -07:00 [INF] [OpenFreqClient.Services.OpenFreqService] PTT start: own radio on 140.550 MHz, game time 05:25:04
2026-09-26 14:06:32.476 -07:00 [INF] [OpenFreqClient.Services.OpenFreqService] PTT end: own radio on 140.550 MHz, game time 05:25:04
2026-09-26 14:06:32.482 -07:00 [INF] [OpenFreqClient.Services.OpenFreqService] TX level over 530ms: mic peak -10.3 dBFS rms -27.6 dBFS | sent peak 0.0 dBFS rms -11.1 dBFS | normalizer on, gain 4.187, gate -78.8 dBFS
2026-09-26 14:06:37.772 -07:00 [INF] [OpenFreqClient.Services.OpenFreqService] PTT start: own radio on 140.550 MHz, game time 05:25:10
2026-09-26 14:06:38.635 -07:00 [INF] [OpenFreqClient.Services.OpenFreqService] PTT end: own radio on 140.550 MHz, game time 05:25:10
2026-09-26 14:06:38.642 -07:00 [INF] [OpenFreqClient.Services.OpenFreqService] TX level over 860ms: mic peak -13.6 dBFS rms -30.8 dBFS | sent peak -4.4 dBFS rms -20.2 dBFS | normalizer on, gain 5.616, gate -85.1 dBFS
2026-09-26 14:06:42.255 -07:00 [INF] [OpenFreqClient.Services.OpenFreqService] PTT start: Stevie (3f69df0a-0474-4403-96f9-9167afaa52d9) on 140.550 MHz, 3D, game time 05:25:14
2026-09-26 14:06:42.274 -07:00 [INF] [OpenFreq.Common.RtpJitterBuffer] Transmission gap detected (12259ms RTP delta), resetting jitter measurement
2026-09-26 14:06:42.312 -07:00 [INF] [OpenFreqClient.Services.OpenFreqService] RX 140.550 MHz from Stevie (3f69df0a-0474-4403-96f9-9167afaa52d9), game time 05:25:14: -40.9 dBm, SNR 69.1 dB, FSPL 80.9 dB, terrain 0.0 dB, 1.9 km, tx 6654 m / rx 6800 m MSL
2026-09-26 14:06:42.639 -07:00 [WRN] [OpenFreqAudio.RadioPlayback] Stream 3f69df0a-0474-4403-96f9-9167afaa52d9:140550 on 140.550 MHz had no samples for 9.5 ms
2026-09-26 14:06:43.775 -07:00 [INF] [OpenFreqClient.Services.OpenFreqService] PTT end: Stevie (3f69df0a-0474-4403-96f9-9167afaa52d9) on 140.550 MHz, released, game time 05:25:16
2026-09-26 14:06:44.684 -07:00 [INF] [OpenFreqClient.Services.OpenFreqService] PTT start: own radio on 140.550 MHz, game time 05:25:16
2026-09-26 14:06:45.099 -07:00 [INF] [OpenFreqClient.Services.OpenFreqService] PTT end: own radio on 140.550 MHz, game time 05:25:17
2026-09-26 14:06:45.102 -07:00 [INF] [OpenFreqClient.Services.OpenFreqService] TX level over 410ms: mic peak -15.6 dBFS rms -33.6 dBFS | sent peak -0.2 dBFS rms -17.4 dBFS | normalizer on, gain 4.485, gate -77.6 dBFS
2026-09-26 14:06:59.282 -07:00 [INF] [OpenFreqClient.Services.OpenFreqService] PTT start: LeHarold (334bf3fa-605f-4145-a460-1e0fa9526a3d) on 280.500 MHz, 3D, game time 05:25:31
2026-09-26 14:06:59.301 -07:00 [INF] [OpenFreq.Common.RtpJitterBufferPool] New RTP source: SSRC=5D682876
2026-09-26 14:06:59.301 -07:00 [INF] [OpenFreq.Common.RtpJitterBuffer] Manual buffer size: 150ms
2026-09-26 14:06:59.301 -07:00 [INF] [OpenFreq.Common.RtpAudioReceiver] Source joined:  SSRC=5D682876
2026-09-26 14:06:59.301 -07:00 [INF] [OpenFreq.Common.RtpJitterBuffer] Initialized: buffer=150ms
2026-09-26 14:06:59.301 -07:00 [INF] [OpenFreq.Common.RtpJitterBufferPool] Pruned stale source SSRC=2BF943CC
2026-09-26 14:06:59.301 -07:00 [INF] [OpenFreq.Common.RtpAudioReceiver] Source expired: SSRC=2BF943CC
2026-09-26 14:06:59.451 -07:00 [INF] [OpenFreqClient.Services.OpenFreqService] RX 280.500 MHz from LeHarold (334bf3fa-605f-4145-a460-1e0fa9526a3d), game time 05:25:31: -57.8 dBm, SNR 49.2 dB, FSPL 97.8 dB, terrain 0.0 dB, 6.6 km, tx 6059 m / rx 7049 m MSL
2026-09-26 14:07:01.977 -07:00 [INF] [OpenFreqClient.Services.OpenFreqService] PTT start: Stevie (3f69df0a-0474-4403-96f9-9167afaa52d9) on 140.550 MHz, 3D, game time 05:25:34
2026-09-26 14:07:01.992 -07:00 [INF] [OpenFreq.Common.RtpJitterBuffer] Transmission gap detected (18215ms RTP delta), resetting jitter measurement
2026-09-26 14:07:02.023 -07:00 [INF] [OpenFreqClient.Services.OpenFreqService] RX 140.550 MHz from Stevie (3f69df0a-0474-4403-96f9-9167afaa52d9), game time 05:25:34: -45.5 dBm, SNR 64.5 dB, FSPL 85.5 dB, terrain 0.0 dB, 3.2 km, tx 7103 m / rx 7088 m MSL
2026-09-26 14:07:02.235 -07:00 [INF] [OpenFreqClient.Services.OpenFreqService] PTT start: own radio on 140.550 MHz, game time 05:25:34
2026-09-26 14:07:02.492 -07:00 [INF] [OpenFreqClient.Services.OpenFreqService] PTT end: own radio on 140.550 MHz, game time 05:25:34
2026-09-26 14:07:02.496 -07:00 [INF] [OpenFreqClient.Services.OpenFreqService] PTT end: Stevie (3f69df0a-0474-4403-96f9-9167afaa52d9) on 140.550 MHz, released, game time 05:25:34
2026-09-26 14:07:02.499 -07:00 [INF] [OpenFreqClient.Services.OpenFreqService] PTT end: LeHarold (334bf3fa-605f-4145-a460-1e0fa9526a3d) on 280.500 MHz, released, game time 05:25:34
2026-09-26 14:07:02.502 -07:00 [INF] [OpenFreqClient.Services.OpenFreqService] TX level over 260ms: mic peak -43.0 dBFS rms -56.5 dBFS | sent peak -28.7 dBFS rms -41.0 dBFS | normalizer on, gain 32.684, gate -76.6 dBFS
2026-09-26 14:07:03.540 -07:00 [INF] [OpenFreqClient.Services.OpenFreqService] PTT start: gci-chaos (594701b2-6238-4ad8-992b-37a151773ed5) on 280.500 MHz, 3D, game time 05:25:35
2026-09-26 14:07:03.556 -07:00 [INF] [OpenFreq.Common.RtpJitterBuffer] Transmission gap detected (46542ms RTP delta), resetting jitter measurement
2026-09-26 14:07:03.600 -07:00 [INF] [OpenFreqClient.Services.OpenFreqService] RX 280.500 MHz from gci-chaos (594701b2-6238-4ad8-992b-37a151773ed5), game time 05:25:35: -70.8 dBm, SNR 36.2 dB, FSPL 114.8 dB, terrain 0.0 dB, 46.7 km, tx 9147 m / rx 7114 m MSL
2026-09-26 14:07:05.621 -07:00 [INF] [OpenFreqClient.Services.OpenFreqService] PTT start: Stevie (3f69df0a-0474-4403-96f9-9167afaa52d9) on 140.550 MHz, 3D, game time 05:25:37
2026-09-26 14:07:05.643 -07:00 [INF] [OpenFreq.Common.RtpJitterBuffer] Transmission gap detected (3149ms RTP delta), resetting jitter measurement
2026-09-26 14:07:05.675 -07:00 [INF] [OpenFreqClient.Services.OpenFreqService] RX 140.550 MHz from Stevie (3f69df0a-0474-4403-96f9-9167afaa52d9), game time 05:25:37: -46.8 dBm, SNR 63.2 dB, FSPL 86.8 dB, terrain 0.0 dB, 3.7 km, tx 7127 m / rx 7148 m MSL
2026-09-26 14:07:06.263 -07:00 [INF] [OpenFreqClient.Services.OpenFreqService] PTT end: gci-chaos (594701b2-6238-4ad8-992b-37a151773ed5) on 280.500 MHz, released, game time 05:25:38
2026-09-26 14:07:06.534 -07:00 [INF] [OpenFreqClient.Services.OpenFreqService] PTT start: gci-chaos (594701b2-6238-4ad8-992b-37a151773ed5) on 280.500 MHz, 3D, game time 05:25:38
2026-09-26 14:07:07.606 -07:00 [INF] [OpenFreqClient.Services.OpenFreqService] PTT end: Stevie (3f69df0a-0474-4403-96f9-9167afaa52d9) on 140.550 MHz, released, game time 05:25:39
2026-09-26 14:07:09.761 -07:00 [INF] [OpenFreqClient.Services.OpenFreqService] PTT end: gci-chaos (594701b2-6238-4ad8-992b-37a151773ed5) on 280.500 MHz, released, game time 05:25:42
2026-09-26 14:07:11.224 -07:00 [INF] [OpenFreqClient.Services.OpenFreqService] PTT start: Stevie (3f69df0a-0474-4403-96f9-9167afaa52d9) on 140.550 MHz, 3D, game time 05:25:43
2026-09-26 14:07:11.248 -07:00 [INF] [OpenFreq.Common.RtpJitterBuffer] Transmission gap detected (3640ms RTP delta), resetting jitter measurement
2026-09-26 14:07:11.290 -07:00 [INF] [OpenFreqClient.Services.OpenFreqService] RX 140.550 MHz from Stevie (3f69df0a-0474-4403-96f9-9167afaa52d9), game time 05:25:43: -48.3 dBm, SNR 61.7 dB, FSPL 88.3 dB, terrain 0.0 dB, 4.4 km, tx 7086 m / rx 7281 m MSL
2026-09-26 14:07:11.798 -07:00 [INF] [OpenFreqClient.Services.OpenFreqService] PTT end: Stevie (3f69df0a-0474-4403-96f9-9167afaa52d9) on 140.550 MHz, released, game time 05:25:44
2026-09-26 14:07:13.508 -07:00 [INF] [OpenFreqClient.Services.OpenFreqService] PTT start: Stevie (3f69df0a-0474-4403-96f9-9167afaa52d9) on 140.550 MHz, 3D, game time 05:25:45
2026-09-26 14:07:13.541 -07:00 [INF] [OpenFreq.Common.RtpJitterBuffer] Transmission gap detected (1748ms RTP delta), resetting jitter measurement
2026-09-26 14:07:13.576 -07:00 [INF] [OpenFreqClient.Services.OpenFreqService] RX 140.550 MHz from Stevie (3f69df0a-0474-4403-96f9-9167afaa52d9), game time 05:25:45: -48.4 dBm, SNR 61.6 dB, FSPL 88.4 dB, terrain 0.0 dB, 4.5 km, tx 7021 m / rx 7339 m MSL
2026-09-26 14:07:14.212 -07:00 [INF] [OpenFreqClient.Services.OpenFreqService] PTT end: Stevie (3f69df0a-0474-4403-96f9-9167afaa52d9) on 140.550 MHz, released, game time 05:25:46
2026-09-26 14:07:16.566 -07:00 [INF] [OpenFreqClient.Services.OpenFreqService] PTT start: Falcon (91c4c764-ac55-4b66-98e4-d070ed54be23) on 280.500 MHz, 3D, game time 05:25:48
2026-09-26 14:07:16.571 -07:00 [INF] [OpenFreq.Common.RtpJitterBuffer] Transmission gap detected (65205ms RTP delta), resetting jitter measurement
2026-09-26 14:07:16.615 -07:00 [INF] [OpenFreqClient.Services.OpenFreqService] RX 280.500 MHz from Falcon (91c4c764-ac55-4b66-98e4-d070ed54be23), game time 05:25:48: -66.7 dBm, SNR 40.3 dB, FSPL 106.7 dB, terrain 0.0 dB, 18.3 km, tx 4272 m / rx 7416 m MSL
2026-09-26 14:07:18.132 -07:00 [INF] [OpenFreqClient.Services.OpenFreqService] PTT end: Falcon (91c4c764-ac55-4b66-98e4-d070ed54be23) on 280.500 MHz, released, game time 05:25:50
2026-09-26 14:07:20.009 -07:00 [INF] [OpenFreqClient.Services.OpenFreqService] PTT start: gci-chaos (594701b2-6238-4ad8-992b-37a151773ed5) on 280.500 MHz, 3D, game time 05:25:52
2026-09-26 14:07:20.022 -07:00 [INF] [OpenFreq.Common.RtpJitterBuffer] Transmission gap detected (10277ms RTP delta), resetting jitter measurement
2026-09-26 14:07:20.082 -07:00 [INF] [OpenFreqClient.Services.OpenFreqService] RX 280.500 MHz from gci-chaos (594701b2-6238-4ad8-992b-37a151773ed5), game time 05:25:52: -70.4 dBm, SNR 36.6 dB, FSPL 114.4 dB, terrain 0.0 dB, 44.4 km, tx 9147 m / rx 7491 m MSL
2026-09-26 14:07:23.084 -07:00 [INF] [OpenFreqClient.Services.OpenFreqService] PTT start: Paintcheck (9c5f9224-8277-4f34-8da9-dbeb707f0e00) on 280.500 MHz, 3D, game time 05:25:55
2026-09-26 14:07:23.105 -07:00 [INF] [OpenFreq.Common.RtpJitterBuffer] Transmission gap detected (90814ms RTP delta), resetting jitter measurement
2026-09-26 14:07:23.141 -07:00 [INF] [OpenFreqClient.Services.OpenFreqService] RX 280.500 MHz from Paintcheck (9c5f9224-8277-4f34-8da9-dbeb707f0e00), game time 05:25:55: -69.1 dBm, SNR 37.9 dB, FSPL 109.1 dB, terrain 0.0 dB, 24.3 km, tx 2622 m / rx 7526 m MSL
2026-09-26 14:07:23.147 -07:00 [INF] [OpenFreqClient.Services.OpenFreqService] PTT end: gci-chaos (594701b2-6238-4ad8-992b-37a151773ed5) on 280.500 MHz, released, game time 05:25:55
2026-09-26 14:07:23.502 -07:00 [INF] [OpenFreq.Common.RtpJitterBuffer] Late arrival (1ms past slot) — buffer 45→77ms
2026-09-26 14:07:23.503 -07:00 [INF] [OpenFreqClient.Services.OpenFreqService] PTT start: gci-chaos (594701b2-6238-4ad8-992b-37a151773ed5) on 280.500 MHz, 3D, game time 05:25:55
2026-09-26 14:07:23.503 -07:00 [INF] [OpenFreqClient.Services.OpenFreqService] PTT end: gci-chaos (594701b2-6238-4ad8-992b-37a151773ed5) on 280.500 MHz, released, game time 05:25:55
2026-09-26 14:07:25.692 -07:00 [INF] [OpenFreqClient.Services.OpenFreqService] PTT end: Paintcheck (9c5f9224-8277-4f34-8da9-dbeb707f0e00) on 280.500 MHz, released, game time 05:25:57
2026-09-26 14:07:26.988 -07:00 [INF] [OpenFreqClient.Services.OpenFreqService] PTT start: own radio on 140.550 MHz, game time 05:25:59
2026-09-26 14:07:28.043 -07:00 [INF] [OpenFreqClient.Services.OpenFreqService] PTT end: own radio on 140.550 MHz, game time 05:26:00
2026-09-26 14:07:28.052 -07:00 [INF] [OpenFreqClient.Services.OpenFreqService] TX level over 1060ms: mic peak -7.3 dBFS rms -26.5 dBFS | sent peak 0.0 dBFS rms -12.5 dBFS | normalizer on, gain 1.595, gate -34.5 dBFS
2026-09-26 14:07:28.312 -07:00 [INF] [OpenFreqClient.Services.OpenFreqService] PTT start: Alligator (2af88464-1ea8-4d04-80ba-d98d4f842617) on 280.500 MHz, 3D, game time 05:26:00
2026-09-26 14:07:28.325 -07:00 [INF] [OpenFreq.Common.RtpJitterBuffer] Transmission gap detected (174120ms RTP delta), resetting jitter measurement
2026-09-26 14:07:28.363 -07:00 [INF] [OpenFreqClient.Services.OpenFreqService] RX 280.500 MHz from Alligator (2af88464-1ea8-4d04-80ba-d98d4f842617), game time 05:26:00: -66.4 dBm, SNR 40.6 dB, FSPL 106.4 dB, terrain 0.0 dB, 17.8 km, tx 6695 m / rx 7546 m MSL
2026-09-26 14:07:29.307 -07:00 [WRN] [OpenFreqAudio.RadioPlayback] Stream 2af88464-1ea8-4d04-80ba-d98d4f842617:280500 on 280.500 MHz had no samples for 10.1 ms
2026-09-26 14:07:30.965 -07:00 [INF] [OpenFreqClient.Services.OpenFreqService] PTT end: Alligator (2af88464-1ea8-4d04-80ba-d98d4f842617) on 280.500 MHz, released, game time 05:26:03
2026-09-26 14:07:35.051 -07:00 [INF] [OpenFreqClient.Services.OpenFreqService] PTT start: Stevie (3f69df0a-0474-4403-96f9-9167afaa52d9) on 140.550 MHz, 3D, game time 05:26:07
2026-09-26 14:07:35.065 -07:00 [INF] [OpenFreq.Common.RtpJitterBuffer] Transmission gap detected (20856ms RTP delta), resetting jitter measurement
2026-09-26 14:07:35.110 -07:00 [INF] [OpenFreqClient.Services.OpenFreqService] RX 140.550 MHz from Stevie (3f69df0a-0474-4403-96f9-9167afaa52d9), game time 05:26:07: -50.3 dBm, SNR 59.7 dB, FSPL 90.3 dB, terrain 0.0 dB, 5.6 km, tx 6705 m / rx 7596 m MSL
2026-09-26 14:07:36.372 -07:00 [INF] [OpenFreqClient.Services.OpenFreqService] PTT end: Stevie (3f69df0a-0474-4403-96f9-9167afaa52d9) on 140.550 MHz, released, game time 05:26:08
2026-09-26 14:07:38.236 -07:00 [INF] [OpenFreqClient.Services.OpenFreqService] PTT start: own radio on 140.550 MHz, game time 05:26:10
2026-09-26 14:07:38.827 -07:00 [INF] [OpenFreqClient.Services.OpenFreqService] PTT end: own radio on 140.550 MHz, game time 05:26:11
2026-09-26 14:07:38.834 -07:00 [INF] [OpenFreqClient.Services.OpenFreqService] TX level over 580ms: mic peak -21.4 dBFS rms -38.3 dBFS | sent peak -14.2 dBFS rms -30.6 dBFS | normalizer on, gain 29.916, gate -87.4 dBFS
2026-09-26 14:07:41.221 -07:00 [INF] [OpenFreqClient.Services.OpenFreqService] PTT start: Alligator (2af88464-1ea8-4d04-80ba-d98d4f842617) on 280.500 MHz, 3D, game time 05:26:13
2026-09-26 14:07:41.235 -07:00 [INF] [OpenFreq.Common.RtpJitterBuffer] Transmission gap detected (10272ms RTP delta), resetting jitter measurement
2026-09-26 14:07:41.293 -07:00 [INF] [OpenFreqClient.Services.OpenFreqService] RX 280.500 MHz from Alligator (2af88464-1ea8-4d04-80ba-d98d4f842617), game time 05:26:13: -64.2 dBm, SNR 42.8 dB, FSPL 104.2 dB, terrain 0.0 dB, 13.8 km, tx 6594 m / rx 7646 m MSL
2026-09-26 14:07:43.689 -07:00 [INF] [OpenFreqClient.Services.OpenFreqService] PTT end: Alligator (2af88464-1ea8-4d04-80ba-d98d4f842617) on 280.500 MHz, released, game time 05:26:15
2026-09-26 14:07:44.873 -07:00 [INF] [OpenFreqClient.Services.OpenFreqService] PTT start: Alligator (2af88464-1ea8-4d04-80ba-d98d4f842617) on 280.500 MHz, 3D, game time 05:26:17
2026-09-26 14:07:44.887 -07:00 [INF] [OpenFreq.Common.RtpJitterBuffer] Transmission gap detected (1207ms RTP delta), resetting jitter measurement
2026-09-26 14:07:44.927 -07:00 [INF] [OpenFreqClient.Services.OpenFreqService] RX 280.500 MHz from Alligator (2af88464-1ea8-4d04-80ba-d98d4f842617), game time 05:26:17: -63.5 dBm, SNR 43.5 dB, FSPL 103.5 dB, terrain 0.0 dB, 12.8 km, tx 6584 m / rx 7676 m MSL
2026-09-26 14:07:45.816 -07:00 [INF] [OpenFreqClient.Services.OpenFreqService] PTT end: Alligator (2af88464-1ea8-4d04-80ba-d98d4f842617) on 280.500 MHz, released, game time 05:26:18
2026-09-26 14:08:01.323 -07:00 [INF] [OpenFreqClient.Services.OpenFreqService] PTT start: Kug (e406d0a0-64e6-4450-9ec0-300837b7b89a) on 280.500 MHz, 3D, game time 05:26:33
2026-09-26 14:08:01.333 -07:00 [INF] [OpenFreq.Common.RtpJitterBuffer] Transmission gap detected (103204ms RTP delta), resetting jitter measurement
2026-09-26 14:08:01.389 -07:00 [INF] [OpenFreqClient.Services.OpenFreqService] RX 280.500 MHz from Kug (e406d0a0-64e6-4450-9ec0-300837b7b89a), game time 05:26:33: -55.8 dBm, SNR 51.2 dB, FSPL 95.8 dB, terrain 0.0 dB, 5.3 km, tx 6867 m / rx 7826 m MSL
2026-09-26 14:08:01.460 -07:00 [WRN] [OpenFreqAudio.RadioPlayback] Stream e406d0a0-64e6-4450-9ec0-300837b7b89a:280500 on 280.500 MHz had no samples for 10.0 ms
2026-09-26 14:08:05.198 -07:00 [INF] [OpenFreqClient.Services.OpenFreqService] PTT end: Kug (e406d0a0-64e6-4450-9ec0-300837b7b89a) on 280.500 MHz, released, game time 05:26:37
2026-09-26 14:08:09.476 -07:00 [INF] [OpenFreqClient.Services.OpenFreqService] PTT start: gci-chaos (594701b2-6238-4ad8-992b-37a151773ed5) on 280.500 MHz, 3D, game time 05:26:41
2026-09-26 14:08:09.495 -07:00 [INF] [OpenFreq.Common.RtpJitterBuffer] Transmission gap detected (45996ms RTP delta), resetting jitter measurement
2026-09-26 14:08:09.535 -07:00 [INF] [OpenFreqClient.Services.OpenFreqService] RX 280.500 MHz from gci-chaos (594701b2-6238-4ad8-992b-37a151773ed5), game time 05:26:41: -68.1 dBm, SNR 38.9 dB, FSPL 112.1 dB, terrain 0.0 dB, 34.3 km, tx 9147 m / rx 7906 m MSL
2026-09-26 14:08:13.323 -07:00 [INF] [OpenFreqClient.Services.OpenFreqService] PTT end: gci-chaos (594701b2-6238-4ad8-992b-37a151773ed5) on 280.500 MHz, released, game time 05:26:45
2026-09-26 14:08:21.468 -07:00 [INF] [OpenFreqClient.Services.OpenFreqService] PTT start: own radio on 140.550 MHz, game time 05:26:53
2026-09-26 14:08:24.076 -07:00 [INF] [OpenFreqClient.Services.OpenFreqService] PTT end: own radio on 140.550 MHz, game time 05:26:56
2026-09-26 14:08:24.082 -07:00 [INF] [OpenFreqClient.Services.OpenFreqService] TX level over 2600ms: mic peak -17.8 dBFS rms -34.4 dBFS | sent peak 0.0 dBFS rms -20.2 dBFS | normalizer on, gain 5.072, gate -52.2 dBFS
2026-09-26 14:08:25.158 -07:00 [INF] [OpenFreqClient.Services.OpenFreqService] PTT start: Stevie (3f69df0a-0474-4403-96f9-9167afaa52d9) on 140.550 MHz, 3D, game time 05:26:57
2026-09-26 14:08:25.169 -07:00 [INF] [OpenFreq.Common.RtpJitterBuffer] Transmission gap detected (48816ms RTP delta), resetting jitter measurement
2026-09-26 14:08:25.227 -07:00 [INF] [OpenFreqClient.Services.OpenFreqService] RX 140.550 MHz from Stevie (3f69df0a-0474-4403-96f9-9167afaa52d9), game time 05:26:57: -53.7 dBm, SNR 56.3 dB, FSPL 93.7 dB, terrain 0.0 dB, 8.2 km, tx 7562 m / rx 8055 m MSL
2026-09-26 14:08:25.258 -07:00 [WRN] [OpenFreqAudio.RadioPlayback] Stream 3f69df0a-0474-4403-96f9-9167afaa52d9:140550 on 140.550 MHz had no samples for 10.5 ms
2026-09-26 14:08:25.323 -07:00 [INF] [OpenFreqClient.Services.OpenFreqService] PTT end: Stevie (3f69df0a-0474-4403-96f9-9167afaa52d9) on 140.550 MHz, released, game time 05:26:57
2026-09-26 14:08:28.204 -07:00 [INF] [OpenFreqClient.Services.OpenFreqService] PTT start: own radio on 140.550 MHz, game time 05:27:00
2026-09-26 14:08:31.756 -07:00 [INF] [OpenFreqClient.Services.OpenFreqService] PTT end: own radio on 140.550 MHz, game time 05:27:04
2026-09-26 14:08:31.763 -07:00 [INF] [OpenFreqClient.Services.OpenFreqService] TX level over 3550ms: mic peak -12.7 dBFS rms -32.6 dBFS | sent peak 0.0 dBFS rms -16.2 dBFS | normalizer on, gain 54.931, gate -88.4 dBFS
2026-09-26 14:08:32.073 -07:00 [INF] [OpenFreqClient.Services.OpenFreqService] PTT start: Stevie (3f69df0a-0474-4403-96f9-9167afaa52d9) on 140.550 MHz, 3D, game time 05:27:04
2026-09-26 14:08:32.088 -07:00 [INF] [OpenFreq.Common.RtpJitterBuffer] Transmission gap detected (6772ms RTP delta), resetting jitter measurement
2026-09-26 14:08:32.138 -07:00 [INF] [OpenFreqClient.Services.OpenFreqService] RX 140.550 MHz from Stevie (3f69df0a-0474-4403-96f9-9167afaa52d9), game time 05:27:04: -53.6 dBm, SNR 56.4 dB, FSPL 93.6 dB, terrain 0.0 dB, 8.1 km, tx 7557 m / rx 8111 m MSL
2026-09-26 14:08:32.952 -07:00 [INF] [OpenFreqClient.Services.OpenFreqService] PTT end: Stevie (3f69df0a-0474-4403-96f9-9167afaa52d9) on 140.550 MHz, released, game time 05:27:05
2026-09-26 14:08:36.011 -07:00 [INF] [OpenFreqClient.Services.OpenFreqService] PTT start: Stevie (3f69df0a-0474-4403-96f9-9167afaa52d9) on 140.550 MHz, 3D, game time 05:27:08
2026-09-26 14:08:36.014 -07:00 [INF] [OpenFreq.Common.RtpJitterBuffer] Transmission gap detected (3060ms RTP delta), resetting jitter measurement
2026-09-26 14:08:36.053 -07:00 [INF] [OpenFreqClient.Services.OpenFreqService] RX 140.550 MHz from Stevie (3f69df0a-0474-4403-96f9-9167afaa52d9), game time 05:27:08: -53.3 dBm, SNR 56.7 dB, FSPL 93.3 dB, terrain 0.0 dB, 7.8 km, tx 7572 m / rx 8137 m MSL
2026-09-26 14:08:37.004 -07:00 [INF] [OpenFreqClient.Services.OpenFreqService] PTT start: gci-chaos (594701b2-6238-4ad8-992b-37a151773ed5) on 280.500 MHz, 3D, game time 05:27:09
2026-09-26 14:08:37.015 -07:00 [INF] [OpenFreq.Common.RtpJitterBuffer] Transmission gap detected (23705ms RTP delta), resetting jitter measurement
2026-09-26 14:08:37.062 -07:00 [INF] [OpenFreqClient.Services.OpenFreqService] RX 280.500 MHz from gci-chaos (594701b2-6238-4ad8-992b-37a151773ed5), game time 05:27:09: -66.5 dBm, SNR 40.5 dB, FSPL 110.5 dB, terrain 0.0 dB, 28.5 km, tx 9147 m / rx 8141 m MSL
2026-09-26 14:08:37.222 -07:00 [INF] [OpenFreqClient.Services.OpenFreqService] PTT end: Stevie (3f69df0a-0474-4403-96f9-9167afaa52d9) on 140.550 MHz, released, game time 05:27:09
2026-09-26 14:08:38.945 -07:00 [INF] [OpenFreqClient.Services.OpenFreqService] PTT end: gci-chaos (594701b2-6238-4ad8-992b-37a151773ed5) on 280.500 MHz, released, game time 05:27:11
2026-09-26 14:08:48.760 -07:00 [INF] [OpenFreqClient.Services.OpenFreqService] PTT start: Polaris (4c187006-039a-4fcb-b6df-d456875763f7) on 280.500 MHz, 3D, game time 05:27:21
2026-09-26 14:08:48.780 -07:00 [INF] [OpenFreq.Common.RtpJitterBufferPool] New RTP source: SSRC=2BF943CC
2026-09-26 14:08:48.780 -07:00 [INF] [OpenFreq.Common.RtpJitterBuffer] Manual buffer size: 150ms
2026-09-26 14:08:48.781 -07:00 [INF] [OpenFreq.Common.RtpAudioReceiver] Source joined:  SSRC=2BF943CC
2026-09-26 14:08:48.781 -07:00 [INF] [OpenFreq.Common.RtpJitterBuffer] Initialized: buffer=150ms
2026-09-26 14:08:48.931 -07:00 [INF] [OpenFreqClient.Services.OpenFreqService] RX 280.500 MHz from Polaris (4c187006-039a-4fcb-b6df-d456875763f7), game time 05:27:21: -57.1 dBm, SNR 49.9 dB, FSPL 97.1 dB, terrain 0.0 dB, 6.1 km, tx 5525 m / rx 8133 m MSL
2026-09-26 14:08:48.958 -07:00 [WRN] [OpenFreqAudio.RadioPlayback] Stream 4c187006-039a-4fcb-b6df-d456875763f7:280500 on 280.500 MHz had no samples for 10.0 ms
2026-09-26 14:08:52.281 -07:00 [INF] [OpenFreqClient.Services.OpenFreqService] PTT end: Polaris (4c187006-039a-4fcb-b6df-d456875763f7) on 280.500 MHz, released, game time 05:27:24
2026-09-26 14:08:55.742 -07:00 [INF] [OpenFreqClient.Services.OpenFreqService] PTT start: gci-chaos (594701b2-6238-4ad8-992b-37a151773ed5) on 280.500 MHz, 3D, game time 05:27:28
2026-09-26 14:08:55.765 -07:00 [INF] [OpenFreq.Common.RtpJitterBuffer] Transmission gap detected (16823ms RTP delta), resetting jitter measurement
2026-09-26 14:08:55.810 -07:00 [INF] [OpenFreqClient.Services.OpenFreqService] RX 280.500 MHz from gci-chaos (594701b2-6238-4ad8-992b-37a151773ed5), game time 05:27:28: -65.4 dBm, SNR 41.6 dB, FSPL 109.4 dB, terrain 0.0 dB, 25.1 km, tx 9147 m / rx 8133 m MSL
2026-09-26 14:08:56.385 -07:00 [INF] [OpenFreq.Common.RtpJitterBuffer] Late arrival (15ms past slot) — buffer 54→99ms
2026-09-26 14:08:59.463 -07:00 [INF] [OpenFreqClient.Services.OpenFreqService] PTT end: gci-chaos (594701b2-6238-4ad8-992b-37a151773ed5) on 280.500 MHz, released, game time 05:27:31
2026-09-26 14:08:59.590 -07:00 [INF] [OpenFreqClient.Services.OpenFreqService] PTT start: gci-chaos (594701b2-6238-4ad8-992b-37a151773ed5) on 280.500 MHz, 3D, game time 05:27:31
2026-09-26 14:08:59.629 -07:00 [WRN] [OpenFreqAudio.RadioPlayback] Stream 594701b2-6238-4ad8-992b-37a151773ed5:280500 on 280.500 MHz had no samples for 10.0 ms
2026-09-26 14:08:59.797 -07:00 [INF] [OpenFreqClient.Services.OpenFreqService] PTT end: gci-chaos (594701b2-6238-4ad8-992b-37a151773ed5) on 280.500 MHz, released, game time 05:27:32
2026-09-26 14:09:00.354 -07:00 [INF] [OpenFreqClient.Services.OpenFreqService] PTT start: Alligator (2af88464-1ea8-4d04-80ba-d98d4f842617) on 280.500 MHz, 3D, game time 05:27:32
2026-09-26 14:09:00.368 -07:00 [INF] [OpenFreq.Common.RtpJitterBuffer] Transmission gap detected (74559ms RTP delta), resetting jitter measurement
2026-09-26 14:09:00.401 -07:00 [INF] [OpenFreqClient.Services.OpenFreqService] RX 280.500 MHz from Alligator (2af88464-1ea8-4d04-80ba-d98d4f842617), game time 05:27:32: -62.4 dBm, SNR 44.6 dB, FSPL 102.4 dB, terrain 0.0 dB, 11.3 km, tx 6028 m / rx 8138 m MSL
2026-09-26 14:09:00.448 -07:00 [INF] [OpenFreq.Common.RtpJitterBuffer] Transmission gap detected (656ms RTP delta), resetting jitter measurement
2026-09-26 14:09:00.448 -07:00 [INF] [OpenFreqClient.Services.OpenFreqService] PTT start: gci-chaos (594701b2-6238-4ad8-992b-37a151773ed5) on 280.500 MHz, 3D, game time 05:27:32
2026-09-26 14:09:00.489 -07:00 [INF] [OpenFreqClient.Services.OpenFreqService] PTT end: gci-chaos (594701b2-6238-4ad8-992b-37a151773ed5) on 280.500 MHz, released, game time 05:27:32
2026-09-26 14:09:00.492 -07:00 [INF] [OpenFreqClient.Services.OpenFreqService] RX 280.500 MHz from gci-chaos (594701b2-6238-4ad8-992b-37a151773ed5), game time 05:27:32: -65.3 dBm, SNR 41.7 dB, FSPL 109.3 dB, terrain 0.0 dB, 24.7 km, tx 9147 m / rx 8138 m MSL
2026-09-26 14:09:00.922 -07:00 [INF] [OpenFreq.Common.RtpJitterBuffer] Late arrival (2ms past slot) — buffer 41→73ms
2026-09-26 14:09:03.242 -07:00 [INF] [OpenFreqClient.Services.OpenFreqService] PTT end: Alligator (2af88464-1ea8-4d04-80ba-d98d4f842617) on 280.500 MHz, released, game time 05:27:35
2026-09-26 14:09:04.907 -07:00 [INF] [OpenFreqClient.Services.OpenFreqService] PTT start: own radio on 140.550 MHz, game time 05:27:37
2026-09-26 14:09:06.603 -07:00 [INF] [OpenFreqClient.Services.OpenFreqService] PTT end: own radio on 140.550 MHz, game time 05:27:38
2026-09-26 14:09:06.613 -07:00 [INF] [OpenFreqClient.Services.OpenFreqService] TX level over 1700ms: mic peak -12.0 dBFS rms -29.3 dBFS | sent peak 0.0 dBFS rms -14.7 dBFS | normalizer on, gain 6.022, gate -55.7 dBFS
2026-09-26 14:09:06.865 -07:00 [INF] [OpenFreqClient.Services.OpenFreqService] PTT start: Stevie (3f69df0a-0474-4403-96f9-9167afaa52d9) on 140.550 MHz, 3D, game time 05:27:39
2026-09-26 14:09:06.880 -07:00 [INF] [OpenFreq.Common.RtpJitterBuffer] Transmission gap detected (29671ms RTP delta), resetting jitter measurement
2026-09-26 14:09:06.928 -07:00 [INF] [OpenFreqClient.Services.OpenFreqService] RX 140.550 MHz from Stevie (3f69df0a-0474-4403-96f9-9167afaa52d9), game time 05:27:39: -50.1 dBm, SNR 59.9 dB, FSPL 90.1 dB, terrain 0.0 dB, 5.4 km, tx 7774 m / rx 8160 m MSL
2026-09-26 14:09:06.979 -07:00 [WRN] [OpenFreqAudio.RadioPlayback] Stream 3f69df0a-0474-4403-96f9-9167afaa52d9:140550 on 140.550 MHz had no samples for 10.5 ms
2026-09-26 14:09:07.233 -07:00 [INF] [OpenFreqClient.Services.OpenFreqService] PTT end: Stevie (3f69df0a-0474-4403-96f9-9167afaa52d9) on 140.550 MHz, released, game time 05:27:39
2026-09-26 14:09:10.524 -07:00 [INF] [OpenFreqClient.Services.OpenFreqService] PTT start: own radio on 140.550 MHz, game time 05:27:42
2026-09-26 14:09:12.188 -07:00 [INF] [OpenFreqClient.Services.OpenFreqService] PTT end: own radio on 140.550 MHz, game time 05:27:44
2026-09-26 14:09:12.194 -07:00 [INF] [OpenFreqClient.Services.OpenFreqService] TX level over 1660ms: mic peak -16.4 dBFS rms -34.0 dBFS | sent peak 0.0 dBFS rms -16.2 dBFS | normalizer on, gain 4.577, gate -94.4 dBFS
2026-09-26 14:09:20.382 -07:00 [INF] [OpenFreqClient.Services.OpenFreqService] PTT start: Krieger (0b5a8147-b1fa-4307-a8c3-d1087389de25) on 280.500 MHz, 3D, game time 05:27:52
2026-09-26 14:09:20.402 -07:00 [INF] [OpenFreq.Common.RtpJitterBuffer] Transmission gap detected (266713ms RTP delta), resetting jitter measurement
2026-09-26 14:09:20.473 -07:00 [INF] [OpenFreqClient.Services.OpenFreqService] RX 280.500 MHz from Krieger (0b5a8147-b1fa-4307-a8c3-d1087389de25), game time 05:27:52: -76.0 dBm, SNR 31.0 dB, FSPL 116.0 dB, terrain 0.0 dB, 53.5 km, tx 5772 m / rx 8253 m MSL
2026-09-26 14:09:23.198 -07:00 [INF] [OpenFreqClient.Services.OpenFreqService] PTT end: Krieger (0b5a8147-b1fa-4307-a8c3-d1087389de25) on 280.500 MHz, released, game time 05:27:55
2026-09-26 14:09:24.003 -07:00 [INF] [OpenFreqClient.Services.OpenFreqService] PTT start: gci-chaos (594701b2-6238-4ad8-992b-37a151773ed5) on 280.500 MHz, 3D, game time 05:27:56
2026-09-26 14:09:24.020 -07:00 [INF] [OpenFreq.Common.RtpJitterBuffer] Transmission gap detected (23538ms RTP delta), resetting jitter measurement
2026-09-26 14:09:24.069 -07:00 [INF] [OpenFreqClient.Services.OpenFreqService] RX 280.500 MHz from gci-chaos (594701b2-6238-4ad8-992b-37a151773ed5), game time 05:27:56: -66.0 dBm, SNR 41.0 dB, FSPL 110.0 dB, terrain 0.0 dB, 26.8 km, tx 9147 m / rx 8284 m MSL
2026-09-26 14:09:25.007 -07:00 [INF] [OpenFreqClient.Services.OpenFreqService] PTT end: gci-chaos (594701b2-6238-4ad8-992b-37a151773ed5) on 280.500 MHz, released, game time 05:27:57
2026-09-26 14:09:29.496 -07:00 [INF] [OpenFreqClient.Services.OpenFreqService] PTT start: Falcon (91c4c764-ac55-4b66-98e4-d070ed54be23) on 280.500 MHz, 3D, game time 05:28:01
2026-09-26 14:09:29.519 -07:00 [INF] [OpenFreq.Common.RtpJitterBuffer] Transmission gap detected (131404ms RTP delta), resetting jitter measurement
2026-09-26 14:09:29.562 -07:00 [INF] [OpenFreqClient.Services.OpenFreqService] RX 280.500 MHz from Falcon (91c4c764-ac55-4b66-98e4-d070ed54be23), game time 05:28:01: -72.6 dBm, SNR 34.4 dB, FSPL 112.6 dB, terrain 0.0 dB, 36.2 km, tx 357 m / rx 8337 m MSL
2026-09-26 14:09:31.500 -07:00 [INF] [OpenFreqClient.Services.OpenFreqService] PTT end: Falcon (91c4c764-ac55-4b66-98e4-d070ed54be23) on 280.500 MHz, released, game time 05:28:03
2026-09-26 14:09:33.970 -07:00 [INF] [OpenFreqClient.Services.OpenFreqService] PTT start: gci-chaos (594701b2-6238-4ad8-992b-37a151773ed5) on 280.500 MHz, 3D, game time 05:28:06
2026-09-26 14:09:33.987 -07:00 [INF] [OpenFreq.Common.RtpJitterBuffer] Transmission gap detected (8986ms RTP delta), resetting jitter measurement
2026-09-26 14:09:34.028 -07:00 [INF] [OpenFreqClient.Services.OpenFreqService] RX 280.500 MHz from gci-chaos (594701b2-6238-4ad8-992b-37a151773ed5), game time 05:28:06: -66.7 dBm, SNR 40.3 dB, FSPL 110.7 dB, terrain 0.0 dB, 29.2 km, tx 9147 m / rx 8364 m MSL
2026-09-26 14:09:34.059 -07:00 [INF] [OpenFreqClient.Services.OpenFreqService] PTT start: own radio on 140.550 MHz, game time 05:28:06
2026-09-26 14:09:35.206 -07:00 [INF] [OpenFreqClient.Services.OpenFreqService] PTT end: gci-chaos (594701b2-6238-4ad8-992b-37a151773ed5) on 280.500 MHz, released, game time 05:28:07
2026-09-26 14:09:36.766 -07:00 [INF] [OpenFreqClient.Services.OpenFreqService] PTT start: Polaris (4c187006-039a-4fcb-b6df-d456875763f7) on 280.500 MHz, 3D, game time 05:28:09
2026-09-26 14:09:36.782 -07:00 [INF] [OpenFreq.Common.RtpJitterBuffer] Transmission gap detected (44500ms RTP delta), resetting jitter measurement
2026-09-26 14:09:36.818 -07:00 [INF] [OpenFreqClient.Services.OpenFreqService] RX 280.500 MHz from Polaris (4c187006-039a-4fcb-b6df-d456875763f7), game time 05:28:09: -67.7 dBm, SNR 39.3 dB, FSPL 107.7 dB, terrain 0.0 dB, 20.7 km, tx 5525 m / rx 8385 m MSL
2026-09-26 14:09:36.893 -07:00 [INF] [OpenFreqClient.Services.OpenFreqService] PTT end: own radio on 140.550 MHz, game time 05:28:09
2026-09-26 14:09:36.894 -07:00 [INF] [OpenFreqClient.Services.OpenFreqService] TX level over 2830ms: mic peak -11.5 dBFS rms -30.5 dBFS | sent peak 0.0 dBFS rms -20.0 dBFS | normalizer on, gain 14.352, gate -68.0 dBFS
2026-09-26 14:09:37.161 -07:00 [INF] [OpenFreqClient.Services.OpenFreqService] PTT end: Polaris (4c187006-039a-4fcb-b6df-d456875763f7) on 280.500 MHz, released, game time 05:28:09
2026-09-26 14:09:37.270 -07:00 [INF] [OpenFreqClient.Services.OpenFreqService] PTT start: Stevie (3f69df0a-0474-4403-96f9-9167afaa52d9) on 140.550 MHz, 3D, game time 05:28:09
2026-09-26 14:09:37.281 -07:00 [INF] [OpenFreq.Common.RtpJitterBuffer] Transmission gap detected (30060ms RTP delta), resetting jitter measurement
2026-09-26 14:09:37.328 -07:00 [INF] [OpenFreqClient.Services.OpenFreqService] RX 140.550 MHz from Stevie (3f69df0a-0474-4403-96f9-9167afaa52d9), game time 05:28:09: -46.7 dBm, SNR 63.3 dB, FSPL 86.7 dB, terrain 0.0 dB, 3.7 km, tx 7737 m / rx 8389 m MSL
2026-09-26 14:09:37.643 -07:00 [INF] [OpenFreqClient.Services.OpenFreqService] PTT start: Polaris (4c187006-039a-4fcb-b6df-d456875763f7) on 280.500 MHz, 3D, game time 05:28:09
2026-09-26 14:09:37.660 -07:00 [INF] [OpenFreq.Common.RtpJitterBuffer] Transmission gap detected (501ms RTP delta), resetting jitter measurement
2026-09-26 14:09:37.729 -07:00 [INF] [OpenFreqClient.Services.OpenFreqService] PTT end: Stevie (3f69df0a-0474-4403-96f9-9167afaa52d9) on 140.550 MHz, released, game time 05:28:09
2026-09-26 14:09:38.266 -07:00 [INF] [OpenFreqClient.Services.OpenFreqService] PTT end: Polaris (4c187006-039a-4fcb-b6df-d456875763f7) on 280.500 MHz, released, game time 05:28:10
2026-09-26 14:09:39.119 -07:00 [INF] [OpenFreqClient.Services.OpenFreqService] PTT start: Stevie (3f69df0a-0474-4403-96f9-9167afaa52d9) on 140.550 MHz, 3D, game time 05:28:11
2026-09-26 14:09:39.129 -07:00 [INF] [OpenFreq.Common.RtpJitterBuffer] Transmission gap detected (1416ms RTP delta), resetting jitter measurement
2026-09-26 14:09:39.181 -07:00 [INF] [OpenFreqClient.Services.OpenFreqService] RX 140.550 MHz from Stevie (3f69df0a-0474-4403-96f9-9167afaa52d9), game time 05:28:11: -46.4 dBm, SNR 63.6 dB, FSPL 86.4 dB, terrain 0.0 dB, 3.5 km, tx 7737 m / rx 8406 m MSL
2026-09-26 14:09:39.208 -07:00 [WRN] [OpenFreqAudio.RadioPlayback] Stream 3f69df0a-0474-4403-96f9-9167afaa52d9:140550 on 140.550 MHz had no samples for 10.0 ms
2026-09-26 14:09:41.739 -07:00 [INF] [OpenFreqClient.Services.OpenFreqService] PTT end: Stevie (3f69df0a-0474-4403-96f9-9167afaa52d9) on 140.550 MHz, released, game time 05:28:14
2026-09-26 14:09:42.492 -07:00 [INF] [OpenFreqClient.Services.OpenFreqService] PTT start: own radio on 140.550 MHz, game time 05:28:14
2026-09-26 14:09:43.084 -07:00 [INF] [OpenFreqClient.Services.OpenFreqService] PTT end: own radio on 140.550 MHz, game time 05:28:15
2026-09-26 14:09:43.094 -07:00 [INF] [OpenFreqClient.Services.OpenFreqService] TX level over 600ms: mic peak -18.1 dBFS rms -34.2 dBFS | sent peak -1.4 dBFS rms -17.8 dBFS | normalizer on, gain 7.942, gate -59.9 dBFS
2026-09-26 14:09:56.907 -07:00 [INF] [OpenFreqClient.Services.OpenFreqService] PTT start: own radio on 140.550 MHz, game time 05:28:29
2026-09-26 14:09:57.415 -07:00 [INF] [OpenFreqClient.Services.OpenFreqService] PTT start: Polaris (4c187006-039a-4fcb-b6df-d456875763f7) on 280.500 MHz, 3D, game time 05:28:29
2026-09-26 14:09:57.415 -07:00 [INF] [OpenFreq.Common.RtpJitterBuffer] Transmission gap detected (19144ms RTP delta), resetting jitter measurement
2026-09-26 14:09:57.451 -07:00 [INF] [OpenFreqClient.Services.OpenFreqService] RX 280.500 MHz from Polaris (4c187006-039a-4fcb-b6df-d456875763f7), game time 05:28:29: -70.8 dBm, SNR 36.2 dB, FSPL 110.8 dB, terrain 0.0 dB, 29.4 km, tx 5525 m / rx 8330 m MSL
2026-09-26 14:09:57.479 -07:00 [WRN] [OpenFreqAudio.RadioPlayback] Stream 4c187006-039a-4fcb-b6df-d456875763f7:280500 on 280.500 MHz had no samples for 10.0 ms
2026-09-26 14:10:01.113 -07:00 [INF] [OpenFreq.Common.RtpJitterBuffer] Late arrival (2ms past slot) — buffer 46→79ms
2026-09-26 14:10:02.889 -07:00 [INF] [OpenFreqClient.Services.OpenFreqService] PTT end: Polaris (4c187006-039a-4fcb-b6df-d456875763f7) on 280.500 MHz, released, game time 05:28:35
2026-09-26 14:10:03.340 -07:00 [INF] [OpenFreqClient.Services.OpenFreqService] PTT end: own radio on 140.550 MHz, game time 05:28:35
2026-09-26 14:10:03.344 -07:00 [INF] [OpenFreqClient.Services.OpenFreqService] TX level over 6430ms: mic peak -13.9 dBFS rms -31.1 dBFS | sent peak 0.0 dBFS rms -19.8 dBFS | normalizer on, gain 8.497, gate -64.3 dBFS
2026-09-26 14:10:04.887 -07:00 [INF] [OpenFreqClient.Services.OpenFreqService] PTT start: Alligator (2af88464-1ea8-4d04-80ba-d98d4f842617) on 280.500 MHz, 3D, game time 05:28:37
2026-09-26 14:10:04.900 -07:00 [INF] [OpenFreq.Common.RtpJitterBuffer] Transmission gap detected (61689ms RTP delta), resetting jitter measurement
2026-09-26 14:10:04.948 -07:00 [INF] [OpenFreqClient.Services.OpenFreqService] RX 280.500 MHz from Alligator (2af88464-1ea8-4d04-80ba-d98d4f842617), game time 05:28:37: -66.0 dBm, SNR 41.0 dB, FSPL 106.0 dB, terrain 0.0 dB, 16.9 km, tx 7729 m / rx 8200 m MSL
2026-09-26 14:10:05.550 -07:00 [INF] [OpenFreqClient.Services.OpenFreqService] PTT start: Stevie (3f69df0a-0474-4403-96f9-9167afaa52d9) on 140.550 MHz, 3D, game time 05:28:37
2026-09-26 14:10:05.575 -07:00 [INF] [OpenFreq.Common.RtpJitterBuffer] Transmission gap detected (23852ms RTP delta), resetting jitter measurement
2026-09-26 14:10:05.618 -07:00 [INF] [OpenFreqClient.Services.OpenFreqService] RX 140.550 MHz from Stevie (3f69df0a-0474-4403-96f9-9167afaa52d9), game time 05:28:37: -41.5 dBm, SNR 68.5 dB, FSPL 81.5 dB, terrain 0.0 dB, 2.0 km, tx 7702 m / rx 8191 m MSL
2026-09-26 14:10:05.684 -07:00 [INF] [OpenFreqClient.Services.OpenFreqService] PTT end: Stevie (3f69df0a-0474-4403-96f9-9167afaa52d9) on 140.550 MHz, released, game time 05:28:37
2026-09-26 14:10:06.179 -07:00 [INF] [OpenFreqClient.Services.OpenFreqService] PTT start: Stevie (3f69df0a-0474-4403-96f9-9167afaa52d9) on 140.550 MHz, 3D, game time 05:28:38
2026-09-26 14:10:06.195 -07:00 [INF] [OpenFreq.Common.RtpJitterBuffer] Transmission gap detected (524ms RTP delta), resetting jitter measurement
2026-09-26 14:10:06.242 -07:00 [INF] [OpenFreqClient.Services.OpenFreqService] RX 140.550 MHz from Stevie (3f69df0a-0474-4403-96f9-9167afaa52d9), game time 05:28:38: -41.5 dBm, SNR 68.5 dB, FSPL 81.5 dB, terrain 0.0 dB, 2.0 km, tx 7697 m / rx 8184 m MSL
2026-09-26 14:10:06.264 -07:00 [WRN] [OpenFreqAudio.RadioPlayback] Stream 2af88464-1ea8-4d04-80ba-d98d4f842617:280500 on 280.500 MHz had no samples for 15.0 ms
2026-09-26 14:10:06.339 -07:00 [INF] [OpenFreqClient.Services.OpenFreqService] PTT end: Stevie (3f69df0a-0474-4403-96f9-9167afaa52d9) on 140.550 MHz, released, game time 05:28:38
2026-09-26 14:10:07.188 -07:00 [INF] [OpenFreqClient.Services.OpenFreqService] PTT end: Alligator (2af88464-1ea8-4d04-80ba-d98d4f842617) on 280.500 MHz, released, game time 05:28:39
2026-09-26 14:10:07.963 -07:00 [INF] [OpenFreqClient.Services.OpenFreqService] PTT start: own radio on 140.550 MHz, game time 05:28:40
2026-09-26 14:10:08.651 -07:00 [INF] [OpenFreqClient.Services.OpenFreqService] PTT end: own radio on 140.550 MHz, game time 05:28:40
2026-09-26 14:10:08.653 -07:00 [INF] [OpenFreqClient.Services.OpenFreqService] TX level over 680ms: mic peak -12.5 dBFS rms -30.4 dBFS | sent peak 0.0 dBFS rms -16.2 dBFS | normalizer on, gain 27.844, gate -76.4 dBFS
2026-09-26 14:10:09.120 -07:00 [INF] [OpenFreq.Common.RtpJitterBuffer] Transmission gap detected (2788ms RTP delta), resetting jitter measurement
2026-09-26 14:10:09.120 -07:00 [INF] [OpenFreqClient.Services.OpenFreqService] PTT start: Stevie (3f69df0a-0474-4403-96f9-9167afaa52d9) on 140.550 MHz, 3D, game time 05:28:41
2026-09-26 14:10:09.169 -07:00 [INF] [OpenFreqClient.Services.OpenFreqService] RX 140.550 MHz from Stevie (3f69df0a-0474-4403-96f9-9167afaa52d9), game time 05:28:41: -40.9 dBm, SNR 69.1 dB, FSPL 80.9 dB, terrain 0.0 dB, 1.9 km, tx 7667 m / rx 8163 m MSL
2026-09-26 14:10:09.308 -07:00 [INF] [OpenFreqClient.Services.OpenFreqService] PTT start: own radio on 280.500 MHz, game time 05:28:41
2026-09-26 14:10:09.707 -07:00 [INF] [OpenFreqClient.Services.OpenFreqService] PTT end: own radio on 280.500 MHz, game time 05:28:41
2026-09-26 14:10:09.713 -07:00 [INF] [OpenFreqClient.Services.OpenFreqService] TX level over 400ms: mic peak -10.3 dBFS rms -28.9 dBFS | sent peak 0.0 dBFS rms -10.7 dBFS | normalizer on, gain 2.599, gate -66.9 dBFS
2026-09-26 14:10:09.714 -07:00 [INF] [OpenFreqClient.Services.OpenFreqService] PTT end: Stevie (3f69df0a-0474-4403-96f9-9167afaa52d9) on 140.550 MHz, released, game time 05:28:41
2026-09-26 14:10:09.723 -07:00 [WRN] [OpenFreqAudio.RadioPlayback] Stream 3f69df0a-0474-4403-96f9-9167afaa52d9:140550 on 140.550 MHz had no samples for 13.5 ms
2026-09-26 14:10:11.532 -07:00 [INF] [OpenFreqClient.Services.OpenFreqService] PTT start: LeHarold (334bf3fa-605f-4145-a460-1e0fa9526a3d) on 280.500 MHz, 3D, game time 05:28:43
2026-09-26 14:10:11.545 -07:00 [INF] [OpenFreq.Common.RtpJitterBuffer] Transmission gap detected (189065ms RTP delta), resetting jitter measurement
2026-09-26 14:10:11.586 -07:00 [INF] [OpenFreqClient.Services.OpenFreqService] RX 280.500 MHz from LeHarold (334bf3fa-605f-4145-a460-1e0fa9526a3d), game time 05:28:43: -61.7 dBm, SNR 45.3 dB, FSPL 101.7 dB, terrain 0.0 dB, 10.4 km, tx 4013 m / rx 8154 m MSL
2026-09-26 14:10:12.875 -07:00 [INF] [OpenFreqClient.Services.OpenFreqService] PTT start: own radio on 140.550 MHz, game time 05:28:45
2026-09-26 14:10:13.531 -07:00 [INF] [OpenFreqClient.Services.OpenFreqService] PTT end: own radio on 140.550 MHz, game time 05:28:45
2026-09-26 14:10:13.534 -07:00 [INF] [OpenFreqClient.Services.OpenFreqService] TX level over 650ms: mic peak -14.0 dBFS rms -29.4 dBFS | sent peak -5.5 dBFS rms -20.7 dBFS | normalizer on, gain 3.516, gate -67.7 dBFS
2026-09-26 14:10:14.555 -07:00 [INF] [OpenFreqClient.Services.OpenFreqService] PTT end: LeHarold (334bf3fa-605f-4145-a460-1e0fa9526a3d) on 280.500 MHz, released, game time 05:28:46
2026-09-26 14:10:19.802 -07:00 [INF] [OpenFreqClient.Services.OpenFreqService] PTT start: gci-chaos (594701b2-6238-4ad8-992b-37a151773ed5) on 280.500 MHz, 3D, game time 05:28:52
2026-09-26 14:10:19.818 -07:00 [INF] [OpenFreq.Common.RtpJitterBuffer] Transmission gap detected (44612ms RTP delta), resetting jitter measurement
2026-09-26 14:10:19.866 -07:00 [INF] [OpenFreqClient.Services.OpenFreqService] RX 280.500 MHz from gci-chaos (594701b2-6238-4ad8-992b-37a151773ed5), game time 05:28:52: -69.4 dBm, SNR 37.6 dB, FSPL 113.3 dB, terrain 0.0 dB, 39.5 km, tx 9147 m / rx 8135 m MSL
2026-09-26 14:10:22.970 -07:00 [INF] [OpenFreqClient.Services.OpenFreqService] PTT end: gci-chaos (594701b2-6238-4ad8-992b-37a151773ed5) on 280.500 MHz, released, game time 05:28:55
2026-09-26 14:10:26.000 -07:00 [INF] [OpenFreqClient.Services.OpenFreqService] PTT start: gci-chaos (594701b2-6238-4ad8-992b-37a151773ed5) on 280.500 MHz, 3D, game time 05:28:58
2026-09-26 14:10:26.015 -07:00 [INF] [OpenFreq.Common.RtpJitterBuffer] Transmission gap detected (3058ms RTP delta), resetting jitter measurement
2026-09-26 14:10:26.056 -07:00 [INF] [OpenFreqClient.Services.OpenFreqService] RX 280.500 MHz from gci-chaos (594701b2-6238-4ad8-992b-37a151773ed5), game time 05:28:58: -69.6 dBm, SNR 37.4 dB, FSPL 113.6 dB, terrain 0.0 dB, 40.7 km, tx 9147 m / rx 8124 m MSL
2026-09-26 14:10:26.162 -07:00 [INF] [OpenFreqClient.Services.OpenFreqService] PTT end: gci-chaos (594701b2-6238-4ad8-992b-37a151773ed5) on 280.500 MHz, released, game time 05:28:58
2026-09-26 14:10:27.612 -07:00 [INF] [OpenFreqClient.Services.OpenFreqService] PTT start: own radio on 280.500 MHz, game time 05:28:59
2026-09-26 14:10:28.924 -07:00 [INF] [OpenFreqClient.Services.OpenFreqService] PTT end: own radio on 280.500 MHz, game time 05:29:01
2026-09-26 14:10:28.933 -07:00 [INF] [OpenFreqClient.Services.OpenFreqService] TX level over 1320ms: mic peak -6.8 dBFS rms -23.3 dBFS | sent peak 0.0 dBFS rms -13.9 dBFS | normalizer on, gain 2.117, gate -65.9 dBFS
2026-09-26 14:10:29.617 -07:00 [INF] [OpenFreqClient.Services.OpenFreqService] PTT start: gci-chaos (594701b2-6238-4ad8-992b-37a151773ed5) on 280.500 MHz, 3D, game time 05:29:01
2026-09-26 14:10:29.637 -07:00 [INF] [OpenFreq.Common.RtpJitterBuffer] Transmission gap detected (3497ms RTP delta), resetting jitter measurement
2026-09-26 14:10:29.673 -07:00 [INF] [OpenFreqClient.Services.OpenFreqService] RX 280.500 MHz from gci-chaos (594701b2-6238-4ad8-992b-37a151773ed5), game time 05:29:01: -69.8 dBm, SNR 37.2 dB, FSPL 113.8 dB, terrain 0.0 dB, 41.4 km, tx 9147 m / rx 8116 m MSL
2026-09-26 14:10:30.117 -07:00 [INF] [OpenFreqClient.Services.OpenFreqService] PTT end: gci-chaos (594701b2-6238-4ad8-992b-37a151773ed5) on 280.500 MHz, released, game time 05:29:02
2026-09-26 14:10:31.188 -07:00 [INF] [OpenFreqClient.Services.OpenFreqService] PTT start: Alligator (2af88464-1ea8-4d04-80ba-d98d4f842617) on 280.500 MHz, 3D, game time 05:29:03
2026-09-26 14:10:31.202 -07:00 [INF] [OpenFreq.Common.RtpJitterBuffer] Transmission gap detected (24024ms RTP delta), resetting jitter measurement
2026-09-26 14:10:31.249 -07:00 [INF] [OpenFreqClient.Services.OpenFreqService] RX 280.500 MHz from Alligator (2af88464-1ea8-4d04-80ba-d98d4f842617), game time 05:29:03: -68.4 dBm, SNR 38.6 dB, FSPL 108.4 dB, terrain 0.0 dB, 22.3 km, tx 8140 m / rx 8113 m MSL
2026-09-26 14:10:31.669 -07:00 [INF] [OpenFreq.Common.RtpJitterBuffer] Late arrival (40ms past slot) — buffer 56→126ms
2026-09-26 14:10:32.876 -07:00 [INF] [OpenFreqClient.Services.OpenFreqService] PTT end: Alligator (2af88464-1ea8-4d04-80ba-d98d4f842617) on 280.500 MHz, released, game time 05:29:05
2026-09-26 14:10:34.156 -07:00 [INF] [OpenFreqClient.Services.OpenFreqService] PTT start: own radio on 280.500 MHz, game time 05:29:06
2026-09-26 14:10:34.245 -07:00 [INF] [OpenFreqClient.Services.OpenFreqService] PTT start: Stevie (3f69df0a-0474-4403-96f9-9167afaa52d9) on 140.550 MHz, 3D, game time 05:29:06
2026-09-26 14:10:34.272 -07:00 [INF] [OpenFreq.Common.RtpJitterBuffer] Transmission gap detected (24558ms RTP delta), resetting jitter measurement
2026-09-26 14:10:34.303 -07:00 [INF] [OpenFreqClient.Services.OpenFreqService] RX 140.550 MHz from Stevie (3f69df0a-0474-4403-96f9-9167afaa52d9), game time 05:29:06: -39.6 dBm, SNR 70.4 dB, FSPL 79.6 dB, terrain 0.0 dB, 1.6 km, tx 7811 m / rx 8117 m MSL
2026-09-26 14:10:34.806 -07:00 [INF] [OpenFreqClient.Services.OpenFreqService] PTT end: Stevie (3f69df0a-0474-4403-96f9-9167afaa52d9) on 140.550 MHz, released, game time 05:29:07
2026-09-26 14:10:35.330 -07:00 [INF] [OpenFreqClient.Services.OpenFreqService] PTT start: Stevie (3f69df0a-0474-4403-96f9-9167afaa52d9) on 140.550 MHz, 3D, game time 05:29:07
2026-09-26 14:10:35.355 -07:00 [INF] [OpenFreq.Common.RtpJitterBuffer] Transmission gap detected (548ms RTP delta), resetting jitter measurement
2026-09-26 14:10:35.596 -07:00 [INF] [OpenFreqClient.Services.OpenFreqService] PTT end: own radio on 280.500 MHz, game time 05:29:07
2026-09-26 14:10:35.604 -07:00 [INF] [OpenFreqClient.Services.OpenFreqService] TX level over 1440ms: mic peak -8.0 dBFS rms -24.6 dBFS | sent peak 0.0 dBFS rms -19.9 dBFS | normalizer on, gain 3.504, gate -71.8 dBFS
2026-09-26 14:10:35.925 -07:00 [INF] [OpenFreqClient.Services.OpenFreqService] PTT end: Stevie (3f69df0a-0474-4403-96f9-9167afaa52d9) on 140.550 MHz, released, game time 05:29:08
2026-09-26 14:10:37.158 -07:00 [INF] [OpenFreqClient.Services.OpenFreqService] PTT start: Alligator (2af88464-1ea8-4d04-80ba-d98d4f842617) on 280.500 MHz, 3D, game time 05:29:09
2026-09-26 14:10:37.179 -07:00 [INF] [OpenFreq.Common.RtpJitterBuffer] Transmission gap detected (4310ms RTP delta), resetting jitter measurement
2026-09-26 14:10:37.241 -07:00 [INF] [OpenFreqClient.Services.OpenFreqService] RX 280.500 MHz from Alligator (2af88464-1ea8-4d04-80ba-d98d4f842617), game time 05:29:09: -69.0 dBm, SNR 38.0 dB, FSPL 109.0 dB, terrain 0.0 dB, 23.9 km, tx 8214 m / rx 8142 m MSL
2026-09-26 14:10:38.302 -07:00 [INF] [OpenFreqClient.Services.OpenFreqService] PTT end: Alligator (2af88464-1ea8-4d04-80ba-d98d4f842617) on 280.500 MHz, released, game time 05:29:10
2026-09-26 14:10:40.220 -07:00 [INF] [OpenFreqClient.Services.OpenFreqService] PTT start: own radio on 140.550 MHz, game time 05:29:12
2026-09-26 14:10:41.499 -07:00 [INF] [OpenFreqClient.Services.OpenFreqService] PTT end: own radio on 140.550 MHz, game time 05:29:13
2026-09-26 14:10:41.503 -07:00 [INF] [OpenFreqClient.Services.OpenFreqService] TX level over 1280ms: mic peak -18.2 dBFS rms -35.7 dBFS | sent peak -0.1 dBFS rms -21.0 dBFS | normalizer on, gain 10.937, gate -60.1 dBFS
2026-09-26 14:10:45.064 -07:00 [INF] [OpenFreqClient.Services.OpenFreqService] PTT start: gci-chaos (594701b2-6238-4ad8-992b-37a151773ed5) on 280.500 MHz, 3D, game time 05:29:17
2026-09-26 14:10:45.068 -07:00 [INF] [OpenFreq.Common.RtpJitterBuffer] Transmission gap detected (14971ms RTP delta), resetting jitter measurement
2026-09-26 14:10:45.119 -07:00 [INF] [OpenFreqClient.Services.OpenFreqService] RX 280.500 MHz from gci-chaos (594701b2-6238-4ad8-992b-37a151773ed5), game time 05:29:17: -70.1 dBm, SNR 36.9 dB, FSPL 114.1 dB, terrain 0.0 dB, 42.9 km, tx 9147 m / rx 8105 m MSL
2026-09-26 14:10:46.010 -07:00 [INF] [OpenFreqClient.Services.OpenFreqService] PTT end: gci-chaos (594701b2-6238-4ad8-992b-37a151773ed5) on 280.500 MHz, released, game time 05:29:18
2026-09-26 14:10:46.620 -07:00 [INF] [OpenFreqClient.Services.OpenFreqService] PTT start: own radio on 280.500 MHz, game time 05:29:18
2026-09-26 14:10:47.420 -07:00 [INF] [OpenFreqClient.Services.OpenFreqService] PTT end: own radio on 280.500 MHz, game time 05:29:19
2026-09-26 14:10:47.423 -07:00 [INF] [OpenFreqClient.Services.OpenFreqService] TX level over 800ms: mic peak -9.9 dBFS rms -24.4 dBFS | sent peak 0.0 dBFS rms -14.6 dBFS | normalizer on, gain 1.352, gate -68.4 dBFS
2026-09-26 14:10:49.452 -07:00 [INF] [OpenFreqClient.Services.OpenFreqService] PTT start: Polaris (4c187006-039a-4fcb-b6df-d456875763f7) on 280.500 MHz, 3D, game time 05:29:21
2026-09-26 14:10:49.474 -07:00 [INF] [OpenFreq.Common.RtpJitterBuffer] Transmission gap detected (46584ms RTP delta), resetting jitter measurement
2026-09-26 14:10:49.513 -07:00 [INF] [OpenFreqClient.Services.OpenFreqService] RX 280.500 MHz from Polaris (4c187006-039a-4fcb-b6df-d456875763f7), game time 05:29:21: -75.2 dBm, SNR 31.8 dB, FSPL 115.2 dB, terrain 0.0 dB, 49.0 km, tx 5525 m / rx 8074 m MSL
2026-09-26 14:10:49.998 -07:00 [INF] [OpenFreq.Common.RtpJitterBuffer] Late arrival (47ms past slot) — buffer 43→120ms
2026-09-26 14:10:50.474 -07:00 [INF] [OpenFreqClient.Services.OpenFreqService] PTT end: Polaris (4c187006-039a-4fcb-b6df-d456875763f7) on 280.500 MHz, released, game time 05:29:22
2026-09-26 14:10:50.959 -07:00 [INF] [OpenFreqClient.Services.OpenFreqService] PTT start: Polaris (4c187006-039a-4fcb-b6df-d456875763f7) on 280.500 MHz, 3D, game time 05:29:23
2026-09-26 14:10:50.973 -07:00 [INF] [OpenFreq.Common.RtpJitterBuffer] Transmission gap detected (505ms RTP delta), resetting jitter measurement
2026-09-26 14:10:55.228 -07:00 [INF] [OpenFreqClient.Services.OpenFreqService] PTT end: Polaris (4c187006-039a-4fcb-b6df-d456875763f7) on 280.500 MHz, released, game time 05:29:27
2026-09-26 14:10:58.582 -07:00 [INF] [OpenFreqClient.Services.OpenFreqService] PTT start: Stevie (3f69df0a-0474-4403-96f9-9167afaa52d9) on 140.550 MHz, 3D, game time 05:29:30
2026-09-26 14:10:58.591 -07:00 [INF] [OpenFreq.Common.RtpJitterBuffer] Transmission gap detected (22688ms RTP delta), resetting jitter measurement
2026-09-26 14:10:58.591 -07:00 [INF] [OpenFreq.Common.RtpJitterBufferPool] Pruned stale source SSRC=4209D5F1
2026-09-26 14:10:58.591 -07:00 [INF] [OpenFreq.Common.RtpAudioReceiver] Source expired: SSRC=4209D5F1
2026-09-26 14:10:58.642 -07:00 [INF] [OpenFreqClient.Services.OpenFreqService] RX 140.550 MHz from Stevie (3f69df0a-0474-4403-96f9-9167afaa52d9), game time 05:29:30: -49.2 dBm, SNR 60.8 dB, FSPL 89.2 dB, terrain 0.0 dB, 4.9 km, tx 6544 m / rx 8133 m MSL
2026-09-26 14:10:58.773 -07:00 [WRN] [OpenFreqAudio.RadioPlayback] Stream 3f69df0a-0474-4403-96f9-9167afaa52d9:140550 on 140.550 MHz had no samples for 10.0 ms
2026-09-26 14:10:59.316 -07:00 [INF] [OpenFreqClient.Services.OpenFreqService] PTT end: Stevie (3f69df0a-0474-4403-96f9-9167afaa52d9) on 140.550 MHz, released, game time 05:29:31
2026-09-26 14:11:00.508 -07:00 [INF] [OpenFreqClient.Services.OpenFreqService] PTT start: gci-chaos (594701b2-6238-4ad8-992b-37a151773ed5) on 280.500 MHz, 3D, game time 05:29:32
2026-09-26 14:11:00.517 -07:00 [INF] [OpenFreq.Common.RtpJitterBuffer] Transmission gap detected (14514ms RTP delta), resetting jitter measurement
2026-09-26 14:11:00.570 -07:00 [INF] [OpenFreqClient.Services.OpenFreqService] RX 280.500 MHz from gci-chaos (594701b2-6238-4ad8-992b-37a151773ed5), game time 05:29:32: -69.9 dBm, SNR 37.1 dB, FSPL 113.9 dB, terrain 0.0 dB, 42.2 km, tx 9147 m / rx 8142 m MSL
2026-09-26 14:11:00.840 -07:00 [INF] [OpenFreqClient.Services.OpenFreqService] PTT start: Stevie (3f69df0a-0474-4403-96f9-9167afaa52d9) on 140.550 MHz, 3D, game time 05:29:33
2026-09-26 14:11:00.857 -07:00 [INF] [OpenFreq.Common.RtpJitterBuffer] Transmission gap detected (1536ms RTP delta), resetting jitter measurement
2026-09-26 14:11:00.907 -07:00 [INF] [OpenFreqClient.Services.OpenFreqService] RX 140.550 MHz from Stevie (3f69df0a-0474-4403-96f9-9167afaa52d9), game time 05:29:33: -50.0 dBm, SNR 60.0 dB, FSPL 90.0 dB, terrain 0.0 dB, 5.4 km, tx 6495 m / rx 8144 m MSL
2026-09-26 14:11:01.281 -07:00 [INF] [OpenFreqClient.Services.OpenFreqService] PTT end: gci-chaos (594701b2-6238-4ad8-992b-37a151773ed5) on 280.500 MHz, released, game time 05:29:33
2026-09-26 14:11:02.366 -07:00 [INF] [OpenFreqClient.Services.OpenFreqService] PTT end: Stevie (3f69df0a-0474-4403-96f9-9167afaa52d9) on 140.550 MHz, released, game time 05:29:34
2026-09-26 14:11:02.848 -07:00 [INF] [OpenFreq.Common.RtpJitterBuffer] Transmission gap detected (7632ms RTP delta), resetting jitter measurement
2026-09-26 14:11:02.848 -07:00 [INF] [OpenFreqClient.Services.OpenFreqService] PTT start: Polaris (4c187006-039a-4fcb-b6df-d456875763f7) on 280.500 MHz, 3D, game time 05:29:35
2026-09-26 14:11:02.894 -07:00 [INF] [OpenFreqClient.Services.OpenFreqService] RX 280.500 MHz from Polaris (4c187006-039a-4fcb-b6df-d456875763f7), game time 05:29:35: -75.6 dBm, SNR 31.4 dB, FSPL 115.6 dB, terrain 0.0 dB, 51.1 km, tx 5525 m / rx 8152 m MSL
2026-09-26 14:11:03.306 -07:00 [INF] [OpenFreq.Common.RtpJitterBuffer] Late arrival (12ms past slot) — buffer 48→90ms
2026-09-26 14:11:03.662 -07:00 [INF] [OpenFreqClient.Services.OpenFreqService] PTT end: Polaris (4c187006-039a-4fcb-b6df-d456875763f7) on 280.500 MHz, released, game time 05:29:35
2026-09-26 14:11:03.780 -07:00 [INF] [OpenFreqClient.Services.OpenFreqService] PTT start: Stevie (3f69df0a-0474-4403-96f9-9167afaa52d9) on 140.550 MHz, 3D, game time 05:29:36
2026-09-26 14:11:03.796 -07:00 [INF] [OpenFreq.Common.RtpJitterBuffer] Transmission gap detected (1444ms RTP delta), resetting jitter measurement
2026-09-26 14:11:03.843 -07:00 [INF] [OpenFreqClient.Services.OpenFreqService] RX 140.550 MHz from Stevie (3f69df0a-0474-4403-96f9-9167afaa52d9), game time 05:29:36: -50.9 dBm, SNR 59.1 dB, FSPL 90.9 dB, terrain 0.0 dB, 5.9 km, tx 6464 m / rx 8154 m MSL
2026-09-26 14:11:03.873 -07:00 [WRN] [OpenFreqAudio.RadioPlayback] Stream 3f69df0a-0474-4403-96f9-9167afaa52d9:140550 on 140.550 MHz had no samples for 10.0 ms
2026-09-26 14:11:04.141 -07:00 [INF] [OpenFreqClient.Services.OpenFreqService] PTT end: Stevie (3f69df0a-0474-4403-96f9-9167afaa52d9) on 140.550 MHz, released, game time 05:29:36
2026-09-26 14:11:04.252 -07:00 [INF] [OpenFreqClient.Services.OpenFreqService] PTT start: own radio on 140.550 MHz, game time 05:29:36
2026-09-26 14:11:05.499 -07:00 [INF] [OpenFreqClient.Services.OpenFreqService] PTT end: own radio on 140.550 MHz, game time 05:29:37
2026-09-26 14:11:05.503 -07:00 [INF] [OpenFreqClient.Services.OpenFreqService] TX level over 1250ms: mic peak -11.3 dBFS rms -28.9 dBFS | sent peak 0.0 dBFS rms -18.8 dBFS | normalizer on, gain 23.643, gate -86.0 dBFS
2026-09-26 14:11:06.435 -07:00 [INF] [OpenFreqClient.Services.OpenFreqService] PTT start: Stevie (3f69df0a-0474-4403-96f9-9167afaa52d9) on 140.550 MHz, 3D, game time 05:29:38
2026-09-26 14:11:06.458 -07:00 [INF] [OpenFreq.Common.RtpJitterBuffer] Transmission gap detected (2316ms RTP delta), resetting jitter measurement
2026-09-26 14:11:06.501 -07:00 [INF] [OpenFreqClient.Services.OpenFreqService] RX 140.550 MHz from Stevie (3f69df0a-0474-4403-96f9-9167afaa52d9), game time 05:29:38: -51.5 dBm, SNR 58.5 dB, FSPL 91.5 dB, terrain 0.0 dB, 6.4 km, tx 6503 m / rx 8155 m MSL
2026-09-26 14:11:07.576 -07:00 [INF] [OpenFreqClient.Services.OpenFreqService] PTT end: Stevie (3f69df0a-0474-4403-96f9-9167afaa52d9) on 140.550 MHz, released, game time 05:29:39
2026-09-26 14:11:10.650 -07:00 [INF] [OpenFreqClient.Services.OpenFreqService] PTT start: Stevie (3f69df0a-0474-4403-96f9-9167afaa52d9) on 140.550 MHz, 3D, game time 05:29:42
2026-09-26 14:11:10.668 -07:00 [INF] [OpenFreq.Common.RtpJitterBuffer] Transmission gap detected (3088ms RTP delta), resetting jitter measurement
2026-09-26 14:11:10.705 -07:00 [INF] [OpenFreqClient.Services.OpenFreqService] RX 140.550 MHz from Stevie (3f69df0a-0474-4403-96f9-9167afaa52d9), game time 05:29:42: -52.3 dBm, SNR 57.7 dB, FSPL 92.3 dB, terrain 0.0 dB, 7.0 km, tx 6654 m / rx 8174 m MSL
2026-09-26 14:11:11.114 -07:00 [INF] [OpenFreqClient.Services.OpenFreqService] PTT end: Stevie (3f69df0a-0474-4403-96f9-9167afaa52d9) on 140.550 MHz, released, game time 05:29:43
2026-09-26 14:11:11.646 -07:00 [INF] [OpenFreqClient.Services.OpenFreqService] PTT start: Stevie (3f69df0a-0474-4403-96f9-9167afaa52d9) on 140.550 MHz, 3D, game time 05:29:43
2026-09-26 14:11:11.657 -07:00 [INF] [OpenFreq.Common.RtpJitterBuffer] Transmission gap detected (552ms RTP delta), resetting jitter measurement
2026-09-26 14:11:11.696 -07:00 [INF] [OpenFreqClient.Services.OpenFreqService] RX 140.550 MHz from Stevie (3f69df0a-0474-4403-96f9-9167afaa52d9), game time 05:29:43: -52.5 dBm, SNR 57.5 dB, FSPL 92.5 dB, terrain 0.0 dB, 7.2 km, tx 6691 m / rx 8179 m MSL
2026-09-26 14:11:12.406 -07:00 [INF] [OpenFreqClient.Services.OpenFreqService] PTT end: Stevie (3f69df0a-0474-4403-96f9-9167afaa52d9) on 140.550 MHz, released, game time 05:29:44
2026-09-26 14:11:12.593 -07:00 [INF] [OpenFreqClient.Services.OpenFreqService] PTT start: Falcon (91c4c764-ac55-4b66-98e4-d070ed54be23) on 280.500 MHz, 3D, game time 05:29:44
2026-09-26 14:11:12.607 -07:00 [INF] [OpenFreq.Common.RtpJitterBuffer] Transmission gap detected (101108ms RTP delta), resetting jitter measurement
2026-09-26 14:11:12.652 -07:00 [INF] [OpenFreqClient.Services.OpenFreqService] RX 280.500 MHz from Falcon (91c4c764-ac55-4b66-98e4-d070ed54be23), game time 05:29:44: -63.7 dBm, SNR 43.3 dB, FSPL 103.7 dB, terrain 0.0 dB, 13.0 km, tx 1253 m / rx 8184 m MSL
2026-09-26 14:11:15.135 -07:00 [INF] [OpenFreqClient.Services.OpenFreqService] PTT end: Falcon (91c4c764-ac55-4b66-98e4-d070ed54be23) on 280.500 MHz, released, game time 05:29:47
2026-09-26 14:11:15.722 -07:00 [INF] [OpenFreqClient.Services.OpenFreqService] PTT start: gci-chaos (594701b2-6238-4ad8-992b-37a151773ed5) on 280.500 MHz, 3D, game time 05:29:47
2026-09-26 14:11:15.739 -07:00 [INF] [OpenFreq.Common.RtpJitterBuffer] Transmission gap detected (14459ms RTP delta), resetting jitter measurement
2026-09-26 14:11:15.787 -07:00 [INF] [OpenFreqClient.Services.OpenFreqService] RX 280.500 MHz from gci-chaos (594701b2-6238-4ad8-992b-37a151773ed5), game time 05:29:48: -69.3 dBm, SNR 37.7 dB, FSPL 113.3 dB, terrain 0.0 dB, 39.3 km, tx 9147 m / rx 8200 m MSL
2026-09-26 14:11:16.578 -07:00 [INF] [OpenFreqClient.Services.OpenFreqService] PTT end: gci-chaos (594701b2-6238-4ad8-992b-37a151773ed5) on 280.500 MHz, released, game time 05:29:48
2026-09-26 14:11:21.836 -07:00 [INF] [OpenFreqClient.Services.OpenFreqService] PTT start: own radio on 140.550 MHz, game time 05:29:54
2026-09-26 14:11:23.576 -07:00 [INF] [OpenFreqClient.Services.OpenFreqService] PTT start: Stevie (3f69df0a-0474-4403-96f9-9167afaa52d9) on 140.550 MHz, 3D, game time 05:29:55
2026-09-26 14:11:23.594 -07:00 [INF] [OpenFreq.Common.RtpJitterBuffer] Transmission gap detected (11196ms RTP delta), resetting jitter measurement
2026-09-26 14:11:23.716 -07:00 [INF] [OpenFreqClient.Services.OpenFreqService] PTT end: Stevie (3f69df0a-0474-4403-96f9-9167afaa52d9) on 140.550 MHz, released, game time 05:29:55
2026-09-26 14:11:25.259 -07:00 [INF] [OpenFreqClient.Services.OpenFreqService] PTT end: own radio on 140.550 MHz, game time 05:29:57
2026-09-26 14:11:25.264 -07:00 [INF] [OpenFreqClient.Services.OpenFreqService] TX level over 3420ms: mic peak -11.3 dBFS rms -29.6 dBFS | sent peak 0.0 dBFS rms -20.1 dBFS | normalizer on, gain 2.757, gate -43.9 dBFS
2026-09-26 14:11:30.985 -07:00 [INF] [OpenFreqClient.Services.OpenFreqService] PTT start: Alligator (2af88464-1ea8-4d04-80ba-d98d4f842617) on 280.500 MHz, 3D, game time 05:30:03
2026-09-26 14:11:31.018 -07:00 [INF] [OpenFreq.Common.RtpJitterBuffer] Transmission gap detected (52725ms RTP delta), resetting jitter measurement
2026-09-26 14:11:31.060 -07:00 [INF] [OpenFreqClient.Services.OpenFreqService] RX 280.500 MHz from Alligator (2af88464-1ea8-4d04-80ba-d98d4f842617), game time 05:30:03: -67.2 dBm, SNR 39.8 dB, FSPL 107.2 dB, terrain 0.0 dB, 19.6 km, tx 7862 m / rx 8260 m MSL
2026-09-26 14:11:31.694 -07:00 [INF] [OpenFreqClient.Services.OpenFreqService] PTT end: Alligator (2af88464-1ea8-4d04-80ba-d98d4f842617) on 280.500 MHz, released, game time 05:30:03
2026-09-26 14:11:32.028 -07:00 [INF] [OpenFreqClient.Services.OpenFreqService] PTT start: Alligator (2af88464-1ea8-4d04-80ba-d98d4f842617) on 280.500 MHz, 3D, game time 05:30:04
2026-09-26 14:11:34.022 -07:00 [INF] [OpenFreqClient.Services.OpenFreqService] PTT end: Alligator (2af88464-1ea8-4d04-80ba-d98d4f842617) on 280.500 MHz, released, game time 05:30:06
2026-09-26 14:11:34.461 -07:00 [INF] [OpenFreqClient.Services.OpenFreqService] PTT start: Alligator (2af88464-1ea8-4d04-80ba-d98d4f842617) on 280.500 MHz, 3D, game time 05:30:06
2026-09-26 14:11:35.627 -07:00 [INF] [OpenFreqClient.Services.OpenFreqService] PTT end: Alligator (2af88464-1ea8-4d04-80ba-d98d4f842617) on 280.500 MHz, released, game time 05:30:07
2026-09-26 14:11:48.603 -07:00 [INF] [OpenFreqClient.Services.OpenFreqService] PTT start: own radio on 140.550 MHz, game time 05:30:20
2026-09-26 14:11:48.851 -07:00 [INF] [OpenFreqClient.Services.OpenFreqService] PTT start: gci-chaos (594701b2-6238-4ad8-992b-37a151773ed5) on 280.500 MHz, 3D, game time 05:30:21
2026-09-26 14:11:48.869 -07:00 [INF] [OpenFreq.Common.RtpJitterBuffer] Transmission gap detected (32309ms RTP delta), resetting jitter measurement
2026-09-26 14:11:48.908 -07:00 [INF] [OpenFreqClient.Services.OpenFreqService] RX 280.500 MHz from gci-chaos (594701b2-6238-4ad8-992b-37a151773ed5), game time 05:30:21: -67.6 dBm, SNR 39.4 dB, FSPL 111.6 dB, terrain 0.0 dB, 32.2 km, tx 9147 m / rx 8419 m MSL
2026-09-26 14:11:50.955 -07:00 [INF] [OpenFreqClient.Services.OpenFreqService] PTT end: own radio on 140.550 MHz, game time 05:30:23
2026-09-26 14:11:50.963 -07:00 [INF] [OpenFreqClient.Services.OpenFreqService] TX level over 2360ms: mic peak -15.0 dBFS rms -32.8 dBFS | sent peak 0.0 dBFS rms -19.8 dBFS | normalizer on, gain 468.875, gate -94.4 dBFS
2026-09-26 14:11:51.027 -07:00 [INF] [OpenFreqClient.Services.OpenFreqService] PTT end: gci-chaos (594701b2-6238-4ad8-992b-37a151773ed5) on 280.500 MHz, released, game time 05:30:23
2026-09-26 14:11:51.429 -07:00 [INF] [OpenFreqClient.Services.OpenFreqService] PTT start: Stevie (3f69df0a-0474-4403-96f9-9167afaa52d9) on 140.550 MHz, 3D, game time 05:30:23
2026-09-26 14:11:51.447 -07:00 [INF] [OpenFreq.Common.RtpJitterBuffer] Transmission gap detected (27735ms RTP delta), resetting jitter measurement
2026-09-26 14:11:51.495 -07:00 [INF] [OpenFreqClient.Services.OpenFreqService] RX 140.550 MHz from Stevie (3f69df0a-0474-4403-96f9-9167afaa52d9), game time 05:30:23: -53.0 dBm, SNR 57.0 dB, FSPL 93.0 dB, terrain 0.0 dB, 7.5 km, tx 7465 m / rx 8418 m MSL
2026-09-26 14:11:51.811 -07:00 [INF] [OpenFreqClient.Services.OpenFreqService] PTT end: Stevie (3f69df0a-0474-4403-96f9-9167afaa52d9) on 140.550 MHz, released, game time 05:30:24
2026-09-26 14:11:53.068 -07:00 [INF] [OpenFreqClient.Services.OpenFreqService] PTT start: own radio on 280.500 MHz, game time 05:30:25
2026-09-26 14:11:54.364 -07:00 [INF] [OpenFreqClient.Services.OpenFreqService] PTT end: own radio on 280.500 MHz, game time 05:30:26
2026-09-26 14:11:54.374 -07:00 [INF] [OpenFreqClient.Services.OpenFreqService] TX level over 1300ms: mic peak -9.3 dBFS rms -23.6 dBFS | sent peak 0.0 dBFS rms -8.6 dBFS | normalizer on, gain 1.332, gate -80.2 dBFS
2026-09-26 14:11:58.636 -07:00 [INF] [OpenFreqClient.Services.OpenFreqService] PTT start: own radio on 280.500 MHz, game time 05:30:30
2026-09-26 14:11:59.467 -07:00 [INF] [OpenFreqClient.Services.OpenFreqService] PTT end: own radio on 280.500 MHz, game time 05:30:31
2026-09-26 14:11:59.474 -07:00 [INF] [OpenFreqClient.Services.OpenFreqService] TX level over 830ms: mic peak -5.4 dBFS rms -22.6 dBFS | sent peak -3.4 dBFS rms -21.9 dBFS | normalizer on, gain 20.508, gate -82.0 dBFS
2026-09-26 14:12:05.107 -07:00 [INF] [OpenFreqClient.Services.OpenFreqService] PTT start: Alligator (2af88464-1ea8-4d04-80ba-d98d4f842617) on 280.500 MHz, 3D, game time 05:30:37
2026-09-26 14:12:05.116 -07:00 [INF] [OpenFreq.Common.RtpJitterBuffer] Transmission gap detected (29492ms RTP delta), resetting jitter measurement
2026-09-26 14:12:05.148 -07:00 [INF] [OpenFreqClient.Services.OpenFreqService] RX 280.500 MHz from Alligator (2af88464-1ea8-4d04-80ba-d98d4f842617), game time 05:30:37: -68.7 dBm, SNR 38.3 dB, FSPL 108.7 dB, terrain 0.0 dB, 23.3 km, tx 7395 m / rx 8199 m MSL
2026-09-26 14:12:06.294 -07:00 [INF] [OpenFreqClient.Services.OpenFreqService] PTT end: Alligator (2af88464-1ea8-4d04-80ba-d98d4f842617) on 280.500 MHz, released, game time 05:30:38
2026-09-26 14:12:10.536 -07:00 [INF] [OpenFreqClient.Services.OpenFreqService] PTT start: Alligator (2af88464-1ea8-4d04-80ba-d98d4f842617) on 280.500 MHz, 3D, game time 05:30:42
2026-09-26 14:12:10.553 -07:00 [INF] [OpenFreq.Common.RtpJitterBuffer] Transmission gap detected (4261ms RTP delta), resetting jitter measurement
2026-09-26 14:12:10.612 -07:00 [INF] [OpenFreqClient.Services.OpenFreqService] RX 280.500 MHz from Alligator (2af88464-1ea8-4d04-80ba-d98d4f842617), game time 05:30:42: -69.2 dBm, SNR 37.8 dB, FSPL 109.2 dB, terrain 0.0 dB, 24.5 km, tx 7412 m / rx 8149 m MSL
2026-09-26 14:12:12.358 -07:00 [INF] [OpenFreqClient.Services.OpenFreqService] PTT end: Alligator (2af88464-1ea8-4d04-80ba-d98d4f842617) on 280.500 MHz, released, game time 05:30:44
2026-09-26 14:12:24.187 -07:00 [INF] [OpenFreqClient.Services.OpenFreqService] PTT start: own radio on 280.500 MHz, game time 05:30:56
2026-09-26 14:12:25.515 -07:00 [INF] [OpenFreqClient.Services.OpenFreqService] PTT end: own radio on 280.500 MHz, game time 05:30:57
2026-09-26 14:12:25.523 -07:00 [INF] [OpenFreqClient.Services.OpenFreqService] TX level over 1330ms: mic peak -12.6 dBFS rms -29.5 dBFS | sent peak 0.0 dBFS rms -16.7 dBFS | normalizer on, gain 4.882, gate -63.2 dBFS
2026-09-26 14:12:43.382 -07:00 [INF] [OpenFreqClient.Services.OpenFreqService] PTT start: gci-chaos (594701b2-6238-4ad8-992b-37a151773ed5) on 280.500 MHz, 3D, game time 05:31:15
2026-09-26 14:12:43.400 -07:00 [INF] [OpenFreq.Common.RtpJitterBuffer] Transmission gap detected (52392ms RTP delta), resetting jitter measurement
2026-09-26 14:12:43.400 -07:00 [INF] [OpenFreq.Common.RtpJitterBufferPool] Pruned stale source SSRC=7126CAC1
2026-09-26 14:12:43.400 -07:00 [INF] [OpenFreq.Common.RtpAudioReceiver] Source expired: SSRC=7126CAC1
2026-09-26 14:12:43.451 -07:00 [INF] [OpenFreqClient.Services.OpenFreqService] RX 280.500 MHz from gci-chaos (594701b2-6238-4ad8-992b-37a151773ed5), game time 05:31:15: -63.6 dBm, SNR 43.4 dB, FSPL 107.6 dB, terrain 0.0 dB, 20.4 km, tx 9147 m / rx 8229 m MSL
2026-09-26 14:12:44.314 -07:00 [WRN] [OpenFreqAudio.RadioPlayback] Stream 594701b2-6238-4ad8-992b-37a151773ed5:280500 on 280.500 MHz had no samples for 9.5 ms
2026-09-26 14:12:45.409 -07:00 [INF] [OpenFreqClient.Services.OpenFreqService] PTT end: gci-chaos (594701b2-6238-4ad8-992b-37a151773ed5) on 280.500 MHz, released, game time 05:31:17
2026-09-26 14:12:49.964 -07:00 [INF] [OpenFreqClient.Services.OpenFreqService] PTT start: own radio on 280.500 MHz, game time 05:31:22
2026-09-26 14:12:51.388 -07:00 [INF] [OpenFreqClient.Services.OpenFreqService] PTT end: own radio on 280.500 MHz, game time 05:31:23
2026-09-26 14:12:51.394 -07:00 [INF] [OpenFreqClient.Services.OpenFreqService] TX level over 1420ms: mic peak -12.4 dBFS rms -31.0 dBFS | sent peak -1.9 dBFS rms -20.0 dBFS | normalizer on, gain 6.627, gate -58.2 dBFS
2026-09-26 14:12:52.271 -07:00 [INF] [OpenFreqClient.Services.OpenFreqService] PTT start: gci-chaos (594701b2-6238-4ad8-992b-37a151773ed5) on 280.500 MHz, 3D, game time 05:31:24
2026-09-26 14:12:52.280 -07:00 [INF] [OpenFreq.Common.RtpJitterBuffer] Transmission gap detected (6884ms RTP delta), resetting jitter measurement
2026-09-26 14:12:52.329 -07:00 [INF] [OpenFreqClient.Services.OpenFreqService] RX 280.500 MHz from gci-chaos (594701b2-6238-4ad8-992b-37a151773ed5), game time 05:31:24: -62.6 dBm, SNR 44.4 dB, FSPL 106.6 dB, terrain 0.0 dB, 18.2 km, tx 9147 m / rx 8302 m MSL
2026-09-26 14:12:52.672 -07:00 [WRN] [OpenFreqAudio.RadioPlayback] Stream 594701b2-6238-4ad8-992b-37a151773ed5:280500 on 280.500 MHz had no samples for 5.3 ms
2026-09-26 14:12:53.228 -07:00 [INF] [OpenFreqClient.Services.OpenFreqService] PTT end: gci-chaos (594701b2-6238-4ad8-992b-37a151773ed5) on 280.500 MHz, released, game time 05:31:25
2026-09-26 14:13:07.366 -07:00 [INF] [OpenFreqClient.Services.OpenFreqService] PTT start: gci-chaos (594701b2-6238-4ad8-992b-37a151773ed5) on 280.500 MHz, 3D, game time 05:31:39
2026-09-26 14:13:07.382 -07:00 [INF] [OpenFreq.Common.RtpJitterBuffer] Transmission gap detected (14159ms RTP delta), resetting jitter measurement
2026-09-26 14:13:07.382 -07:00 [INF] [OpenFreq.Common.RtpJitterBufferPool] Pruned stale source SSRC=141FC2A9
2026-09-26 14:13:07.382 -07:00 [INF] [OpenFreq.Common.RtpAudioReceiver] Source expired: SSRC=141FC2A9
2026-09-26 14:13:07.427 -07:00 [INF] [OpenFreqClient.Services.OpenFreqService] RX 280.500 MHz from gci-chaos (594701b2-6238-4ad8-992b-37a151773ed5), game time 05:31:39: -60.9 dBm, SNR 46.1 dB, FSPL 104.9 dB, terrain 0.0 dB, 14.9 km, tx 9147 m / rx 8416 m MSL
2026-09-26 14:13:08.391 -07:00 [INF] [OpenFreqClient.Services.OpenFreqService] PTT end: gci-chaos (594701b2-6238-4ad8-992b-37a151773ed5) on 280.500 MHz, released, game time 05:31:40
2026-09-26 14:13:09.598 -07:00 [INF] [OpenFreqClient.Services.OpenFreqService] PTT start: Alligator (2af88464-1ea8-4d04-80ba-d98d4f842617) on 280.500 MHz, 3D, game time 05:31:41
2026-09-26 14:13:09.599 -07:00 [INF] [OpenFreq.Common.RtpJitterBuffer] Transmission gap detected (57247ms RTP delta), resetting jitter measurement
2026-09-26 14:13:09.646 -07:00 [INF] [OpenFreqClient.Services.OpenFreqService] RX 280.500 MHz from Alligator (2af88464-1ea8-4d04-80ba-d98d4f842617), game time 05:31:41: -70.5 dBm, SNR 36.5 dB, FSPL 110.5 dB, terrain 0.0 dB, 28.3 km, tx 7677 m / rx 8434 m MSL
2026-09-26 14:13:10.495 -07:00 [INF] [OpenFreqClient.Services.OpenFreqService] PTT end: Alligator (2af88464-1ea8-4d04-80ba-d98d4f842617) on 280.500 MHz, released, game time 05:31:42
2026-09-26 14:13:10.974 -07:00 [INF] [OpenFreqClient.Services.OpenFreqService] PTT start: Alligator (2af88464-1ea8-4d04-80ba-d98d4f842617) on 280.500 MHz, 3D, game time 05:31:43
2026-09-26 14:13:11.309 -07:00 [INF] [OpenFreq.Common.RtpJitterBuffer] Late arrival (1ms past slot) — buffer 54→85ms
2026-09-26 14:13:11.889 -07:00 [INF] [OpenFreqClient.Services.OpenFreqService] PTT end: Alligator (2af88464-1ea8-4d04-80ba-d98d4f842617) on 280.500 MHz, released, game time 05:31:44
2026-09-26 14:13:12.260 -07:00 [INF] [OpenFreqClient.Services.OpenFreqService] PTT start: Alligator (2af88464-1ea8-4d04-80ba-d98d4f842617) on 280.500 MHz, 3D, game time 05:31:44
2026-09-26 14:13:14.118 -07:00 [INF] [OpenFreqClient.Services.OpenFreqService] PTT end: Alligator (2af88464-1ea8-4d04-80ba-d98d4f842617) on 280.500 MHz, released, game time 05:31:46
2026-09-26 14:13:14.761 -07:00 [INF] [OpenFreqClient.Services.OpenFreqService] PTT start: Alligator (2af88464-1ea8-4d04-80ba-d98d4f842617) on 280.500 MHz, 3D, game time 05:31:47
2026-09-26 14:13:14.779 -07:00 [INF] [OpenFreq.Common.RtpJitterBuffer] Transmission gap detected (672ms RTP delta), resetting jitter measurement
2026-09-26 14:13:14.824 -07:00 [INF] [OpenFreqClient.Services.OpenFreqService] RX 280.500 MHz from Alligator (2af88464-1ea8-4d04-80ba-d98d4f842617), game time 05:31:47: -70.5 dBm, SNR 36.5 dB, FSPL 110.5 dB, terrain 0.0 dB, 28.6 km, tx 7705 m / rx 8473 m MSL
2026-09-26 14:13:15.093 -07:00 [INF] [OpenFreq.Common.RtpJitterBuffer] Late arrival (130ms past slot) — buffer 65→224ms
2026-09-26 14:13:19.016 -07:00 [INF] [OpenFreqClient.Services.OpenFreqService] PTT end: Alligator (2af88464-1ea8-4d04-80ba-d98d4f842617) on 280.500 MHz, released, game time 05:31:51
2026-09-26 14:13:19.692 -07:00 [INF] [OpenFreq.Common.RtpJitterBuffer] Transmission gap detected (11306ms RTP delta), resetting jitter measurement
2026-09-26 14:13:19.692 -07:00 [INF] [OpenFreqClient.Services.OpenFreqService] PTT start: gci-chaos (594701b2-6238-4ad8-992b-37a151773ed5) on 280.500 MHz, 3D, game time 05:31:51
2026-09-26 14:13:19.730 -07:00 [INF] [OpenFreqClient.Services.OpenFreqService] RX 280.500 MHz from gci-chaos (594701b2-6238-4ad8-992b-37a151773ed5), game time 05:31:51: -59.3 dBm, SNR 47.7 dB, FSPL 103.3 dB, terrain 0.0 dB, 12.4 km, tx 9147 m / rx 8510 m MSL
2026-09-26 14:13:20.027 -07:00 [INF] [OpenFreqClient.Services.OpenFreqService] PTT end: gci-chaos (594701b2-6238-4ad8-992b-37a151773ed5) on 280.500 MHz, released, game time 05:31:52
2026-09-26 14:13:20.652 -07:00 [INF] [OpenFreqClient.Services.OpenFreqService] PTT start: own radio on 280.500 MHz, game time 05:31:52
2026-09-26 14:13:21.499 -07:00 [INF] [OpenFreqClient.Services.OpenFreqService] PTT end: own radio on 280.500 MHz, game time 05:31:53
2026-09-26 14:13:21.504 -07:00 [INF] [OpenFreqClient.Services.OpenFreqService] TX level over 850ms: mic peak -16.1 dBFS rms -33.2 dBFS | sent peak -2.7 dBFS rms -20.5 dBFS | normalizer on, gain 3.986, gate -50.5 dBFS
2026-09-26 14:14:26.925 -07:00 [INF] [OpenFreqClient.Services.OpenFreqService] PTT start: own radio on 140.550 MHz, game time 05:32:59
2026-09-26 14:14:30.430 -07:00 [INF] [OpenFreqClient.Services.OpenFreqService] PTT end: own radio on 140.550 MHz, game time 05:33:02
2026-09-26 14:14:30.436 -07:00 [INF] [OpenFreqClient.Services.OpenFreqService] TX level over 3500ms: mic peak -13.0 dBFS rms -29.5 dBFS | sent peak -2.0 dBFS rms -20.5 dBFS | normalizer on, gain 3.789, gate -52.8 dBFS
2026-09-26 14:14:37.314 -07:00 [INF] [OpenFreqClient.Services.OpenFreqService] PTT start: Stevie (3f69df0a-0474-4403-96f9-9167afaa52d9) on 140.550 MHz, 3D, game time 05:33:09
2026-09-26 14:14:37.329 -07:00 [INF] [OpenFreq.Common.RtpJitterBuffer] Transmission gap detected (165541ms RTP delta), resetting jitter measurement
2026-09-26 14:14:37.329 -07:00 [INF] [OpenFreq.Common.RtpJitterBufferPool] Pruned stale source SSRC=117123B1
2026-09-26 14:14:37.329 -07:00 [INF] [OpenFreq.Common.RtpAudioReceiver] Source expired: SSRC=117123B1
2026-09-26 14:14:37.376 -07:00 [INF] [OpenFreqClient.Services.OpenFreqService] RX 140.550 MHz from Stevie (3f69df0a-0474-4403-96f9-9167afaa52d9), game time 05:33:09: -34.5 dBm, SNR 75.5 dB, FSPL 74.5 dB, terrain 0.0 dB, 0.9 km, tx 9011 m / rx 9043 m MSL
2026-09-26 14:14:37.754 -07:00 [WRN] [OpenFreqAudio.RadioPlayback] Stream 3f69df0a-0474-4403-96f9-9167afaa52d9:140550 on 140.550 MHz had no samples for 7.6 ms
2026-09-26 14:14:37.939 -07:00 [INF] [OpenFreqClient.Services.OpenFreqService] PTT end: Stevie (3f69df0a-0474-4403-96f9-9167afaa52d9) on 140.550 MHz, released, game time 05:33:10
2026-09-26 14:14:51.066 -07:00 [INF] [OpenFreqClient.Services.OpenFreqService] PTT start: Alligator (2af88464-1ea8-4d04-80ba-d98d4f842617) on 280.500 MHz, 3D, game time 05:33:23
2026-09-26 14:14:51.080 -07:00 [INF] [OpenFreq.Common.RtpJitterBuffer] Transmission gap detected (92068ms RTP delta), resetting jitter measurement
2026-09-26 14:14:51.106 -07:00 [INF] [OpenFreqClient.Services.OpenFreqService] RX 280.500 MHz from Alligator (2af88464-1ea8-4d04-80ba-d98d4f842617), game time 05:33:23: -71.3 dBm, SNR 35.7 dB, FSPL 111.3 dB, terrain 0.0 dB, 31.2 km, tx 8298 m / rx 9129 m MSL
2026-09-26 14:14:51.576 -07:00 [WRN] [OpenFreqAudio.RadioPlayback] Stream 2af88464-1ea8-4d04-80ba-d98d4f842617:280500 on 280.500 MHz had no samples for 10.0 ms
2026-09-26 14:14:52.805 -07:00 [INF] [OpenFreqClient.Services.OpenFreqService] PTT end: Alligator (2af88464-1ea8-4d04-80ba-d98d4f842617) on 280.500 MHz, released, game time 05:33:25
2026-09-26 14:14:56.587 -07:00 [INF] [OpenFreqClient.Services.OpenFreqService] PTT start: gci-chaos (594701b2-6238-4ad8-992b-37a151773ed5) on 280.500 MHz, 3D, game time 05:33:28
2026-09-26 14:14:56.605 -07:00 [INF] [OpenFreq.Common.RtpJitterBuffer] Transmission gap detected (96593ms RTP delta), resetting jitter measurement
2026-09-26 14:14:56.643 -07:00 [INF] [OpenFreqClient.Services.OpenFreqService] RX 280.500 MHz from gci-chaos (594701b2-6238-4ad8-992b-37a151773ed5), game time 05:33:28: -60.5 dBm, SNR 46.5 dB, FSPL 104.5 dB, terrain 0.0 dB, 14.3 km, tx 9147 m / rx 9164 m MSL
2026-09-26 14:14:56.752 -07:00 [INF] [OpenFreqClient.Services.OpenFreqService] PTT start: Stevie (3f69df0a-0474-4403-96f9-9167afaa52d9) on 140.550 MHz, 3D, game time 05:33:29
2026-09-26 14:14:56.766 -07:00 [INF] [OpenFreq.Common.RtpJitterBuffer] Transmission gap detected (18840ms RTP delta), resetting jitter measurement
2026-09-26 14:14:56.822 -07:00 [INF] [OpenFreqClient.Services.OpenFreqService] RX 140.550 MHz from Stevie (3f69df0a-0474-4403-96f9-9167afaa52d9), game time 05:33:29: -34.8 dBm, SNR 75.2 dB, FSPL 74.8 dB, terrain 0.0 dB, 0.9 km, tx 9125 m / rx 9164 m MSL
2026-09-26 14:14:57.310 -07:00 [INF] [OpenFreqClient.Services.OpenFreqService] PTT end: Stevie (3f69df0a-0474-4403-96f9-9167afaa52d9) on 140.550 MHz, released, game time 05:33:29
2026-09-26 14:14:57.747 -07:00 [INF] [OpenFreq.Common.RtpJitterBuffer] Late arrival (24ms past slot) — buffer 46→101ms
2026-09-26 14:14:59.202 -07:00 [INF] [OpenFreqClient.Services.OpenFreqService] PTT end: gci-chaos (594701b2-6238-4ad8-992b-37a151773ed5) on 280.500 MHz, released, game time 05:33:31
2026-09-26 14:15:01.013 -07:00 [INF] [OpenFreqClient.Services.OpenFreqService] PTT start: Alligator (2af88464-1ea8-4d04-80ba-d98d4f842617) on 280.500 MHz, 3D, game time 05:33:33
2026-09-26 14:15:01.036 -07:00 [INF] [OpenFreq.Common.RtpJitterBuffer] Transmission gap detected (8243ms RTP delta), resetting jitter measurement
2026-09-26 14:15:01.090 -07:00 [INF] [OpenFreqClient.Services.OpenFreqService] RX 280.500 MHz from Alligator (2af88464-1ea8-4d04-80ba-d98d4f842617), game time 05:33:33: -71.5 dBm, SNR 35.5 dB, FSPL 111.5 dB, terrain 0.0 dB, 32.0 km, tx 8262 m / rx 9190 m MSL
2026-09-26 14:15:01.866 -07:00 [INF] [OpenFreqClient.Services.OpenFreqService] PTT end: Alligator (2af88464-1ea8-4d04-80ba-d98d4f842617) on 280.500 MHz, released, game time 05:33:34
2026-09-26 14:15:03.413 -07:00 [INF] [OpenFreqClient.Services.OpenFreqService] PTT start: gci-chaos (594701b2-6238-4ad8-992b-37a151773ed5) on 280.500 MHz, 3D, game time 05:33:35
2026-09-26 14:15:03.425 -07:00 [INF] [OpenFreq.Common.RtpJitterBuffer] Transmission gap detected (4246ms RTP delta), resetting jitter measurement
2026-09-26 14:15:03.482 -07:00 [INF] [OpenFreqClient.Services.OpenFreqService] RX 280.500 MHz from gci-chaos (594701b2-6238-4ad8-992b-37a151773ed5), game time 05:33:35: -61.2 dBm, SNR 45.8 dB, FSPL 105.2 dB, terrain 0.0 dB, 15.5 km, tx 9147 m / rx 9204 m MSL
2026-09-26 14:15:04.331 -07:00 [INF] [OpenFreqClient.Services.OpenFreqService] PTT end: gci-chaos (594701b2-6238-4ad8-992b-37a151773ed5) on 280.500 MHz, released, game time 05:33:36
2026-09-26 14:15:04.955 -07:00 [INF] [OpenFreqClient.Services.OpenFreqService] PTT start: Alligator (2af88464-1ea8-4d04-80ba-d98d4f842617) on 280.500 MHz, 3D, game time 05:33:37
2026-09-26 14:15:04.969 -07:00 [INF] [OpenFreq.Common.RtpJitterBuffer] Transmission gap detected (3115ms RTP delta), resetting jitter measurement
2026-09-26 14:15:05.020 -07:00 [INF] [OpenFreqClient.Services.OpenFreqService] RX 280.500 MHz from Alligator (2af88464-1ea8-4d04-80ba-d98d4f842617), game time 05:33:37: -71.6 dBm, SNR 35.4 dB, FSPL 111.6 dB, terrain 0.0 dB, 32.4 km, tx 8278 m / rx 9213 m MSL
2026-09-26 14:15:06.346 -07:00 [INF] [OpenFreqClient.Services.OpenFreqService] PTT end: Alligator (2af88464-1ea8-4d04-80ba-d98d4f842617) on 280.500 MHz, released, game time 05:33:38
2026-09-26 14:15:06.870 -07:00 [INF] [OpenFreqClient.Services.OpenFreqService] PTT start: gci-chaos (594701b2-6238-4ad8-992b-37a151773ed5) on 280.500 MHz, 3D, game time 05:33:39
2026-09-26 14:15:06.884 -07:00 [INF] [OpenFreq.Common.RtpJitterBuffer] Transmission gap detected (2559ms RTP delta), resetting jitter measurement
2026-09-26 14:15:06.934 -07:00 [INF] [OpenFreqClient.Services.OpenFreqService] RX 280.500 MHz from gci-chaos (594701b2-6238-4ad8-992b-37a151773ed5), game time 05:33:39: -61.6 dBm, SNR 45.4 dB, FSPL 105.6 dB, terrain 0.0 dB, 16.1 km, tx 9147 m / rx 9224 m MSL
2026-09-26 14:15:08.302 -07:00 [INF] [OpenFreqClient.Services.OpenFreqService] PTT end: gci-chaos (594701b2-6238-4ad8-992b-37a151773ed5) on 280.500 MHz, released, game time 05:33:40
2026-09-26 14:15:09.732 -07:00 [INF] [OpenFreqClient.Services.OpenFreqService] PTT start: Alligator (2af88464-1ea8-4d04-80ba-d98d4f842617) on 280.500 MHz, 3D, game time 05:33:41
2026-09-26 14:15:09.739 -07:00 [INF] [OpenFreq.Common.RtpJitterBuffer] Transmission gap detected (3411ms RTP delta), resetting jitter measurement
2026-09-26 14:15:09.786 -07:00 [INF] [OpenFreqClient.Services.OpenFreqService] RX 280.500 MHz from Alligator (2af88464-1ea8-4d04-80ba-d98d4f842617), game time 05:33:42: -71.8 dBm, SNR 35.2 dB, FSPL 111.8 dB, terrain 0.0 dB, 33.0 km, tx 8278 m / rx 9242 m MSL
2026-09-26 14:15:09.954 -07:00 [INF] [OpenFreqClient.Services.OpenFreqService] PTT end: Alligator (2af88464-1ea8-4d04-80ba-d98d4f842617) on 280.500 MHz, released, game time 05:33:42
2026-09-26 14:15:11.088 -07:00 [INF] [OpenFreqClient.Services.OpenFreqService] PTT start: Alligator (2af88464-1ea8-4d04-80ba-d98d4f842617) on 280.500 MHz, 3D, game time 05:33:43
2026-09-26 14:15:11.100 -07:00 [INF] [OpenFreq.Common.RtpJitterBuffer] Transmission gap detected (1161ms RTP delta), resetting jitter measurement
2026-09-26 14:15:11.147 -07:00 [INF] [OpenFreqClient.Services.OpenFreqService] RX 280.500 MHz from Alligator (2af88464-1ea8-4d04-80ba-d98d4f842617), game time 05:33:43: -71.8 dBm, SNR 35.2 dB, FSPL 111.8 dB, terrain 0.0 dB, 33.3 km, tx 8278 m / rx 9251 m MSL
2026-09-26 14:15:14.546 -07:00 [INF] [OpenFreq.Common.RtpJitterBufferPool] Pruned stale source SSRC=5D682876
2026-09-26 14:15:14.546 -07:00 [INF] [OpenFreq.Common.RtpAudioReceiver] Source expired: SSRC=5D682876
2026-09-26 14:15:15.156 -07:00 [INF] [OpenFreqClient.Services.OpenFreqService] PTT end: Alligator (2af88464-1ea8-4d04-80ba-d98d4f842617) on 280.500 MHz, released, game time 05:33:47
2026-09-26 14:15:15.428 -07:00 [INF] [OpenFreqClient.Services.OpenFreqService] PTT start: gci-chaos (594701b2-6238-4ad8-992b-37a151773ed5) on 280.500 MHz, 3D, game time 05:33:47
2026-09-26 14:15:15.445 -07:00 [INF] [OpenFreq.Common.RtpJitterBuffer] Transmission gap detected (7177ms RTP delta), resetting jitter measurement
2026-09-26 14:15:15.485 -07:00 [INF] [OpenFreqClient.Services.OpenFreqService] RX 280.500 MHz from gci-chaos (594701b2-6238-4ad8-992b-37a151773ed5), game time 05:33:47: -62.4 dBm, SNR 44.6 dB, FSPL 106.4 dB, terrain 0.0 dB, 17.7 km, tx 9147 m / rx 9277 m MSL
2026-09-26 14:15:15.935 -07:00 [WRN] [OpenFreqAudio.RadioPlayback] Stream 594701b2-6238-4ad8-992b-37a151773ed5:280500 on 280.500 MHz had no samples for 9.9 ms
2026-09-26 14:15:16.769 -07:00 [INF] [OpenFreqClient.Services.OpenFreqService] PTT end: gci-chaos (594701b2-6238-4ad8-992b-37a151773ed5) on 280.500 MHz, released, game time 05:33:49
2026-09-26 14:15:17.332 -07:00 [INF] [OpenFreqClient.Services.OpenFreqService] PTT start: gci-chaos (594701b2-6238-4ad8-992b-37a151773ed5) on 280.500 MHz, 3D, game time 05:33:49
2026-09-26 14:15:17.349 -07:00 [INF] [OpenFreq.Common.RtpJitterBuffer] Transmission gap detected (586ms RTP delta), resetting jitter measurement
2026-09-26 14:15:17.388 -07:00 [INF] [OpenFreqClient.Services.OpenFreqService] RX 280.500 MHz from gci-chaos (594701b2-6238-4ad8-992b-37a151773ed5), game time 05:33:49: -62.6 dBm, SNR 44.4 dB, FSPL 106.5 dB, terrain 0.0 dB, 18.0 km, tx 9147 m / rx 9289 m MSL
2026-09-26 14:15:17.587 -07:00 [INF] [OpenFreqClient.Services.OpenFreqService] PTT start: Polaris (4c187006-039a-4fcb-b6df-d456875763f7) on 280.500 MHz, 3D, game time 05:33:49
2026-09-26 14:15:17.599 -07:00 [INF] [OpenFreq.Common.RtpJitterBuffer] Transmission gap detected (253951ms RTP delta), resetting jitter measurement
2026-09-26 14:15:17.675 -07:00 [INF] [OpenFreqClient.Services.OpenFreqService] RX 280.500 MHz from Polaris (4c187006-039a-4fcb-b6df-d456875763f7), game time 05:33:49: -78.0 dBm, SNR 29.0 dB, FSPL 118.0 dB, terrain 0.0 dB, 67.6 km, tx 5643 m / rx 9291 m MSL
2026-09-26 14:15:18.480 -07:00 [INF] [OpenFreqClient.Services.OpenFreqService] PTT end: gci-chaos (594701b2-6238-4ad8-992b-37a151773ed5) on 280.500 MHz, released, game time 05:33:50
2026-09-26 14:15:19.305 -07:00 [WRN] [OpenFreqAudio.RadioPlayback] Stream 4c187006-039a-4fcb-b6df-d456875763f7:280500 on 280.500 MHz had no samples for 10.5 ms
2026-09-26 14:15:20.976 -07:00 [INF] [OpenFreqClient.Services.OpenFreqService] PTT end: Polaris (4c187006-039a-4fcb-b6df-d456875763f7) on 280.500 MHz, released, game time 05:33:53
2026-09-26 14:15:22.227 -07:00 [INF] [OpenFreqClient.Services.OpenFreqService] PTT start: own radio on 140.550 MHz, game time 05:33:54
2026-09-26 14:15:24.580 -07:00 [INF] [OpenFreqClient.Services.OpenFreqService] PTT end: own radio on 140.550 MHz, game time 05:33:56
2026-09-26 14:15:24.585 -07:00 [INF] [OpenFreqClient.Services.OpenFreqService] TX level over 2350ms: mic peak -0.1 dBFS rms -19.6 dBFS | sent peak 0.0 dBFS rms -18.9 dBFS | normalizer on, gain 1.189, gate -34.2 dBFS
2026-09-26 14:15:29.108 -07:00 [INF] [OpenFreqClient.Services.OpenFreqService] PTT start: own radio on 140.550 MHz, game time 05:34:01
2026-09-26 14:15:30.450 -07:00 [INF] [OpenFreqClient.Services.OpenFreqService] PTT start: Stevie (3f69df0a-0474-4403-96f9-9167afaa52d9) on 140.550 MHz, 3D, game time 05:34:02
2026-09-26 14:15:30.472 -07:00 [INF] [OpenFreq.Common.RtpJitterBuffer] Transmission gap detected (33156ms RTP delta), resetting jitter measurement
2026-09-26 14:15:30.740 -07:00 [INF] [OpenFreqClient.Services.OpenFreqService] PTT end: Stevie (3f69df0a-0474-4403-96f9-9167afaa52d9) on 140.550 MHz, released, game time 05:34:03
2026-09-26 14:15:30.915 -07:00 [INF] [OpenFreqClient.Services.OpenFreqService] PTT end: own radio on 140.550 MHz, game time 05:34:03
2026-09-26 14:15:30.924 -07:00 [INF] [OpenFreqClient.Services.OpenFreqService] TX level over 1810ms: mic peak -3.6 dBFS rms -27.1 dBFS | sent peak -3.5 dBFS rms -26.7 dBFS | normalizer on, gain 1.057, gate -29.0 dBFS
2026-09-26 14:15:31.730 -07:00 [INF] [OpenFreqClient.Services.OpenFreqService] PTT start: Alligator (2af88464-1ea8-4d04-80ba-d98d4f842617) on 280.500 MHz, 3D, game time 05:34:03
2026-09-26 14:15:31.753 -07:00 [INF] [OpenFreq.Common.RtpJitterBuffer] Transmission gap detected (16609ms RTP delta), resetting jitter measurement
2026-09-26 14:15:31.800 -07:00 [INF] [OpenFreqClient.Services.OpenFreqService] RX 280.500 MHz from Alligator (2af88464-1ea8-4d04-80ba-d98d4f842617), game time 05:34:04: -73.0 dBm, SNR 34.0 dB, FSPL 113.0 dB, terrain 0.0 dB, 38.2 km, tx 8216 m / rx 9340 m MSL
2026-09-26 14:15:33.507 -07:00 [INF] [OpenFreqClient.Services.OpenFreqService] PTT end: Alligator (2af88464-1ea8-4d04-80ba-d98d4f842617) on 280.500 MHz, released, game time 05:34:05
2026-09-26 14:16:47.387 -07:00 [INF] [OpenFreqClient.Services.OpenFreqService] PTT start: Stevie (3f69df0a-0474-4403-96f9-9167afaa52d9) on 140.550 MHz, 3D, game time 05:35:19
2026-09-26 14:16:47.403 -07:00 [INF] [OpenFreq.Common.RtpJitterBuffer] Transmission gap detected (76673ms RTP delta), resetting jitter measurement
2026-09-26 14:16:47.403 -07:00 [INF] [OpenFreq.Common.RtpJitterBufferPool] Pruned stale source SSRC=342907E0
2026-09-26 14:16:47.403 -07:00 [INF] [OpenFreq.Common.RtpAudioReceiver] Source expired: SSRC=342907E0
2026-09-26 14:16:47.448 -07:00 [INF] [OpenFreqClient.Services.OpenFreqService] RX 140.550 MHz from Stevie (3f69df0a-0474-4403-96f9-9167afaa52d9), game time 05:35:19: -37.6 dBm, SNR 72.4 dB, FSPL 77.6 dB, terrain 0.0 dB, 1.3 km, tx 9392 m / rx 9356 m MSL
2026-09-26 14:16:50.218 -07:00 [INF] [OpenFreqClient.Services.OpenFreqService] PTT end: Stevie (3f69df0a-0474-4403-96f9-9167afaa52d9) on 140.550 MHz, released, game time 05:35:22
2026-09-26 14:16:50.867 -07:00 [INF] [OpenFreqClient.Services.OpenFreqService] PTT start: own radio on 140.550 MHz, game time 05:35:23
2026-09-26 14:16:51.556 -07:00 [INF] [OpenFreqClient.Services.OpenFreqService] PTT end: own radio on 140.550 MHz, game time 05:35:23
2026-09-26 14:16:51.566 -07:00 [INF] [OpenFreqClient.Services.OpenFreqService] TX level over 690ms: mic peak -10.1 dBFS rms -27.0 dBFS | sent peak 0.0 dBFS rms -16.8 dBFS | normalizer on, gain 9.159, gate -62.3 dBFS
2026-09-26 14:16:52.150 -07:00 [INF] [OpenFreqClient.Services.OpenFreqService] PTT start: Stevie (3f69df0a-0474-4403-96f9-9167afaa52d9) on 140.550 MHz, 3D, game time 05:35:24
2026-09-26 14:16:52.163 -07:00 [INF] [OpenFreq.Common.RtpJitterBuffer] Transmission gap detected (1951ms RTP delta), resetting jitter measurement
2026-09-26 14:16:52.199 -07:00 [INF] [OpenFreqClient.Services.OpenFreqService] RX 140.550 MHz from Stevie (3f69df0a-0474-4403-96f9-9167afaa52d9), game time 05:35:24: -37.5 dBm, SNR 72.5 dB, FSPL 77.5 dB, terrain 0.0 dB, 1.3 km, tx 9392 m / rx 9356 m MSL
2026-09-26 14:16:55.242 -07:00 [INF] [OpenFreqClient.Services.OpenFreqService] PTT end: Stevie (3f69df0a-0474-4403-96f9-9167afaa52d9) on 140.550 MHz, released, game time 05:35:27
2026-09-26 14:16:55.844 -07:00 [INF] [OpenFreqClient.Services.OpenFreqService] PTT start: own radio on 140.550 MHz, game time 05:35:28
2026-09-26 14:16:55.961 -07:00 [INF] [OpenFreqClient.Services.OpenFreqService] PTT start: Stevie (3f69df0a-0474-4403-96f9-9167afaa52d9) on 140.550 MHz, 3D, game time 05:35:28
2026-09-26 14:16:55.975 -07:00 [INF] [OpenFreq.Common.RtpJitterBuffer] Transmission gap detected (744ms RTP delta), resetting jitter measurement
2026-09-26 14:16:56.547 -07:00 [INF] [OpenFreqClient.Services.OpenFreqService] PTT end: own radio on 140.550 MHz, game time 05:35:28
2026-09-26 14:16:56.557 -07:00 [INF] [OpenFreqClient.Services.OpenFreqService] TX level over 710ms: mic peak -5.2 dBFS rms -21.3 dBFS | sent peak 0.0 dBFS rms -8.9 dBFS | normalizer on, gain 3.472, gate -95.1 dBFS
2026-09-26 14:16:56.566 -07:00 [INF] [OpenFreqClient.Services.OpenFreqService] RX 140.550 MHz from Stevie (3f69df0a-0474-4403-96f9-9167afaa52d9), game time 05:35:28: -37.4 dBm, SNR 72.6 dB, FSPL 77.4 dB, terrain 0.0 dB, 1.3 km, tx 9392 m / rx 9356 m MSL
2026-09-26 14:16:56.942 -07:00 [INF] [OpenFreqClient.Services.OpenFreqService] PTT end: Stevie (3f69df0a-0474-4403-96f9-9167afaa52d9) on 140.550 MHz, released, game time 05:35:29
2026-09-26 14:16:57.608 -07:00 [INF] [OpenFreqClient.Services.OpenFreqService] PTT start: Stevie (3f69df0a-0474-4403-96f9-9167afaa52d9) on 140.550 MHz, 3D, game time 05:35:29
2026-09-26 14:16:57.629 -07:00 [INF] [OpenFreq.Common.RtpJitterBuffer] Transmission gap detected (688ms RTP delta), resetting jitter measurement
2026-09-26 14:16:57.667 -07:00 [INF] [OpenFreqClient.Services.OpenFreqService] RX 140.550 MHz from Stevie (3f69df0a-0474-4403-96f9-9167afaa52d9), game time 05:35:29: -37.4 dBm, SNR 72.6 dB, FSPL 77.4 dB, terrain 0.0 dB, 1.3 km, tx 9392 m / rx 9356 m MSL
2026-09-26 14:16:59.229 -07:00 [INF] [OpenFreqClient.Services.OpenFreqService] PTT end: Stevie (3f69df0a-0474-4403-96f9-9167afaa52d9) on 140.550 MHz, released, game time 05:35:31
2026-09-26 14:16:59.625 -07:00 [INF] [OpenFreqClient.Services.OpenFreqService] PTT start: Stevie (3f69df0a-0474-4403-96f9-9167afaa52d9) on 140.550 MHz, 3D, game time 05:35:31
2026-09-26 14:17:00.332 -07:00 [INF] [OpenFreqClient.Services.OpenFreqService] PTT end: Stevie (3f69df0a-0474-4403-96f9-9167afaa52d9) on 140.550 MHz, released, game time 05:35:32
2026-09-26 14:17:01.011 -07:00 [INF] [OpenFreqClient.Services.OpenFreqService] PTT start: Stevie (3f69df0a-0474-4403-96f9-9167afaa52d9) on 140.550 MHz, 3D, game time 05:35:33
2026-09-26 14:17:01.024 -07:00 [INF] [OpenFreq.Common.RtpJitterBuffer] Transmission gap detected (696ms RTP delta), resetting jitter measurement
2026-09-26 14:17:01.074 -07:00 [INF] [OpenFreqClient.Services.OpenFreqService] RX 140.550 MHz from Stevie (3f69df0a-0474-4403-96f9-9167afaa52d9), game time 05:35:33: -37.4 dBm, SNR 72.6 dB, FSPL 77.4 dB, terrain 0.0 dB, 1.3 km, tx 9392 m / rx 9356 m MSL
2026-09-26 14:17:01.833 -07:00 [INF] [OpenFreqClient.Services.OpenFreqService] PTT end: Stevie (3f69df0a-0474-4403-96f9-9167afaa52d9) on 140.550 MHz, released, game time 05:35:34
2026-09-26 14:17:03.532 -07:00 [INF] [OpenFreqClient.Services.OpenFreqService] PTT start: Stevie (3f69df0a-0474-4403-96f9-9167afaa52d9) on 140.550 MHz, 3D, game time 05:35:35
2026-09-26 14:17:03.547 -07:00 [INF] [OpenFreq.Common.RtpJitterBuffer] Transmission gap detected (1728ms RTP delta), resetting jitter measurement
2026-09-26 14:17:03.596 -07:00 [INF] [OpenFreqClient.Services.OpenFreqService] RX 140.550 MHz from Stevie (3f69df0a-0474-4403-96f9-9167afaa52d9), game time 05:35:35: -37.3 dBm, SNR 72.7 dB, FSPL 77.3 dB, terrain 0.0 dB, 1.3 km, tx 9392 m / rx 9356 m MSL
2026-09-26 14:17:07.432 -07:00 [INF] [OpenFreqClient.Services.OpenFreqService] PTT end: Stevie (3f69df0a-0474-4403-96f9-9167afaa52d9) on 140.550 MHz, released, game time 05:35:39
2026-09-26 14:17:07.962 -07:00 [INF] [OpenFreqClient.Services.OpenFreqService] PTT start: Stevie (3f69df0a-0474-4403-96f9-9167afaa52d9) on 140.550 MHz, 3D, game time 05:35:40
2026-09-26 14:17:07.984 -07:00 [INF] [OpenFreq.Common.RtpJitterBuffer] Transmission gap detected (552ms RTP delta), resetting jitter measurement
2026-09-26 14:17:08.020 -07:00 [INF] [OpenFreqClient.Services.OpenFreqService] RX 140.550 MHz from Stevie (3f69df0a-0474-4403-96f9-9167afaa52d9), game time 05:35:40: -37.3 dBm, SNR 72.7 dB, FSPL 77.3 dB, terrain 0.0 dB, 1.2 km, tx 9392 m / rx 9356 m MSL
2026-09-26 14:17:08.050 -07:00 [WRN] [OpenFreqAudio.RadioPlayback] Stream 3f69df0a-0474-4403-96f9-9167afaa52d9:140550 on 140.550 MHz had no samples for 10.0 ms
2026-09-26 14:17:10.927 -07:00 [INF] [OpenFreqClient.Services.OpenFreqService] PTT end: Stevie (3f69df0a-0474-4403-96f9-9167afaa52d9) on 140.550 MHz, released, game time 05:35:43
2026-09-26 14:17:11.367 -07:00 [INF] [OpenFreqClient.Services.OpenFreqService] PTT start: Stevie (3f69df0a-0474-4403-96f9-9167afaa52d9) on 140.550 MHz, 3D, game time 05:35:43
2026-09-26 14:17:12.988 -07:00 [INF] [OpenFreqClient.Services.OpenFreqService] PTT end: Stevie (3f69df0a-0474-4403-96f9-9167afaa52d9) on 140.550 MHz, released, game time 05:35:45
2026-09-26 14:17:13.614 -07:00 [INF] [OpenFreqClient.Services.OpenFreqService] PTT start: Stevie (3f69df0a-0474-4403-96f9-9167afaa52d9) on 140.550 MHz, 3D, game time 05:35:45
2026-09-26 14:17:13.628 -07:00 [INF] [OpenFreq.Common.RtpJitterBuffer] Transmission gap detected (655ms RTP delta), resetting jitter measurement
2026-09-26 14:17:13.670 -07:00 [INF] [OpenFreqClient.Services.OpenFreqService] RX 140.550 MHz from Stevie (3f69df0a-0474-4403-96f9-9167afaa52d9), game time 05:35:45: -37.3 dBm, SNR 72.7 dB, FSPL 77.3 dB, terrain 0.0 dB, 1.2 km, tx 9391 m / rx 9356 m MSL
2026-09-26 14:17:13.740 -07:00 [WRN] [OpenFreqAudio.RadioPlayback] Stream 3f69df0a-0474-4403-96f9-9167afaa52d9:140550 on 140.550 MHz had no samples for 10.5 ms
2026-09-26 14:17:15.292 -07:00 [INF] [OpenFreqClient.Services.OpenFreqService] PTT end: Stevie (3f69df0a-0474-4403-96f9-9167afaa52d9) on 140.550 MHz, released, game time 05:35:47
2026-09-26 14:17:16.804 -07:00 [INF] [OpenFreqClient.Services.OpenFreqService] PTT start: own radio on 140.550 MHz, game time 05:35:49
2026-09-26 14:17:18.307 -07:00 [INF] [OpenFreqClient.Services.OpenFreqService] PTT end: own radio on 140.550 MHz, game time 05:35:50
2026-09-26 14:17:18.316 -07:00 [INF] [OpenFreqClient.Services.OpenFreqService] TX level over 1510ms: mic peak -8.5 dBFS rms -24.6 dBFS | sent peak 0.0 dBFS rms -19.6 dBFS | normalizer on, gain 9.754, gate -60.8 dBFS
2026-09-26 14:17:19.493 -07:00 [INF] [OpenFreqClient.Services.OpenFreqService] PTT start: Stevie (3f69df0a-0474-4403-96f9-9167afaa52d9) on 140.550 MHz, 3D, game time 05:35:51
2026-09-26 14:17:19.504 -07:00 [INF] [OpenFreq.Common.RtpJitterBuffer] Transmission gap detected (4216ms RTP delta), resetting jitter measurement
2026-09-26 14:17:19.550 -07:00 [INF] [OpenFreqClient.Services.OpenFreqService] RX 140.550 MHz from Stevie (3f69df0a-0474-4403-96f9-9167afaa52d9), game time 05:35:51: -37.3 dBm, SNR 72.7 dB, FSPL 77.3 dB, terrain 0.0 dB, 1.2 km, tx 9391 m / rx 9356 m MSL
2026-09-26 14:17:20.099 -07:00 [INF] [OpenFreqClient.Services.OpenFreqService] PTT end: Stevie (3f69df0a-0474-4403-96f9-9167afaa52d9) on 140.550 MHz, released, game time 05:35:52
2026-09-26 14:17:21.218 -07:00 [INF] [OpenFreqClient.Services.OpenFreqService] PTT start: gci-chaos (594701b2-6238-4ad8-992b-37a151773ed5) on 280.500 MHz, 3D, game time 05:35:53
2026-09-26 14:17:21.230 -07:00 [INF] [OpenFreq.Common.RtpJitterBuffer] Transmission gap detected (122757ms RTP delta), resetting jitter measurement
2026-09-26 14:17:21.265 -07:00 [INF] [OpenFreqClient.Services.OpenFreqService] RX 280.500 MHz from gci-chaos (594701b2-6238-4ad8-992b-37a151773ed5), game time 05:35:53: -69.9 dBm, SNR 37.1 dB, FSPL 113.9 dB, terrain 0.0 dB, 42.0 km, tx 9147 m / rx 9356 m MSL
2026-09-26 14:17:21.385 -07:00 [INF] [OpenFreqClient.Services.OpenFreqService] PTT end: gci-chaos (594701b2-6238-4ad8-992b-37a151773ed5) on 280.500 MHz, released, game time 05:35:53
2026-09-26 14:17:26.639 -07:00 [INF] [OpenFreqClient.Services.OpenFreqService] PTT start: Stevie (3f69df0a-0474-4403-96f9-9167afaa52d9) on 140.550 MHz, 3D, game time 05:35:58
2026-09-26 14:17:26.658 -07:00 [INF] [OpenFreq.Common.RtpJitterBuffer] Transmission gap detected (6572ms RTP delta), resetting jitter measurement
2026-09-26 14:17:26.701 -07:00 [INF] [OpenFreqClient.Services.OpenFreqService] RX 140.550 MHz from Stevie (3f69df0a-0474-4403-96f9-9167afaa52d9), game time 05:35:58: -37.4 dBm, SNR 72.6 dB, FSPL 77.4 dB, terrain 0.0 dB, 1.3 km, tx 9391 m / rx 9356 m MSL
2026-09-26 14:17:28.397 -07:00 [INF] [OpenFreqClient.Services.OpenFreqService] PTT end: Stevie (3f69df0a-0474-4403-96f9-9167afaa52d9) on 140.550 MHz, released, game time 05:36:00
2026-09-26 14:17:29.177 -07:00 [INF] [OpenFreqClient.Services.OpenFreqService] PTT start: Stevie (3f69df0a-0474-4403-96f9-9167afaa52d9) on 140.550 MHz, 3D, game time 05:36:01
2026-09-26 14:17:29.193 -07:00 [INF] [OpenFreq.Common.RtpJitterBuffer] Transmission gap detected (800ms RTP delta), resetting jitter measurement
2026-09-26 14:17:29.248 -07:00 [INF] [OpenFreqClient.Services.OpenFreqService] RX 140.550 MHz from Stevie (3f69df0a-0474-4403-96f9-9167afaa52d9), game time 05:36:01: -37.4 dBm, SNR 72.6 dB, FSPL 77.4 dB, terrain 0.0 dB, 1.3 km, tx 9390 m / rx 9356 m MSL
2026-09-26 14:17:29.279 -07:00 [WRN] [OpenFreqAudio.RadioPlayback] Stream 3f69df0a-0474-4403-96f9-9167afaa52d9:140550 on 140.550 MHz had no samples for 10.5 ms
2026-09-26 14:17:30.123 -07:00 [INF] [OpenFreqClient.Services.OpenFreqService] PTT end: Stevie (3f69df0a-0474-4403-96f9-9167afaa52d9) on 140.550 MHz, released, game time 05:36:02
2026-09-26 14:17:30.829 -07:00 [INF] [OpenFreqClient.Services.OpenFreqService] PTT start: Stevie (3f69df0a-0474-4403-96f9-9167afaa52d9) on 140.550 MHz, 3D, game time 05:36:03
2026-09-26 14:17:30.849 -07:00 [INF] [OpenFreq.Common.RtpJitterBuffer] Transmission gap detected (728ms RTP delta), resetting jitter measurement
2026-09-26 14:17:30.885 -07:00 [INF] [OpenFreqClient.Services.OpenFreqService] RX 140.550 MHz from Stevie (3f69df0a-0474-4403-96f9-9167afaa52d9), game time 05:36:03: -37.4 dBm, SNR 72.6 dB, FSPL 77.4 dB, terrain 0.0 dB, 1.3 km, tx 9390 m / rx 9356 m MSL
2026-09-26 14:17:34.827 -07:00 [INF] [OpenFreqClient.Services.OpenFreqService] PTT end: Stevie (3f69df0a-0474-4403-96f9-9167afaa52d9) on 140.550 MHz, released, game time 05:36:07
2026-09-26 14:17:35.943 -07:00 [INF] [OpenFreqClient.Services.OpenFreqService] PTT start: Stevie (3f69df0a-0474-4403-96f9-9167afaa52d9) on 140.550 MHz, 3D, game time 05:36:08
2026-09-26 14:17:35.965 -07:00 [INF] [OpenFreq.Common.RtpJitterBuffer] Transmission gap detected (1140ms RTP delta), resetting jitter measurement
2026-09-26 14:17:36.006 -07:00 [INF] [OpenFreqClient.Services.OpenFreqService] RX 140.550 MHz from Stevie (3f69df0a-0474-4403-96f9-9167afaa52d9), game time 05:36:08: -37.3 dBm, SNR 72.7 dB, FSPL 77.3 dB, terrain 0.0 dB, 1.2 km, tx 9387 m / rx 9356 m MSL
2026-09-26 14:17:36.079 -07:00 [INF] [OpenFreqClient.Services.OpenFreqService] PTT start: Krieger (0b5a8147-b1fa-4307-a8c3-d1087389de25) on 280.500 MHz, 3D, game time 05:36:08
2026-09-26 14:17:36.096 -07:00 [INF] [OpenFreq.Common.RtpJitterBufferPool] New RTP source: SSRC=117123B1
2026-09-26 14:17:36.096 -07:00 [INF] [OpenFreq.Common.RtpJitterBuffer] Manual buffer size: 150ms
2026-09-26 14:17:36.096 -07:00 [INF] [OpenFreq.Common.RtpAudioReceiver] Source joined:  SSRC=117123B1
2026-09-26 14:17:36.096 -07:00 [INF] [OpenFreq.Common.RtpJitterBuffer] Initialized: buffer=150ms
2026-09-26 14:17:36.246 -07:00 [INF] [OpenFreqClient.Services.OpenFreqService] RX 280.500 MHz from Krieger (0b5a8147-b1fa-4307-a8c3-d1087389de25), game time 05:36:08: -80.7 dBm, SNR 26.3 dB, FSPL 120.7 dB, terrain 0.0 dB, 91.7 km, tx 5156 m / rx 9356 m MSL
2026-09-26 14:17:37.438 -07:00 [INF] [OpenFreqClient.Services.OpenFreqService] PTT end: Stevie (3f69df0a-0474-4403-96f9-9167afaa52d9) on 140.550 MHz, released, game time 05:36:09
2026-09-26 14:17:37.661 -07:00 [INF] [OpenFreqClient.Services.OpenFreqService] PTT end: Krieger (0b5a8147-b1fa-4307-a8c3-d1087389de25) on 280.500 MHz, released, game time 05:36:09
2026-09-26 14:17:38.010 -07:00 [INF] [OpenFreqClient.Services.OpenFreqService] PTT start: Stevie (3f69df0a-0474-4403-96f9-9167afaa52d9) on 140.550 MHz, 3D, game time 05:36:10
2026-09-26 14:17:38.025 -07:00 [INF] [OpenFreq.Common.RtpJitterBuffer] Transmission gap detected (605ms RTP delta), resetting jitter measurement
2026-09-26 14:17:38.065 -07:00 [INF] [OpenFreqClient.Services.OpenFreqService] RX 140.550 MHz from Stevie (3f69df0a-0474-4403-96f9-9167afaa52d9), game time 05:36:10: -37.1 dBm, SNR 72.9 dB, FSPL 77.1 dB, terrain 0.0 dB, 1.2 km, tx 9386 m / rx 9357 m MSL
2026-09-26 14:17:38.701 -07:00 [INF] [OpenFreqClient.Services.OpenFreqService] PTT start: gci-chaos (594701b2-6238-4ad8-992b-37a151773ed5) on 280.500 MHz, 3D, game time 05:36:10
2026-09-26 14:17:38.710 -07:00 [INF] [OpenFreq.Common.RtpJitterBuffer] Transmission gap detected (17343ms RTP delta), resetting jitter measurement
2026-09-26 14:17:38.747 -07:00 [INF] [OpenFreqClient.Services.OpenFreqService] RX 280.500 MHz from gci-chaos (594701b2-6238-4ad8-992b-37a151773ed5), game time 05:36:11: -70.6 dBm, SNR 36.4 dB, FSPL 114.6 dB, terrain 0.0 dB, 45.5 km, tx 9147 m / rx 9357 m MSL
2026-09-26 14:17:38.878 -07:00 [WRN] [OpenFreqAudio.RadioPlayback] Stream 594701b2-6238-4ad8-992b-37a151773ed5:280500 on 280.500 MHz had no samples for 10.0 ms
2026-09-26 14:17:39.088 -07:00 [INF] [OpenFreqClient.Services.OpenFreqService] PTT end: gci-chaos (594701b2-6238-4ad8-992b-37a151773ed5) on 280.500 MHz, released, game time 05:36:11
2026-09-26 14:17:40.265 -07:00 [INF] [OpenFreqClient.Services.OpenFreqService] PTT end: Stevie (3f69df0a-0474-4403-96f9-9167afaa52d9) on 140.550 MHz, released, game time 05:36:12
2026-09-26 14:17:40.692 -07:00 [INF] [OpenFreqClient.Services.OpenFreqService] PTT start: own radio on 140.550 MHz, game time 05:36:12
2026-09-26 14:17:41.508 -07:00 [INF] [OpenFreqClient.Services.OpenFreqService] PTT end: own radio on 140.550 MHz, game time 05:36:13
2026-09-26 14:17:41.515 -07:00 [INF] [OpenFreqClient.Services.OpenFreqService] TX level over 820ms: mic peak -15.1 dBFS rms -34.7 dBFS | sent peak 0.0 dBFS rms -16.1 dBFS | normalizer on, gain 7.527, gate -62.3 dBFS
2026-09-26 14:17:47.044 -07:00 [INF] [OpenFreqClient.Services.OpenFreqService] PTT start: own radio on 140.550 MHz, game time 05:36:19
2026-09-26 14:17:49.557 -07:00 [INF] [OpenFreqClient.Services.OpenFreqService] PTT start: gci-chaos (594701b2-6238-4ad8-992b-37a151773ed5) on 280.500 MHz, 3D, game time 05:36:21
2026-09-26 14:17:49.569 -07:00 [INF] [OpenFreq.Common.RtpJitterBuffer] Transmission gap detected (10484ms RTP delta), resetting jitter measurement
2026-09-26 14:17:49.611 -07:00 [INF] [OpenFreqClient.Services.OpenFreqService] RX 280.500 MHz from gci-chaos (594701b2-6238-4ad8-992b-37a151773ed5), game time 05:36:21: -71.0 dBm, SNR 36.0 dB, FSPL 115.0 dB, terrain 0.0 dB, 47.8 km, tx 9147 m / rx 9357 m MSL
2026-09-26 14:17:49.950 -07:00 [WRN] [OpenFreqAudio.RadioPlayback] Stream 594701b2-6238-4ad8-992b-37a151773ed5:280500 on 280.500 MHz had no samples for 4.2 ms
2026-09-26 14:17:50.229 -07:00 [INF] [OpenFreqClient.Services.OpenFreqService] PTT end: own radio on 140.550 MHz, game time 05:36:22
2026-09-26 14:17:50.235 -07:00 [INF] [OpenFreqClient.Services.OpenFreqService] TX level over 3190ms: mic peak -4.3 dBFS rms -22.7 dBFS | sent peak 0.0 dBFS rms -19.5 dBFS | normalizer on, gain 5.392, gate -57.0 dBFS
2026-09-26 14:17:50.761 -07:00 [INF] [OpenFreqClient.Services.OpenFreqService] PTT end: gci-chaos (594701b2-6238-4ad8-992b-37a151773ed5) on 280.500 MHz, released, game time 05:36:23
2026-09-26 14:17:50.923 -07:00 [INF] [OpenFreqClient.Services.OpenFreqService] PTT start: Stevie (3f69df0a-0474-4403-96f9-9167afaa52d9) on 140.550 MHz, 3D, game time 05:36:23
2026-09-26 14:17:50.948 -07:00 [INF] [OpenFreq.Common.RtpJitterBuffer] Transmission gap detected (10713ms RTP delta), resetting jitter measurement
2026-09-26 14:17:50.981 -07:00 [INF] [OpenFreqClient.Services.OpenFreqService] RX 140.550 MHz from Stevie (3f69df0a-0474-4403-96f9-9167afaa52d9), game time 05:36:23: -36.4 dBm, SNR 73.6 dB, FSPL 76.4 dB, terrain 0.0 dB, 1.1 km, tx 9375 m / rx 9357 m MSL
2026-09-26 14:17:51.141 -07:00 [WRN] [OpenFreqAudio.RadioPlayback] Stream 3f69df0a-0474-4403-96f9-9167afaa52d9:140550 on 140.550 MHz had no samples for 9.1 ms
2026-09-26 14:17:51.183 -07:00 [INF] [OpenFreqClient.Services.OpenFreqService] PTT end: Stevie (3f69df0a-0474-4403-96f9-9167afaa52d9) on 140.550 MHz, released, game time 05:36:23
2026-09-26 14:17:51.612 -07:00 [INF] [OpenFreqClient.Services.OpenFreqService] PTT start: Stevie (3f69df0a-0474-4403-96f9-9167afaa52d9) on 140.550 MHz, 3D, game time 05:36:23
2026-09-26 14:17:51.793 -07:00 [INF] [OpenFreqClient.Services.OpenFreqService] PTT start: Alligator (2af88464-1ea8-4d04-80ba-d98d4f842617) on 280.500 MHz, 3D, game time 05:36:24
2026-09-26 14:17:51.803 -07:00 [INF] [OpenFreq.Common.RtpJitterBuffer] Transmission gap detected (138308ms RTP delta), resetting jitter measurement
2026-09-26 14:17:51.850 -07:00 [INF] [OpenFreqClient.Services.OpenFreqService] RX 280.500 MHz from Alligator (2af88464-1ea8-4d04-80ba-d98d4f842617), game time 05:36:24: -72.7 dBm, SNR 34.3 dB, FSPL 112.7 dB, terrain 0.0 dB, 36.8 km, tx 7860 m / rx 9357 m MSL
2026-09-26 14:17:52.141 -07:00 [WRN] [OpenFreqAudio.RadioPlayback] Stream 2af88464-1ea8-4d04-80ba-d98d4f842617:280500 on 280.500 MHz had no samples for 11.0 ms
2026-09-26 14:17:52.874 -07:00 [INF] [OpenFreqClient.Services.OpenFreqService] PTT end: Alligator (2af88464-1ea8-4d04-80ba-d98d4f842617) on 280.500 MHz, released, game time 05:36:25
2026-09-26 14:17:53.104 -07:00 [INF] [OpenFreqClient.Services.OpenFreqService] PTT end: Stevie (3f69df0a-0474-4403-96f9-9167afaa52d9) on 140.550 MHz, released, game time 05:36:25
2026-09-26 14:17:53.533 -07:00 [INF] [OpenFreqClient.Services.OpenFreqService] PTT start: Stevie (3f69df0a-0474-4403-96f9-9167afaa52d9) on 140.550 MHz, 3D, game time 05:36:25
2026-09-26 14:17:54.654 -07:00 [INF] [OpenFreqClient.Services.OpenFreqService] PTT end: Stevie (3f69df0a-0474-4403-96f9-9167afaa52d9) on 140.550 MHz, released, game time 05:36:26
2026-09-26 14:17:55.918 -07:00 [INF] [OpenFreq.Common.RtpJitterBuffer] Transmission gap detected (3059ms RTP delta), resetting jitter measurement
2026-09-26 14:17:55.918 -07:00 [INF] [OpenFreqClient.Services.OpenFreqService] PTT start: Alligator (2af88464-1ea8-4d04-80ba-d98d4f842617) on 280.500 MHz, 3D, game time 05:36:28
2026-09-26 14:17:55.969 -07:00 [INF] [OpenFreqClient.Services.OpenFreqService] RX 280.500 MHz from Alligator (2af88464-1ea8-4d04-80ba-d98d4f842617), game time 05:36:28: -72.7 dBm, SNR 34.3 dB, FSPL 112.7 dB, terrain 0.0 dB, 36.6 km, tx 7856 m / rx 9357 m MSL
2026-09-26 14:17:56.668 -07:00 [INF] [OpenFreqClient.Services.OpenFreqService] PTT start: Stevie (3f69df0a-0474-4403-96f9-9167afaa52d9) on 140.550 MHz, 3D, game time 05:36:28
2026-09-26 14:17:56.684 -07:00 [INF] [OpenFreq.Common.RtpJitterBuffer] Transmission gap detected (2055ms RTP delta), resetting jitter measurement
2026-09-26 14:17:56.737 -07:00 [INF] [OpenFreqClient.Services.OpenFreqService] RX 140.550 MHz from Stevie (3f69df0a-0474-4403-96f9-9167afaa52d9), game time 05:36:29: -35.7 dBm, SNR 74.3 dB, FSPL 75.7 dB, terrain 0.0 dB, 1.0 km, tx 9367 m / rx 9357 m MSL
2026-09-26 14:17:58.338 -07:00 [INF] [OpenFreqClient.Services.OpenFreqService] PTT end: Alligator (2af88464-1ea8-4d04-80ba-d98d4f842617) on 280.500 MHz, released, game time 05:36:30
2026-09-26 14:17:58.378 -07:00 [INF] [OpenFreqClient.Services.OpenFreqService] PTT end: Stevie (3f69df0a-0474-4403-96f9-9167afaa52d9) on 140.550 MHz, released, game time 05:36:30
2026-09-26 14:17:59.663 -07:00 [INF] [OpenFreqClient.Services.OpenFreqService] PTT start: gci-chaos (594701b2-6238-4ad8-992b-37a151773ed5) on 280.500 MHz, 3D, game time 05:36:31
2026-09-26 14:17:59.690 -07:00 [INF] [OpenFreq.Common.RtpJitterBuffer] Transmission gap detected (8925ms RTP delta), resetting jitter measurement
2026-09-26 14:17:59.724 -07:00 [INF] [OpenFreqClient.Services.OpenFreqService] RX 280.500 MHz from gci-chaos (594701b2-6238-4ad8-992b-37a151773ed5), game time 05:36:31: -71.4 dBm, SNR 35.6 dB, FSPL 115.4 dB, terrain 0.0 dB, 49.9 km, tx 9147 m / rx 9357 m MSL
2026-09-26 14:17:59.788 -07:00 [INF] [OpenFreqClient.Services.OpenFreqService] PTT start: Stevie (3f69df0a-0474-4403-96f9-9167afaa52d9) on 140.550 MHz, 3D, game time 05:36:32
2026-09-26 14:17:59.809 -07:00 [INF] [OpenFreq.Common.RtpJitterBuffer] Transmission gap detected (1440ms RTP delta), resetting jitter measurement
2026-09-26 14:17:59.848 -07:00 [INF] [OpenFreqClient.Services.OpenFreqService] RX 140.550 MHz from Stevie (3f69df0a-0474-4403-96f9-9167afaa52d9), game time 05:36:32: -35.3 dBm, SNR 74.7 dB, FSPL 75.3 dB, terrain 0.0 dB, 1.0 km, tx 9363 m / rx 9357 m MSL
2026-09-26 14:18:00.889 -07:00 [INF] [OpenFreqClient.Services.OpenFreqService] PTT end: Stevie (3f69df0a-0474-4403-96f9-9167afaa52d9) on 140.550 MHz, released, game time 05:36:33
2026-09-26 14:18:01.154 -07:00 [INF] [OpenFreqClient.Services.OpenFreqService] PTT end: gci-chaos (594701b2-6238-4ad8-992b-37a151773ed5) on 280.500 MHz, released, game time 05:36:33
2026-09-26 14:18:01.578 -07:00 [INF] [OpenFreqClient.Services.OpenFreqService] PTT start: Stevie (3f69df0a-0474-4403-96f9-9167afaa52d9) on 140.550 MHz, 3D, game time 05:36:33
2026-09-26 14:18:01.594 -07:00 [INF] [OpenFreq.Common.RtpJitterBuffer] Transmission gap detected (713ms RTP delta), resetting jitter measurement
2026-09-26 14:18:01.637 -07:00 [INF] [OpenFreqClient.Services.OpenFreqService] RX 140.550 MHz from Stevie (3f69df0a-0474-4403-96f9-9167afaa52d9), game time 05:36:33: -35.1 dBm, SNR 74.9 dB, FSPL 75.1 dB, terrain 0.0 dB, 1.0 km, tx 9360 m / rx 9357 m MSL
2026-09-26 14:18:02.193 -07:00 [INF] [OpenFreqClient.Services.OpenFreqService] PTT end: Stevie (3f69df0a-0474-4403-96f9-9167afaa52d9) on 140.550 MHz, released, game time 05:36:34
2026-09-26 14:18:02.425 -07:00 [INF] [OpenFreqClient.Services.OpenFreqService] PTT start: Alligator (2af88464-1ea8-4d04-80ba-d98d4f842617) on 280.500 MHz, 3D, game time 05:36:34
2026-09-26 14:18:02.434 -07:00 [INF] [OpenFreq.Common.RtpJitterBuffer] Transmission gap detected (4092ms RTP delta), resetting jitter measurement
2026-09-26 14:18:02.472 -07:00 [INF] [OpenFreqClient.Services.OpenFreqService] RX 280.500 MHz from Alligator (2af88464-1ea8-4d04-80ba-d98d4f842617), game time 05:36:34: -72.7 dBm, SNR 34.3 dB, FSPL 112.7 dB, terrain 0.0 dB, 36.5 km, tx 7846 m / rx 9357 m MSL
2026-09-26 14:18:02.635 -07:00 [INF] [OpenFreqClient.Services.OpenFreqService] PTT start: Stevie (3f69df0a-0474-4403-96f9-9167afaa52d9) on 140.550 MHz, 3D, game time 05:36:34
2026-09-26 14:18:02.783 -07:00 [INF] [OpenFreqClient.Services.OpenFreqService] PTT end: Alligator (2af88464-1ea8-4d04-80ba-d98d4f842617) on 280.500 MHz, released, game time 05:36:35
2026-09-26 14:18:03.708 -07:00 [INF] [OpenFreqClient.Services.OpenFreqService] PTT end: Stevie (3f69df0a-0474-4403-96f9-9167afaa52d9) on 140.550 MHz, released, game time 05:36:35
2026-09-26 14:18:04.294 -07:00 [INF] [OpenFreqClient.Services.OpenFreqService] PTT start: own radio on 140.550 MHz, game time 05:36:36
2026-09-26 14:18:04.742 -07:00 [INF] [OpenFreqClient.Services.OpenFreqService] PTT end: own radio on 140.550 MHz, game time 05:36:37
2026-09-26 14:18:04.747 -07:00 [INF] [OpenFreqClient.Services.OpenFreqService] TX level over 450ms: mic peak -18.5 dBFS rms -35.3 dBFS | sent peak 0.0 dBFS rms -18.7 dBFS | normalizer on, gain 4.879, gate -75.6 dBFS
2026-09-26 14:18:06.188 -07:00 [INF] [OpenFreqClient.Services.OpenFreqService] PTT start: Stevie (3f69df0a-0474-4403-96f9-9167afaa52d9) on 140.550 MHz, 3D, game time 05:36:38
2026-09-26 14:18:06.205 -07:00 [INF] [OpenFreq.Common.RtpJitterBuffer] Transmission gap detected (2513ms RTP delta), resetting jitter measurement
2026-09-26 14:18:06.248 -07:00 [INF] [OpenFreqClient.Services.OpenFreqService] RX 140.550 MHz from Stevie (3f69df0a-0474-4403-96f9-9167afaa52d9), game time 05:36:38: -34.6 dBm, SNR 75.4 dB, FSPL 74.6 dB, terrain 0.0 dB, 0.9 km, tx 9353 m / rx 9357 m MSL
2026-09-26 14:18:07.598 -07:00 [INF] [OpenFreqClient.Services.OpenFreqService] PTT end: Stevie (3f69df0a-0474-4403-96f9-9167afaa52d9) on 140.550 MHz, released, game time 05:36:39
2026-09-26 14:18:08.173 -07:00 [INF] [OpenFreqClient.Services.OpenFreqService] PTT start: Stevie (3f69df0a-0474-4403-96f9-9167afaa52d9) on 140.550 MHz, 3D, game time 05:36:40
2026-09-26 14:18:08.189 -07:00 [INF] [OpenFreq.Common.RtpJitterBuffer] Transmission gap detected (604ms RTP delta), resetting jitter measurement
2026-09-26 14:18:08.238 -07:00 [INF] [OpenFreqClient.Services.OpenFreqService] RX 140.550 MHz from Stevie (3f69df0a-0474-4403-96f9-9167afaa52d9), game time 05:36:40: -34.5 dBm, SNR 75.5 dB, FSPL 74.5 dB, terrain 0.0 dB, 0.9 km, tx 9353 m / rx 9357 m MSL
2026-09-26 14:18:09.418 -07:00 [INF] [OpenFreqClient.Services.OpenFreqService] PTT end: Stevie (3f69df0a-0474-4403-96f9-9167afaa52d9) on 140.550 MHz, released, game time 05:36:41
2026-09-26 14:18:10.043 -07:00 [INF] [OpenFreqClient.Services.OpenFreqService] PTT start: Stevie (3f69df0a-0474-4403-96f9-9167afaa52d9) on 140.550 MHz, 3D, game time 05:36:42
2026-09-26 14:18:10.064 -07:00 [INF] [OpenFreq.Common.RtpJitterBuffer] Transmission gap detected (652ms RTP delta), resetting jitter measurement
2026-09-26 14:18:10.101 -07:00 [INF] [OpenFreqClient.Services.OpenFreqService] RX 140.550 MHz from Stevie (3f69df0a-0474-4403-96f9-9167afaa52d9), game time 05:36:42: -34.4 dBm, SNR 75.6 dB, FSPL 74.4 dB, terrain 0.0 dB, 0.9 km, tx 9353 m / rx 9357 m MSL
2026-09-26 14:18:10.988 -07:00 [INF] [OpenFreq.Common.RtpJitterBuffer] Late arrival (7ms past slot) — buffer 100→136ms
2026-09-26 14:18:11.833 -07:00 [INF] [OpenFreqClient.Services.OpenFreqService] PTT end: Stevie (3f69df0a-0474-4403-96f9-9167afaa52d9) on 140.550 MHz, released, game time 05:36:44
2026-09-26 14:18:12.502 -07:00 [INF] [OpenFreqClient.Services.OpenFreqService] PTT start: own radio on 140.550 MHz, game time 05:36:44
2026-09-26 14:18:13.381 -07:00 [INF] [OpenFreqClient.Services.OpenFreqService] PTT end: own radio on 140.550 MHz, game time 05:36:45
2026-09-26 14:18:13.386 -07:00 [INF] [OpenFreqClient.Services.OpenFreqService] TX level over 880ms: mic peak -16.7 dBFS rms -33.1 dBFS | sent peak -5.6 dBFS rms -21.0 dBFS | normalizer on, gain 11.589, gate -89.1 dBFS
2026-09-26 14:18:14.128 -07:00 [INF] [OpenFreqClient.Services.OpenFreqService] PTT start: gci-chaos (594701b2-6238-4ad8-992b-37a151773ed5) on 280.500 MHz, 3D, game time 05:36:46
2026-09-26 14:18:14.141 -07:00 [INF] [OpenFreq.Common.RtpJitterBuffer] Transmission gap detected (13001ms RTP delta), resetting jitter measurement
2026-09-26 14:18:14.180 -07:00 [INF] [OpenFreqClient.Services.OpenFreqService] RX 280.500 MHz from gci-chaos (594701b2-6238-4ad8-992b-37a151773ed5), game time 05:36:46: -71.9 dBm, SNR 35.1 dB, FSPL 115.9 dB, terrain 0.0 dB, 53.0 km, tx 9147 m / rx 9357 m MSL
2026-09-26 14:18:14.551 -07:00 [WRN] [OpenFreqAudio.RadioPlayback] Stream 594701b2-6238-4ad8-992b-37a151773ed5:280500 on 280.500 MHz had no samples for 10.5 ms
2026-09-26 14:18:17.037 -07:00 [INF] [OpenFreqClient.Services.OpenFreqService] PTT end: gci-chaos (594701b2-6238-4ad8-992b-37a151773ed5) on 280.500 MHz, released, game time 05:36:49
2026-09-26 14:18:18.261 -07:00 [INF] [OpenFreq.Common.RtpJitterBufferPool] New RTP source: SSRC=0B91D305
2026-09-26 14:18:18.261 -07:00 [INF] [OpenFreqClient.Services.OpenFreqService] PTT start: armapirx (38562a9e-c5a7-4d8e-8e84-ac5f77661794) on 280.500 MHz, 3D, game time 05:36:50
2026-09-26 14:18:18.261 -07:00 [INF] [OpenFreq.Common.RtpJitterBuffer] Manual buffer size: 150ms
2026-09-26 14:18:18.261 -07:00 [INF] [OpenFreq.Common.RtpAudioReceiver] Source joined:  SSRC=0B91D305
2026-09-26 14:18:18.261 -07:00 [INF] [OpenFreq.Common.RtpJitterBuffer] Initialized: buffer=150ms
2026-09-26 14:18:18.411 -07:00 [INF] [OpenFreqClient.Services.OpenFreqService] RX 280.500 MHz from armapirx (38562a9e-c5a7-4d8e-8e84-ac5f77661794), game time 05:36:50: -78.6 dBm, SNR 28.4 dB, FSPL 118.6 dB, terrain 0.0 dB, 72.4 km, tx 5699 m / rx 9357 m MSL
2026-09-26 14:18:18.418 -07:00 [INF] [OpenFreqClient.Services.OpenFreqService] PTT start: Stevie (3f69df0a-0474-4403-96f9-9167afaa52d9) on 140.550 MHz, 3D, game time 05:36:50
2026-09-26 14:18:18.424 -07:00 [INF] [OpenFreq.Common.RtpJitterBuffer] Transmission gap detected (6608ms RTP delta), resetting jitter measurement
2026-09-26 14:18:18.482 -07:00 [INF] [OpenFreqClient.Services.OpenFreqService] RX 140.550 MHz from Stevie (3f69df0a-0474-4403-96f9-9167afaa52d9), game time 05:36:50: -34.3 dBm, SNR 75.7 dB, FSPL 74.3 dB, terrain 0.0 dB, 0.9 km, tx 9356 m / rx 9357 m MSL
2026-09-26 14:18:21.168 -07:00 [INF] [OpenFreqClient.Services.OpenFreqService] PTT end: Stevie (3f69df0a-0474-4403-96f9-9167afaa52d9) on 140.550 MHz, released, game time 05:36:53
2026-09-26 14:18:21.788 -07:00 [INF] [OpenFreqClient.Services.OpenFreqService] PTT end: armapirx (38562a9e-c5a7-4d8e-8e84-ac5f77661794) on 280.500 MHz, released, game time 05:36:54
2026-09-26 14:18:23.723 -07:00 [INF] [OpenFreqClient.Services.OpenFreqService] PTT start: gci-chaos (594701b2-6238-4ad8-992b-37a151773ed5) on 280.500 MHz, 3D, game time 05:36:55
2026-09-26 14:18:23.739 -07:00 [INF] [OpenFreq.Common.RtpJitterBuffer] Transmission gap detected (6717ms RTP delta), resetting jitter measurement
2026-09-26 14:18:23.782 -07:00 [INF] [OpenFreqClient.Services.OpenFreqService] RX 280.500 MHz from gci-chaos (594701b2-6238-4ad8-992b-37a151773ed5), game time 05:36:56: -72.3 dBm, SNR 34.7 dB, FSPL 116.2 dB, terrain 0.0 dB, 55.1 km, tx 9147 m / rx 9356 m MSL
2026-09-26 14:18:26.634 -07:00 [INF] [OpenFreqClient.Services.OpenFreqService] PTT end: gci-chaos (594701b2-6238-4ad8-992b-37a151773ed5) on 280.500 MHz, released, game time 05:36:58
2026-09-26 14:18:26.933 -07:00 [INF] [OpenFreqClient.Services.OpenFreqService] PTT start: gci-chaos (594701b2-6238-4ad8-992b-37a151773ed5) on 280.500 MHz, 3D, game time 05:36:59
2026-09-26 14:18:27.021 -07:00 [INF] [OpenFreqClient.Services.OpenFreqService] PTT end: gci-chaos (594701b2-6238-4ad8-992b-37a151773ed5) on 280.500 MHz, released, game time 05:36:59
2026-09-26 14:18:28.612 -07:00 [INF] [OpenFreqClient.Services.OpenFreqService] PTT start: armapirx (38562a9e-c5a7-4d8e-8e84-ac5f77661794) on 280.500 MHz, 3D, game time 05:37:00
2026-09-26 14:18:28.622 -07:00 [INF] [OpenFreq.Common.RtpJitterBuffer] Transmission gap detected (6848ms RTP delta), resetting jitter measurement
2026-09-26 14:18:28.665 -07:00 [INF] [OpenFreqClient.Services.OpenFreqService] RX 280.500 MHz from armapirx (38562a9e-c5a7-4d8e-8e84-ac5f77661794), game time 05:37:00: -78.7 dBm, SNR 28.3 dB, FSPL 118.7 dB, terrain 0.0 dB, 73.1 km, tx 5700 m / rx 9356 m MSL
2026-09-26 14:18:29.834 -07:00 [INF] [OpenFreqClient.Services.OpenFreqService] PTT end: armapirx (38562a9e-c5a7-4d8e-8e84-ac5f77661794) on 280.500 MHz, released, game time 05:37:02
2026-09-26 14:18:40.231 -07:00 [INF] [OpenFreqClient.Services.OpenFreqService] PTT start: Sk8r (fc74b220-b0a9-42b3-a47d-1c86e24c2b57) on 280.500 MHz, 3D, game time 05:37:12
2026-09-26 14:18:40.277 -07:00 [INF] [OpenFreq.Common.RtpJitterBufferPool] New RTP source: SSRC=240CDF59
2026-09-26 14:18:40.277 -07:00 [INF] [OpenFreq.Common.RtpJitterBuffer] Manual buffer size: 150ms
2026-09-26 14:18:40.277 -07:00 [INF] [OpenFreq.Common.RtpAudioReceiver] Source joined:  SSRC=240CDF59
2026-09-26 14:18:40.277 -07:00 [INF] [OpenFreq.Common.RtpJitterBuffer] Initialized: buffer=150ms
2026-09-26 14:18:40.428 -07:00 [INF] [OpenFreqClient.Services.OpenFreqService] RX 280.500 MHz from Sk8r (fc74b220-b0a9-42b3-a47d-1c86e24c2b57), game time 05:37:12: -79.4 dBm, SNR 27.6 dB, FSPL 119.4 dB, terrain 0.0 dB, 79.8 km, tx 2699 m / rx 9356 m MSL
2026-09-26 14:18:43.290 -07:00 [INF] [OpenFreqClient.Services.OpenFreqService] PTT end: Sk8r (fc74b220-b0a9-42b3-a47d-1c86e24c2b57) on 280.500 MHz, released, game time 05:37:15
2026-09-26 14:18:44.235 -07:00 [INF] [OpenFreqClient.Services.OpenFreqService] PTT start: gci-chaos (594701b2-6238-4ad8-992b-37a151773ed5) on 280.500 MHz, 3D, game time 05:37:16
2026-09-26 14:18:44.250 -07:00 [INF] [OpenFreq.Common.RtpJitterBuffer] Transmission gap detected (17267ms RTP delta), resetting jitter measurement
2026-09-26 14:18:44.302 -07:00 [INF] [OpenFreqClient.Services.OpenFreqService] RX 280.500 MHz from gci-chaos (594701b2-6238-4ad8-992b-37a151773ed5), game time 05:37:16: -72.9 dBm, SNR 34.1 dB, FSPL 116.9 dB, terrain 0.0 dB, 59.7 km, tx 9147 m / rx 9356 m MSL
2026-09-26 14:18:44.986 -07:00 [INF] [OpenFreqClient.Services.OpenFreqService] PTT end: gci-chaos (594701b2-6238-4ad8-992b-37a151773ed5) on 280.500 MHz, released, game time 05:37:17
2026-09-26 14:18:46.078 -07:00 [INF] [OpenFreqClient.Services.OpenFreqService] PTT start: armapirx (38562a9e-c5a7-4d8e-8e84-ac5f77661794) on 280.500 MHz, 3D, game time 05:37:18
2026-09-26 14:18:46.103 -07:00 [INF] [OpenFreq.Common.RtpJitterBuffer] Transmission gap detected (16272ms RTP delta), resetting jitter measurement
2026-09-26 14:18:46.135 -07:00 [INF] [OpenFreqClient.Services.OpenFreqService] RX 280.500 MHz from armapirx (38562a9e-c5a7-4d8e-8e84-ac5f77661794), game time 05:37:18: -78.8 dBm, SNR 28.2 dB, FSPL 118.8 dB, terrain 0.0 dB, 74.3 km, tx 5704 m / rx 9356 m MSL
2026-09-26 14:18:47.640 -07:00 [INF] [OpenFreqClient.Services.OpenFreqService] PTT end: armapirx (38562a9e-c5a7-4d8e-8e84-ac5f77661794) on 280.500 MHz, released, game time 05:37:19
2026-09-26 14:18:51.735 -07:00 [INF] [OpenFreqClient.Services.OpenFreqService] PTT start: gci-chaos (594701b2-6238-4ad8-992b-37a151773ed5) on 280.500 MHz, 3D, game time 05:37:24
2026-09-26 14:18:51.750 -07:00 [INF] [OpenFreq.Common.RtpJitterBuffer] Transmission gap detected (6775ms RTP delta), resetting jitter measurement
2026-09-26 14:18:51.788 -07:00 [INF] [OpenFreqClient.Services.OpenFreqService] RX 280.500 MHz from gci-chaos (594701b2-6238-4ad8-992b-37a151773ed5), game time 05:37:24: -73.2 dBm, SNR 33.8 dB, FSPL 117.2 dB, terrain 0.0 dB, 61.4 km, tx 9147 m / rx 9356 m MSL
2026-09-26 14:18:51.893 -07:00 [INF] [OpenFreqClient.Services.OpenFreqService] PTT end: gci-chaos (594701b2-6238-4ad8-992b-37a151773ed5) on 280.500 MHz, we left the frequency, game time 05:37:24
2026-09-26 14:18:51.893 -07:00 [INF] [OpenFreqAudio.RadioPlayback] TuneFrequency 368.550 MHz
2026-09-26 14:18:51.893 -07:00 [INF] [OpenFreqClient.ViewModels.ChannelCardListViewModel] "Radio1": 280500 → 368550 kHz, power on, joined
2026-09-26 14:18:55.349 -07:00 [INF] [OpenFreqClient.ViewModels.ChannelCardListViewModel] "Radio1": 368550 → 280500 kHz, power on, joined
2026-09-26 14:18:58.229 -07:00 [INF] [OpenFreqClient.ViewModels.ChannelCardListViewModel] "Radio1": 280500 → 368550 kHz, power on, joined
2026-09-26 14:18:58.806 -07:00 [INF] [OpenFreqClient.ViewModels.ChannelCardListViewModel] "Radio1": 368550 → 280500 kHz, power on, joined
2026-09-26 14:19:11.384 -07:00 [INF] [OpenFreqClient.ViewModels.ChannelCardListViewModel] "Radio1": 280500 → 9999 kHz, power off, not joined
2026-09-26 14:19:12.152 -07:00 [INF] [OpenFreqClient.ViewModels.ChannelCardListViewModel] "Radio1": 9999 → 280500 kHz, power on, joined
2026-09-26 14:19:14.849 -07:00 [INF] [OpenFreqClient.Services.OpenFreqService] PTT start: Stevie (3f69df0a-0474-4403-96f9-9167afaa52d9) on 140.550 MHz, 3D, game time 05:37:47
2026-09-26 14:19:14.867 -07:00 [INF] [OpenFreq.Common.RtpJitterBuffer] Transmission gap detected (53692ms RTP delta), resetting jitter measurement
2026-09-26 14:19:14.902 -07:00 [INF] [OpenFreqClient.Services.OpenFreqService] RX 140.550 MHz from Stevie (3f69df0a-0474-4403-96f9-9167afaa52d9), game time 05:37:47: -36.3 dBm, SNR 73.7 dB, FSPL 76.3 dB, terrain 0.0 dB, 1.1 km, tx 9321 m / rx 9356 m MSL
2026-09-26 14:19:15.661 -07:00 [WRN] [OpenFreqAudio.RadioPlayback] Stream 3f69df0a-0474-4403-96f9-9167afaa52d9:140550 on 140.550 MHz had no samples for 6.3 ms
2026-09-26 14:19:16.475 -07:00 [INF] [OpenFreqClient.Services.OpenFreqService] PTT end: Stevie (3f69df0a-0474-4403-96f9-9167afaa52d9) on 140.550 MHz, released, game time 05:37:48
2026-09-26 14:19:17.879 -07:00 [INF] [OpenFreqClient.Services.OpenFreqService] PTT start: own radio on 140.550 MHz, game time 05:37:50
2026-09-26 14:19:18.552 -07:00 [INF] [OpenFreqClient.Services.OpenFreqService] PTT end: own radio on 140.550 MHz, game time 05:37:50
2026-09-26 14:19:18.556 -07:00 [INF] [OpenFreqClient.Services.OpenFreqService] TX level over 670ms: mic peak -12.6 dBFS rms -27.3 dBFS | sent peak 0.0 dBFS rms -15.5 dBFS | normalizer on, gain 1.754, gate -37.8 dBFS
2026-09-26 14:19:20.329 -07:00 [INF] [OpenFreqClient.Services.OpenFreqService] PTT start: Stevie (3f69df0a-0474-4403-96f9-9167afaa52d9) on 140.550 MHz, 3D, game time 05:37:52
2026-09-26 14:19:20.350 -07:00 [INF] [OpenFreq.Common.RtpJitterBuffer] Transmission gap detected (3887ms RTP delta), resetting jitter measurement
2026-09-26 14:19:20.405 -07:00 [INF] [OpenFreqClient.Services.OpenFreqService] RX 140.550 MHz from Stevie (3f69df0a-0474-4403-96f9-9167afaa52d9), game time 05:37:52: -36.5 dBm, SNR 73.5 dB, FSPL 76.5 dB, terrain 0.0 dB, 1.1 km, tx 9363 m / rx 9356 m MSL
2026-09-26 14:19:22.190 -07:00 [INF] [OpenFreqClient.Services.OpenFreqService] PTT end: Stevie (3f69df0a-0474-4403-96f9-9167afaa52d9) on 140.550 MHz, released, game time 05:37:54
2026-09-26 14:19:25.879 -07:00 [INF] [OpenFreqClient.Services.OpenFreqService] PTT start: own radio on 140.550 MHz, game time 05:37:58
2026-09-26 14:19:28.695 -07:00 [INF] [OpenFreqClient.Services.OpenFreqService] PTT end: own radio on 140.550 MHz, game time 05:38:00
2026-09-26 14:19:28.705 -07:00 [INF] [OpenFreqClient.Services.OpenFreqService] TX level over 2820ms: mic peak -11.5 dBFS rms -29.2 dBFS | sent peak -0.6 dBFS rms -20.5 dBFS | normalizer on, gain 15.767, gate -70.6 dBFS
2026-09-26 14:19:35.645 -07:00 [INF] [OpenFreqClient.Services.OpenFreqService] PTT start: Stevie (3f69df0a-0474-4403-96f9-9167afaa52d9) on 140.550 MHz, 3D, game time 05:38:07
2026-09-26 14:19:35.670 -07:00 [INF] [OpenFreq.Common.RtpJitterBuffer] Transmission gap detected (13471ms RTP delta), resetting jitter measurement
2026-09-26 14:19:35.697 -07:00 [INF] [OpenFreqClient.Services.OpenFreqService] RX 140.550 MHz from Stevie (3f69df0a-0474-4403-96f9-9167afaa52d9), game time 05:38:07: -36.6 dBm, SNR 73.4 dB, FSPL 76.6 dB, terrain 0.0 dB, 1.1 km, tx 9414 m / rx 9356 m MSL
2026-09-26 14:19:36.081 -07:00 [INF] [OpenFreq.Common.RtpJitterBuffer] Late arrival (4ms past slot) — buffer 97→131ms
2026-09-26 14:19:38.730 -07:00 [INF] [OpenFreqClient.Services.OpenFreqService] PTT end: Stevie (3f69df0a-0474-4403-96f9-9167afaa52d9) on 140.550 MHz, released, game time 05:38:10
2026-09-26 14:19:39.101 -07:00 [INF] [OpenFreqClient.Services.OpenFreqService] PTT start: Stevie (3f69df0a-0474-4403-96f9-9167afaa52d9) on 140.550 MHz, 3D, game time 05:38:11
2026-09-26 14:19:40.265 -07:00 [INF] [OpenFreqClient.Services.OpenFreqService] PTT end: Stevie (3f69df0a-0474-4403-96f9-9167afaa52d9) on 140.550 MHz, released, game time 05:38:12
2026-09-26 14:19:41.496 -07:00 [INF] [OpenFreqClient.Services.OpenFreqService] PTT start: own radio on 140.550 MHz, game time 05:38:13
2026-09-26 14:19:42.232 -07:00 [INF] [OpenFreqClient.Services.OpenFreqService] PTT end: own radio on 140.550 MHz, game time 05:38:14
2026-09-26 14:19:42.235 -07:00 [INF] [OpenFreqClient.Services.OpenFreqService] TX level over 730ms: mic peak -3.8 dBFS rms -22.9 dBFS | sent peak 0.0 dBFS rms -13.7 dBFS | normalizer on, gain 3.335, gate -52.8 dBFS
2026-09-26 14:19:58.136 -07:00 [INF] [OpenFreqClient.Services.OpenFreqService] PTT start: own radio on 140.550 MHz, game time 05:38:30
2026-09-26 14:19:59.031 -07:00 [INF] [OpenFreqClient.Services.OpenFreqService] PTT end: own radio on 140.550 MHz, game time 05:38:31
2026-09-26 14:19:59.036 -07:00 [INF] [OpenFreqClient.Services.OpenFreqService] TX level over 890ms: mic peak -12.3 dBFS rms -31.7 dBFS | sent peak -2.4 dBFS rms -20.0 dBFS | normalizer on, gain 5.355, gate -63.4 dBFS
2026-09-26 14:20:00.496 -07:00 [INF] [OpenFreqClient.Services.OpenFreqService] PTT start: Stevie (3f69df0a-0474-4403-96f9-9167afaa52d9) on 140.550 MHz, 3D, game time 05:38:32
2026-09-26 14:20:00.521 -07:00 [INF] [OpenFreq.Common.RtpJitterBuffer] Transmission gap detected (20253ms RTP delta), resetting jitter measurement
2026-09-26 14:20:00.561 -07:00 [INF] [OpenFreqClient.Services.OpenFreqService] RX 140.550 MHz from Stevie (3f69df0a-0474-4403-96f9-9167afaa52d9), game time 05:38:32: -35.8 dBm, SNR 74.2 dB, FSPL 75.8 dB, terrain 0.0 dB, 1.1 km, tx 9424 m / rx 9356 m MSL
2026-09-26 14:20:00.650 -07:00 [INF] [OpenFreqClient.Services.OpenFreqService] PTT end: Stevie (3f69df0a-0474-4403-96f9-9167afaa52d9) on 140.550 MHz, released, game time 05:38:32
2026-09-26 14:20:03.515 -07:00 [INF] [OpenFreqClient.Services.OpenFreqService] PTT start: Stevie (3f69df0a-0474-4403-96f9-9167afaa52d9) on 140.550 MHz, 3D, game time 05:38:35
2026-09-26 14:20:03.536 -07:00 [INF] [OpenFreq.Common.RtpJitterBuffer] Transmission gap detected (2904ms RTP delta), resetting jitter measurement
2026-09-26 14:20:03.584 -07:00 [INF] [OpenFreqClient.Services.OpenFreqService] RX 140.550 MHz from Stevie (3f69df0a-0474-4403-96f9-9167afaa52d9), game time 05:38:35: -35.8 dBm, SNR 74.2 dB, FSPL 75.8 dB, terrain 0.0 dB, 1.0 km, tx 9423 m / rx 9356 m MSL
2026-09-26 14:20:05.001 -07:00 [WRN] [OpenFreqAudio.RadioPlayback] Stream 3f69df0a-0474-4403-96f9-9167afaa52d9:140550 on 140.550 MHz had no samples for 5.4 ms
2026-09-26 14:20:06.171 -07:00 [INF] [OpenFreqClient.Services.OpenFreqService] PTT end: Stevie (3f69df0a-0474-4403-96f9-9167afaa52d9) on 140.550 MHz, released, game time 05:38:38
2026-09-26 14:20:06.808 -07:00 [INF] [OpenFreqClient.Services.OpenFreqService] PTT start: own radio on 140.550 MHz, game time 05:38:39
2026-09-26 14:20:07.911 -07:00 [INF] [OpenFreqClient.Services.OpenFreqService] PTT end: own radio on 140.550 MHz, game time 05:38:40
2026-09-26 14:20:07.917 -07:00 [INF] [OpenFreqClient.Services.OpenFreqService] TX level over 1100ms: mic peak -16.3 dBFS rms -34.1 dBFS | sent peak 0.0 dBFS rms -15.3 dBFS | normalizer on, gain 5.211, gate -77.5 dBFS
2026-09-26 14:20:39.020 -07:00 [INF] [OpenFreqClient.Services.OpenFreqService] PTT start: Stevie (3f69df0a-0474-4403-96f9-9167afaa52d9) on 140.550 MHz, 3D, game time 05:39:11
2026-09-26 14:20:39.037 -07:00 [INF] [OpenFreq.Common.RtpJitterBuffer] Transmission gap detected (32864ms RTP delta), resetting jitter measurement
2026-09-26 14:20:39.037 -07:00 [INF] [OpenFreq.Common.RtpJitterBufferPool] Pruned stale source SSRC=2BF943CC
2026-09-26 14:20:39.037 -07:00 [INF] [OpenFreq.Common.RtpAudioReceiver] Source expired: SSRC=2BF943CC
2026-09-26 14:20:39.098 -07:00 [INF] [OpenFreqClient.Services.OpenFreqService] RX 140.550 MHz from Stevie (3f69df0a-0474-4403-96f9-9167afaa52d9), game time 05:39:11: -35.0 dBm, SNR 75.0 dB, FSPL 75.0 dB, terrain 0.0 dB, 1.0 km, tx 9424 m / rx 9356 m MSL
2026-09-26 14:20:39.535 -07:00 [WRN] [OpenFreqAudio.RadioPlayback] Stream 3f69df0a-0474-4403-96f9-9167afaa52d9:140550 on 140.550 MHz had no samples for 5.2 ms
2026-09-26 14:20:40.671 -07:00 [INF] [OpenFreqClient.Services.OpenFreqService] PTT end: Stevie (3f69df0a-0474-4403-96f9-9167afaa52d9) on 140.550 MHz, released, game time 05:39:12
2026-09-26 14:20:41.688 -07:00 [INF] [OpenFreqClient.Services.OpenFreqService] PTT start: own radio on 140.550 MHz, game time 05:39:13
2026-09-26 14:20:43.496 -07:00 [INF] [OpenFreqClient.Services.OpenFreqService] PTT end: own radio on 140.550 MHz, game time 05:39:15
2026-09-26 14:20:43.506 -07:00 [INF] [OpenFreqClient.Services.OpenFreqService] TX level over 1810ms: mic peak -12.1 dBFS rms -27.8 dBFS | sent peak -2.6 dBFS rms -20.6 dBFS | normalizer on, gain 15.988, gate -79.7 dBFS
2026-09-26 14:21:33.784 -07:00 [INF] [OpenFreqClient.Services.OpenFreqService] PTT start: own radio on 280.500 MHz, game time 05:40:06
2026-09-26 14:21:33.896 -07:00 [INF] [OpenFreqClient.Services.OpenFreqService] PTT end: own radio on 280.500 MHz, game time 05:40:06
2026-09-26 14:21:33.906 -07:00 [INF] [OpenFreqClient.Services.OpenFreqService] TX level over 120ms: mic peak -41.6 dBFS rms -54.4 dBFS | sent peak -17.5 dBFS rms -30.3 dBFS | normalizer on, gain 15.988, gate -34.3 dBFS
2026-09-26 14:21:38.919 -07:00 [INF] [OpenFreqClient.Services.OpenFreqService] PTT start: own radio on 140.550 MHz, game time 05:40:11
2026-09-26 14:21:39.016 -07:00 [INF] [OpenFreqClient.Services.OpenFreqService] PTT end: own radio on 140.550 MHz, game time 05:40:11
2026-09-26 14:21:39.026 -07:00 [INF] [OpenFreqClient.Services.OpenFreqService] TX level over 100ms: mic peak -42.4 dBFS rms -52.6 dBFS | sent peak -17.2 dBFS rms -27.5 dBFS | normalizer on, gain 19.353, gate -66.0 dBFS
2026-09-26 14:21:39.656 -07:00 [INF] [OpenFreqClient.Services.OpenFreqService] PTT start: own radio on 280.500 MHz, game time 05:40:11
2026-09-26 14:21:39.961 -07:00 [INF] [OpenFreqClient.Services.OpenFreqService] PTT end: own radio on 280.500 MHz, game time 05:40:12
2026-09-26 14:21:39.966 -07:00 [INF] [OpenFreqClient.Services.OpenFreqService] TX level over 300ms: mic peak -50.3 dBFS rms -65.7 dBFS | sent peak -24.3 dBFS rms -39.2 dBFS | normalizer on, gain 26.457, gate -64.1 dBFS
2026-09-26 14:21:40.936 -07:00 [INF] [OpenFreqClient.Services.OpenFreqService] PTT start: own radio on 280.500 MHz, game time 05:40:13
2026-09-26 14:21:41.176 -07:00 [INF] [OpenFreqClient.Services.OpenFreqService] PTT end: own radio on 280.500 MHz, game time 05:40:13
2026-09-26 14:21:41.177 -07:00 [INF] [OpenFreqClient.Services.OpenFreqService] TX level over 230ms: mic peak -45.4 dBFS rms -61.4 dBFS | sent peak -16.6 dBFS rms -32.5 dBFS | normalizer on, gain 34.821, gate -64.9 dBFS
2026-09-26 14:21:41.512 -07:00 [INF] [OpenFreqClient.Services.OpenFreqService] PTT start: own radio on 140.550 MHz, game time 05:40:13
2026-09-26 14:21:41.671 -07:00 [INF] [OpenFreqClient.Services.OpenFreqService] PTT end: own radio on 140.550 MHz, game time 05:40:13
2026-09-26 14:21:41.676 -07:00 [INF] [OpenFreqClient.Services.OpenFreqService] TX level over 160ms: mic peak -42.6 dBFS rms -53.8 dBFS | sent peak -11.6 dBFS rms -22.8 dBFS | normalizer on, gain 37.730, gate -68.1 dBFS
2026-09-26 14:21:45.064 -07:00 [INF] [OpenFreqClient.Services.OpenFreqService] PTT start: Stevie (3f69df0a-0474-4403-96f9-9167afaa52d9) on 140.550 MHz, 3D, game time 05:40:17
2026-09-26 14:21:45.077 -07:00 [INF] [OpenFreq.Common.RtpJitterBuffer] Transmission gap detected (64417ms RTP delta), resetting jitter measurement
2026-09-26 14:21:45.126 -07:00 [INF] [OpenFreqClient.Services.OpenFreqService] RX 140.550 MHz from Stevie (3f69df0a-0474-4403-96f9-9167afaa52d9), game time 05:40:17: -29.8 dBm, SNR 80.2 dB, FSPL 69.8 dB, terrain 0.0 dB, 0.5 km, tx 9359 m / rx 9356 m MSL
2026-09-26 14:21:45.209 -07:00 [INF] [OpenFreqClient.Services.OpenFreqService] PTT end: Stevie (3f69df0a-0474-4403-96f9-9167afaa52d9) on 140.550 MHz, released, game time 05:40:17
2026-09-26 14:21:45.547 -07:00 [INF] [OpenFreqClient.Services.OpenFreqService] PTT start: Stevie (3f69df0a-0474-4403-96f9-9167afaa52d9) on 280.500 MHz, 3D, game time 05:40:17
2026-09-26 14:21:45.572 -07:00 [INF] [OpenFreqClient.Services.OpenFreqService] PTT end: Stevie (3f69df0a-0474-4403-96f9-9167afaa52d9) on 280.500 MHz, released, game time 05:40:17
2026-09-26 14:21:45.594 -07:00 [INF] [OpenFreqClient.Services.OpenFreqService] RX 280.500 MHz from Stevie (3f69df0a-0474-4403-96f9-9167afaa52d9), game time 05:40:17: -36.0 dBm, SNR 71.0 dB, FSPL 76.0 dB, terrain 0.0 dB, 0.5 km, tx 9360 m / rx 9356 m MSL
2026-09-26 14:21:59.032 -07:00 [INF] [OpenFreqClient.Services.OpenFreqService] PTT start: Falcon (91c4c764-ac55-4b66-98e4-d070ed54be23) on 280.500 MHz, 3D, game time 05:40:31
2026-09-26 14:21:59.047 -07:00 [INF] [OpenFreq.Common.RtpJitterBufferPool] New RTP source: SSRC=342907E0
2026-09-26 14:21:59.047 -07:00 [INF] [OpenFreq.Common.RtpJitterBuffer] Manual buffer size: 150ms
2026-09-26 14:21:59.047 -07:00 [INF] [OpenFreq.Common.RtpAudioReceiver] Source joined:  SSRC=342907E0
2026-09-26 14:21:59.047 -07:00 [INF] [OpenFreq.Common.RtpJitterBuffer] Initialized: buffer=150ms
2026-09-26 14:21:59.197 -07:00 [INF] [OpenFreqClient.Services.OpenFreqService] RX 280.500 MHz from Falcon (91c4c764-ac55-4b66-98e4-d070ed54be23), game time 05:40:31: -78.0 dBm, SNR 29.0 dB, FSPL 118.0 dB, terrain 0.0 dB, 67.8 km, tx 8115 m / rx 9356 m MSL
2026-09-26 14:22:01.304 -07:00 [INF] [OpenFreqClient.Services.OpenFreqService] PTT end: Falcon (91c4c764-ac55-4b66-98e4-d070ed54be23) on 280.500 MHz, released, game time 05:40:33
2026-09-26 14:22:01.898 -07:00 [INF] [OpenFreqClient.Services.OpenFreqService] PTT start: gci-chaos (594701b2-6238-4ad8-992b-37a151773ed5) on 280.500 MHz, 3D, game time 05:40:34
2026-09-26 14:22:01.907 -07:00 [INF] [OpenFreq.Common.RtpJitterBuffer] Transmission gap detected (189964ms RTP delta), resetting jitter measurement
2026-09-26 14:22:01.950 -07:00 [INF] [OpenFreqClient.Services.OpenFreqService] RX 280.500 MHz from gci-chaos (594701b2-6238-4ad8-992b-37a151773ed5), game time 05:40:34: -77.9 dBm, SNR 29.1 dB, FSPL 121.9 dB, terrain 0.0 dB, 105.5 km, tx 9147 m / rx 9356 m MSL
2026-09-26 14:22:02.414 -07:00 [WRN] [OpenFreqAudio.RadioPlayback] Stream 594701b2-6238-4ad8-992b-37a151773ed5:280500 on 280.500 MHz had no samples for 9.8 ms
2026-09-26 14:22:02.441 -07:00 [INF] [OpenFreqClient.Services.OpenFreqService] PTT end: gci-chaos (594701b2-6238-4ad8-992b-37a151773ed5) on 280.500 MHz, released, game time 05:40:34
2026-09-26 14:22:45.337 -07:00 [INF] [OpenFreqClient.Services.OpenFreqService] PTT start: own radio on 280.500 MHz, game time 05:41:17
2026-09-26 14:22:48.120 -07:00 [INF] [OpenFreqClient.Services.OpenFreqService] PTT end: own radio on 280.500 MHz, game time 05:41:20
2026-09-26 14:22:48.127 -07:00 [INF] [OpenFreqClient.Services.OpenFreqService] TX level over 2780ms: mic peak -19.0 dBFS rms -35.3 dBFS | sent peak 0.0 dBFS rms -19.7 dBFS | normalizer on, gain 6.067, gate -46.0 dBFS
2026-09-26 14:22:51.609 -07:00 [INF] [OpenFreqAudio.RadioPlayback] TuneFrequency 292.650 MHz
2026-09-26 14:22:51.609 -07:00 [INF] [OpenFreqClient.ViewModels.ChannelCardListViewModel] "Radio1": 280500 → 292650 kHz, power on, joined
2026-09-26 14:22:51.673 -07:00 [INF] [OpenFreqAudio.RadioPlayback] Stream 'd52d332f-8742-40f6-b985-35a908d32642:292650' on 292.650 MHz
2026-09-26 14:22:51.673 -07:00 [INF] [OpenFreqAudio.RadioPlayback] Stream 'f4461c8b-b37f-4d25-a4cb-5da5ffdcefdc:292650' on 292.650 MHz
2026-09-26 14:22:52.697 -07:00 [INF] [OpenFreqClient.Services.OpenFreqService] PTT start: own radio on 140.550 MHz, game time 05:41:24
2026-09-26 14:22:53.593 -07:00 [INF] [OpenFreqClient.Services.OpenFreqService] PTT end: own radio on 140.550 MHz, game time 05:41:25
2026-09-26 14:22:53.597 -07:00 [INF] [OpenFreqClient.Services.OpenFreqService] TX level over 890ms: mic peak -20.9 dBFS rms -37.1 dBFS | sent peak -5.7 dBFS rms -22.7 dBFS | normalizer on, gain 4.795, gate -42.0 dBFS
2026-09-26 14:22:56.092 -07:00 [INF] [OpenFreqAudio.RadioPlayback] Stream '3f69df0a-0474-4403-96f9-9167afaa52d9:292650' on 292.650 MHz
2026-09-26 14:23:25.403 -07:00 [INF] [OpenFreqClient.Services.OpenFreqService] PTT start: own radio on 140.550 MHz, game time 05:41:57
2026-09-26 14:23:30.651 -07:00 [INF] [OpenFreqClient.Services.OpenFreqService] PTT end: own radio on 140.550 MHz, game time 05:42:02
2026-09-26 14:23:30.658 -07:00 [INF] [OpenFreqClient.Services.OpenFreqService] TX level over 5250ms: mic peak -12.2 dBFS rms -28.6 dBFS | sent peak -4.3 dBFS rms -21.2 dBFS | normalizer on, gain 3.069, gate -50.8 dBFS
2026-09-26 14:23:30.964 -07:00 [INF] [OpenFreqClient.Services.OpenFreqService] PTT start: Stevie (3f69df0a-0474-4403-96f9-9167afaa52d9) on 140.550 MHz, 3D, game time 05:42:03
2026-09-26 14:23:30.986 -07:00 [INF] [OpenFreq.Common.RtpJitterBuffer] Transmission gap detected (105420ms RTP delta), resetting jitter measurement
2026-09-26 14:23:30.986 -07:00 [INF] [OpenFreq.Common.RtpJitterBufferPool] Pruned stale source SSRC=4EE60C78
2026-09-26 14:23:30.986 -07:00 [INF] [OpenFreq.Common.RtpAudioReceiver] Source expired: SSRC=4EE60C78
2026-09-26 14:23:30.986 -07:00 [INF] [OpenFreq.Common.RtpJitterBufferPool] Pruned stale source SSRC=117123B1
2026-09-26 14:23:30.986 -07:00 [INF] [OpenFreq.Common.RtpAudioReceiver] Source expired: SSRC=117123B1
2026-09-26 14:23:31.015 -07:00 [INF] [OpenFreqClient.Services.OpenFreqService] RX 140.550 MHz from Stevie (3f69df0a-0474-4403-96f9-9167afaa52d9), game time 05:42:03: -34.9 dBm, SNR 75.1 dB, FSPL 74.9 dB, terrain 0.0 dB, 0.9 km, tx 9368 m / rx 9340 m MSL
2026-09-26 14:23:31.059 -07:00 [INF] [OpenFreqClient.Services.OpenFreqService] PTT end: Stevie (3f69df0a-0474-4403-96f9-9167afaa52d9) on 140.550 MHz, released, game time 05:42:03
2026-09-26 14:23:36.028 -07:00 [INF] [OpenFreqClient.Services.OpenFreqService] PTT start: own radio on 140.550 MHz, game time 05:42:08
2026-09-26 14:23:38.667 -07:00 [INF] [OpenFreqClient.Services.OpenFreqService] PTT end: own radio on 140.550 MHz, game time 05:42:10
2026-09-26 14:23:38.668 -07:00 [INF] [OpenFreqClient.Services.OpenFreqService] TX level over 2630ms: mic peak -13.3 dBFS rms -33.6 dBFS | sent peak 0.0 dBFS rms -19.4 dBFS | normalizer on, gain 197.150, gate -89.9 dBFS
2026-09-26 14:23:38.999 -07:00 [INF] [OpenFreqClient.Services.OpenFreqService] PTT start: Stevie (3f69df0a-0474-4403-96f9-9167afaa52d9) on 140.550 MHz, 3D, game time 05:42:11
2026-09-26 14:23:39.019 -07:00 [INF] [OpenFreq.Common.RtpJitterBuffer] Transmission gap detected (7952ms RTP delta), resetting jitter measurement
2026-09-26 14:23:39.047 -07:00 [INF] [OpenFreqClient.Services.OpenFreqService] RX 140.550 MHz from Stevie (3f69df0a-0474-4403-96f9-9167afaa52d9), game time 05:42:11: -33.6 dBm, SNR 76.4 dB, FSPL 73.6 dB, terrain 0.0 dB, 0.8 km, tx 9241 m / rx 9179 m MSL
2026-09-26 14:23:39.109 -07:00 [WRN] [OpenFreqAudio.RadioPlayback] Stream 3f69df0a-0474-4403-96f9-9167afaa52d9:140550 on 140.550 MHz had no samples for 5.3 ms
2026-09-26 14:23:39.291 -07:00 [INF] [OpenFreqClient.Services.OpenFreqService] PTT end: Stevie (3f69df0a-0474-4403-96f9-9167afaa52d9) on 140.550 MHz, released, game time 05:42:11
2026-09-26 14:24:13.819 -07:00 [INF] [OpenFreqClient.Services.OpenFreqService] PTT start: own radio on 292.650 MHz, game time 05:42:46
2026-09-26 14:24:17.787 -07:00 [INF] [OpenFreqClient.Services.OpenFreqService] PTT end: own radio on 292.650 MHz, game time 05:42:50
2026-09-26 14:24:17.788 -07:00 [INF] [OpenFreqClient.Services.OpenFreqService] TX level over 3960ms: mic peak -13.8 dBFS rms -30.5 dBFS | sent peak 0.0 dBFS rms -17.1 dBFS | normalizer on, gain 9.042, gate -62.1 dBFS
2026-09-26 14:24:18.732 -07:00 [INF] [OpenFreqClient.Services.OpenFreqService] PTT start: own radio on 292.650 MHz, game time 05:42:50
2026-09-26 14:24:19.323 -07:00 [INF] [OpenFreqClient.Services.OpenFreqService] PTT end: own radio on 292.650 MHz, game time 05:42:51
2026-09-26 14:24:19.328 -07:00 [INF] [OpenFreqClient.Services.OpenFreqService] TX level over 590ms: mic peak -21.3 dBFS rms -39.0 dBFS | sent peak 0.0 dBFS rms -16.4 dBFS | normalizer on, gain 6.460, gate -72.9 dBFS
2026-09-26 14:24:32.667 -07:00 [INF] [OpenFreqClient.Services.OpenFreqService] PTT start: own radio on 140.550 MHz, game time 05:43:04
2026-09-26 14:24:35.676 -07:00 [INF] [OpenFreqClient.Services.OpenFreqService] PTT end: own radio on 140.550 MHz, game time 05:43:07
2026-09-26 14:24:35.678 -07:00 [INF] [OpenFreqClient.Services.OpenFreqService] TX level over 3000ms: mic peak -13.4 dBFS rms -31.6 dBFS | sent peak -1.3 dBFS rms -20.0 dBFS | normalizer on, gain 15.436, gate -66.7 dBFS
2026-09-26 14:24:36.895 -07:00 [INF] [OpenFreqClient.Services.OpenFreqService] PTT start: Stevie (3f69df0a-0474-4403-96f9-9167afaa52d9) on 140.550 MHz, 3D, game time 05:43:09
2026-09-26 14:24:36.911 -07:00 [INF] [OpenFreq.Common.RtpJitterBuffer] Transmission gap detected (57640ms RTP delta), resetting jitter measurement
2026-09-26 14:24:36.911 -07:00 [INF] [OpenFreq.Common.RtpJitterBufferPool] Pruned stale source SSRC=0B91D305
2026-09-26 14:24:36.911 -07:00 [INF] [OpenFreq.Common.RtpAudioReceiver] Source expired: SSRC=0B91D305
2026-09-26 14:24:36.911 -07:00 [INF] [OpenFreq.Common.RtpJitterBufferPool] Pruned stale source SSRC=240CDF59
2026-09-26 14:24:36.911 -07:00 [INF] [OpenFreq.Common.RtpAudioReceiver] Source expired: SSRC=240CDF59
2026-09-26 14:24:36.949 -07:00 [INF] [OpenFreqClient.Services.OpenFreqService] RX 140.550 MHz from Stevie (3f69df0a-0474-4403-96f9-9167afaa52d9), game time 05:43:09: -15.7 dBm, SNR 94.3 dB, FSPL 55.7 dB, terrain 0.0 dB, 0.1 km, tx 6250 m / rx 6233 m MSL
2026-09-26 14:24:37.170 -07:00 [INF] [OpenFreqClient.Services.OpenFreqService] PTT end: Stevie (3f69df0a-0474-4403-96f9-9167afaa52d9) on 140.550 MHz, released, game time 05:43:09
2026-09-26 14:24:37.555 -07:00 [INF] [OpenFreqClient.Services.OpenFreqService] PTT start: Stevie (3f69df0a-0474-4403-96f9-9167afaa52d9) on 140.550 MHz, 3D, game time 05:43:09
2026-09-26 14:24:37.778 -07:00 [WRN] [OpenFreqAudio.RadioPlayback] Stream 3f69df0a-0474-4403-96f9-9167afaa52d9:140550 on 140.550 MHz had no samples for 7.9 ms
2026-09-26 14:24:40.851 -07:00 [INF] [OpenFreqClient.Services.OpenFreqService] PTT end: Stevie (3f69df0a-0474-4403-96f9-9167afaa52d9) on 140.550 MHz, released, game time 05:43:13
2026-09-26 14:24:41.467 -07:00 [INF] [OpenFreqClient.Services.OpenFreqService] PTT start: own radio on 140.550 MHz, game time 05:43:13
2026-09-26 14:24:42.571 -07:00 [INF] [OpenFreqClient.Services.OpenFreqService] PTT end: own radio on 140.550 MHz, game time 05:43:14
2026-09-26 14:24:42.578 -07:00 [INF] [OpenFreqClient.Services.OpenFreqService] TX level over 1110ms: mic peak -14.8 dBFS rms -34.1 dBFS | sent peak 0.0 dBFS rms -16.0 dBFS | normalizer on, gain 3.964, gate -90.4 dBFS
2026-09-26 14:24:53.398 -07:00 [INF] [OpenFreqClient.Services.OpenFreqService] PTT start: Knight (f4461c8b-b37f-4d25-a4cb-5da5ffdcefdc) on 292.650 MHz, 3D, game time 05:43:25
2026-09-26 14:24:53.413 -07:00 [INF] [OpenFreq.Common.RtpJitterBufferPool] New RTP source: SSRC=4209D5F1
2026-09-26 14:24:53.413 -07:00 [INF] [OpenFreq.Common.RtpJitterBuffer] Manual buffer size: 150ms
2026-09-26 14:24:53.413 -07:00 [INF] [OpenFreq.Common.RtpAudioReceiver] Source joined:  SSRC=4209D5F1
2026-09-26 14:24:53.413 -07:00 [INF] [OpenFreq.Common.RtpJitterBuffer] Initialized: buffer=150ms
2026-09-26 14:24:53.563 -07:00 [INF] [OpenFreqClient.Services.OpenFreqService] RX 292.650 MHz from Knight (f4461c8b-b37f-4d25-a4cb-5da5ffdcefdc), game time 05:43:25: -70.9 dBm, SNR 36.1 dB, FSPL 110.9 dB, terrain 0.0 dB, 28.5 km, tx 6410 m / rx 5410 m MSL
2026-09-26 14:24:54.460 -07:00 [WRN] [OpenFreqAudio.RadioPlayback] Stream f4461c8b-b37f-4d25-a4cb-5da5ffdcefdc:292650 on 292.650 MHz had no samples for 5.1 ms
2026-09-26 14:24:59.043 -07:00 [INF] [OpenFreqClient.Services.OpenFreqService] PTT end: Knight (f4461c8b-b37f-4d25-a4cb-5da5ffdcefdc) on 292.650 MHz, released, game time 05:43:31
2026-09-26 14:25:13.836 -07:00 [INF] [OpenFreqClient.Services.OpenFreqService] PTT start: own radio on 292.650 MHz, game time 05:43:46
2026-09-26 14:25:16.891 -07:00 [INF] [OpenFreqClient.Services.OpenFreqService] PTT end: own radio on 292.650 MHz, game time 05:43:49
2026-09-26 14:25:16.897 -07:00 [INF] [OpenFreqClient.Services.OpenFreqService] TX level over 3060ms: mic peak -13.7 dBFS rms -29.0 dBFS | sent peak 0.0 dBFS rms -20.6 dBFS | normalizer on, gain 5.765, gate -55.4 dBFS
2026-09-26 14:25:20.408 -07:00 [INF] [OpenFreqAudio.RadioPlayback] Stream 'cd4470e2-49f3-4b5d-9822-b17ed0c432a7:292650' on 292.650 MHz
2026-09-26 14:25:29.252 -07:00 [INF] [OpenFreqClient.Services.OpenFreqService] PTT start: Knight (f4461c8b-b37f-4d25-a4cb-5da5ffdcefdc) on 292.650 MHz, 3D, game time 05:44:01
2026-09-26 14:25:29.262 -07:00 [INF] [OpenFreq.Common.RtpJitterBuffer] Transmission gap detected (30236ms RTP delta), resetting jitter measurement
2026-09-26 14:25:29.308 -07:00 [INF] [OpenFreqClient.Services.OpenFreqService] RX 292.650 MHz from Knight (f4461c8b-b37f-4d25-a4cb-5da5ffdcefdc), game time 05:44:01: -70.7 dBm, SNR 36.3 dB, FSPL 110.7 dB, terrain 0.0 dB, 28.0 km, tx 6390 m / rx 3809 m MSL
2026-09-26 14:25:29.549 -07:00 [WRN] [OpenFreqAudio.RadioPlayback] Stream f4461c8b-b37f-4d25-a4cb-5da5ffdcefdc:292650 on 292.650 MHz had no samples for 5.1 ms
2026-09-26 14:25:31.343 -07:00 [INF] [OpenFreqClient.Services.OpenFreqService] PTT end: Knight (f4461c8b-b37f-4d25-a4cb-5da5ffdcefdc) on 292.650 MHz, released, game time 05:44:03
2026-09-26 14:25:34.651 -07:00 [INF] [OpenFreqClient.Services.OpenFreqService] PTT start: own radio on 292.650 MHz, game time 05:44:06
2026-09-26 14:25:39.243 -07:00 [INF] [OpenFreqClient.Services.OpenFreqService] PTT end: own radio on 292.650 MHz, game time 05:44:11
2026-09-26 14:25:39.247 -07:00 [INF] [OpenFreqClient.Services.OpenFreqService] TX level over 4590ms: mic peak -7.8 dBFS rms -24.6 dBFS | sent peak 0.0 dBFS rms -16.8 dBFS | normalizer on, gain 2.436, gate -61.2 dBFS
2026-09-26 14:25:39.586 -07:00 [INF] [OpenFreqClient.Services.OpenFreqService] PTT start: Knight (f4461c8b-b37f-4d25-a4cb-5da5ffdcefdc) on 292.650 MHz, 3D, game time 05:44:11
2026-09-26 14:25:39.602 -07:00 [INF] [OpenFreq.Common.RtpJitterBuffer] Transmission gap detected (8255ms RTP delta), resetting jitter measurement
2026-09-26 14:25:39.640 -07:00 [INF] [OpenFreqClient.Services.OpenFreqService] RX 292.650 MHz from Knight (f4461c8b-b37f-4d25-a4cb-5da5ffdcefdc), game time 05:44:11: -70.7 dBm, SNR 36.3 dB, FSPL 110.7 dB, terrain 0.0 dB, 27.8 km, tx 6394 m / rx 3371 m MSL
2026-09-26 14:25:39.671 -07:00 [WRN] [OpenFreqAudio.RadioPlayback] Stream f4461c8b-b37f-4d25-a4cb-5da5ffdcefdc:292650 on 292.650 MHz had no samples for 10.0 ms
2026-09-26 14:25:40.817 -07:00 [INF] [OpenFreqClient.Services.OpenFreqService] PTT end: Knight (f4461c8b-b37f-4d25-a4cb-5da5ffdcefdc) on 292.650 MHz, released, game time 05:44:13
2026-09-26 14:26:11.036 -07:00 [INF] [OpenFreqClient.Services.OpenFreqService] PTT start: own radio on 292.650 MHz, game time 05:44:43
2026-09-26 14:26:11.932 -07:00 [INF] [OpenFreqClient.Services.OpenFreqService] PTT end: own radio on 292.650 MHz, game time 05:44:44
2026-09-26 14:26:11.939 -07:00 [INF] [OpenFreqClient.Services.OpenFreqService] TX level over 900ms: mic peak -14.7 dBFS rms -32.2 dBFS | sent peak -2.4 dBFS rms -19.8 dBFS | normalizer on, gain 2.477, gate -54.9 dBFS
2026-09-26 14:26:13.404 -07:00 [INF] [OpenFreqClient.ViewModels.ChannelCardListViewModel] "Radio1": 292650 → 292300 kHz, power on, joined
2026-09-26 14:26:13.466 -07:00 [INF] [OpenFreqAudio.RadioPlayback] Stream '96d0aaf9-fc04-4ef3-8c64-f95b30259b59:292300' on 292.300 MHz
2026-09-26 14:26:15.444 -07:00 [INF] [OpenFreqAudio.RadioPlayback] Stream '0b5a8147-b1fa-4307-a8c3-d1087389de25:243000' on 243.000 MHz
2026-09-26 14:26:19.788 -07:00 [INF] [OpenFreqClient.Services.OpenFreqService] PTT start: own radio on 292.300 MHz, game time 05:44:52
2026-09-26 14:26:24.956 -07:00 [INF] [OpenFreqClient.Services.OpenFreqService] PTT end: own radio on 292.300 MHz, game time 05:44:57
2026-09-26 14:26:24.959 -07:00 [INF] [OpenFreqClient.Services.OpenFreqService] TX level over 5160ms: mic peak -12.0 dBFS rms -28.8 dBFS | sent peak 0.0 dBFS rms -17.8 dBFS | normalizer on, gain 6.040, gate -64.5 dBFS
2026-09-26 14:26:57.099 -07:00 [INF] [OpenFreqClient.Services.OpenFreqService] PTT start: own radio on 140.550 MHz, game time 05:45:29
2026-09-26 14:27:00.028 -07:00 [INF] [OpenFreqClient.Services.OpenFreqService] PTT end: own radio on 140.550 MHz, game time 05:45:32
2026-09-26 14:27:00.037 -07:00 [INF] [OpenFreqClient.Services.OpenFreqService] TX level over 2930ms: mic peak -15.7 dBFS rms -34.6 dBFS | sent peak 0.0 dBFS rms -19.4 dBFS | normalizer on, gain 6.937, gate -79.1 dBFS
2026-09-26 14:28:11.323 -07:00 [INF] [OpenFreqClient.Services.OpenFreqService] PTT start: own radio on 292.300 MHz, game time 05:46:43
2026-09-26 14:28:13.676 -07:00 [INF] [OpenFreqClient.Services.OpenFreqService] PTT end: own radio on 292.300 MHz, game time 05:46:45
2026-09-26 14:28:13.678 -07:00 [INF] [OpenFreqClient.Services.OpenFreqService] TX level over 2350ms: mic peak -16.9 dBFS rms -34.5 dBFS | sent peak 0.0 dBFS rms -18.8 dBFS | normalizer on, gain 5.864, gate -66.4 dBFS
2026-09-26 14:28:19.790 -07:00 [INF] [OpenFreqClient.Services.OpenFreqService] PTT start: Stevie (3f69df0a-0474-4403-96f9-9167afaa52d9) on 140.550 MHz, 3D, game time 05:46:52
2026-09-26 14:28:19.811 -07:00 [INF] [OpenFreq.Common.RtpJitterBuffer] Transmission gap detected (218974ms RTP delta), resetting jitter measurement
2026-09-26 14:28:19.811 -07:00 [INF] [OpenFreq.Common.RtpJitterBufferPool] Pruned stale source SSRC=342907E0
2026-09-26 14:28:19.811 -07:00 [INF] [OpenFreq.Common.RtpAudioReceiver] Source expired: SSRC=342907E0
2026-09-26 14:28:19.811 -07:00 [INF] [OpenFreq.Common.RtpJitterBufferPool] Pruned stale source SSRC=53E5B055
2026-09-26 14:28:19.811 -07:00 [INF] [OpenFreq.Common.RtpAudioReceiver] Source expired: SSRC=53E5B055
2026-09-26 14:28:19.859 -07:00 [INF] [OpenFreqClient.Services.OpenFreqService] RX 140.550 MHz from Stevie (3f69df0a-0474-4403-96f9-9167afaa52d9), game time 05:46:52: -26.5 dBm, SNR 83.5 dB, FSPL 66.5 dB, terrain 0.0 dB, 0.4 km, tx 475 m / rx 474 m MSL
2026-09-26 14:28:20.267 -07:00 [INF] [OpenFreqClient.Services.OpenFreqService] PTT end: Stevie (3f69df0a-0474-4403-96f9-9167afaa52d9) on 140.550 MHz, released, game time 05:46:52
2026-09-26 14:28:20.904 -07:00 [INF] [OpenFreqClient.Services.OpenFreqService] PTT start: Stevie (3f69df0a-0474-4403-96f9-9167afaa52d9) on 292.300 MHz, 3D, game time 05:46:53
2026-09-26 14:28:20.917 -07:00 [INF] [OpenFreq.Common.RtpJitterBuffer] Transmission gap detected (664ms RTP delta), resetting jitter measurement
2026-09-26 14:28:20.966 -07:00 [INF] [OpenFreqClient.Services.OpenFreqService] RX 292.300 MHz from Stevie (3f69df0a-0474-4403-96f9-9167afaa52d9), game time 05:46:53: -35.5 dBm, SNR 71.5 dB, FSPL 75.5 dB, terrain 0.0 dB, 0.5 km, tx 479 m / rx 468 m MSL
2026-09-26 14:28:21.201 -07:00 [WRN] [OpenFreqAudio.RadioPlayback] Stream 3f69df0a-0474-4403-96f9-9167afaa52d9:292300 on 292.300 MHz had no samples for 4.8 ms
2026-09-26 14:28:21.280 -07:00 [INF] [OpenFreqClient.Services.OpenFreqService] PTT end: Stevie (3f69df0a-0474-4403-96f9-9167afaa52d9) on 292.300 MHz, released, game time 05:46:53
2026-09-26 14:28:52.790 -07:00 [INF] [OpenFreqClient.Services.OpenFreqService] PTT start: Stevie (3f69df0a-0474-4403-96f9-9167afaa52d9) on 140.550 MHz, 3D, game time 05:47:25
2026-09-26 14:28:52.812 -07:00 [INF] [OpenFreq.Common.RtpJitterBuffer] Transmission gap detected (31528ms RTP delta), resetting jitter measurement
2026-09-26 14:28:52.851 -07:00 [INF] [OpenFreqClient.Services.OpenFreqService] RX 140.550 MHz from Stevie (3f69df0a-0474-4403-96f9-9167afaa52d9), game time 05:47:25: -26.2 dBm, SNR 83.8 dB, FSPL 66.2 dB, terrain 0.0 dB, 0.3 km, tx 333 m / rx 312 m MSL
2026-09-26 14:28:53.585 -07:00 [INF] [OpenFreqClient.Services.OpenFreqService] PTT end: Stevie (3f69df0a-0474-4403-96f9-9167afaa52d9) on 140.550 MHz, released, game time 05:47:25
2026-09-26 14:28:55.115 -07:00 [INF] [OpenFreqClient.Services.OpenFreqService] PTT start: own radio on 140.550 MHz, game time 05:47:27
2026-09-26 14:28:56.870 -07:00 [INF] [OpenFreqClient.Services.OpenFreqService] PTT start: Stevie (3f69df0a-0474-4403-96f9-9167afaa52d9) on 140.550 MHz, 3D, game time 05:47:29
2026-09-26 14:28:56.877 -07:00 [INF] [OpenFreq.Common.RtpJitterBuffer] Transmission gap detected (3320ms RTP delta), resetting jitter measurement
2026-09-26 14:28:57.070 -07:00 [INF] [OpenFreqClient.Services.OpenFreqService] PTT end: Stevie (3f69df0a-0474-4403-96f9-9167afaa52d9) on 140.550 MHz, released, game time 05:47:29
2026-09-26 14:28:57.291 -07:00 [INF] [OpenFreqClient.Services.OpenFreqService] PTT end: own radio on 140.550 MHz, game time 05:47:29
2026-09-26 14:28:57.299 -07:00 [INF] [OpenFreqClient.Services.OpenFreqService] TX level over 2180ms: mic peak -12.2 dBFS rms -29.7 dBFS | sent peak 0.0 dBFS rms -20.3 dBFS | normalizer on, gain 3.025, gate -49.9 dBFS
2026-09-26 14:29:01.235 -07:00 [INF] [OpenFreqClient.Services.OpenFreqService] PTT start: Stevie (3f69df0a-0474-4403-96f9-9167afaa52d9) on 140.550 MHz, 3D, game time 05:47:33
2026-09-26 14:29:01.247 -07:00 [INF] [OpenFreq.Common.RtpJitterBuffer] Transmission gap detected (4188ms RTP delta), resetting jitter measurement
2026-09-26 14:29:01.306 -07:00 [INF] [OpenFreqClient.Services.OpenFreqService] RX 140.550 MHz from Stevie (3f69df0a-0474-4403-96f9-9167afaa52d9), game time 05:47:33: -21.2 dBm, SNR 88.8 dB, FSPL 61.2 dB, terrain 0.0 dB, 0.2 km, tx 286 m / rx 275 m MSL
2026-09-26 14:29:01.860 -07:00 [INF] [OpenFreqClient.Services.OpenFreqService] PTT end: Stevie (3f69df0a-0474-4403-96f9-9167afaa52d9) on 140.550 MHz, released, game time 05:47:34
2026-09-26 14:29:04.092 -07:00 [INF] [OpenFreqClient.Services.OpenFreqService] PTT start: own radio on 140.550 MHz, game time 05:47:36
2026-09-26 14:29:05.776 -07:00 [INF] [OpenFreqAudio.RadioPlayback] Stream 'd52d332f-8742-40f6-b985-35a908d32642:292300' on 292.300 MHz
2026-09-26 14:29:06.203 -07:00 [INF] [OpenFreqClient.Services.OpenFreqService] PTT end: own radio on 140.550 MHz, game time 05:47:38
2026-09-26 14:29:06.209 -07:00 [INF] [OpenFreqClient.Services.OpenFreqService] TX level over 2110ms: mic peak -13.4 dBFS rms -29.2 dBFS | sent peak 0.0 dBFS rms -18.9 dBFS | normalizer on, gain 4.312, gate -69.4 dBFS
2026-09-26 14:29:07.706 -07:00 [INF] [OpenFreqAudio.RadioPlayback] Stream 'd52d332f-8742-40f6-b985-35a908d32642:292300' on 292.300 MHz
2026-09-26 14:29:10.690 -07:00 [INF] [OpenFreqAudio.RadioPlayback] Stream 'd52d332f-8742-40f6-b985-35a908d32642:292300' on 292.300 MHz
2026-09-26 14:29:11.690 -07:00 [INF] [OpenFreqClient.Services.OpenFreqService] PTT start: Stevie (3f69df0a-0474-4403-96f9-9167afaa52d9) on 292.300 MHz, 3D, game time 05:47:43
2026-09-26 14:29:11.708 -07:00 [INF] [OpenFreq.Common.RtpJitterBuffer] Transmission gap detected (9859ms RTP delta), resetting jitter measurement
2026-09-26 14:29:11.759 -07:00 [INF] [OpenFreqClient.Services.OpenFreqService] RX 292.300 MHz from Stevie (3f69df0a-0474-4403-96f9-9167afaa52d9), game time 05:47:44: -42.2 dBm, SNR 64.8 dB, FSPL 82.2 dB, terrain 0.0 dB, 1.1 km, tx 260 m / rx 229 m MSL
2026-09-26 14:29:12.203 -07:00 [WRN] [OpenFreqAudio.RadioPlayback] Stream 3f69df0a-0474-4403-96f9-9167afaa52d9:292300 on 292.300 MHz had no samples for 9.8 ms
2026-09-26 14:29:13.343 -07:00 [INF] [OpenFreqClient.Services.OpenFreqService] PTT end: Stevie (3f69df0a-0474-4403-96f9-9167afaa52d9) on 292.300 MHz, released, game time 05:47:45
2026-09-26 14:29:13.677 -07:00 [INF] [OpenFreqClient.Services.OpenFreqService] PTT start: Stevie (3f69df0a-0474-4403-96f9-9167afaa52d9) on 292.300 MHz, 3D, game time 05:47:45
2026-09-26 14:29:16.096 -07:00 [INF] [OpenFreqClient.Services.OpenFreqService] PTT end: Stevie (3f69df0a-0474-4403-96f9-9167afaa52d9) on 292.300 MHz, released, game time 05:47:48
2026-09-26 14:29:45.279 -07:00 [INF] [OpenFreq.Common.RtpJitterBuffer] Transmission gap detected (29203ms RTP delta), resetting jitter measurement
2026-09-26 14:29:45.279 -07:00 [INF] [OpenFreqClient.Services.OpenFreqService] PTT start: Stevie (3f69df0a-0474-4403-96f9-9167afaa52d9) on 292.300 MHz, 3D, game time 05:48:17
2026-09-26 14:29:45.330 -07:00 [INF] [OpenFreqClient.Services.OpenFreqService] RX 292.300 MHz from Stevie (3f69df0a-0474-4403-96f9-9167afaa52d9), game time 05:48:17: -51.3 dBm, SNR 55.7 dB, FSPL 91.3 dB, terrain 0.0 dB, 3.0 km, tx 134 m / rx 14 m MSL
2026-09-26 14:29:46.014 -07:00 [WRN] [OpenFreqAudio.RadioPlayback] Stream 3f69df0a-0474-4403-96f9-9167afaa52d9:292300 on 292.300 MHz had no samples for 11.1 ms
2026-09-26 14:29:46.301 -07:00 [INF] [OpenFreqClient.Services.OpenFreqService] PTT end: Stevie (3f69df0a-0474-4403-96f9-9167afaa52d9) on 292.300 MHz, released, game time 05:48:18
2026-09-26 14:29:49.833 -07:00 [INF] [OpenFreqAudio.RadioPlayback] Stream 'f4461c8b-b37f-4d25-a4cb-5da5ffdcefdc:292300' on 292.300 MHz
2026-09-26 14:29:50.772 -07:00 [INF] [OpenFreqAudio.RadioPlayback] Stream 'cd4470e2-49f3-4b5d-9822-b17ed0c432a7:292300' on 292.300 MHz
2026-09-26 14:30:45.093 -07:00 [INF] [OpenFreqAudio.RadioPlayback] Stream 'd52d332f-8742-40f6-b985-35a908d32642:292300' on 292.300 MHz
2026-09-26 14:30:46.238 -07:00 [INF] [OpenFreqClient.Services.OpenFreqService] PTT start: Knight (f4461c8b-b37f-4d25-a4cb-5da5ffdcefdc) on 292.300 MHz, 3D, game time 05:49:18
2026-09-26 14:30:46.253 -07:00 [INF] [OpenFreq.Common.RtpJitterBuffer] Transmission gap detected (305453ms RTP delta), resetting jitter measurement
2026-09-26 14:30:46.299 -07:00 [INF] [OpenFreqClient.Services.OpenFreqService] RX 292.300 MHz from Knight (f4461c8b-b37f-4d25-a4cb-5da5ffdcefdc), game time 05:49:18: -62.2 dBm, SNR 44.8 dB, FSPL 101.7 dB, terrain 0.4 dB, 9.9 km, tx 478 m / rx 8 m MSL
2026-09-26 14:30:46.844 -07:00 [WRN] [OpenFreqAudio.RadioPlayback] Stream f4461c8b-b37f-4d25-a4cb-5da5ffdcefdc:292300 on 292.300 MHz had no samples for 10.0 ms
2026-09-26 14:30:51.767 -07:00 [INF] [OpenFreqClient.Services.OpenFreqService] PTT end: Knight (f4461c8b-b37f-4d25-a4cb-5da5ffdcefdc) on 292.300 MHz, released, game time 05:49:24
2026-09-26 14:30:53.758 -07:00 [INF] [OpenFreqClient.Services.OpenFreqService] PTT start: own radio on 292.300 MHz, game time 05:49:26
2026-09-26 14:30:54.958 -07:00 [INF] [OpenFreqClient.Services.OpenFreqService] PTT end: own radio on 292.300 MHz, game time 05:49:27
2026-09-26 14:30:54.959 -07:00 [INF] [OpenFreqClient.Services.OpenFreqService] TX level over 1200ms: mic peak -15.6 dBFS rms -31.4 dBFS | sent peak -2.8 dBFS rms -21.4 dBFS | normalizer on, gain 2.995, gate -52.3 dBFS
2026-09-26 14:30:59.567 -07:00 [INF] [OpenFreqClient.Services.OpenFreqService] PTT start: own radio on 140.550 MHz, game time 05:49:31
2026-09-26 14:31:00.607 -07:00 [INF] [OpenFreqClient.Services.OpenFreqService] PTT end: own radio on 140.550 MHz, game time 05:49:32
2026-09-26 14:31:00.609 -07:00 [INF] [OpenFreqClient.Services.OpenFreqService] TX level over 1040ms: mic peak -18.0 dBFS rms -34.1 dBFS | sent peak -3.6 dBFS rms -22.0 dBFS | normalizer on, gain 3.955, gate -47.7 dBFS
2026-09-26 14:31:01.278 -07:00 [INF] [OpenFreqClient.Services.OpenFreqService] PTT start: Stevie (3f69df0a-0474-4403-96f9-9167afaa52d9) on 140.550 MHz, 3D, game time 05:49:33
2026-09-26 14:31:01.299 -07:00 [INF] [OpenFreq.Common.RtpJitterBuffer] Transmission gap detected (74994ms RTP delta), resetting jitter measurement
2026-09-26 14:31:01.334 -07:00 [INF] [OpenFreqClient.Services.OpenFreqService] RX 140.550 MHz from Stevie (3f69df0a-0474-4403-96f9-9167afaa52d9), game time 05:49:33: -57.9 dBm, SNR 52.1 dB, FSPL 69.1 dB, terrain 28.8 dB, 0.5 km, tx 8 m / rx 8 m MSL
2026-09-26 14:31:01.485 -07:00 [WRN] [OpenFreqAudio.RadioPlayback] Stream 3f69df0a-0474-4403-96f9-9167afaa52d9:140550 on 140.550 MHz had no samples for 10.0 ms
2026-09-26 14:31:01.677 -07:00 [INF] [OpenFreqClient.Services.OpenFreqService] PTT end: Stevie (3f69df0a-0474-4403-96f9-9167afaa52d9) on 140.550 MHz, released, game time 05:49:33
2026-09-26 14:31:15.585 -07:00 [INF] [OpenFreqClient.Services.OpenFreqService] PTT start: Stevie (3f69df0a-0474-4403-96f9-9167afaa52d9) on 292.300 MHz, 3D, game time 05:49:47
2026-09-26 14:31:15.609 -07:00 [INF] [OpenFreq.Common.RtpJitterBuffer] Transmission gap detected (13924ms RTP delta), resetting jitter measurement
2026-09-26 14:31:15.638 -07:00 [INF] [OpenFreqClient.Services.OpenFreqService] RX 292.300 MHz from Stevie (3f69df0a-0474-4403-96f9-9167afaa52d9), game time 05:49:47: -44.0 dBm, SNR 63.0 dB, FSPL 68.2 dB, terrain 15.7 dB, 0.2 km, tx 8 m / rx 8 m MSL
2026-09-26 14:31:17.662 -07:00 [INF] [OpenFreqClient.Services.OpenFreqService] PTT end: Stevie (3f69df0a-0474-4403-96f9-9167afaa52d9) on 292.300 MHz, released, game time 05:49:49
2026-09-26 14:31:29.711 -07:00 [INF] [OpenFreqClient.Services.OpenFreqService] PTT start: own radio on 140.550 MHz, game time 05:50:01
2026-09-26 14:31:30.734 -07:00 [INF] [OpenFreqClient.Services.OpenFreqService] PTT end: own radio on 140.550 MHz, game time 05:50:03
2026-09-26 14:31:30.740 -07:00 [INF] [OpenFreqClient.Services.OpenFreqService] TX level over 1020ms: mic peak -16.9 dBFS rms -34.6 dBFS | sent peak -3.6 dBFS rms -21.6 dBFS | normalizer on, gain 4.288, gate -47.6 dBFS
2026-09-26 14:31:43.623 -07:00 [INF] [OpenFreqClient.Services.OpenFreqService] PTT start: Stevie (3f69df0a-0474-4403-96f9-9167afaa52d9) on 140.550 MHz, 3D, game time 05:50:15
2026-09-26 14:31:43.647 -07:00 [INF] [OpenFreq.Common.RtpJitterBuffer] Transmission gap detected (25978ms RTP delta), resetting jitter measurement
2026-09-26 14:31:43.683 -07:00 [INF] [OpenFreqClient.Services.OpenFreqService] RX 140.550 MHz from Stevie (3f69df0a-0474-4403-96f9-9167afaa52d9), game time 05:50:15: -25.3 dBm, SNR 84.7 dB, FSPL 52.4 dB, terrain 12.9 dB, 0.1 km, tx 8 m / rx 8 m MSL
2026-09-26 14:31:44.275 -07:00 [WRN] [OpenFreqAudio.RadioPlayback] Stream 3f69df0a-0474-4403-96f9-9167afaa52d9:140550 on 140.550 MHz had no samples for 3.6 ms
2026-09-26 14:31:44.568 -07:00 [INF] [OpenFreqClient.Services.OpenFreqService] PTT end: Stevie (3f69df0a-0474-4403-96f9-9167afaa52d9) on 140.550 MHz, released, game time 05:50:16
2026-09-26 14:31:47.218 -07:00 [INF] [OpenFreqClient.Services.OpenFreqService] PTT start: Stevie (3f69df0a-0474-4403-96f9-9167afaa52d9) on 140.550 MHz, 3D, game time 05:50:19
2026-09-26 14:31:47.244 -07:00 [INF] [OpenFreq.Common.RtpJitterBuffer] Transmission gap detected (2680ms RTP delta), resetting jitter measurement
2026-09-26 14:31:47.286 -07:00 [INF] [OpenFreqClient.Services.OpenFreqService] RX 140.550 MHz from Stevie (3f69df0a-0474-4403-96f9-9167afaa52d9), game time 05:50:19: -25.3 dBm, SNR 84.7 dB, FSPL 52.4 dB, terrain 12.9 dB, 0.1 km, tx 8 m / rx 8 m MSL
2026-09-26 14:31:48.104 -07:00 [INF] [OpenFreqClient.Services.OpenFreqService] PTT end: Stevie (3f69df0a-0474-4403-96f9-9167afaa52d9) on 140.550 MHz, released, game time 05:50:20
2026-09-26 14:31:51.976 -07:00 [INF] [OpenFreqClient.Services.OpenFreqService] PTT start: Wild (d52d332f-8742-40f6-b985-35a908d32642) on 243.000 MHz, 3D, game time 05:50:24
2026-09-26 14:31:51.987 -07:00 [INF] [OpenFreq.Common.RtpJitterBufferPool] New RTP source: SSRC=4B5FD0E8
2026-09-26 14:31:51.987 -07:00 [INF] [OpenFreq.Common.RtpJitterBuffer] Manual buffer size: 150ms
2026-09-26 14:31:51.988 -07:00 [INF] [OpenFreq.Common.RtpAudioReceiver] Source joined:  SSRC=4B5FD0E8
2026-09-26 14:31:51.988 -07:00 [INF] [OpenFreq.Common.RtpJitterBuffer] Initialized: buffer=150ms
2026-09-26 14:31:52.138 -07:00 [INF] [OpenFreqClient.Services.OpenFreqService] RX 243.000 MHz from Wild (d52d332f-8742-40f6-b985-35a908d32642), game time 05:50:24: -71.0 dBm, SNR 36.0 dB, FSPL 111.0 dB, terrain 0.0 dB, 34.9 km, tx 6046 m / rx 8 m MSL
2026-09-26 14:31:55.255 -07:00 [INF] [OpenFreqClient.Services.OpenFreqService] PTT end: Wild (d52d332f-8742-40f6-b985-35a908d32642) on 243.000 MHz, released, game time 05:50:27
2026-09-26 14:31:55.866 -07:00 [INF] [OpenFreqClient.Services.OpenFreqService] PTT start: Wild (d52d332f-8742-40f6-b985-35a908d32642) on 243.000 MHz, 3D, game time 05:50:28
2026-09-26 14:31:55.881 -07:00 [INF] [OpenFreq.Common.RtpJitterBuffer] Transmission gap detected (628ms RTP delta), resetting jitter measurement
2026-09-26 14:31:56.116 -07:00 [WRN] [OpenFreqAudio.RadioPlayback] Stream d52d332f-8742-40f6-b985-35a908d32642:243000 on 243.000 MHz had no samples for 10.0 ms
2026-09-26 14:31:58.268 -07:00 [INF] [OpenFreqClient.Services.OpenFreqService] PTT end: Wild (d52d332f-8742-40f6-b985-35a908d32642) on 243.000 MHz, released, game time 05:50:30
2026-09-26 14:31:59.071 -07:00 [INF] [OpenFreqClient.Services.OpenFreqService] PTT start: own radio on 140.550 MHz, game time 05:50:31
2026-09-26 14:32:00.154 -07:00 [INF] [OpenFreqClient.Services.OpenFreqService] PTT start: Stevie (3f69df0a-0474-4403-96f9-9167afaa52d9) on 140.550 MHz, 3D, game time 05:50:32
2026-09-26 14:32:00.168 -07:00 [INF] [OpenFreq.Common.RtpJitterBuffer] Transmission gap detected (12068ms RTP delta), resetting jitter measurement
2026-09-26 14:32:00.559 -07:00 [INF] [OpenFreq.Common.RtpJitterBuffer] Late arrival (20ms past slot) — buffer 130→180ms
2026-09-26 14:32:00.560 -07:00 [INF] [OpenFreqClient.Services.OpenFreqService] PTT end: own radio on 140.550 MHz, game time 05:50:32
2026-09-26 14:32:00.570 -07:00 [INF] [OpenFreqClient.Services.OpenFreqService] TX level over 1490ms: mic peak -1.9 dBFS rms -23.7 dBFS | sent peak 0.0 dBFS rms -18.1 dBFS | normalizer on, gain 2.886, gate -45.0 dBFS
2026-09-26 14:32:00.609 -07:00 [INF] [OpenFreqClient.Services.OpenFreqService] RX 140.550 MHz from Stevie (3f69df0a-0474-4403-96f9-9167afaa52d9), game time 05:50:32: -25.3 dBm, SNR 84.7 dB, FSPL 52.4 dB, terrain 12.9 dB, 0.1 km, tx 8 m / rx 8 m MSL
2026-09-26 14:32:00.808 -07:00 [INF] [OpenFreqClient.Services.OpenFreqService] PTT end: Stevie (3f69df0a-0474-4403-96f9-9167afaa52d9) on 140.550 MHz, released, game time 05:50:33
2026-09-26 14:32:04.383 -07:00 [INF] [OpenFreqClient.ViewModels.ChannelCardListViewModel] BMS volume map (knob change): Radio1 raw=0 gain=1.995 | Radio2 raw=0 gain=1.995 | Guard raw=0 gain=1.995
2026-09-26 14:32:05.343 -07:00 [INF] [OpenFreqClient.ViewModels.ChannelCardListViewModel] "Radio1": 292300 → 9999 kHz, power off, not joined
2026-09-26 14:32:05.343 -07:00 [INF] [OpenFreqClient.ViewModels.ChannelCardListViewModel] "Radio2": 140550 → 9999 kHz, power off, not joined
2026-09-26 14:32:05.434 -07:00 [INF] [OpenFreq.Client.Services.FalconSharedMemoryService] Flying state changed: true -> false
2026-09-26 14:32:05.434 -07:00 [INF] [OpenFreqClient.ViewModels.SettingsViewModel] Game mode changed to Lobby
2026-09-26 14:32:06.111 -07:00 [INF] [OpenFreqClient.ViewModels.ChannelCardListViewModel] BMS volume map (knob change): Radio1 raw=100 gain=1.892 | Radio2 raw=100 gain=1.892 | Guard raw=100 gain=1.892
2026-09-26 14:32:06.111 -07:00 [INF] [OpenFreqClient.ViewModels.ChannelCardListViewModel] "Radio1": 9999 → 339750 kHz, power on, joined
2026-09-26 14:32:06.111 -07:00 [INF] [OpenFreqClient.ViewModels.ChannelCardListViewModel] "Guard": 243000 → 243000 kHz, power off, not joined
2026-09-26 14:32:06.111 -07:00 [INF] [OpenFreqClient.ViewModels.ChannelCardListViewModel] "Radio2": 9999 → 1234 kHz, power on, joined
2026-09-26 14:32:06.175 -07:00 [INF] [OpenFreqAudio.RadioPlayback] Stream '91c4c764-ac55-4b66-98e4-d070ed54be23:339750' on 339.750 MHz
2026-09-26 14:32:06.175 -07:00 [INF] [OpenFreqAudio.RadioPlayback] Stream '96d0aaf9-fc04-4ef3-8c64-f95b30259b59:339750' on 339.750 MHz
2026-09-26 14:32:06.175 -07:00 [INF] [OpenFreqAudio.RadioPlayback] Stream '96d0aaf9-fc04-4ef3-8c64-f95b30259b59:1234' on 1.234 MHz
2026-09-26 14:32:06.175 -07:00 [INF] [OpenFreqAudio.RadioPlayback] Stream '91c4c764-ac55-4b66-98e4-d070ed54be23:1234' on 1.234 MHz
2026-09-26 14:32:06.175 -07:00 [INF] [OpenFreqAudio.RadioPlayback] Stream '179a68da-a2bc-45c0-9d2b-9f0af5fa49ea:1234' on 1.234 MHz
2026-09-26 14:32:06.175 -07:00 [INF] [OpenFreqAudio.RadioPlayback] Stream 'e406d0a0-64e6-4450-9ec0-300837b7b89a:1234' on 1.234 MHz
2026-09-26 14:32:10.455 -07:00 [INF] [OpenFreqAudio.RadioPlayback] Stream 'cd4470e2-49f3-4b5d-9822-b17ed0c432a7:339750' on 339.750 MHz
2026-09-26 14:32:10.455 -07:00 [INF] [OpenFreqAudio.RadioPlayback] Stream 'cd4470e2-49f3-4b5d-9822-b17ed0c432a7:1234' on 1.234 MHz
2026-09-26 14:32:37.796 -07:00 [INF] [OpenFreq.Client.Services.FalconRadioSharedMemoryService] RCS status: "ClientActive, Connected" → "ClientActive, Connected, ExitReceived"
2026-09-26 14:32:37.796 -07:00 [INF] [OpenFreq.Client.Services.FalconRadioSharedMemoryService] RCS status: "ClientActive, Connected, ExitReceived" → "ClientActive, ExitReceived"
2026-09-26 14:32:37.797 -07:00 [INF] [OpenFreq.Common.RtpAudioSender] Disposed. Sent 12469 packets over 4518.3s (2.8 pps)
2026-09-26 14:32:37.797 -07:00 [INF] [OpenFreq.Common.RtpAudioReceiver] Receive loop stopped
2026-09-26 14:32:37.797 -07:00 [INF] [OpenFreq.Common.RtpAudioReceiver] === RTP Receiver Statistics ===
2026-09-26 14:32:37.797 -07:00 [INF] [OpenFreq.Common.RtpAudioReceiver]   Packets received: 10031
2026-09-26 14:32:37.797 -07:00 [INF] [OpenFreq.Common.RtpAudioReceiver]   Packets lost: 13 (0.13%)
2026-09-26 14:32:37.797 -07:00 [INF] [OpenFreq.Common.RtpAudioReceiver]   Packets late: 13
2026-09-26 14:32:37.797 -07:00 [INF] [OpenFreq.Common.RtpAudioReceiver]   Packets duplicate: 0
2026-09-26 14:32:37.797 -07:00 [INF] [OpenFreq.Common.RtpAudioReceiver]   Packets played: 10018
2026-09-26 14:32:37.797 -07:00 [INF] [OpenFreq.Common.RtpAudioReceiver]   Loss Recovery:
2026-09-26 14:32:37.798 -07:00 [INF] [OpenFreq.Common.RtpAudioReceiver]     Concealment runs rescued: 12
2026-09-26 14:32:37.798 -07:00 [INF] [OpenFreq.Common.RtpAudioReceiver]       needed 1 blind frame(s): 11 — a blind cap of 0 loses these
2026-09-26 14:32:37.798 -07:00 [INF] [OpenFreq.Common.RtpAudioReceiver]       needed 2 blind frame(s): 1 — a blind cap of 1 loses these
2026-09-26 14:32:37.798 -07:00 [INF] [OpenFreq.Common.RtpAudioReceiver]       needed 3 blind frame(s): 0 — a blind cap of 2 loses these
2026-09-26 14:32:37.798 -07:00 [INF] [OpenFreq.Common.RtpAudioReceiver]   Measured jitter: 6.4ms (avg)
2026-09-26 14:32:37.798 -07:00 [INF] [OpenFreq.Common.RtpAudioReceiver]   Buffer size: 86ms (avg, adaptive)
2026-09-26 14:32:37.798 -07:00 [INF] [OpenFreq.Common.RtpAudioReceiver]   Currently buffered: 0 packets
2026-09-26 14:32:37.798 -07:00 [INF] [OpenFreq.Common.RtpAudioReceiver]   SSRC=4209D5F1: rx=724 lost=0 (0.0%) jitter=3.2ms buffer=39ms buffered=0
2026-09-26 14:32:37.798 -07:00 [INF] [OpenFreq.Common.RtpAudioReceiver]   SSRC=5958BBE0: rx=9023 lost=13 (0.1%) jitter=9.3ms buffer=165ms buffered=0
2026-09-26 14:32:37.798 -07:00 [INF] [OpenFreq.Common.RtpAudioReceiver]   SSRC=4B5FD0E8: rx=284 lost=0 (0.0%) jitter=6.9ms buffer=53ms buffered=0
2026-09-26 14:32:37.798 -07:00 [INF] [OpenFreq.Common.RtpAudioReceiver] ================================
2026-09-26 14:32:37.798 -07:00 [INF] [OpenFreq.Common.RtpAudioReceiver] Disposed
2026-09-26 14:32:38.934 -07:00 [INF] [OpenFreq.Client.Services.FalconSharedMemoryService] BMS process has exited
2026-09-26 14:32:38.935 -07:00 [INF] [OpenFreq.Client.Services.FalconSharedMemoryService] State: "Connected" -> "Disconnected"
2026-09-26 14:32:38.935 -07:00 [INF] [OpenFreqClient.Services.OpenFreqService] BMS process gone - disconnecting and resetting OpenFreq state
2026-09-26 14:32:55.624 -07:00 [INF] [OpenFreq.Client.Services.FalconRadioSharedMemoryService] RCS status: "ClientActive, ExitReceived" → "ExitReceived"
2026-09-26 14:32:55.624 -07:00 [INF] [OpenFreq.Client.Services.FalconRadioSharedMemoryService] State: "Connected" → "Stopped"
2026-09-26 14:32:55.624 -07:00 [INF] [OpenFreq.Client.Services.FalconRadioSharedMemoryService] Stopped
2026-09-26 14:32:55.624 -07:00 [INF] [OpenFreq.Client.Services.FalconSharedMemoryService] State: "Disconnected" -> "Stopped"
2026-09-26 14:32:55.624 -07:00 [INF] [OpenFreq.Client.Services.FalconSharedMemoryService] Stopped
2026-09-26 14:32:55.636 -07:00 [INF] [OpenFreqClient.Services.HotkeyService] HotkeyService stopped
2026-09-26 14:32:55.642 -07:00 [INF] [OpenFreqClient.Services.ConfigurationService] Saved configuration: C:\Users\slavi\of\OpenFreq.Client.json
2026-09-26 14:32:55.643 -07:00 [INF] [OpenFreqAudio.RadioPlayback] Stopping all streams and cleaning up resources...
2026-09-26 14:32:55.643 -07:00 [INF] [OpenFreqAudio.RadioPlayback] Master stream stopped (StopAll)
2026-09-26 14:32:55.795 -07:00 [INF] [OpenFreq.Client.Services.FalconSharedMemoryService] Stopped
2026-09-26 14:32:55.795 -07:00 [INF] [OpenFreq.Client.Services.FalconRadioSharedMemoryService] Stopped
2026-09-26 14:32:55.795 -07:00 [INF] [OpenFreqClient.AudioService] Device monitoring stopped
2026-09-26 14:32:55.797 -07:00 [INF] [OpenFreqClient.Services.IvcMonitorService] Monitoring stopped
